strategy,scenario_id,npv_mEUR,total_revenue_mEUR,total_gross_profit_mEUR,total_ebit_mEUR,total_free_cash_flow_mEUR,total_capex_mEUR,total_demand_units,total_delivered_units,total_lost_units,lost_sales_pct_2025_2030,lost_sales_pct_2030_2035,gross_margin_2030,gross_margin_2035,average_utilization,max_ending_backlog_units
A1_Backlog_cautious,1,22181.096051726156,140200.0,84120.0,55982.0,41655.420000000006,5000.0,735.0,701.0,34.0,0.0,0.06031128404669261,0.6,0.6,0.7122222222222222,96.0
A1_Backlog_cautious,2,23189.543549820726,140600.0,84360.0,55896.0,41835.76,5000.0,706.0,703.0,3.0,0.0,0.00641025641025641,0.6,0.6,0.6937037037037037,91.0
A1_Backlog_cautious,3,21251.970389913527,135400.0,81240.0,54014.0,40061.34,5000.0,713.0,677.0,36.0,0.0,0.07114624505928854,0.6,0.6,0.6881481481481482,94.0
A1_Backlog_cautious,4,21831.046005951648,135800.0,81480.0,54178.0,40194.18,5000.0,693.0,679.0,14.0,0.0,0.029535864978902954,0.6,0.6,0.6933333333333334,81.0
A1_Backlog_cautious,5,21799.350612814575,133800.0,80280.0,53358.0,39529.979999999996,5000.0,697.0,669.0,28.0,0.0,0.058091286307053944,0.6,0.6,0.6862962962962962,84.0
A1_Backlog_cautious,6,20983.227481656148,131800.0,79080.0,52538.0,38865.78,5000.0,693.0,659.0,34.0,0.0,0.06896551724137931,0.6,0.6,0.6733333333333333,93.0
A1_Backlog_cautious,7,20670.813586668366,133800.0,80280.0,53358.0,39529.979999999996,5000.0,681.0,669.0,12.0,0.0,0.024844720496894408,0.6,0.6,0.6785185185185186,89.0
A1_Backlog_cautious,8,22299.10664984616,141000.0,84600.0,56310.0,41921.1,5000.0,786.0,705.0,81.0,0.0,0.1400359066427289,0.6,0.6,0.7166666666666667,112.0
A1_Backlog_cautious,9,22006.81640543015,134600.0,80760.0,53686.0,39795.659999999996,5000.0,673.0,673.0,0.0,0.0,0.0,0.6,0.6,0.6903703703703703,76.0
A1_Backlog_cautious,10,23071.21934809978,142200.0,85320.0,56802.0,42319.61999999999,5000.0,734.0,711.0,23.0,0.0,0.0465587044534413,0.6,0.6,0.725925925925926,83.0
A1_Backlog_cautious,11,20687.12611093698,134800.0,80880.0,53768.0,39862.08,5000.0,718.0,674.0,44.0,0.0,0.07279693486590039,0.6,0.6,0.6822222222222223,104.0
A1_Backlog_cautious,12,21129.604202818577,135000.0,81000.0,53850.0,39928.5,5000.0,760.0,675.0,85.0,0.0,0.1526032315978456,0.6,0.6,0.6862962962962963,106.0
A1_Backlog_cautious,13,20855.918306345386,133200.0,79920.0,53112.0,39330.72,5000.0,733.0,666.0,67.0,0.0,0.1252336448598131,0.6,0.6,0.6777777777777778,100.0
A1_Backlog_cautious,14,21383.96178684255,134600.0,80760.0,53686.0,39795.65999999999,5000.0,675.0,673.0,2.0,0.0,0.004347826086956522,0.6,0.6,0.6855555555555557,92.0
A1_Backlog_cautious,15,22542.465953020655,135200.0,81120.0,53932.0,39994.92,5000.0,676.0,676.0,0.0,0.0,0.0,0.6,0.6,0.6966666666666667,57.0
A1_Backlog_cautious,16,23130.952995242616,137400.0,82440.0,54834.0,40725.53999999999,5000.0,708.0,687.0,21.0,0.0,0.0455531453362256,0.6,0.6,0.7085185185185185,76.0
A1_Backlog_cautious,17,22294.59999608367,140600.0,84360.0,56146.0,41788.259999999995,5000.0,738.0,703.0,35.0,0.0,0.0684931506849315,0.6,0.6,0.7148148148148149,95.0
A1_Backlog_cautious,18,23032.95376069827,143400.0,86040.0,57294.0,42718.14,5000.0,818.0,717.0,101.0,0.0,0.1453287197231834,0.6,0.6,0.73,113.0
A1_Backlog_cautious,19,21049.881671979187,131200.0,78720.0,52292.0,38666.520000000004,5000.0,694.0,656.0,38.0,0.0,0.07707910750507099,0.6,0.6,0.6711111111111111,97.0
A1_Backlog_cautious,20,23561.219576487227,147200.0,88320.0,58602.0,44027.619999999995,5000.0,748.0,736.0,12.0,0.0,0.023668639053254437,0.6,0.6,0.7203703703703703,94.0
A1_Backlog_cautious,21,22017.424098380267,139800.0,83880.0,55818.0,41522.58,5000.0,744.0,699.0,45.0,0.0,0.06476190476190476,0.6,0.6,0.7100000000000001,101.0
A1_Backlog_cautious,22,23761.277085490314,125800.0,75480.0,51578.0,41778.17999999999,0.0,668.0,629.0,39.0,0.0,0.028761061946902654,0.6,0.6,0.6988888888888888,86.0
A1_Backlog_cautious,23,23078.925684741414,147000.0,88200.0,58520.0,43961.200000000004,5000.0,794.0,735.0,59.0,0.0,0.0985663082437276,0.6,0.6,0.7166666666666667,105.0
A1_Backlog_cautious,24,21170.89243476382,134200.0,80520.0,53522.0,39662.82,5000.0,682.0,671.0,11.0,0.0,0.022916666666666665,0.6,0.6,0.682962962962963,84.0
A1_Backlog_cautious,25,22656.795358538708,138200.0,82920.0,55162.0,40991.22,5000.0,704.0,691.0,13.0,0.0,0.027426160337552744,0.6,0.6,0.7081481481481481,73.0
A1_Backlog_cautious,26,21811.36048822353,136000.0,81600.0,54260.0,40260.6,5000.0,705.0,680.0,25.0,0.0,0.05112474437627812,0.6,0.6,0.6944444444444445,85.0
A1_Backlog_cautious,27,21759.208967102808,131200.0,78720.0,52292.0,38666.520000000004,5000.0,683.0,656.0,27.0,0.0,0.057692307692307696,0.6,0.6,0.6759259259259259,87.0
A1_Backlog_cautious,28,23212.021253876588,124200.0,74520.0,50922.0,41246.81999999999,0.0,660.0,621.0,39.0,0.0,0.00881057268722467,0.6,0.6,0.69,95.0
A1_Backlog_cautious,29,23096.82086544282,123400.0,74040.0,50594.0,40981.13999999999,0.0,723.0,617.0,106.0,0.0,0.12667946257197696,0.6,0.6,0.6855555555555556,100.0
A1_Backlog_cautious,30,21795.942550743683,132800.0,79680.0,52948.0,39197.87999999999,5000.0,685.0,664.0,21.0,0.0,0.04477611940298507,0.6,0.6,0.6829629629629629,81.0
A1_Backlog_cautious,31,24440.100983066117,128800.0,77280.0,52808.0,42774.47999999999,0.0,731.0,644.0,87.0,0.0,0.09072978303747535,0.6,0.6,0.7155555555555556,101.0
A1_Backlog_cautious,32,20028.467676508066,131600.0,78960.0,52456.0,38799.36,5000.0,702.0,658.0,44.0,0.0,0.08527131782945736,0.6,0.6,0.6651851851851852,99.0
A1_Backlog_cautious,33,24653.774032298064,129600.0,77760.0,53136.0,43040.15999999999,0.0,701.0,648.0,53.0,0.0,0.025423728813559324,0.6,0.6,0.7200000000000001,101.0
A1_Backlog_cautious,34,23492.63650013805,147400.0,88440.0,58684.0,44094.04,5000.0,739.0,737.0,2.0,0.0,0.00404040404040404,0.6,0.6,0.7207407407407408,92.0
A1_Backlog_cautious,35,23547.945432677712,142800.0,85680.0,56798.0,42566.38,5000.0,714.0,714.0,0.0,0.0,0.0,0.6,0.6,0.704074074074074,77.0
A1_Backlog_cautious,36,22861.643256833737,133000.0,79800.0,53030.0,39264.3,5000.0,665.0,665.0,0.0,0.0,0.0,0.6,0.6,0.6903703703703704,56.0
A1_Backlog_cautious,37,22034.877139315002,133000.0,79800.0,53030.0,39264.299999999996,5000.0,684.0,665.0,19.0,0.0,0.040948275862068964,0.6,0.6,0.6851851851851852,79.0
A1_Backlog_cautious,38,22107.884930267348,134000.0,80400.0,53440.0,39596.399999999994,5000.0,685.0,670.0,15.0,0.0,0.032327586206896554,0.6,0.6,0.6892592592592592,75.0
A1_Backlog_cautious,39,21858.499783100815,136400.0,81840.0,54424.0,40393.43999999999,5000.0,691.0,682.0,9.0,0.0,0.0189873417721519,0.6,0.6,0.6962962962962963,99.0
A1_Backlog_cautious,40,21983.033929736128,139800.0,83880.0,55818.0,41522.58,5000.0,763.0,699.0,64.0,0.0,0.09375,0.6,0.6,0.7100000000000001,103.0
A1_Backlog_cautious,41,24217.78514883498,127400.0,76440.0,52234.0,42309.539999999986,0.0,672.0,637.0,35.0,0.0,0.015873015873015872,0.6,0.6,0.7077777777777778,88.0
A1_Backlog_cautious,42,21572.673515520495,138000.0,82800.0,55080.0,40924.8,5000.0,774.0,690.0,84.0,0.0,0.11347517730496454,0.6,0.6,0.7,110.0
A1_Backlog_cautious,43,23786.88002124903,146800.0,88080.0,58438.0,43894.78,5000.0,764.0,734.0,30.0,0.0,0.05758157389635317,0.6,0.6,0.7203703703703703,93.0
A1_Backlog_cautious,44,22077.13346725367,137200.0,82320.0,54752.0,40659.119999999995,5000.0,692.0,686.0,6.0,0.0,0.012875536480686695,0.6,0.6,0.7007407407407409,76.0
A1_Backlog_cautious,45,23667.412726963372,144800.0,86880.0,57618.0,43230.58,5000.0,754.0,724.0,30.0,0.0,0.05905511811023622,0.6,0.6,0.7122222222222222,102.0
A1_Backlog_cautious,46,23071.21934809978,141800.0,85080.0,56638.0,42186.77999999999,5000.0,711.0,709.0,2.0,0.0,0.004310344827586207,0.6,0.6,0.7244444444444444,85.0
A1_Backlog_cautious,47,21903.258795979636,134800.0,80880.0,53768.0,39862.08,5000.0,674.0,674.0,0.0,0.0,0.0,0.6,0.6,0.6896296296296297,77.0
A1_Backlog_cautious,48,22712.817465242802,136400.0,81840.0,54424.0,40393.439999999995,5000.0,682.0,682.0,0.0,0.0,0.0,0.6,0.6,0.7022222222222222,68.0
A1_Backlog_cautious,49,22892.018406671294,143000.0,85800.0,57130.0,42585.3,5000.0,785.0,715.0,70.0,0.0,0.1282051282051282,0.6,0.6,0.7277777777777777,104.0
A1_Backlog_cautious,50,21779.448501451334,136000.0,81600.0,54260.0,40260.6,5000.0,713.0,680.0,33.0,0.0,0.06653225806451613,0.6,0.6,0.6944444444444444,95.0
A1_Backlog_cautious,51,21961.951399921367,135600.0,81360.0,54096.0,40127.76,5000.0,699.0,678.0,21.0,0.0,0.0440251572327044,0.6,0.6,0.6937037037037038,87.0
A1_Backlog_cautious,52,25468.992175210333,161200.0,96720.0,63842.0,48772.02000000001,5000.0,833.0,806.0,27.0,0.0,0.0,0.6,0.6,0.7288888888888889,117.0
A1_Backlog_cautious,53,23058.066264350316,120800.0,72480.0,49528.0,40117.68,0.0,604.0,604.0,0.0,0.0,0.0,0.6,0.6,0.6711111111111111,51.0
A1_Backlog_cautious,54,21877.36579683636,137600.0,82560.0,54916.0,40791.96,5000.0,708.0,688.0,20.0,0.0,0.04073319755600815,0.6,0.6,0.7007407407407408,86.0
A1_Backlog_cautious,55,22082.295634290705,139400.0,83640.0,55654.0,41389.74,5000.0,699.0,697.0,2.0,0.0,0.00425531914893617,0.6,0.6,0.7092592592592593,86.0
A1_Backlog_cautious,56,23071.21934809978,141200.0,84720.0,56392.0,41987.51999999999,5000.0,729.0,706.0,23.0,0.0,0.047520661157024795,0.6,0.6,0.7222222222222222,83.0
A1_Backlog_cautious,57,22201.762928576365,135000.0,81000.0,53850.0,39928.49999999999,5000.0,675.0,675.0,0.0,0.0,0.0,0.6,0.6,0.6937037037037037,64.0
A1_Backlog_cautious,58,22400.21046809355,137600.0,82560.0,54916.0,40791.95999999999,5000.0,719.0,688.0,31.0,0.0,0.06288032454361055,0.6,0.6,0.7044444444444444,90.0
A1_Backlog_cautious,59,22650.898211854514,141600.0,84960.0,56556.0,42120.36,5000.0,711.0,708.0,3.0,0.0,0.006289308176100629,0.6,0.6,0.7207407407407408,93.0
A1_Backlog_cautious,60,22738.222660297124,145600.0,87360.0,57946.0,43496.26,5000.0,760.0,728.0,32.0,0.0,0.06015037593984962,0.6,0.6,0.7092592592592593,96.0
A1_Backlog_cautious,61,24086.70306287901,148200.0,88920.0,58762.0,44407.22,5000.0,752.0,741.0,11.0,0.0,0.021956087824351298,0.6,0.6,0.7,81.0
A1_Backlog_cautious,62,22388.50227266211,141200.0,84720.0,56392.0,41987.520000000004,5000.0,789.0,706.0,83.0,0.0,0.14669051878354203,0.6,0.6,0.7177777777777777,111.0
A1_Backlog_cautious,63,24388.61891274498,128800.0,77280.0,52808.0,42774.47999999999,0.0,679.0,644.0,35.0,0.0,0.015521064301552107,0.6,0.6,0.7155555555555556,88.0
A1_Backlog_cautious,64,22723.614745805407,118800.0,71280.0,48708.0,39453.48,0.0,594.0,594.0,0.0,0.0,0.0,0.6,0.6,0.6599999999999999,44.0
A1_Backlog_cautious,65,22992.14094802827,123200.0,73920.0,50512.0,40914.719999999994,0.0,635.0,616.0,19.0,0.0,0.013953488372093023,0.6,0.6,0.6844444444444445,73.0
A1_Backlog_cautious,66,24210.595071767842,154000.0,92400.0,61140.0,46333.4,5000.0,802.0,770.0,32.0,0.0,0.04308797127468582,0.6,0.6,0.7222222222222221,106.0
A1_Backlog_cautious,67,21242.536483850592,134400.0,80640.0,53604.0,39729.23999999999,5000.0,687.0,672.0,15.0,0.0,0.031315240083507306,0.6,0.6,0.6844444444444445,97.0
A1_Backlog_cautious,68,21717.107975128718,133200.0,79920.0,53112.0,39330.72,5000.0,671.0,666.0,5.0,0.0,0.010917030567685589,0.6,0.6,0.6833333333333333,75.0
A1_Backlog_cautious,69,22487.157020480998,133800.0,80280.0,53358.0,39529.979999999996,5000.0,688.0,669.0,19.0,0.0,0.04157549234135667,0.6,0.6,0.6911111111111111,79.0
A1_Backlog_cautious,70,22142.029281433533,134400.0,80640.0,53604.0,39729.24,5000.0,682.0,672.0,10.0,0.0,0.021929824561403508,0.6,0.6,0.691111111111111,78.0
A1_Backlog_cautious,71,22533.61652381431,136400.0,81840.0,54424.0,40393.439999999995,5000.0,709.0,682.0,27.0,0.0,0.056485355648535567,0.6,0.6,0.701111111111111,86.0
A1_Backlog_cautious,72,22951.752053814125,141800.0,85080.0,56638.0,42186.77999999999,5000.0,725.0,709.0,16.0,0.0,0.03333333333333333,0.6,0.6,0.7237037037037037,98.0
A1_Backlog_cautious,73,21090.129085522116,135600.0,81360.0,54096.0,40127.759999999995,5000.0,715.0,678.0,37.0,0.0,0.07254901960784314,0.6,0.6,0.687037037037037,113.0
A1_Backlog_cautious,74,23368.744491249217,146600.0,87960.0,58356.0,43828.35999999999,5000.0,753.0,733.0,20.0,0.0,0.03875968992248062,0.6,0.6,0.7170370370370371,94.0
A1_Backlog_cautious,75,24477.478615243195,127400.0,76440.0,52234.0,42309.53999999999,0.0,637.0,637.0,0.0,0.0,0.0,0.6,0.6,0.7077777777777778,52.0
A1_Backlog_cautious,76,24953.45001230502,141200.0,84720.0,55642.0,42082.520000000004,5000.0,706.0,706.0,0.0,0.0,0.0,0.6,0.6,0.6518518518518519,42.0
A1_Backlog_cautious,77,21951.489826185396,129000.0,77400.0,51390.0,37935.9,5000.0,645.0,645.0,0.0,0.0,0.0,0.6,0.6,0.6696296296296296,52.0
A1_Backlog_cautious,78,22069.021490481187,140200.0,84120.0,55982.0,41655.42,5000.0,709.0,701.0,8.0,0.0,0.010395010395010396,0.6,0.6,0.7122222222222222,95.0
A1_Backlog_cautious,79,22674.06429855112,143800.0,86280.0,57208.0,42898.48,5000.0,740.0,719.0,21.0,0.0,0.04133858267716536,0.6,0.6,0.7022222222222222,99.0
A1_Backlog_cautious,80,23309.01084410639,143400.0,86040.0,57044.0,42765.64,5000.0,717.0,717.0,0.0,0.0,0.0,0.6,0.6,0.7048148148148149,72.0
A1_Backlog_cautious,81,21153.39949204368,131600.0,78960.0,52456.0,38799.36,5000.0,658.0,658.0,0.0,0.0,0.0,0.6,0.6,0.6725925925925925,68.0
A1_Backlog_cautious,82,21767.975333155882,138800.0,83280.0,55408.0,41190.48,5000.0,697.0,694.0,3.0,0.0,0.0,0.6,0.6,0.7044444444444444,93.0
A1_Backlog_cautious,83,25528.725822353164,158200.0,94920.0,62612.0,47775.72,5000.0,791.0,791.0,0.0,0.0,0.0,0.6,0.6,0.7181481481481481,74.0
A1_Backlog_cautious,84,23130.952995242616,134600.0,80760.0,53686.0,39795.659999999996,5000.0,708.0,673.0,35.0,0.0,0.07625272331154684,0.6,0.6,0.6981481481481482,95.0
A1_Backlog_cautious,85,20302.04802994889,131200.0,78720.0,52292.0,38666.520000000004,5000.0,659.0,656.0,3.0,0.0,0.00646551724137931,0.6,0.6,0.6659259259259259,91.0
A1_Backlog_cautious,86,23547.945432677712,144800.0,86880.0,57618.0,43230.58,5000.0,731.0,724.0,7.0,0.0,0.014314928425357873,0.6,0.6,0.7114814814814815,81.0
A1_Backlog_cautious,87,24951.86869389699,130800.0,78480.0,53628.0,43438.679999999986,0.0,754.0,654.0,100.0,0.0,0.11003861003861004,0.6,0.6,0.7266666666666667,103.0
A1_Backlog_cautious,88,25071.33598818265,126200.0,75720.0,51742.0,41911.02,0.0,631.0,631.0,0.0,0.0,0.0,0.6,0.6,0.7011111111111111,35.0
A1_Backlog_cautious,89,22657.508532703145,137600.0,82560.0,54916.0,40791.96,5000.0,699.0,688.0,11.0,0.0,0.023965141612200435,0.6,0.6,0.7062962962962963,86.0
A1_Backlog_cautious,90,19592.179194537755,124000.0,74400.0,49340.0,36275.4,5000.0,620.0,620.0,0.0,0.0,0.0,0.6,0.6,0.6344444444444444,87.0
A1_Backlog_cautious,91,22576.22488665968,141800.0,85080.0,56638.0,42186.78,5000.0,745.0,709.0,36.0,0.0,0.07058823529411765,0.6,0.6,0.7211111111111111,96.0
A1_Backlog_cautious,92,22384.40531469621,139600.0,83760.0,55736.0,41456.16,5000.0,713.0,698.0,15.0,0.0,0.030864197530864196,0.6,0.6,0.7118518518518518,82.0
A1_Backlog_cautious,93,23556.467105246786,148600.0,89160.0,59176.0,44492.560000000005,5000.0,859.0,743.0,116.0,0.0,0.16478190630048464,0.6,0.6,0.7255555555555555,120.0
A1_Backlog_cautious,94,21633.43662872669,138000.0,82800.0,55080.0,40924.8,5000.0,755.0,690.0,65.0,0.0,0.0996309963099631,0.6,0.6,0.7,116.0
A1_Backlog_cautious,95,21701.076449348846,135600.0,81360.0,54096.0,40127.76,5000.0,678.0,678.0,0.0,0.0,0.0,0.6,0.6,0.6922222222222223,84.0
A1_Backlog_cautious,96,24951.86869389699,130800.0,78480.0,53628.0,43438.679999999986,0.0,722.0,654.0,68.0,0.0,0.06198347107438017,0.6,0.6,0.7266666666666667,98.0
A1_Backlog_cautious,97,21327.168620285338,130000.0,78000.0,51800.0,38268.0,5000.0,650.0,650.0,0.0,0.0,0.0,0.6,0.6,0.6692592592592592,70.0
A1_Backlog_cautious,98,23576.65231123207,125400.0,75240.0,51414.0,41645.34,0.0,670.0,627.0,43.0,0.0,0.058823529411764705,0.6,0.6,0.6966666666666667,87.0
A1_Backlog_cautious,99,24985.02067080032,129600.0,77760.0,53136.0,43040.15999999999,0.0,648.0,648.0,0.0,0.0,0.0,0.6,0.6,0.7200000000000001,54.0
A1_Backlog_cautious,100,23377.593920455565,145200.0,87120.0,57782.0,43363.42,5000.0,726.0,726.0,0.0,0.0,0.0,0.6,0.6,0.711851851851852,84.0
A1_Backlog_cautious,101,23071.21934809978,140200.0,84120.0,55982.0,41655.41999999999,5000.0,701.0,701.0,0.0,0.0,0.0,0.6,0.6,0.7185185185185186,73.0
A1_Backlog_cautious,102,22448.23591980494,141400.0,84840.0,56474.0,42053.94,5000.0,769.0,707.0,62.0,0.0,0.09090909090909091,0.6,0.6,0.7188888888888889,103.0
A1_Backlog_cautious,103,24086.70306287901,152600.0,91560.0,60566.0,45868.46,5000.0,791.0,763.0,28.0,0.0,0.05128205128205128,0.6,0.6,0.7162962962962963,96.0
A1_Backlog_cautious,104,22142.029281433533,133800.0,80280.0,53358.0,39529.979999999996,5000.0,715.0,669.0,46.0,0.0,0.09349593495934959,0.6,0.6,0.6888888888888888,99.0
A1_Backlog_cautious,105,21423.872002198987,137200.0,82320.0,54752.0,40659.12,5000.0,758.0,686.0,72.0,0.0,0.13090909090909092,0.6,0.6,0.6962962962962963,95.0
A1_Backlog_cautious,106,22597.774885560313,139000.0,83400.0,55490.0,41256.9,5000.0,763.0,695.0,68.0,0.0,0.1285444234404537,0.6,0.6,0.711111111111111,104.0
A1_Backlog_cautious,107,21416.658995791695,120400.0,72240.0,47864.0,35079.840000000004,5000.0,602.0,602.0,0.0,0.0,0.0,0.6,0.6,0.6337037037037037,44.0
A1_Backlog_cautious,108,22836.709474131632,142800.0,85680.0,57048.0,42518.880000000005,5000.0,795.0,714.0,81.0,0.0,0.12880143112701253,0.6,0.6,0.7266666666666667,107.0
A1_Backlog_cautious,109,24684.03953430731,148600.0,89160.0,58926.0,44540.06,5000.0,743.0,743.0,0.0,0.0,0.0,0.6,0.6,0.7051851851851851,90.0
A1_Backlog_cautious,110,22431.84808794134,130200.0,78120.0,51882.0,38334.41999999999,5000.0,651.0,651.0,0.0,0.0,0.0,0.6,0.6,0.6774074074074075,49.0
A1_Backlog_cautious,111,24468.197010361164,128800.0,77280.0,52808.0,42774.47999999999,0.0,665.0,644.0,21.0,0.0,0.0,0.6,0.6,0.7155555555555556,81.0
A1_Backlog_cautious,112,22892.018406671294,141600.0,84960.0,56556.0,42120.35999999999,5000.0,735.0,708.0,27.0,0.0,0.05465587044534413,0.6,0.6,0.7225925925925926,87.0
A1_Backlog_cautious,113,24255.890850177868,128200.0,76920.0,52562.0,42575.21999999999,0.0,684.0,641.0,43.0,0.0,0.030303030303030304,0.6,0.6,0.7122222222222222,89.0
A1_Backlog_cautious,114,24756.19798144558,130000.0,78000.0,53300.0,43172.999999999985,0.0,702.0,650.0,52.0,0.0,0.04246284501061571,0.6,0.6,0.7222222222222221,92.0
A1_Backlog_cautious,115,23011.485700956953,143400.0,86040.0,57294.0,42718.14,5000.0,761.0,717.0,44.0,0.0,0.07677543186180422,0.6,0.6,0.73,96.0
A1_Backlog_cautious,116,23966.080962677523,145200.0,87120.0,57782.0,43363.42,5000.0,738.0,726.0,12.0,0.0,0.024539877300613498,0.6,0.6,0.7155555555555555,91.0
A1_Backlog_cautious,117,22102.50122402179,140200.0,84120.0,55982.0,41655.42,5000.0,739.0,701.0,38.0,0.0,0.06756756756756757,0.6,0.6,0.7122222222222222,97.0
A1_Backlog_cautious,118,23507.217022666227,125600.0,75360.0,51496.0,41711.759999999995,0.0,665.0,628.0,37.0,0.0,0.035164835164835165,0.6,0.6,0.6977777777777778,81.0
A1_Backlog_cautious,119,20867.34370489775,128800.0,77280.0,51308.0,37869.479999999996,5000.0,644.0,644.0,0.0,0.0,0.0,0.6,0.6,0.6614814814814814,62.0
A1_Backlog_cautious,120,23786.88002124903,147800.0,88680.0,58848.0,44226.880000000005,5000.0,761.0,739.0,22.0,0.0,0.04263565891472868,0.6,0.6,0.7240740740740741,98.0
A1_Backlog_cautious,121,21983.033929736128,139800.0,83880.0,55818.0,41522.58,5000.0,774.0,699.0,75.0,0.0,0.10990990990990991,0.6,0.6,0.7100000000000001,104.0
A1_Backlog_cautious,122,21822.46656009329,134000.0,80400.0,53440.0,39596.399999999994,5000.0,749.0,670.0,79.0,0.0,0.1490566037735849,0.6,0.6,0.6874074074074074,110.0
A1_Backlog_cautious,123,22264.050065186115,140600.0,84360.0,56146.0,41788.259999999995,5000.0,748.0,703.0,45.0,0.0,0.08620689655172414,0.6,0.6,0.7148148148148149,103.0
A1_Backlog_cautious,124,23607.67907982054,148800.0,89280.0,59258.0,44558.98,5000.0,825.0,744.0,81.0,0.0,0.11764705882352941,0.6,0.6,0.7266666666666667,119.0
A1_Backlog_cautious,125,22086.720348893876,140200.0,84120.0,55982.0,41655.42,5000.0,722.0,701.0,21.0,0.0,0.04032258064516129,0.6,0.6,0.7122222222222222,100.0
A1_Backlog_cautious,126,24684.03953430731,152400.0,91440.0,60484.0,45802.03999999999,5000.0,762.0,762.0,0.0,0.0,0.0,0.6,0.6,0.7192592592592593,87.0
A1_Backlog_cautious,127,24504.83859287882,155000.0,93000.0,61550.0,46665.50000000001,5000.0,864.0,775.0,89.0,0.0,0.13628899835796388,0.6,0.6,0.7277777777777777,111.0
A1_Backlog_cautious,128,21333.79658783906,134800.0,80880.0,53768.0,39862.08,5000.0,726.0,674.0,52.0,0.0,0.1001926782273603,0.6,0.6,0.687037037037037,103.0
A1_Backlog_cautious,129,24836.826114214502,125600.0,75360.0,51496.0,41711.759999999995,0.0,628.0,628.0,0.0,0.0,0.0,0.6,0.6,0.6977777777777778,36.0
A1_Backlog_cautious,130,22430.807157139636,141200.0,84720.0,56392.0,41987.520000000004,5000.0,756.0,706.0,50.0,0.0,0.07924528301886792,0.6,0.6,0.7177777777777777,98.0
A1_Backlog_cautious,131,22249.736788965223,136600.0,81960.0,54506.0,40459.86,5000.0,691.0,683.0,8.0,0.0,0.017094017094017096,0.6,0.6,0.6996296296296297,92.0
A1_Backlog_cautious,132,23786.88002124903,140800.0,84480.0,55978.0,41902.18,5000.0,734.0,704.0,30.0,0.0,0.061855670103092786,0.6,0.6,0.6981481481481481,101.0
A1_Backlog_cautious,133,23295.79409693275,124200.0,74520.0,50922.0,41246.81999999999,0.0,646.0,621.0,25.0,0.0,0.0,0.6,0.6,0.69,85.0
A1_Backlog_cautious,134,22951.752053814125,141200.0,84720.0,56392.0,41987.51999999999,5000.0,736.0,706.0,30.0,0.0,0.061224489795918366,0.6,0.6,0.7214814814814815,90.0
A1_Backlog_cautious,135,20205.224380682062,127200.0,76320.0,50652.0,37338.12,5000.0,637.0,636.0,1.0,0.0,0.0022371364653243847,0.6,0.6,0.6507407407407406,80.0
A1_Backlog_cautious,136,21884.01804265951,139200.0,83520.0,55572.0,41323.32,5000.0,724.0,696.0,28.0,0.0,0.04330708661417323,0.6,0.6,0.7066666666666667,98.0
A1_Backlog_cautious,137,22427.42337333817,138200.0,82920.0,55162.0,40991.22,5000.0,765.0,691.0,74.0,0.0,0.13909774436090225,0.6,0.6,0.707037037037037,100.0
A1_Backlog_cautious,138,21859.99469506094,135600.0,81360.0,54096.0,40127.759999999995,5000.0,689.0,678.0,11.0,0.0,0.02335456475583864,0.6,0.6,0.6933333333333334,72.0
A1_Backlog_cautious,139,24624.305887164483,155000.0,93000.0,61550.0,46665.5,5000.0,814.0,775.0,39.0,0.0,0.0705244122965642,0.6,0.6,0.7285185185185185,107.0
A1_Backlog_cautious,140,24002.97074202292,127200.0,76320.0,52152.0,42243.119999999995,0.0,664.0,636.0,28.0,0.0,0.017857142857142856,0.6,0.6,0.7066666666666667,80.0
A1_Backlog_cautious,141,22033.229251777608,132400.0,79440.0,52784.0,39065.03999999999,5000.0,668.0,662.0,6.0,0.0,0.013363028953229399,0.6,0.6,0.6825925925925926,66.0
A1_Backlog_cautious,142,22060.17206127484,139400.0,83640.0,55654.0,41389.74,5000.0,724.0,697.0,27.0,0.0,0.0536779324055666,0.6,0.6,0.7092592592592593,93.0
A1_Backlog_cautious,143,20247.69910064618,115400.0,69240.0,45814.0,33387.420000000006,5000.0,577.0,577.0,0.0,0.0,0.0,0.6,0.6,0.6074074074074074,29.0
A1_Backlog_cautious,144,21121.2398894032,128600.0,77160.0,51226.0,37803.06,5000.0,643.0,643.0,0.0,0.0,0.0,0.6,0.6,0.6618518518518518,71.0
A1_Backlog_cautious,145,24743.773181450142,155800.0,93480.0,61878.0,46931.18000000001,5000.0,799.0,779.0,20.0,0.0,0.012939001848428836,0.6,0.6,0.7322222222222223,103.0
A1_Backlog_cautious,146,22135.980957562395,139000.0,83400.0,55490.0,41256.9,5000.0,746.0,695.0,51.0,0.0,0.09714285714285714,0.6,0.6,0.7077777777777778,99.0
A1_Backlog_cautious,147,24362.382645847847,123400.0,74040.0,50594.0,40981.14,0.0,617.0,617.0,0.0,0.0,0.0,0.6,0.6,0.6855555555555556,37.0
A1_Backlog_cautious,148,19877.993997379734,128600.0,77160.0,51226.0,37803.06,5000.0,643.0,643.0,0.0,0.0,0.0,0.6,0.6,0.652962962962963,76.0
A1_Backlog_cautious,149,23684.45607210152,146200.0,87720.0,58192.0,43695.520000000004,5000.0,753.0,731.0,22.0,0.0,0.04330708661417323,0.6,0.6,0.7174074074074075,100.0
A1_Backlog_cautious,150,23441.752282201567,147400.0,88440.0,58684.0,44094.04000000001,5000.0,796.0,737.0,59.0,0.0,0.1063063063063063,0.6,0.6,0.7203703703703703,105.0
A1_Backlog_cautious,151,24325.637651450328,146200.0,87720.0,57942.0,43743.020000000004,5000.0,731.0,731.0,0.0,0.0,0.0,0.6,0.6,0.6940740740740741,67.0
A1_Backlog_cautious,152,21767.485384190906,133000.0,79800.0,53030.0,39264.299999999996,5000.0,694.0,665.0,29.0,0.0,0.060542797494780795,0.6,0.6,0.6833333333333333,89.0
A1_Backlog_cautious,153,21464.947799286736,130400.0,78240.0,51964.0,38400.84,5000.0,682.0,652.0,30.0,0.0,0.06342494714587738,0.6,0.6,0.6714814814814816,84.0
A1_Backlog_cautious,154,24504.70253562857,128800.0,77280.0,52808.0,42774.47999999999,0.0,685.0,644.0,41.0,0.0,0.05701754385964912,0.6,0.6,0.7155555555555555,76.0
A1_Backlog_cautious,155,22986.006678074787,144800.0,86880.0,57618.0,43230.58,5000.0,768.0,724.0,44.0,0.0,0.08193668528864059,0.6,0.6,0.7077777777777778,98.0
A1_Backlog_cautious,156,20611.12006610973,132200.0,79320.0,52702.0,38998.62,5000.0,693.0,661.0,32.0,0.0,0.06477732793522267,0.6,0.6,0.6718518518518518,87.0
A1_Backlog_cautious,157,22597.774885560313,129800.0,77880.0,51718.0,38201.58,5000.0,649.0,649.0,0.0,0.0,0.0,0.6,0.6,0.677037037037037,44.0
A1_Backlog_cautious,158,24589.615670552063,123200.0,73920.0,50512.0,40914.72,0.0,616.0,616.0,0.0,0.0,0.0,0.6,0.6,0.6844444444444444,40.0
A1_Backlog_cautious,159,22964.06720598125,140800.0,84480.0,56228.0,41854.67999999999,5000.0,731.0,704.0,27.0,0.0,0.05454545454545454,0.6,0.6,0.7200000000000001,87.0
A1_Backlog_cautious,160,22839.651498141076,122600.0,73560.0,50266.0,40715.45999999999,0.0,703.0,613.0,90.0,0.0,0.10912698412698413,0.6,0.6,0.6811111111111111,113.0
A1_Backlog_cautious,161,21718.066966771108,137800.0,82680.0,54998.0,40858.380000000005,5000.0,736.0,689.0,47.0,0.0,0.08986615678776291,0.6,0.6,0.7003703703703704,107.0
A1_Backlog_cautious,162,21892.293897750627,128400.0,77040.0,51144.0,37736.63999999999,5000.0,642.0,642.0,0.0,0.0,0.0,0.6,0.6,0.6670370370370371,56.0
A1_Backlog_cautious,163,22265.921290322367,140800.0,84480.0,56228.0,41854.68,5000.0,817.0,704.0,113.0,0.0,0.1793570219966159,0.6,0.6,0.7155555555555556,111.0
A1_Backlog_cautious,164,22717.242179845976,142000.0,85200.0,56720.0,42253.2,5000.0,766.0,710.0,56.0,0.0,0.10666666666666667,0.6,0.6,0.722962962962963,102.0
A1_Backlog_cautious,165,23667.412726963372,142600.0,85560.0,56716.0,42499.96,5000.0,713.0,713.0,0.0,0.0,0.0,0.6,0.6,0.704074074074074,77.0
A1_Backlog_cautious,166,22821.421552584656,122800.0,73680.0,50348.0,40781.88,0.0,666.0,614.0,52.0,0.0,0.07725321888412018,0.6,0.6,0.6822222222222223,92.0
A1_Backlog_cautious,167,22525.01291208592,141600.0,84960.0,56556.0,42120.36,5000.0,756.0,708.0,48.0,0.0,0.08,0.6,0.6,0.7200000000000001,96.0
A1_Backlog_cautious,168,25707.926763781656,153800.0,92280.0,60808.0,46314.48000000001,5000.0,769.0,769.0,0.0,0.0,0.0,0.6,0.6,0.7029629629629629,63.0
A1_Backlog_cautious,169,21732.251545684157,136800.0,82080.0,54588.0,40526.27999999999,5000.0,709.0,684.0,25.0,0.0,0.05040322580645161,0.6,0.6,0.6966666666666668,86.0
A1_Backlog_cautious,170,22384.733071333485,137800.0,82680.0,54998.0,40858.38,5000.0,709.0,689.0,20.0,0.0,0.041666666666666664,0.6,0.6,0.7051851851851851,83.0
A1_Backlog_cautious,171,21920.383855478314,138000.0,82800.0,55080.0,40924.799999999996,5000.0,697.0,690.0,7.0,0.0,0.014799154334038054,0.6,0.6,0.7025925925925927,83.0
A1_Backlog_cautious,172,21699.785429892156,137400.0,82440.0,54834.0,40725.54,5000.0,714.0,687.0,27.0,0.0,0.05389221556886228,0.6,0.6,0.698888888888889,93.0
A1_Backlog_cautious,173,22772.551112385634,137000.0,82200.0,54670.0,40592.69999999999,5000.0,724.0,685.0,39.0,0.0,0.08008213552361396,0.6,0.6,0.7048148148148148,89.0
A1_Backlog_cautious,174,22487.157020480998,138600.0,83160.0,55326.0,41124.06,5000.0,746.0,693.0,53.0,0.0,0.10392156862745099,0.6,0.6,0.708888888888889,98.0
A1_Backlog_cautious,175,23020.007373526027,143400.0,86040.0,57294.0,42718.14,5000.0,771.0,717.0,54.0,0.0,0.08082706766917293,0.6,0.6,0.73,101.0
A1_Backlog_cautious,176,23827.481341033166,126400.0,75840.0,51824.0,41977.439999999995,0.0,722.0,632.0,90.0,0.0,0.11372549019607843,0.6,0.6,0.7022222222222222,92.0
A1_Backlog_cautious,177,23266.97605537625,137600.0,82560.0,54666.0,40839.46,5000.0,688.0,688.0,0.0,0.0,0.0,0.6,0.6,0.682962962962963,56.0
A1_Backlog_cautious,178,20804.728811650726,132600.0,79560.0,52866.0,39131.45999999999,5000.0,673.0,663.0,10.0,0.0,0.021052631578947368,0.6,0.6,0.6751851851851852,91.0
A1_Backlog_cautious,179,21190.220972011834,136600.0,81960.0,54506.0,40459.86,5000.0,749.0,683.0,66.0,0.0,0.11172161172161173,0.6,0.6,0.6922222222222222,110.0
A1_Backlog_cautious,180,22832.284759528462,139400.0,83640.0,55654.0,41389.74,5000.0,736.0,697.0,39.0,0.0,0.07862903225806452,0.6,0.6,0.7140740740740742,91.0
A1_Backlog_cautious,181,21777.579074705412,139000.0,83400.0,55490.0,41256.9,5000.0,799.0,695.0,104.0,0.0,0.17636986301369864,0.6,0.6,0.7055555555555555,120.0
A1_Backlog_cautious,182,22730.01510458325,122200.0,73320.0,50102.0,40582.619999999995,0.0,641.0,611.0,30.0,0.0,0.024830699774266364,0.6,0.6,0.6788888888888889,79.0
A1_Backlog_cautious,183,23144.98164602639,124000.0,74400.0,50840.0,41180.399999999994,0.0,625.0,620.0,5.0,0.0,0.0,0.6,0.6,0.6888888888888889,65.0
A1_Backlog_cautious,184,24206.17035716467,152600.0,91560.0,60566.0,45868.45999999999,5000.0,830.0,763.0,67.0,0.0,0.11492281303602059,0.6,0.6,0.7170370370370371,109.0
A1_Backlog_cautious,185,24743.773181450142,148600.0,89160.0,58926.0,44540.06,5000.0,753.0,743.0,10.0,0.0,0.020202020202020204,0.6,0.6,0.7055555555555556,86.0
A1_Backlog_cautious,186,24832.40139961133,130400.0,78240.0,53464.0,43305.83999999999,0.0,674.0,652.0,22.0,0.0,0.0,0.6,0.6,0.7244444444444444,82.0
A1_Backlog_cautious,187,20902.52347929526,135400.0,81240.0,54014.0,40061.34,5000.0,733.0,677.0,56.0,0.0,0.10074626865671642,0.6,0.6,0.6855555555555556,102.0
A1_Backlog_cautious,188,20480.659661346785,133600.0,80160.0,53276.0,39463.560000000005,5000.0,703.0,668.0,35.0,0.0,0.047619047619047616,0.6,0.6,0.6755555555555556,112.0
A1_Backlog_cautious,189,22542.465953020655,139000.0,83400.0,55490.0,41256.899999999994,5000.0,695.0,695.0,0.0,0.0,0.0,0.6,0.6,0.7107407407407408,87.0
A1_Backlog_cautious,190,23846.613668391863,149400.0,89640.0,59504.0,44758.24,5000.0,796.0,747.0,49.0,0.0,0.08957952468007313,0.6,0.6,0.7303703703703703,100.0
A1_Backlog_cautious,191,23786.88002124903,149400.0,89640.0,59504.0,44758.240000000005,5000.0,772.0,747.0,25.0,0.0,0.04339622641509434,0.6,0.6,0.73,96.0
A1_Backlog_cautious,192,22593.350170957143,141000.0,84600.0,56310.0,41921.1,5000.0,788.0,705.0,83.0,0.0,0.1503623188405797,0.6,0.6,0.7185185185185186,100.0
A1_Backlog_cautious,193,21078.088749876973,136000.0,81600.0,54260.0,40260.600000000006,5000.0,743.0,680.0,63.0,0.0,0.11645101663585952,0.6,0.6,0.6896296296296297,108.0
A1_Backlog_cautious,194,21894.327315214585,139200.0,83520.0,55572.0,41323.32,5000.0,757.0,696.0,61.0,0.0,0.09888059701492537,0.6,0.6,0.7066666666666667,105.0
A1_Backlog_cautious,195,23375.34780388011,119600.0,71760.0,49036.0,39719.159999999996,0.0,598.0,598.0,0.0,0.0,0.0,0.6,0.6,0.6644444444444445,37.0
A1_Backlog_cautious,196,21573.690168052774,138200.0,82920.0,55162.0,40991.22,5000.0,697.0,691.0,6.0,0.0,0.006172839506172839,0.6,0.6,0.701111111111111,93.0
A1_Backlog_cautious,197,22849.32810466661,141200.0,84720.0,56392.0,41987.520000000004,5000.0,730.0,706.0,24.0,0.0,0.048582995951417005,0.6,0.6,0.7207407407407408,84.0
A1_Backlog_cautious,198,21673.02718020233,138000.0,82800.0,55080.0,40924.799999999996,5000.0,731.0,690.0,41.0,0.0,0.07945736434108527,0.6,0.6,0.7011111111111111,101.0
A1_Backlog_cautious,199,22701.32777423621,140600.0,84360.0,56146.0,41788.259999999995,5000.0,732.0,703.0,29.0,0.0,0.05776892430278884,0.6,0.6,0.7170370370370371,89.0
A1_Backlog_cautious,200,21952.93797999699,137200.0,82320.0,54752.0,40659.119999999995,5000.0,726.0,686.0,40.0,0.0,0.07874015748031496,0.6,0.6,0.7,96.0
A1_Backlog_cautious,201,23684.45607210152,149000.0,89400.0,59340.0,44625.40000000001,5000.0,856.0,745.0,111.0,0.0,0.15245901639344261,0.6,0.6,0.7277777777777779,120.0
A1_Backlog_cautious,202,21448.232210785864,137800.0,82680.0,54998.0,40858.380000000005,5000.0,737.0,689.0,48.0,0.0,0.07007575757575757,0.6,0.6,0.698888888888889,101.0
A1_Backlog_cautious,203,25969.37339874929,145400.0,87240.0,57114.0,43524.840000000004,5000.0,727.0,727.0,0.0,0.0,0.0,0.6,0.6,0.6496296296296297,25.0
A1_Backlog_cautious,204,22138.159932243518,131400.0,78840.0,52374.0,38732.93999999999,5000.0,679.0,657.0,22.0,0.0,0.048034934497816595,0.6,0.6,0.6796296296296297,76.0
A1_Backlog_cautious,205,22010.17096538878,132400.0,79440.0,52784.0,39065.03999999999,5000.0,662.0,662.0,0.0,0.0,0.0,0.6,0.6,0.6825925925925926,61.0
A1_Backlog_cautious,206,22951.752053814125,143200.0,85920.0,57212.0,42651.72,5000.0,775.0,716.0,59.0,0.0,0.09550561797752809,0.6,0.6,0.7288888888888889,103.0
A1_Backlog_cautious,207,24564.57224002165,144000.0,86400.0,57040.0,43012.4,5000.0,720.0,720.0,0.0,0.0,0.0,0.6,0.6,0.6874074074074075,76.0
A1_Backlog_cautious,208,23068.86846345216,117800.0,70680.0,48298.0,39121.380000000005,0.0,589.0,589.0,0.0,0.0,0.0,0.6,0.6,0.6544444444444445,35.0
A1_Backlog_cautious,209,22324.999424190653,139800.0,83880.0,55818.0,41522.579999999994,5000.0,763.0,699.0,64.0,0.0,0.11895910780669144,0.6,0.6,0.7122222222222222,104.0
A1_Backlog_cautious,210,23547.945432677712,147800.0,88680.0,58848.0,44226.880000000005,5000.0,789.0,739.0,50.0,0.0,0.09208103130755065,0.6,0.6,0.7225925925925926,109.0
A1_Backlog_cautious,211,21491.119773729642,137800.0,82680.0,54998.0,40858.380000000005,5000.0,740.0,689.0,51.0,0.0,0.09416195856873823,0.6,0.6,0.698888888888889,92.0
A1_Backlog_cautious,212,22048.127004855094,130200.0,78120.0,51882.0,38334.42,5000.0,651.0,651.0,0.0,0.0,0.0,0.6,0.6,0.6748148148148149,65.0
A1_Backlog_cautious,213,25707.926763781656,153200.0,91920.0,60562.0,46115.22,5000.0,766.0,766.0,0.0,0.0,0.0,0.6,0.6,0.7007407407407408,49.0
A1_Backlog_cautious,214,22721.339137811876,141200.0,84720.0,56392.0,41987.52,5000.0,706.0,706.0,0.0,0.0,0.0,0.6,0.6,0.7200000000000001,84.0
A1_Backlog_cautious,215,21594.88813204671,132800.0,79680.0,52948.0,39197.88,5000.0,673.0,664.0,9.0,0.0,0.019522776572668113,0.6,0.6,0.6814814814814815,84.0
A1_Backlog_cautious,216,22653.08381809997,137800.0,82680.0,54998.0,40858.37999999999,5000.0,689.0,689.0,0.0,0.0,0.0,0.6,0.6,0.7070370370370369,76.0
A1_Backlog_cautious,217,24385.371298593163,152400.0,91440.0,60484.0,45802.04,5000.0,779.0,762.0,17.0,0.0,0.032692307692307694,0.6,0.6,0.7174074074074074,93.0
A1_Backlog_cautious,218,23292.14190337484,124400.0,74640.0,51004.0,41313.23999999999,0.0,665.0,622.0,43.0,0.0,0.04772234273318872,0.6,0.6,0.6911111111111111,81.0
A1_Backlog_cautious,219,22610.39351609529,137000.0,82200.0,54670.0,40592.7,5000.0,686.0,685.0,1.0,0.0,0.0022222222222222222,0.6,0.6,0.7037037037037037,70.0
A1_Backlog_cautious,220,21875.917081027783,132200.0,79320.0,52702.0,38998.619999999995,5000.0,661.0,661.0,0.0,0.0,0.0,0.6,0.6,0.6803703703703704,74.0
A1_Backlog_cautious,221,21806.30633700557,139000.0,83400.0,55490.0,41256.9,5000.0,725.0,695.0,30.0,0.0,0.047058823529411764,0.6,0.6,0.7055555555555556,96.0
A1_Backlog_cautious,222,21139.96798908047,135200.0,81120.0,53932.0,39994.92,5000.0,697.0,676.0,21.0,0.0,0.04242424242424243,0.6,0.6,0.6866666666666668,91.0
A1_Backlog_cautious,223,22297.073344781602,132200.0,79320.0,52702.0,38998.619999999995,5000.0,661.0,661.0,0.0,0.0,0.0,0.6,0.6,0.6833333333333333,61.0
A1_Backlog_cautious,224,22559.18154152153,141800.0,85080.0,56638.0,42186.78,5000.0,738.0,709.0,29.0,0.0,0.05148514851485148,0.6,0.6,0.7211111111111111,93.0
A1_Backlog_cautious,225,22590.154543743738,141800.0,85080.0,56638.0,42186.78,5000.0,777.0,709.0,68.0,0.0,0.12454212454212454,0.6,0.6,0.7211111111111111,102.0
A1_Backlog_cautious,226,22234.914905479698,137200.0,82320.0,54752.0,40659.119999999995,5000.0,721.0,686.0,35.0,0.0,0.07028112449799197,0.6,0.6,0.701851851851852,92.0
A1_Backlog_cautious,227,23207.242408233422,146000.0,87600.0,58110.0,43629.1,5000.0,795.0,730.0,65.0,0.0,0.11586452762923351,0.6,0.6,0.7137037037037037,105.0
A1_Backlog_cautious,228,21760.8344871605,138200.0,82920.0,55162.0,40991.22,5000.0,747.0,691.0,56.0,0.0,0.06981132075471698,0.6,0.6,0.701111111111111,114.0
A1_Backlog_cautious,229,22007.63995580096,139800.0,83880.0,55818.0,41522.58,5000.0,751.0,699.0,52.0,0.0,0.07894736842105263,0.6,0.6,0.7100000000000001,112.0
A1_Backlog_cautious,230,21064.499662961272,133200.0,79920.0,53112.0,39330.72,5000.0,721.0,666.0,55.0,0.0,0.10617760617760617,0.6,0.6,0.6785185185185186,101.0
A1_Backlog_cautious,231,23877.564376078546,122200.0,73320.0,50102.0,40582.619999999995,0.0,611.0,611.0,0.0,0.0,0.0,0.6,0.6,0.6788888888888888,36.0
A1_Backlog_cautious,232,23441.424525564296,148200.0,88920.0,59012.0,44359.72000000001,5000.0,823.0,741.0,82.0,0.0,0.12991452991452992,0.6,0.6,0.7233333333333333,115.0
A1_Backlog_cautious,233,21807.87228538365,137000.0,82200.0,54670.0,40592.7,5000.0,707.0,685.0,22.0,0.0,0.044715447154471545,0.6,0.6,0.6981481481481482,82.0
A1_Backlog_cautious,234,23130.952995242616,143800.0,86280.0,57458.0,42850.98,5000.0,778.0,719.0,59.0,0.0,0.10150375939849623,0.6,0.6,0.7322222222222223,104.0
A1_Backlog_cautious,235,22206.18764317954,125200.0,75120.0,49832.0,36673.92,5000.0,626.0,626.0,0.0,0.0,0.0,0.6,0.6,0.6574074074074073,47.0
A1_Backlog_cautious,236,22337.61805472563,141000.0,84600.0,56310.0,41921.1,5000.0,751.0,705.0,46.0,0.0,0.07662835249042145,0.6,0.6,0.7166666666666667,100.0
A1_Backlog_cautious,237,24385.371298593163,153600.0,92160.0,60976.0,46200.56,5000.0,793.0,768.0,25.0,0.0,0.04621072088724584,0.6,0.6,0.7218518518518519,108.0
A1_Backlog_cautious,238,21914.67239259548,130800.0,78480.0,52128.0,38533.67999999999,5000.0,654.0,654.0,0.0,0.0,0.0,0.6,0.6,0.6759259259259259,71.0
A1_Backlog_cautious,239,22712.817465242802,135400.0,81240.0,54014.0,40061.34,5000.0,700.0,677.0,23.0,0.0,0.04946236559139785,0.6,0.6,0.6985185185185185,81.0
A1_Backlog_cautious,240,24385.371298593163,143200.0,85920.0,56712.0,42746.72,5000.0,716.0,716.0,0.0,0.0,0.0,0.6,0.6,0.6833333333333333,70.0
A1_Backlog_cautious,241,21467.180276080115,129000.0,77400.0,51390.0,37935.899999999994,5000.0,645.0,645.0,0.0,0.0,0.0,0.6,0.6,0.6655555555555555,59.0
A1_Backlog_cautious,242,22960.273726383195,136000.0,81600.0,54260.0,40260.59999999999,5000.0,716.0,680.0,36.0,0.0,0.07563025210084033,0.6,0.6,0.7022222222222222,87.0
A1_Backlog_cautious,243,21190.051024125845,135600.0,81360.0,54096.0,40127.759999999995,5000.0,703.0,678.0,25.0,0.0,0.050200803212851405,0.6,0.6,0.6892592592592593,100.0
A1_Backlog_cautious,244,21961.933753216275,136800.0,82080.0,54588.0,40526.28,5000.0,710.0,684.0,26.0,0.0,0.053169734151329244,0.6,0.6,0.6985185185185185,96.0
A1_Backlog_cautious,245,24803.506828592974,156000.0,93600.0,61960.0,46997.600000000006,5000.0,843.0,780.0,63.0,0.0,0.08419243986254296,0.6,0.6,0.7333333333333333,109.0
A1_Backlog_cautious,246,25588.459469495992,156400.0,93840.0,61874.0,47177.94,5000.0,782.0,782.0,0.0,0.0,0.0,0.6,0.6,0.7118518518518518,76.0
A1_Backlog_cautious,247,22832.284759528462,139800.0,83880.0,55818.0,41522.58,5000.0,753.0,699.0,54.0,0.0,0.10546875,0.6,0.6,0.7155555555555556,97.0
A1_Backlog_cautious,248,22925.498140211897,142400.0,85440.0,56884.0,42386.03999999999,5000.0,744.0,712.0,32.0,0.0,0.06286836935166994,0.6,0.6,0.7255555555555556,102.0
A1_Backlog_cautious,249,22300.00798059866,137200.0,82320.0,54752.0,40659.119999999995,5000.0,697.0,686.0,11.0,0.0,0.023305084745762712,0.6,0.6,0.7022222222222223,81.0
A1_Backlog_cautious,250,22723.24565635831,141800.0,85080.0,56638.0,42186.78,5000.0,749.0,709.0,40.0,0.0,0.07751937984496124,0.6,0.6,0.7214814814814815,97.0
A1_Backlog_cautious,251,23130.952995242616,143800.0,86280.0,57458.0,42850.98,5000.0,838.0,719.0,119.0,0.0,0.17229729729729729,0.6,0.6,0.7322222222222223,117.0
A1_Backlog_cautious,252,23843.559737360967,126600.0,75960.0,51906.0,42043.85999999999,0.0,662.0,633.0,29.0,0.0,0.0,0.6,0.6,0.7033333333333334,89.0
A1_Backlog_cautious,253,23488.21178553488,148400.0,89040.0,59094.0,44426.14000000001,5000.0,789.0,742.0,47.0,0.0,0.05090909090909091,0.6,0.6,0.7244444444444444,109.0
A1_Backlog_cautious,254,24564.57224002165,138800.0,83280.0,54908.0,41285.479999999996,5000.0,694.0,694.0,0.0,0.0,0.0,0.6,0.6,0.6681481481481482,51.0
A1_Backlog_cautious,255,23727.1463741062,148800.0,89280.0,59258.0,44558.98,5000.0,783.0,744.0,39.0,0.0,0.07235621521335807,0.6,0.6,0.7274074074074074,111.0
A1_Backlog_cautious,256,22252.56520735353,128000.0,76800.0,50980.0,37603.799999999996,5000.0,642.0,640.0,2.0,0.0,0.004866180048661801,0.6,0.6,0.6677777777777778,62.0
A1_Backlog_cautious,257,22687.338442360637,144400.0,86640.0,57454.0,43097.740000000005,5000.0,780.0,722.0,58.0,0.0,0.10488245931283906,0.6,0.6,0.7044444444444444,109.0
A1_Backlog_cautious,258,23906.34731553469,149800.0,89880.0,59668.0,44891.08000000001,5000.0,761.0,749.0,12.0,0.0,0.0,0.6,0.6,0.7322222222222223,102.0
A1_Backlog_cautious,259,22350.892198535148,137400.0,82440.0,54834.0,40725.53999999999,5000.0,717.0,687.0,30.0,0.0,0.061855670103092786,0.6,0.6,0.7033333333333334,90.0
A1_Backlog_cautious,260,22422.998658734996,140600.0,84360.0,56146.0,41788.26,5000.0,719.0,703.0,16.0,0.0,0.03278688524590164,0.6,0.6,0.715925925925926,95.0
A1_Backlog_cautious,261,22094.91426482568,140200.0,84120.0,55982.0,41655.42,5000.0,735.0,701.0,34.0,0.0,0.056530214424951264,0.6,0.6,0.7122222222222222,95.0
A1_Backlog_cautious,262,22092.33166391532,135200.0,81120.0,53932.0,39994.92,5000.0,676.0,676.0,0.0,0.0,0.0,0.6,0.6,0.6933333333333332,73.0
A1_Backlog_cautious,263,22538.04123841748,141800.0,85080.0,56638.0,42186.78,5000.0,759.0,709.0,50.0,0.0,0.0831758034026465,0.6,0.6,0.7211111111111111,106.0
A1_Backlog_cautious,264,23190.686642385444,141400.0,84840.0,56474.0,42053.939999999995,5000.0,738.0,707.0,31.0,0.0,0.06262626262626263,0.6,0.6,0.7237037037037037,91.0
A1_Backlog_cautious,265,23614.52641153906,125400.0,75240.0,51414.0,41645.34,0.0,646.0,627.0,19.0,0.0,0.0,0.6,0.6,0.6966666666666667,79.0
A1_Backlog_cautious,266,22235.521862215384,137800.0,82680.0,54998.0,40858.37999999999,5000.0,700.0,689.0,11.0,0.0,0.023157894736842106,0.6,0.6,0.7040740740740741,76.0
A1_Backlog_cautious,267,20619.5020262302,134600.0,80760.0,53686.0,39795.66,5000.0,710.0,673.0,37.0,0.0,0.040776699029126215,0.6,0.6,0.6811111111111111,106.0
A1_Backlog_cautious,268,24007.417936505193,127200.0,76320.0,52152.0,42243.119999999995,0.0,689.0,636.0,53.0,0.0,0.046610169491525424,0.6,0.6,0.7066666666666667,91.0
A1_Backlog_cautious,269,23877.995665047893,126200.0,75720.0,51742.0,41911.01999999999,0.0,649.0,631.0,18.0,0.0,0.0,0.6,0.6,0.7011111111111111,78.0
A1_Backlog_cautious,270,21288.331369558324,135800.0,81480.0,54178.0,40194.18,5000.0,680.0,679.0,1.0,0.0,0.00211864406779661,0.6,0.6,0.6896296296296297,90.0
A1_Backlog_cautious,271,21958.403625401872,138200.0,82920.0,55162.0,40991.22,5000.0,758.0,691.0,67.0,0.0,0.12430426716141002,0.6,0.6,0.7040740740740741,103.0
A1_Backlog_cautious,272,21224.49413288526,135400.0,81240.0,54014.0,40061.34,5000.0,697.0,677.0,20.0,0.0,0.0408997955010225,0.6,0.6,0.6874074074074075,98.0
A1_Backlog_cautious,273,23488.21178553488,148400.0,89040.0,59094.0,44426.14000000001,5000.0,755.0,742.0,13.0,0.0,0.019646365422396856,0.6,0.6,0.7244444444444444,93.0
A1_Backlog_cautious,274,23906.34731553469,145400.0,87240.0,57864.0,43429.84,5000.0,727.0,727.0,0.0,0.0,0.0,0.6,0.6,0.7159259259259261,82.0
A1_Backlog_cautious,275,21460.049770829122,137600.0,82560.0,54916.0,40791.96,5000.0,761.0,688.0,73.0,0.0,0.09671532846715329,0.6,0.6,0.6977777777777778,114.0
A1_Backlog_cautious,276,22316.395812462262,136800.0,82080.0,54588.0,40526.28,5000.0,711.0,684.0,27.0,0.0,0.05567010309278351,0.6,0.6,0.7007407407407409,86.0
A1_Backlog_cautious,277,23011.485700956953,141200.0,84720.0,56392.0,41987.52,5000.0,752.0,706.0,46.0,0.0,0.08949416342412451,0.6,0.6,0.7218518518518519,98.0
A1_Backlog_cautious,278,25230.057586639014,152000.0,91200.0,60070.0,45716.700000000004,5000.0,760.0,760.0,0.0,0.0,0.0,0.6,0.6,0.6933333333333334,53.0
A1_Backlog_cautious,279,21237.311710350266,134200.0,80520.0,53522.0,39662.82,5000.0,692.0,671.0,21.0,0.0,0.0430327868852459,0.6,0.6,0.6837037037037038,103.0
A1_Backlog_cautious,280,22683.401307047636,142200.0,85320.0,56802.0,42319.62,5000.0,720.0,711.0,9.0,0.0,0.01037344398340249,0.6,0.6,0.7233333333333333,94.0
A1_Backlog_cautious,281,23488.21178553488,148400.0,89040.0,59094.0,44426.14000000001,5000.0,780.0,742.0,38.0,0.0,0.04267161410018553,0.6,0.6,0.7244444444444444,105.0
A1_Backlog_cautious,282,20796.499152711156,134000.0,80400.0,53440.0,39596.399999999994,5000.0,673.0,670.0,3.0,0.0,0.006329113924050633,0.6,0.6,0.6796296296296297,93.0
A1_Backlog_cautious,283,21228.901200783337,134600.0,80760.0,53686.0,39795.66,5000.0,673.0,673.0,0.0,0.0,0.0,0.6,0.6,0.6848148148148148,84.0
A1_Backlog_cautious,284,24265.9040043075,152600.0,91560.0,60566.0,45868.46000000001,5000.0,763.0,763.0,0.0,0.0,0.0,0.6,0.6,0.7174074074074074,82.0
A1_Backlog_cautious,285,22414.14922952865,139800.0,83880.0,55818.0,41522.58,5000.0,715.0,699.0,16.0,0.0,0.032989690721649485,0.6,0.6,0.712962962962963,89.0
A1_Backlog_cautious,286,21147.962845682843,119800.0,71880.0,47618.0,34880.579999999994,5000.0,599.0,599.0,0.0,0.0,0.0,0.6,0.6,0.63,25.0
A1_Backlog_cautious,287,22789.59445752378,140600.0,84360.0,56146.0,41788.259999999995,5000.0,723.0,703.0,20.0,0.0,0.040983606557377046,0.6,0.6,0.7181481481481481,80.0
A1_Backlog_cautious,288,22012.08894867356,139400.0,83640.0,55654.0,41389.74,5000.0,769.0,697.0,72.0,0.0,0.13090909090909092,0.6,0.6,0.7085185185185185,96.0
A1_Backlog_cautious,289,22832.284759528462,142000.0,85200.0,56720.0,42253.200000000004,5000.0,724.0,710.0,14.0,0.0,0.028985507246376812,0.6,0.6,0.7237037037037037,93.0
A1_Backlog_cautious,290,22265.183837888508,134000.0,80400.0,53440.0,39596.399999999994,5000.0,688.0,670.0,18.0,0.0,0.03870967741935484,0.6,0.6,0.69,78.0
A1_Backlog_cautious,291,25707.926763781656,149000.0,89400.0,58840.0,44720.40000000001,5000.0,745.0,745.0,0.0,0.0,0.0,0.6,0.6,0.6851851851851852,50.0
A1_Backlog_cautious,292,25409.258528067505,146800.0,88080.0,57938.0,43989.780000000006,5000.0,734.0,734.0,0.0,0.0,0.0,0.6,0.6,0.6751851851851851,63.0
A1_Backlog_cautious,293,22711.2241736439,122600.0,73560.0,50266.0,40715.45999999999,0.0,645.0,613.0,32.0,0.0,0.0,0.6,0.6,0.6811111111111111,92.0
A1_Backlog_cautious,294,23786.88002124903,143200.0,85920.0,56962.0,42699.22,5000.0,726.0,716.0,10.0,0.0,0.02092050209205021,0.6,0.6,0.7070370370370369,90.0
A1_Backlog_cautious,295,21009.523320232896,132800.0,79680.0,52948.0,39197.880000000005,5000.0,717.0,664.0,53.0,0.0,0.1029126213592233,0.6,0.6,0.6770370370370371,101.0
A1_Backlog_cautious,296,21925.726985542104,134800.0,80880.0,53768.0,39862.08,5000.0,680.0,674.0,6.0,0.0,0.012987012987012988,0.6,0.6,0.6896296296296297,71.0
A1_Backlog_cautious,297,20764.91492257623,132000.0,79200.0,52620.0,38932.2,5000.0,660.0,660.0,0.0,0.0,0.0,0.6,0.6,0.6722222222222223,89.0
A1_Backlog_cautious,298,20158.899531824554,131400.0,78840.0,52374.0,38732.939999999995,5000.0,701.0,657.0,44.0,0.0,0.08527131782945736,0.6,0.6,0.6659259259259259,94.0
A1_Backlog_cautious,299,21312.82623262101,128000.0,76800.0,50980.0,37603.8,5000.0,648.0,640.0,8.0,0.0,0.01805869074492099,0.6,0.6,0.6611111111111112,68.0
A1_Backlog_cautious,300,26423.75591997972,147800.0,88680.0,58098.0,44321.88,5000.0,739.0,739.0,0.0,0.0,0.0,0.6,0.6,0.6585185185185185,46.0
A2_Backlog_balanced,1,22181.096051726156,140200.0,84120.0,55982.0,41655.420000000006,5000.0,735.0,701.0,34.0,0.0,0.06031128404669261,0.6,0.6,0.7122222222222222,96.0
A2_Backlog_balanced,2,21888.548988486313,141200.0,84720.0,54392.0,37082.52,10000.0,706.0,706.0,0.0,0.0,0.0,0.6,0.6,0.6516666666666667,63.0
A2_Backlog_balanced,3,21251.970389913527,135400.0,81240.0,54014.0,40061.34,5000.0,713.0,677.0,36.0,0.0,0.07114624505928854,0.6,0.6,0.6881481481481482,94.0
A2_Backlog_balanced,4,21831.046005951648,135800.0,81480.0,54178.0,40194.18,5000.0,693.0,679.0,14.0,0.0,0.029535864978902954,0.6,0.6,0.6933333333333334,81.0
A2_Backlog_balanced,5,21799.350612814575,133800.0,80280.0,53358.0,39529.979999999996,5000.0,697.0,669.0,28.0,0.0,0.058091286307053944,0.6,0.6,0.6862962962962962,84.0
A2_Backlog_balanced,6,20983.227481656148,131800.0,79080.0,52538.0,38865.78,5000.0,693.0,659.0,34.0,0.0,0.06896551724137931,0.6,0.6,0.6733333333333333,93.0
A2_Backlog_balanced,7,20670.813586668366,133800.0,80280.0,53358.0,39529.979999999996,5000.0,681.0,669.0,12.0,0.0,0.024844720496894408,0.6,0.6,0.6785185185185186,89.0
A2_Backlog_balanced,8,22299.10664984616,141000.0,84600.0,56310.0,41921.1,5000.0,786.0,705.0,81.0,0.0,0.1400359066427289,0.6,0.6,0.7166666666666667,112.0
A2_Backlog_balanced,9,22006.81640543015,134600.0,80760.0,53686.0,39795.659999999996,5000.0,673.0,673.0,0.0,0.0,0.0,0.6,0.6,0.6903703703703703,76.0
A2_Backlog_balanced,10,23071.21934809978,142200.0,85320.0,56802.0,42319.61999999999,5000.0,734.0,711.0,23.0,0.0,0.0465587044534413,0.6,0.6,0.725925925925926,83.0
A2_Backlog_balanced,11,20687.12611093698,134800.0,80880.0,53768.0,39862.08,5000.0,718.0,674.0,44.0,0.0,0.07279693486590039,0.6,0.6,0.6822222222222223,104.0
A2_Backlog_balanced,12,21129.604202818577,135000.0,81000.0,53850.0,39928.5,5000.0,760.0,675.0,85.0,0.0,0.1526032315978456,0.6,0.6,0.6862962962962963,106.0
A2_Backlog_balanced,13,20855.918306345386,133200.0,79920.0,53112.0,39330.72,5000.0,733.0,666.0,67.0,0.0,0.1252336448598131,0.6,0.6,0.6777777777777778,100.0
A2_Backlog_balanced,14,21383.96178684255,134600.0,80760.0,53686.0,39795.65999999999,5000.0,675.0,673.0,2.0,0.0,0.004347826086956522,0.6,0.6,0.6855555555555557,92.0
A2_Backlog_balanced,15,22542.465953020655,135200.0,81120.0,53932.0,39994.92,5000.0,676.0,676.0,0.0,0.0,0.0,0.6,0.6,0.6966666666666667,57.0
A2_Backlog_balanced,16,23906.34731553469,140600.0,84360.0,55896.0,41835.76,5000.0,708.0,703.0,5.0,0.0,0.010845986984815618,0.6,0.6,0.6981481481481482,76.0
A2_Backlog_balanced,17,23069.99431637575,146600.0,87960.0,58356.0,43828.36,5000.0,738.0,733.0,5.0,0.0,0.009784735812133072,0.6,0.6,0.7148148148148149,95.0
A2_Backlog_balanced,18,23808.348080990352,149400.0,89640.0,59504.0,44758.240000000005,5000.0,818.0,747.0,71.0,0.0,0.09342560553633218,0.6,0.6,0.73,113.0
A2_Backlog_balanced,19,21049.881671979187,131200.0,78720.0,52292.0,38666.520000000004,5000.0,694.0,656.0,38.0,0.0,0.07707910750507099,0.6,0.6,0.6711111111111111,97.0
A2_Backlog_balanced,20,23487.963441481526,149600.0,89760.0,57336.0,39967.159999999996,10000.0,748.0,748.0,0.0,0.0,0.0,0.6,0.6,0.6449999999999999,47.0
A2_Backlog_balanced,21,22017.424098380267,139800.0,83880.0,55818.0,41522.58,5000.0,744.0,699.0,45.0,0.0,0.06476190476190476,0.6,0.6,0.7100000000000001,101.0
A2_Backlog_balanced,22,21641.693151121784,133600.0,80160.0,53276.0,39463.56,5000.0,668.0,668.0,0.0,0.0,0.0,0.6,0.6,0.6833333333333333,73.0
A2_Backlog_balanced,23,21796.767616288333,155400.0,93240.0,60214.0,41893.34,10000.0,794.0,777.0,17.0,0.0,0.03046594982078853,0.6,0.6,0.69,105.0
A2_Backlog_balanced,24,21170.89243476382,134200.0,80520.0,53522.0,39662.82,5000.0,682.0,671.0,11.0,0.0,0.022916666666666665,0.6,0.6,0.682962962962963,84.0
A2_Backlog_balanced,25,22656.795358538708,138200.0,82920.0,55162.0,40991.22,5000.0,704.0,691.0,13.0,0.0,0.027426160337552744,0.6,0.6,0.7081481481481481,73.0
A2_Backlog_balanced,26,21811.36048822353,136000.0,81600.0,54260.0,40260.6,5000.0,705.0,680.0,25.0,0.0,0.05112474437627812,0.6,0.6,0.6944444444444445,85.0
A2_Backlog_balanced,27,21759.208967102808,131200.0,78720.0,52292.0,38666.520000000004,5000.0,683.0,656.0,27.0,0.0,0.057692307692307696,0.6,0.6,0.6759259259259259,87.0
A2_Backlog_balanced,28,21092.437319508063,132000.0,79200.0,52620.0,38932.2,5000.0,660.0,660.0,0.0,0.0,0.0,0.6,0.6,0.6744444444444445,69.0
A2_Backlog_balanced,29,20977.236931074294,135400.0,81240.0,54014.0,40061.340000000004,5000.0,723.0,677.0,46.0,0.0,0.0690978886756238,0.6,0.6,0.6855555555555556,100.0
A2_Backlog_balanced,30,21795.942550743683,132800.0,79680.0,52948.0,39197.87999999999,5000.0,685.0,664.0,21.0,0.0,0.04477611940298507,0.6,0.6,0.6829629629629629,81.0
A2_Backlog_balanced,31,22320.51704869759,140800.0,84480.0,56228.0,41854.68,5000.0,731.0,704.0,27.0,0.0,0.03747534516765286,0.6,0.6,0.7155555555555556,98.0
A2_Backlog_balanced,32,20028.467676508066,131600.0,78960.0,52456.0,38799.36,5000.0,702.0,658.0,44.0,0.0,0.08527131782945736,0.6,0.6,0.6651851851851852,99.0
A2_Backlog_balanced,33,22534.19009792954,140200.0,84120.0,55982.0,41655.41999999999,5000.0,701.0,701.0,0.0,0.0,0.0,0.6,0.6,0.7148148148148149,83.0
A2_Backlog_balanced,34,22210.478431684973,147800.0,88680.0,57098.0,39369.380000000005,10000.0,739.0,739.0,0.0,0.0,0.0,0.6,0.6,0.6727777777777778,62.0
A2_Backlog_balanced,35,22646.148207318027,142800.0,85680.0,54548.0,37708.88,10000.0,714.0,714.0,0.0,0.0,0.0,0.6,0.6,0.6261111111111111,43.0
A2_Backlog_balanced,36,22861.643256833737,133000.0,79800.0,53030.0,39264.3,5000.0,665.0,665.0,0.0,0.0,0.0,0.6,0.6,0.6903703703703704,56.0
A2_Backlog_balanced,37,22034.877139315002,133000.0,79800.0,53030.0,39264.299999999996,5000.0,684.0,665.0,19.0,0.0,0.040948275862068964,0.6,0.6,0.6851851851851852,79.0
A2_Backlog_balanced,38,22107.884930267348,134000.0,80400.0,53440.0,39596.399999999994,5000.0,685.0,670.0,15.0,0.0,0.032327586206896554,0.6,0.6,0.6892592592592592,75.0
A2_Backlog_balanced,39,21858.499783100815,136400.0,81840.0,54424.0,40393.43999999999,5000.0,691.0,682.0,9.0,0.0,0.0189873417721519,0.6,0.6,0.6962962962962963,99.0
A2_Backlog_balanced,40,21983.033929736128,139800.0,83880.0,55818.0,41522.58,5000.0,763.0,699.0,64.0,0.0,0.09375,0.6,0.6,0.7100000000000001,103.0
A2_Backlog_balanced,41,24217.78514883498,127400.0,76440.0,52234.0,42309.539999999986,0.0,672.0,637.0,35.0,0.0,0.015873015873015872,0.6,0.6,0.7077777777777778,88.0
A2_Backlog_balanced,42,21572.673515520495,138000.0,82800.0,55080.0,40924.8,5000.0,774.0,690.0,84.0,0.0,0.11347517730496454,0.6,0.6,0.7,110.0
A2_Backlog_balanced,43,23786.88002124903,146800.0,88080.0,58438.0,43894.78,5000.0,764.0,734.0,30.0,0.0,0.05758157389635317,0.6,0.6,0.7203703703703703,93.0
A2_Backlog_balanced,44,22077.13346725367,137200.0,82320.0,54752.0,40659.119999999995,5000.0,692.0,686.0,6.0,0.0,0.012875536480686695,0.6,0.6,0.7007407407407409,76.0
A2_Backlog_balanced,45,22385.254658510294,150800.0,90480.0,58328.0,40365.68,10000.0,754.0,754.0,0.0,0.0,0.0,0.6,0.6,0.6827777777777777,90.0
A2_Backlog_balanced,46,23071.21934809978,141800.0,85080.0,56638.0,42186.77999999999,5000.0,711.0,709.0,2.0,0.0,0.004310344827586207,0.6,0.6,0.7244444444444444,85.0
A2_Backlog_balanced,47,21903.258795979636,134800.0,80880.0,53768.0,39862.08,5000.0,674.0,674.0,0.0,0.0,0.0,0.6,0.6,0.6896296296296297,77.0
A2_Backlog_balanced,48,22712.817465242802,136400.0,81840.0,54424.0,40393.439999999995,5000.0,682.0,682.0,0.0,0.0,0.0,0.6,0.6,0.7022222222222222,68.0
A2_Backlog_balanced,49,23667.412726963372,149000.0,89400.0,59340.0,44625.40000000001,5000.0,785.0,745.0,40.0,0.0,0.07326007326007326,0.6,0.6,0.7277777777777777,104.0
A2_Backlog_balanced,50,21779.448501451334,136000.0,81600.0,54260.0,40260.6,5000.0,713.0,680.0,33.0,0.0,0.06653225806451613,0.6,0.6,0.6944444444444444,95.0
A2_Backlog_balanced,51,21961.951399921367,135600.0,81360.0,54096.0,40127.76,5000.0,699.0,678.0,21.0,0.0,0.0440251572327044,0.6,0.6,0.6937037037037038,87.0
A2_Backlog_balanced,52,25855.621002353593,166600.0,99960.0,63806.0,45707.85999999999,10000.0,833.0,833.0,0.0,0.0,0.0,0.6,0.6,0.6605555555555556,39.0
A2_Backlog_balanced,53,23058.066264350316,120800.0,72480.0,49528.0,40117.68,0.0,604.0,604.0,0.0,0.0,0.0,0.6,0.6,0.6711111111111111,51.0
A2_Backlog_balanced,54,21877.36579683636,137600.0,82560.0,54916.0,40791.96,5000.0,708.0,688.0,20.0,0.0,0.04073319755600815,0.6,0.6,0.7007407407407408,86.0
A2_Backlog_balanced,55,22082.295634290705,139400.0,83640.0,55654.0,41389.74,5000.0,699.0,697.0,2.0,0.0,0.00425531914893617,0.6,0.6,0.7092592592592593,86.0
A2_Backlog_balanced,56,23071.21934809978,141200.0,84720.0,56392.0,41987.51999999999,5000.0,729.0,706.0,23.0,0.0,0.047520661157024795,0.6,0.6,0.7222222222222222,83.0
A2_Backlog_balanced,57,22977.157248868443,135000.0,81000.0,53600.0,39976.0,5000.0,675.0,675.0,0.0,0.0,0.0,0.6,0.6,0.6714814814814816,36.0
A2_Backlog_balanced,58,22400.21046809355,137600.0,82560.0,54916.0,40791.95999999999,5000.0,719.0,688.0,31.0,0.0,0.06288032454361055,0.6,0.6,0.7044444444444444,90.0
A2_Backlog_balanced,59,22650.898211854514,141600.0,84960.0,56556.0,42120.36,5000.0,711.0,708.0,3.0,0.0,0.006289308176100629,0.6,0.6,0.7207407407407408,93.0
A2_Backlog_balanced,60,22738.222660297124,145600.0,87360.0,57946.0,43496.26,5000.0,760.0,728.0,32.0,0.0,0.06015037593984962,0.6,0.6,0.7092592592592593,96.0
A2_Backlog_balanced,61,23345.549497889875,150400.0,90240.0,57664.0,40232.840000000004,10000.0,752.0,752.0,0.0,0.0,0.0,0.6,0.6,0.6444444444444445,71.0
A2_Backlog_balanced,62,23163.896592954192,147200.0,88320.0,58602.0,44027.62000000001,5000.0,789.0,736.0,53.0,0.0,0.09302325581395349,0.6,0.6,0.7177777777777777,111.0
A2_Backlog_balanced,63,22269.034978376454,135800.0,81480.0,54178.0,40194.17999999999,5000.0,679.0,679.0,0.0,0.0,0.0,0.6,0.6,0.697037037037037,67.0
A2_Backlog_balanced,64,20604.03081143688,118800.0,71280.0,47208.0,34548.479999999996,5000.0,594.0,594.0,0.0,0.0,0.0,0.6,0.6,0.6214814814814814,44.0
A2_Backlog_balanced,65,22992.14094802827,123200.0,73920.0,50512.0,40914.719999999994,0.0,635.0,616.0,19.0,0.0,0.013953488372093023,0.6,0.6,0.6844444444444445,73.0
A2_Backlog_balanced,66,22091.01113739931,155600.0,93360.0,60296.0,41959.759999999995,10000.0,802.0,778.0,24.0,0.0,0.04308797127468582,0.6,0.6,0.6933333333333332,106.0
A2_Backlog_balanced,67,21242.536483850592,134400.0,80640.0,53604.0,39729.23999999999,5000.0,687.0,672.0,15.0,0.0,0.031315240083507306,0.6,0.6,0.6844444444444445,97.0
A2_Backlog_balanced,68,21717.107975128718,133200.0,79920.0,53112.0,39330.72,5000.0,671.0,666.0,5.0,0.0,0.010917030567685589,0.6,0.6,0.6833333333333333,75.0
A2_Backlog_balanced,69,22487.157020480998,133800.0,80280.0,53358.0,39529.979999999996,5000.0,688.0,669.0,19.0,0.0,0.04157549234135667,0.6,0.6,0.6911111111111111,79.0
A2_Backlog_balanced,70,22917.42360172561,136400.0,81840.0,54174.0,40440.939999999995,5000.0,682.0,682.0,0.0,0.0,0.0,0.6,0.6,0.6762962962962963,70.0
A2_Backlog_balanced,71,22533.61652381431,136400.0,81840.0,54424.0,40393.439999999995,5000.0,709.0,682.0,27.0,0.0,0.056485355648535567,0.6,0.6,0.701111111111111,86.0
A2_Backlog_balanced,72,22953.841890333762,145000.0,87000.0,55700.0,38391.99999999999,10000.0,725.0,725.0,0.0,0.0,0.0,0.6,0.6,0.6505555555555556,25.0
A2_Backlog_balanced,73,21090.129085522116,135600.0,81360.0,54096.0,40127.759999999995,5000.0,715.0,678.0,37.0,0.0,0.07254901960784314,0.6,0.6,0.687037037037037,113.0
A2_Backlog_balanced,74,23368.744491249217,146600.0,87960.0,58356.0,43828.35999999999,5000.0,753.0,733.0,20.0,0.0,0.03875968992248062,0.6,0.6,0.7170370370370371,94.0
A2_Backlog_balanced,75,22357.89468087467,127400.0,76440.0,50734.0,37404.53999999999,5000.0,637.0,637.0,0.0,0.0,0.0,0.6,0.6,0.6662962962962963,40.0
A2_Backlog_balanced,76,22264.09901690435,141200.0,84720.0,53892.0,37177.520000000004,10000.0,706.0,706.0,0.0,0.0,0.0,0.6,0.6,0.6188888888888889,42.0
A2_Backlog_balanced,77,21951.489826185396,129000.0,77400.0,51390.0,37935.9,5000.0,645.0,645.0,0.0,0.0,0.0,0.6,0.6,0.6696296296296296,52.0
A2_Backlog_balanced,78,22069.021490481187,140200.0,84120.0,55982.0,41655.42,5000.0,709.0,701.0,8.0,0.0,0.010395010395010396,0.6,0.6,0.7122222222222222,95.0
A2_Backlog_balanced,79,22732.66361371477,148000.0,88800.0,56680.0,39435.8,10000.0,740.0,740.0,0.0,0.0,0.0,0.6,0.6,0.6322222222222221,49.0
A2_Backlog_balanced,80,23309.01084410639,143400.0,86040.0,57044.0,42765.64,5000.0,717.0,717.0,0.0,0.0,0.0,0.6,0.6,0.7048148148148149,72.0
A2_Backlog_balanced,81,21153.39949204368,131600.0,78960.0,52456.0,38799.36,5000.0,658.0,658.0,0.0,0.0,0.0,0.6,0.6,0.6725925925925925,68.0
A2_Backlog_balanced,82,21767.975333155882,138800.0,83280.0,55408.0,41190.48,5000.0,697.0,694.0,3.0,0.0,0.0,0.6,0.6,0.7044444444444444,93.0
A2_Backlog_balanced,83,24823.234957016124,158200.0,94920.0,60362.0,42918.219999999994,10000.0,791.0,791.0,0.0,0.0,0.0,0.6,0.6,0.6377777777777778,50.0
A2_Backlog_balanced,84,22697.897747432442,141600.0,84960.0,54056.0,37310.36,10000.0,708.0,708.0,0.0,0.0,0.0,0.6,0.6,0.6261111111111111,35.0
A2_Backlog_balanced,85,20302.04802994889,131200.0,78720.0,52292.0,38666.520000000004,5000.0,659.0,656.0,3.0,0.0,0.00646551724137931,0.6,0.6,0.6659259259259259,91.0
A2_Backlog_balanced,86,23547.945432677712,144800.0,86880.0,57618.0,43230.58,5000.0,731.0,724.0,7.0,0.0,0.014314928425357873,0.6,0.6,0.7114814814814815,81.0
A2_Backlog_balanced,87,22832.284759528462,142800.0,85680.0,57048.0,42518.880000000005,5000.0,754.0,714.0,40.0,0.0,0.052123552123552123,0.6,0.6,0.7266666666666667,103.0
A2_Backlog_balanced,88,22502.386396446083,126200.0,75720.0,49242.0,37148.520000000004,5000.0,631.0,631.0,0.0,0.0,0.0,0.6,0.6,0.5770370370370371,12.0
A2_Backlog_balanced,89,23432.902852995223,139800.0,83880.0,55568.0,41570.08,5000.0,699.0,699.0,0.0,0.0,0.0,0.6,0.6,0.6922222222222222,71.0
A2_Backlog_balanced,90,19592.179194537755,124000.0,74400.0,49340.0,36275.4,5000.0,620.0,620.0,0.0,0.0,0.0,0.6,0.6,0.6344444444444444,87.0
A2_Backlog_balanced,91,23351.619206951756,147800.0,88680.0,58848.0,44226.880000000005,5000.0,745.0,739.0,6.0,0.0,0.011764705882352941,0.6,0.6,0.7211111111111111,96.0
A2_Backlog_balanced,92,22384.40531469621,139600.0,83760.0,55736.0,41456.16,5000.0,713.0,698.0,15.0,0.0,0.030864197530864196,0.6,0.6,0.7118518518518518,82.0
A2_Backlog_balanced,93,23556.467105246786,148600.0,89160.0,59176.0,44492.560000000005,5000.0,859.0,743.0,116.0,0.0,0.16478190630048464,0.6,0.6,0.7255555555555555,120.0
A2_Backlog_balanced,94,21633.43662872669,138000.0,82800.0,55080.0,40924.8,5000.0,755.0,690.0,65.0,0.0,0.0996309963099631,0.6,0.6,0.7,116.0
A2_Backlog_balanced,95,21701.076449348846,135600.0,81360.0,54096.0,40127.76,5000.0,678.0,678.0,0.0,0.0,0.0,0.6,0.6,0.6922222222222223,84.0
A2_Backlog_balanced,96,22832.284759528462,142800.0,85680.0,57048.0,42518.880000000005,5000.0,722.0,714.0,8.0,0.0,0.006198347107438017,0.6,0.6,0.7266666666666667,95.0
A2_Backlog_balanced,97,21327.168620285338,130000.0,78000.0,51800.0,38268.0,5000.0,650.0,650.0,0.0,0.0,0.0,0.6,0.6,0.6692592592592592,70.0
A2_Backlog_balanced,98,21457.068376863535,134000.0,80400.0,53440.0,39596.4,5000.0,670.0,670.0,0.0,0.0,0.0,0.6,0.6,0.6840740740740741,87.0
A2_Backlog_balanced,99,24985.02067080032,129600.0,77760.0,53136.0,43040.15999999999,0.0,648.0,648.0,0.0,0.0,0.0,0.6,0.6,0.7200000000000001,54.0
A2_Backlog_balanced,100,23377.593920455565,145200.0,87120.0,57782.0,43363.42,5000.0,726.0,726.0,0.0,0.0,0.0,0.6,0.6,0.711851851851852,84.0
A2_Backlog_balanced,101,22216.68557733807,140200.0,84120.0,53732.0,36797.92,10000.0,701.0,701.0,0.0,0.0,0.0,0.6,0.6,0.6337037037037038,15.0
A2_Backlog_balanced,102,23223.63024009702,147400.0,88440.0,58684.0,44094.04000000001,5000.0,769.0,737.0,32.0,0.0,0.03525046382189239,0.6,0.6,0.7188888888888889,103.0
A2_Backlog_balanced,103,23646.93338399124,158200.0,94920.0,60862.0,42918.22,10000.0,791.0,791.0,0.0,0.0,0.0,0.6,0.6,0.6661111111111111,88.0
A2_Backlog_balanced,104,22142.029281433533,133800.0,80280.0,53358.0,39529.979999999996,5000.0,715.0,669.0,46.0,0.0,0.09349593495934959,0.6,0.6,0.6888888888888888,99.0
A2_Backlog_balanced,105,21423.872002198987,137200.0,82320.0,54752.0,40659.12,5000.0,758.0,686.0,72.0,0.0,0.13090909090909092,0.6,0.6,0.6962962962962963,95.0
A2_Backlog_balanced,106,23373.16920585239,145000.0,87000.0,57700.0,43297.0,5000.0,763.0,725.0,38.0,0.0,0.07183364839319471,0.6,0.6,0.711111111111111,104.0
A2_Backlog_balanced,107,21416.658995791695,120400.0,72240.0,47864.0,35079.840000000004,5000.0,602.0,602.0,0.0,0.0,0.0,0.6,0.6,0.6337037037037037,44.0
A2_Backlog_balanced,108,22836.709474131632,142800.0,85680.0,57048.0,42518.880000000005,5000.0,795.0,714.0,81.0,0.0,0.12880143112701253,0.6,0.6,0.7266666666666667,107.0
A2_Backlog_balanced,109,22564.45559993878,148600.0,89160.0,57426.0,39635.05999999999,10000.0,743.0,743.0,0.0,0.0,0.0,0.6,0.6,0.6783333333333333,90.0
A2_Backlog_balanced,110,22431.84808794134,130200.0,78120.0,51882.0,38334.41999999999,5000.0,651.0,651.0,0.0,0.0,0.0,0.6,0.6,0.6774074074074075,49.0
A2_Backlog_balanced,111,24468.197010361164,128800.0,77280.0,52808.0,42774.47999999999,0.0,665.0,644.0,21.0,0.0,0.0,0.6,0.6,0.7155555555555556,81.0
A2_Backlog_balanced,112,23667.412726963372,147000.0,88200.0,58520.0,43961.2,5000.0,735.0,735.0,0.0,0.0,0.0,0.6,0.6,0.7203703703703703,87.0
A2_Backlog_balanced,113,24255.890850177868,128200.0,76920.0,52562.0,42575.21999999999,0.0,684.0,641.0,43.0,0.0,0.030303030303030304,0.6,0.6,0.7122222222222222,89.0
A2_Backlog_balanced,114,24756.19798144558,130000.0,78000.0,53300.0,43172.999999999985,0.0,702.0,650.0,52.0,0.0,0.04246284501061571,0.6,0.6,0.7222222222222221,92.0
A2_Backlog_balanced,115,23011.485700956953,143400.0,86040.0,57294.0,42718.14,5000.0,761.0,717.0,44.0,0.0,0.07677543186180422,0.6,0.6,0.73,96.0
A2_Backlog_balanced,116,23966.080962677523,145200.0,87120.0,57782.0,43363.42,5000.0,738.0,726.0,12.0,0.0,0.024539877300613498,0.6,0.6,0.7155555555555555,91.0
A2_Backlog_balanced,117,22102.50122402179,140200.0,84120.0,55982.0,41655.42,5000.0,739.0,701.0,38.0,0.0,0.06756756756756757,0.6,0.6,0.7122222222222222,97.0
A2_Backlog_balanced,118,21387.633088297698,133000.0,79800.0,53030.0,39264.299999999996,5000.0,665.0,665.0,0.0,0.0,0.0,0.6,0.6,0.6807407407407408,76.0
A2_Backlog_balanced,119,20867.34370489775,128800.0,77280.0,51308.0,37869.479999999996,5000.0,644.0,644.0,0.0,0.0,0.0,0.6,0.6,0.6614814814814814,62.0
A2_Backlog_balanced,120,23786.88002124903,147800.0,88680.0,58848.0,44226.880000000005,5000.0,761.0,739.0,22.0,0.0,0.04263565891472868,0.6,0.6,0.7240740740740741,98.0
A2_Backlog_balanced,121,22758.42825002821,145800.0,87480.0,58028.0,43562.68000000001,5000.0,774.0,729.0,45.0,0.0,0.055855855855855854,0.6,0.6,0.7100000000000001,104.0
A2_Backlog_balanced,122,22597.860880385368,140000.0,84000.0,55650.0,41636.5,5000.0,749.0,700.0,49.0,0.0,0.09245283018867924,0.6,0.6,0.6874074074074074,110.0
A2_Backlog_balanced,123,22264.050065186115,140600.0,84360.0,56146.0,41788.259999999995,5000.0,748.0,703.0,45.0,0.0,0.08620689655172414,0.6,0.6,0.7148148148148149,103.0
A2_Backlog_balanced,124,22325.52101136746,159000.0,95400.0,61690.0,43088.899999999994,10000.0,825.0,795.0,30.0,0.0,0.05190311418685121,0.6,0.6,0.7050000000000001,119.0
A2_Backlog_balanced,125,22086.720348893876,140200.0,84120.0,55982.0,41655.42,5000.0,722.0,701.0,21.0,0.0,0.04032258064516129,0.6,0.6,0.7122222222222222,100.0
A2_Backlog_balanced,126,22564.45559993878,152400.0,91440.0,58984.0,40897.039999999986,10000.0,762.0,762.0,0.0,0.0,0.0,0.6,0.6,0.6888888888888889,87.0
A2_Backlog_balanced,127,22385.254658510294,159200.0,95520.0,61772.0,43155.31999999999,10000.0,864.0,796.0,68.0,0.0,0.1116584564860427,0.6,0.6,0.7061111111111111,111.0
A2_Backlog_balanced,128,21333.79658783906,134800.0,80880.0,53768.0,39862.08,5000.0,726.0,674.0,52.0,0.0,0.1001926782273603,0.6,0.6,0.687037037037037,103.0
A2_Backlog_balanced,129,22717.242179845976,125600.0,75360.0,49996.0,36806.759999999995,5000.0,628.0,628.0,0.0,0.0,0.0,0.6,0.6,0.6622222222222223,29.0
A2_Backlog_balanced,130,22430.807157139636,141200.0,84720.0,56392.0,41987.520000000004,5000.0,756.0,706.0,50.0,0.0,0.07924528301886792,0.6,0.6,0.7177777777777777,98.0
A2_Backlog_balanced,131,22249.736788965223,136600.0,81960.0,54506.0,40459.86,5000.0,691.0,683.0,8.0,0.0,0.017094017094017096,0.6,0.6,0.6996296296296297,92.0
A2_Backlog_balanced,132,22504.72195279595,146800.0,88080.0,56688.0,39037.27999999999,10000.0,734.0,734.0,0.0,0.0,0.0,0.6,0.6,0.6727777777777778,90.0
A2_Backlog_balanced,133,21176.210162564224,129200.0,77520.0,51472.0,38002.32,5000.0,646.0,646.0,0.0,0.0,0.0,0.6,0.6,0.664074074074074,60.0
A2_Backlog_balanced,134,22444.98830565312,147200.0,88320.0,56852.0,39170.119999999995,10000.0,736.0,736.0,0.0,0.0,0.0,0.6,0.6,0.6733333333333333,60.0
A2_Backlog_balanced,135,20205.224380682062,127200.0,76320.0,50652.0,37338.12,5000.0,637.0,636.0,1.0,0.0,0.0022371364653243847,0.6,0.6,0.6507407407407406,80.0
A2_Backlog_balanced,136,21884.01804265951,139200.0,83520.0,55572.0,41323.32,5000.0,724.0,696.0,28.0,0.0,0.04330708661417323,0.6,0.6,0.7066666666666667,98.0
A2_Backlog_balanced,137,23202.817693630244,144200.0,86520.0,57372.0,43031.32000000001,5000.0,765.0,721.0,44.0,0.0,0.08270676691729323,0.6,0.6,0.707037037037037,100.0
A2_Backlog_balanced,138,21859.99469506094,135600.0,81360.0,54096.0,40127.759999999995,5000.0,689.0,678.0,11.0,0.0,0.02335456475583864,0.6,0.6,0.6933333333333334,72.0
A2_Backlog_balanced,139,24184.536208276717,162800.0,97680.0,62748.0,44445.88,10000.0,814.0,814.0,0.0,0.0,0.0,0.6,0.6,0.6838888888888889,94.0
A2_Backlog_balanced,140,21883.386807654395,132800.0,79680.0,52948.0,39197.87999999999,5000.0,664.0,664.0,0.0,0.0,0.0,0.6,0.6,0.6829629629629629,68.0
A2_Backlog_balanced,141,22033.229251777608,132400.0,79440.0,52784.0,39065.03999999999,5000.0,668.0,662.0,6.0,0.0,0.013363028953229399,0.6,0.6,0.6825925925925926,66.0
A2_Backlog_balanced,142,22060.17206127484,139400.0,83640.0,55654.0,41389.74,5000.0,724.0,697.0,27.0,0.0,0.0536779324055666,0.6,0.6,0.7092592592592593,93.0
A2_Backlog_balanced,143,20247.69910064618,115400.0,69240.0,45814.0,33387.420000000006,5000.0,577.0,577.0,0.0,0.0,0.0,0.6,0.6,0.6074074074074074,29.0
A2_Backlog_balanced,144,21121.2398894032,128600.0,77160.0,51226.0,37803.06,5000.0,643.0,643.0,0.0,0.0,0.0,0.6,0.6,0.6618518518518518,71.0
A2_Backlog_balanced,145,22624.189247081613,158400.0,95040.0,61444.0,42889.64,10000.0,799.0,792.0,7.0,0.0,0.012939001848428836,0.6,0.6,0.7061111111111111,96.0
A2_Backlog_balanced,146,22135.980957562395,139000.0,83400.0,55490.0,41256.9,5000.0,746.0,695.0,51.0,0.0,0.09714285714285714,0.6,0.6,0.7077777777777778,99.0
A2_Backlog_balanced,147,24362.382645847847,123400.0,74040.0,50594.0,40981.14,0.0,617.0,617.0,0.0,0.0,0.0,0.6,0.6,0.6855555555555556,37.0
A2_Backlog_balanced,148,19877.993997379734,128600.0,77160.0,51226.0,37803.06,5000.0,643.0,643.0,0.0,0.0,0.0,0.6,0.6,0.652962962962963,76.0
A2_Backlog_balanced,149,22402.298003648437,150600.0,90360.0,58246.0,40299.259999999995,10000.0,753.0,753.0,0.0,0.0,0.0,0.6,0.6,0.6822222222222223,82.0
A2_Backlog_balanced,150,22159.594213748485,156000.0,93600.0,60460.0,42092.6,10000.0,796.0,780.0,16.0,0.0,0.02882882882882883,0.6,0.6,0.695,105.0
A2_Backlog_balanced,151,23046.393074289033,146200.0,87720.0,55942.0,38838.020000000004,10000.0,731.0,731.0,0.0,0.0,0.0,0.6,0.6,0.635,52.0
A2_Backlog_balanced,152,21767.485384190906,133000.0,79800.0,53030.0,39264.299999999996,5000.0,694.0,665.0,29.0,0.0,0.060542797494780795,0.6,0.6,0.6833333333333333,89.0
A2_Backlog_balanced,153,21464.947799286736,130400.0,78240.0,51964.0,38400.84,5000.0,682.0,652.0,30.0,0.0,0.06342494714587738,0.6,0.6,0.6714814814814816,84.0
A2_Backlog_balanced,154,22385.118601260045,135000.0,81000.0,53850.0,39928.49999999999,5000.0,685.0,675.0,10.0,0.0,0.021929824561403508,0.6,0.6,0.694074074074074,76.0
A2_Backlog_balanced,155,22986.006678074787,144800.0,86880.0,57618.0,43230.58,5000.0,768.0,724.0,44.0,0.0,0.08193668528864059,0.6,0.6,0.7077777777777778,98.0
A2_Backlog_balanced,156,20611.12006610973,132200.0,79320.0,52702.0,38998.62,5000.0,693.0,661.0,32.0,0.0,0.06477732793522267,0.6,0.6,0.6718518518518518,87.0
A2_Backlog_balanced,157,22597.774885560313,129800.0,77880.0,51718.0,38201.58,5000.0,649.0,649.0,0.0,0.0,0.0,0.6,0.6,0.677037037037037,44.0
A2_Backlog_balanced,158,22451.195243302198,123200.0,73920.0,49012.0,35962.22,5000.0,616.0,616.0,0.0,0.0,0.0,0.6,0.6,0.6514814814814814,40.0
A2_Backlog_balanced,159,22964.06720598125,140800.0,84480.0,56228.0,41854.67999999999,5000.0,731.0,704.0,27.0,0.0,0.05454545454545454,0.6,0.6,0.7200000000000001,87.0
A2_Backlog_balanced,160,22839.651498141076,122600.0,73560.0,50266.0,40715.45999999999,0.0,703.0,613.0,90.0,0.0,0.10912698412698413,0.6,0.6,0.6811111111111111,113.0
A2_Backlog_balanced,161,21718.066966771108,137800.0,82680.0,54998.0,40858.380000000005,5000.0,736.0,689.0,47.0,0.0,0.08986615678776291,0.6,0.6,0.7003703703703704,107.0
A2_Backlog_balanced,162,21892.293897750627,128400.0,77040.0,51144.0,37736.63999999999,5000.0,642.0,642.0,0.0,0.0,0.0,0.6,0.6,0.6670370370370371,56.0
A2_Backlog_balanced,163,23041.315610614445,146800.0,88080.0,58438.0,43894.780000000006,5000.0,817.0,734.0,83.0,0.0,0.12859560067681894,0.6,0.6,0.7155555555555556,111.0
A2_Backlog_balanced,164,23492.63650013805,148000.0,88800.0,58930.0,44293.3,5000.0,766.0,740.0,26.0,0.0,0.049523809523809526,0.6,0.6,0.722962962962963,102.0
A2_Backlog_balanced,165,23667.412726963372,142600.0,85560.0,56716.0,42499.96,5000.0,713.0,713.0,0.0,0.0,0.0,0.6,0.6,0.704074074074074,77.0
A2_Backlog_balanced,166,20701.83761821613,132000.0,79200.0,52620.0,38932.2,5000.0,666.0,660.0,6.0,0.0,0.012875536480686695,0.6,0.6,0.6718518518518519,92.0
A2_Backlog_balanced,167,22525.01291208592,141600.0,84960.0,56556.0,42120.36,5000.0,756.0,708.0,48.0,0.0,0.08,0.6,0.6,0.7200000000000001,96.0
A2_Backlog_balanced,168,24297.952472993922,153800.0,92280.0,58558.0,41456.98,10000.0,769.0,769.0,0.0,0.0,0.0,0.6,0.6,0.6272222222222222,39.0
A2_Backlog_balanced,169,21732.251545684157,136800.0,82080.0,54588.0,40526.27999999999,5000.0,709.0,684.0,25.0,0.0,0.05040322580645161,0.6,0.6,0.6966666666666668,86.0
A2_Backlog_balanced,170,22384.733071333485,137800.0,82680.0,54998.0,40858.38,5000.0,709.0,689.0,20.0,0.0,0.041666666666666664,0.6,0.6,0.7051851851851851,83.0
A2_Backlog_balanced,171,22695.778175770392,139400.0,83640.0,55404.0,41437.24,5000.0,697.0,697.0,0.0,0.0,0.0,0.6,0.6,0.6855555555555556,67.0
A2_Backlog_balanced,172,21699.785429892156,137400.0,82440.0,54834.0,40725.54,5000.0,714.0,687.0,27.0,0.0,0.05389221556886228,0.6,0.6,0.698888888888889,93.0
A2_Backlog_balanced,173,23547.945432677712,142800.0,85680.0,56798.0,42566.38,5000.0,724.0,714.0,10.0,0.0,0.02053388090349076,0.6,0.6,0.704074074074074,89.0
A2_Backlog_balanced,174,22487.157020480998,138600.0,83160.0,55326.0,41124.06,5000.0,746.0,693.0,53.0,0.0,0.10392156862745099,0.6,0.6,0.708888888888889,98.0
A2_Backlog_balanced,175,23795.401693818105,149400.0,89640.0,59504.0,44758.240000000005,5000.0,771.0,747.0,24.0,0.0,0.02443609022556391,0.6,0.6,0.73,101.0
A2_Backlog_balanced,176,21707.89740666464,138400.0,83040.0,55244.0,41057.64,5000.0,722.0,692.0,30.0,0.0,0.056862745098039215,0.6,0.6,0.7022222222222222,91.0
A2_Backlog_balanced,177,21608.088129296466,137600.0,82560.0,52916.0,35886.96,10000.0,688.0,688.0,0.0,0.0,0.0,0.6,0.6,0.6422222222222224,44.0
A2_Backlog_balanced,178,20804.728811650726,132600.0,79560.0,52866.0,39131.45999999999,5000.0,673.0,663.0,10.0,0.0,0.021052631578947368,0.6,0.6,0.6751851851851852,91.0
A2_Backlog_balanced,179,21190.220972011834,136600.0,81960.0,54506.0,40459.86,5000.0,749.0,683.0,66.0,0.0,0.11172161172161173,0.6,0.6,0.6922222222222222,110.0
A2_Backlog_balanced,180,23607.67907982054,145400.0,87240.0,57864.0,43429.84,5000.0,736.0,727.0,9.0,0.0,0.018145161290322582,0.6,0.6,0.7140740740740742,90.0
A2_Backlog_balanced,181,21777.579074705412,139000.0,83400.0,55490.0,41256.9,5000.0,799.0,695.0,104.0,0.0,0.17636986301369864,0.6,0.6,0.7055555555555555,120.0
A2_Backlog_balanced,182,20610.431170214717,128200.0,76920.0,51062.0,37670.219999999994,5000.0,641.0,641.0,0.0,0.0,0.0,0.6,0.6,0.6566666666666666,71.0
A2_Backlog_balanced,183,23144.98164602639,124000.0,74400.0,50840.0,41180.399999999994,0.0,625.0,620.0,5.0,0.0,0.0,0.6,0.6,0.6888888888888889,65.0
A2_Backlog_balanced,184,23766.400678276903,163400.0,98040.0,62994.0,44645.14,10000.0,830.0,817.0,13.0,0.0,0.022298456260720412,0.6,0.6,0.6816666666666668,103.0
A2_Backlog_balanced,185,22624.189247081613,148600.0,89160.0,57426.0,39635.06,10000.0,753.0,743.0,10.0,0.0,0.020202020202020204,0.6,0.6,0.6788888888888889,86.0
A2_Backlog_balanced,186,24832.40139961133,130400.0,78240.0,53464.0,43305.83999999999,0.0,674.0,652.0,22.0,0.0,0.0,0.6,0.6,0.7244444444444444,82.0
A2_Backlog_balanced,187,20902.52347929526,135400.0,81240.0,54014.0,40061.34,5000.0,733.0,677.0,56.0,0.0,0.10074626865671642,0.6,0.6,0.6855555555555556,102.0
A2_Backlog_balanced,188,20480.659661346785,133600.0,80160.0,53276.0,39463.560000000005,5000.0,703.0,668.0,35.0,0.0,0.047619047619047616,0.6,0.6,0.6755555555555556,112.0
A2_Backlog_balanced,189,22542.465953020655,139000.0,83400.0,55490.0,41256.899999999994,5000.0,695.0,695.0,0.0,0.0,0.0,0.6,0.6,0.7107407407407408,87.0
A2_Backlog_balanced,190,22564.45559993878,155400.0,93240.0,60214.0,41893.33999999999,10000.0,796.0,777.0,19.0,0.0,0.03473491773308958,0.6,0.6,0.6972222222222223,100.0
A2_Backlog_balanced,191,23786.88002124903,149400.0,89640.0,59504.0,44758.240000000005,5000.0,772.0,747.0,25.0,0.0,0.04339622641509434,0.6,0.6,0.73,96.0
A2_Backlog_balanced,192,23368.744491249217,147000.0,88200.0,58520.0,43961.2,5000.0,788.0,735.0,53.0,0.0,0.09601449275362318,0.6,0.6,0.7185185185185186,100.0
A2_Backlog_balanced,193,21078.088749876973,136000.0,81600.0,54260.0,40260.600000000006,5000.0,743.0,680.0,63.0,0.0,0.11645101663585952,0.6,0.6,0.6896296296296297,108.0
A2_Backlog_balanced,194,21894.327315214585,139200.0,83520.0,55572.0,41323.32,5000.0,757.0,696.0,61.0,0.0,0.09888059701492537,0.6,0.6,0.7066666666666667,105.0
A2_Backlog_balanced,195,21255.763869511582,119600.0,71760.0,47536.0,34814.16,5000.0,598.0,598.0,0.0,0.0,0.0,0.6,0.6,0.6296296296296297,37.0
A2_Backlog_balanced,196,21573.690168052774,138200.0,82920.0,55162.0,40991.22,5000.0,697.0,691.0,6.0,0.0,0.006172839506172839,0.6,0.6,0.701111111111111,93.0
A2_Backlog_balanced,197,22849.32810466661,141200.0,84720.0,56392.0,41987.520000000004,5000.0,730.0,706.0,24.0,0.0,0.048582995951417005,0.6,0.6,0.7207407407407408,84.0
A2_Backlog_balanced,198,21673.02718020233,138000.0,82800.0,55080.0,40924.799999999996,5000.0,731.0,690.0,41.0,0.0,0.07945736434108527,0.6,0.6,0.7011111111111111,101.0
A2_Backlog_balanced,199,22701.32777423621,140600.0,84360.0,56146.0,41788.259999999995,5000.0,732.0,703.0,29.0,0.0,0.05776892430278884,0.6,0.6,0.7170370370370371,89.0
A2_Backlog_balanced,200,21952.93797999699,137200.0,82320.0,54752.0,40659.119999999995,5000.0,726.0,686.0,40.0,0.0,0.07874015748031496,0.6,0.6,0.7,96.0
A2_Backlog_balanced,201,22402.298003648437,161200.0,96720.0,62592.0,43819.52,10000.0,856.0,806.0,50.0,0.0,0.08196721311475409,0.6,0.6,0.7116666666666667,120.0
A2_Backlog_balanced,202,21448.232210785864,137800.0,82680.0,54998.0,40858.380000000005,5000.0,737.0,689.0,48.0,0.0,0.07007575757575757,0.6,0.6,0.698888888888889,101.0
A2_Backlog_balanced,203,22963.81523792333,145400.0,87240.0,55114.0,38667.34,10000.0,727.0,727.0,0.0,0.0,0.0,0.6,0.6,0.6011111111111112,25.0
A2_Backlog_balanced,204,22138.159932243518,131400.0,78840.0,52374.0,38732.93999999999,5000.0,679.0,657.0,22.0,0.0,0.048034934497816595,0.6,0.6,0.6796296296296297,76.0
A2_Backlog_balanced,205,22010.17096538878,132400.0,79440.0,52784.0,39065.03999999999,5000.0,662.0,662.0,0.0,0.0,0.0,0.6,0.6,0.6825925925925926,61.0
A2_Backlog_balanced,206,23727.1463741062,149200.0,89520.0,59422.0,44691.82000000001,5000.0,775.0,746.0,29.0,0.0,0.03932584269662921,0.6,0.6,0.7288888888888889,103.0
A2_Backlog_balanced,207,22854.987151335008,144000.0,86400.0,55040.0,38107.399999999994,10000.0,720.0,720.0,0.0,0.0,0.0,0.6,0.6,0.6311111111111111,49.0
A2_Backlog_balanced,208,23068.86846345216,117800.0,70680.0,48298.0,39121.380000000005,0.0,589.0,589.0,0.0,0.0,0.0,0.6,0.6,0.6544444444444445,35.0
A2_Backlog_balanced,209,22324.999424190653,139800.0,83880.0,55818.0,41522.579999999994,5000.0,763.0,699.0,64.0,0.0,0.11895910780669144,0.6,0.6,0.7122222222222222,104.0
A2_Backlog_balanced,210,22265.78736422463,154200.0,92520.0,59722.0,41494.81999999999,10000.0,789.0,771.0,18.0,0.0,0.03314917127071823,0.6,0.6,0.691111111111111,108.0
A2_Backlog_balanced,211,21491.119773729642,137800.0,82680.0,54998.0,40858.380000000005,5000.0,740.0,689.0,51.0,0.0,0.09416195856873823,0.6,0.6,0.698888888888889,92.0
A2_Backlog_balanced,212,22048.127004855094,130200.0,78120.0,51882.0,38334.42,5000.0,651.0,651.0,0.0,0.0,0.0,0.6,0.6,0.6748148148148149,65.0
A2_Backlog_balanced,213,24100.026249366514,153200.0,91920.0,58812.0,41162.72,10000.0,766.0,766.0,0.0,0.0,0.0,0.6,0.6,0.6588888888888889,49.0
A2_Backlog_balanced,214,22721.339137811876,141200.0,84720.0,56392.0,41987.52,5000.0,706.0,706.0,0.0,0.0,0.0,0.6,0.6,0.7200000000000001,84.0
A2_Backlog_balanced,215,21594.88813204671,132800.0,79680.0,52948.0,39197.88,5000.0,673.0,664.0,9.0,0.0,0.019522776572668113,0.6,0.6,0.6814814814814815,84.0
A2_Backlog_balanced,216,21862.487815127806,137800.0,82680.0,52748.0,36000.880000000005,10000.0,689.0,689.0,0.0,0.0,0.0,0.6,0.6,0.6251851851851852,23.0
A2_Backlog_balanced,217,23945.601619705394,155800.0,93480.0,59878.0,42119.659999999996,10000.0,779.0,779.0,0.0,0.0,0.0,0.6,0.6,0.6622222222222223,77.0
A2_Backlog_balanced,218,21172.55796900631,132000.0,79200.0,52620.0,38932.2,5000.0,665.0,660.0,5.0,0.0,0.010845986984815618,0.6,0.6,0.6748148148148149,77.0
A2_Backlog_balanced,219,22610.39351609529,137000.0,82200.0,54670.0,40592.7,5000.0,686.0,685.0,1.0,0.0,0.0022222222222222222,0.6,0.6,0.7037037037037037,70.0
A2_Backlog_balanced,220,21875.917081027783,132200.0,79320.0,52702.0,38998.619999999995,5000.0,661.0,661.0,0.0,0.0,0.0,0.6,0.6,0.6803703703703704,74.0
A2_Backlog_balanced,221,21806.30633700557,139000.0,83400.0,55490.0,41256.9,5000.0,725.0,695.0,30.0,0.0,0.047058823529411764,0.6,0.6,0.7055555555555556,96.0
A2_Backlog_balanced,222,21139.96798908047,135200.0,81120.0,53932.0,39994.92,5000.0,697.0,676.0,21.0,0.0,0.04242424242424243,0.6,0.6,0.6866666666666668,91.0
A2_Backlog_balanced,223,23072.467665073684,132200.0,79320.0,52452.0,39046.12,5000.0,661.0,661.0,0.0,0.0,0.0,0.6,0.6,0.6611111111111111,55.0
A2_Backlog_balanced,224,23334.57586181361,147600.0,88560.0,58766.0,44160.46,5000.0,738.0,738.0,0.0,0.0,0.0,0.6,0.6,0.7203703703703703,89.0
A2_Backlog_balanced,225,22590.154543743738,141800.0,85080.0,56638.0,42186.78,5000.0,777.0,709.0,68.0,0.0,0.12454212454212454,0.6,0.6,0.7211111111111111,102.0
A2_Backlog_balanced,226,22234.914905479698,137200.0,82320.0,54752.0,40659.119999999995,5000.0,721.0,686.0,35.0,0.0,0.07028112449799197,0.6,0.6,0.701851851851852,92.0
A2_Backlog_balanced,227,23207.242408233422,146000.0,87600.0,58110.0,43629.1,5000.0,795.0,730.0,65.0,0.0,0.11586452762923351,0.6,0.6,0.7137037037037037,105.0
A2_Backlog_balanced,228,21760.8344871605,138200.0,82920.0,55162.0,40991.22,5000.0,747.0,691.0,56.0,0.0,0.06981132075471698,0.6,0.6,0.701111111111111,114.0
A2_Backlog_balanced,229,22007.63995580096,139800.0,83880.0,55818.0,41522.58,5000.0,751.0,699.0,52.0,0.0,0.07894736842105263,0.6,0.6,0.7100000000000001,112.0
A2_Backlog_balanced,230,21064.499662961272,133200.0,79920.0,53112.0,39330.72,5000.0,721.0,666.0,55.0,0.0,0.10617760617760617,0.6,0.6,0.6785185185185186,101.0
A2_Backlog_balanced,231,23877.564376078546,122200.0,73320.0,50102.0,40582.619999999995,0.0,611.0,611.0,0.0,0.0,0.0,0.6,0.6,0.6788888888888888,36.0
A2_Backlog_balanced,232,23441.424525564296,148200.0,88920.0,59012.0,44359.72000000001,5000.0,823.0,741.0,82.0,0.0,0.12991452991452992,0.6,0.6,0.7233333333333333,115.0
A2_Backlog_balanced,233,21807.87228538365,137000.0,82200.0,54670.0,40592.7,5000.0,707.0,685.0,22.0,0.0,0.044715447154471545,0.6,0.6,0.6981481481481482,82.0
A2_Backlog_balanced,234,23906.34731553469,149800.0,89880.0,59668.0,44891.08000000001,5000.0,778.0,749.0,29.0,0.0,0.045112781954887216,0.6,0.6,0.7322222222222223,104.0
A2_Backlog_balanced,235,22206.18764317954,125200.0,75120.0,49832.0,36673.92,5000.0,626.0,626.0,0.0,0.0,0.0,0.6,0.6,0.6574074074074073,47.0
A2_Backlog_balanced,236,22337.61805472563,141000.0,84600.0,56310.0,41921.1,5000.0,751.0,705.0,46.0,0.0,0.07662835249042145,0.6,0.6,0.7166666666666667,100.0
A2_Backlog_balanced,237,23945.601619705394,158600.0,95160.0,61026.0,43051.06,10000.0,793.0,793.0,0.0,0.0,0.0,0.6,0.6,0.6699999999999999,67.0
A2_Backlog_balanced,238,21914.67239259548,130800.0,78480.0,52128.0,38533.67999999999,5000.0,654.0,654.0,0.0,0.0,0.0,0.6,0.6,0.6759259259259259,71.0
A2_Backlog_balanced,239,22712.817465242802,135400.0,81240.0,54014.0,40061.34,5000.0,700.0,677.0,23.0,0.0,0.04946236559139785,0.6,0.6,0.6985185185185185,81.0
A2_Backlog_balanced,240,22670.38545505294,143200.0,85920.0,54712.0,37841.72,10000.0,716.0,716.0,0.0,0.0,0.0,0.6,0.6,0.6272222222222222,58.0
A2_Backlog_balanced,241,21467.180276080115,129000.0,77400.0,51390.0,37935.899999999994,5000.0,645.0,645.0,0.0,0.0,0.0,0.6,0.6,0.6655555555555555,59.0
A2_Backlog_balanced,242,23735.668046675273,141400.0,84840.0,56224.0,42101.44,5000.0,716.0,707.0,9.0,0.0,0.018907563025210083,0.6,0.6,0.7,87.0
A2_Backlog_balanced,243,21190.051024125845,135600.0,81360.0,54096.0,40127.759999999995,5000.0,703.0,678.0,25.0,0.0,0.050200803212851405,0.6,0.6,0.6892592592592593,100.0
A2_Backlog_balanced,244,21961.933753216275,136800.0,82080.0,54588.0,40526.28,5000.0,710.0,684.0,26.0,0.0,0.053169734151329244,0.6,0.6,0.6985185185185185,96.0
A2_Backlog_balanced,245,24363.737149705208,168600.0,101160.0,65126.0,46372.06,10000.0,843.0,843.0,0.0,0.0,0.0,0.6,0.6,0.7016666666666667,104.0
A2_Backlog_balanced,246,24587.117771123547,156400.0,93840.0,59624.0,42320.439999999995,10000.0,782.0,782.0,0.0,0.0,0.0,0.6,0.6,0.6333333333333333,46.0
A2_Backlog_balanced,247,23607.67907982054,145800.0,87480.0,58028.0,43562.68,5000.0,753.0,729.0,24.0,0.0,0.046875,0.6,0.6,0.7155555555555556,97.0
A2_Backlog_balanced,248,22925.498140211897,142400.0,85440.0,56884.0,42386.03999999999,5000.0,744.0,712.0,32.0,0.0,0.06286836935166994,0.6,0.6,0.7255555555555556,102.0
A2_Backlog_balanced,249,22300.00798059866,137200.0,82320.0,54752.0,40659.119999999995,5000.0,697.0,686.0,11.0,0.0,0.023305084745762712,0.6,0.6,0.7022222222222223,81.0
A2_Backlog_balanced,250,22723.24565635831,141800.0,85080.0,56638.0,42186.78,5000.0,749.0,709.0,40.0,0.0,0.07751937984496124,0.6,0.6,0.7214814814814815,97.0
A2_Backlog_balanced,251,23906.34731553469,149800.0,89880.0,59668.0,44891.08000000001,5000.0,838.0,749.0,89.0,0.0,0.12162162162162163,0.6,0.6,0.7322222222222223,117.0
A2_Backlog_balanced,252,21723.975802992434,132400.0,79440.0,52784.0,39065.04,5000.0,662.0,662.0,0.0,0.0,0.0,0.6,0.6,0.6803703703703704,59.0
A2_Backlog_balanced,253,23488.21178553488,148400.0,89040.0,59094.0,44426.14000000001,5000.0,789.0,742.0,47.0,0.0,0.05090909090909091,0.6,0.6,0.7244444444444444,109.0
A2_Backlog_balanced,254,22109.95931389292,138800.0,83280.0,52908.0,36380.48,10000.0,694.0,694.0,0.0,0.0,0.0,0.6,0.6,0.6166666666666667,35.0
A2_Backlog_balanced,255,23727.1463741062,148800.0,89280.0,59258.0,44558.98,5000.0,783.0,744.0,39.0,0.0,0.07235621521335807,0.6,0.6,0.7274074074074074,111.0
A2_Backlog_balanced,256,23009.123034764274,128400.0,77040.0,50894.0,37736.64,5000.0,642.0,642.0,0.0,0.0,0.0,0.6,0.6,0.6470370370370371,62.0
A2_Backlog_balanced,257,22687.338442360637,144400.0,86640.0,57454.0,43097.740000000005,5000.0,780.0,722.0,58.0,0.0,0.10488245931283906,0.6,0.6,0.7044444444444444,109.0
A2_Backlog_balanced,258,23906.34731553469,149800.0,89880.0,59668.0,44891.08000000001,5000.0,761.0,749.0,12.0,0.0,0.0,0.6,0.6,0.7322222222222223,102.0
A2_Backlog_balanced,259,23126.286518827223,143400.0,86040.0,57044.0,42765.64,5000.0,717.0,717.0,0.0,0.0,0.0,0.6,0.6,0.7033333333333334,90.0
A2_Backlog_balanced,260,22422.998658734996,140600.0,84360.0,56146.0,41788.26,5000.0,719.0,703.0,16.0,0.0,0.03278688524590164,0.6,0.6,0.715925925925926,95.0
A2_Backlog_balanced,261,22094.91426482568,140200.0,84120.0,55982.0,41655.42,5000.0,735.0,701.0,34.0,0.0,0.056530214424951264,0.6,0.6,0.7122222222222222,95.0
A2_Backlog_balanced,262,22092.33166391532,135200.0,81120.0,53932.0,39994.92,5000.0,676.0,676.0,0.0,0.0,0.0,0.6,0.6,0.6933333333333332,73.0
A2_Backlog_balanced,263,22538.04123841748,141800.0,85080.0,56638.0,42186.78,5000.0,759.0,709.0,50.0,0.0,0.0831758034026465,0.6,0.6,0.7211111111111111,106.0
A2_Backlog_balanced,264,23966.080962677523,147400.0,88440.0,58684.0,44094.04,5000.0,738.0,737.0,1.0,0.0,0.00202020202020202,0.6,0.6,0.7237037037037037,91.0
A2_Backlog_balanced,265,23614.52641153906,125400.0,75240.0,51414.0,41645.34,0.0,646.0,627.0,19.0,0.0,0.0,0.6,0.6,0.6966666666666667,79.0
A2_Backlog_balanced,266,22235.521862215384,137800.0,82680.0,54998.0,40858.37999999999,5000.0,700.0,689.0,11.0,0.0,0.023157894736842106,0.6,0.6,0.7040740740740741,76.0
A2_Backlog_balanced,267,20619.5020262302,134600.0,80760.0,53686.0,39795.66,5000.0,710.0,673.0,37.0,0.0,0.040776699029126215,0.6,0.6,0.6811111111111111,106.0
A2_Backlog_balanced,268,24007.417936505193,127200.0,76320.0,52152.0,42243.119999999995,0.0,689.0,636.0,53.0,0.0,0.046610169491525424,0.6,0.6,0.7066666666666667,91.0
A2_Backlog_balanced,269,23877.995665047893,126200.0,75720.0,51742.0,41911.01999999999,0.0,649.0,631.0,18.0,0.0,0.0,0.6,0.6,0.7011111111111111,78.0
A2_Backlog_balanced,270,21288.331369558324,135800.0,81480.0,54178.0,40194.18,5000.0,680.0,679.0,1.0,0.0,0.00211864406779661,0.6,0.6,0.6896296296296297,90.0
A2_Backlog_balanced,271,21958.403625401872,138200.0,82920.0,55162.0,40991.22,5000.0,758.0,691.0,67.0,0.0,0.12430426716141002,0.6,0.6,0.7040740740740741,103.0
A2_Backlog_balanced,272,21224.49413288526,135400.0,81240.0,54014.0,40061.34,5000.0,697.0,677.0,20.0,0.0,0.0408997955010225,0.6,0.6,0.6874074074074075,98.0
A2_Backlog_balanced,273,23565.647593579863,151000.0,90600.0,57910.0,40432.1,10000.0,755.0,755.0,0.0,0.0,0.0,0.6,0.6,0.6483333333333333,46.0
A2_Backlog_balanced,274,23906.34731553469,145400.0,87240.0,57864.0,43429.84,5000.0,727.0,727.0,0.0,0.0,0.0,0.6,0.6,0.7159259259259261,82.0
A2_Backlog_balanced,275,21460.049770829122,137600.0,82560.0,54916.0,40791.96,5000.0,761.0,688.0,73.0,0.0,0.09671532846715329,0.6,0.6,0.6977777777777778,114.0
A2_Backlog_balanced,276,22316.395812462262,136800.0,82080.0,54588.0,40526.28,5000.0,711.0,684.0,27.0,0.0,0.05567010309278351,0.6,0.6,0.7007407407407409,86.0
A2_Backlog_balanced,277,23011.485700956953,141200.0,84720.0,56392.0,41987.52,5000.0,752.0,706.0,46.0,0.0,0.08949416342412451,0.6,0.6,0.7218518518518519,98.0
A2_Backlog_balanced,278,23659.83005798654,152000.0,91200.0,58320.0,40764.200000000004,10000.0,760.0,760.0,0.0,0.0,0.0,0.6,0.6,0.6511111111111112,50.0
A2_Backlog_balanced,279,21237.311710350266,134200.0,80520.0,53522.0,39662.82,5000.0,692.0,671.0,21.0,0.0,0.0430327868852459,0.6,0.6,0.6837037037037038,103.0
A2_Backlog_balanced,280,23458.795627339714,144000.0,86400.0,57290.0,42964.9,5000.0,720.0,720.0,0.0,0.0,0.0,0.6,0.6,0.7077777777777778,69.0
A2_Backlog_balanced,281,23488.21178553488,148400.0,89040.0,59094.0,44426.14000000001,5000.0,780.0,742.0,38.0,0.0,0.04267161410018553,0.6,0.6,0.7244444444444444,105.0
A2_Backlog_balanced,282,20796.499152711156,134000.0,80400.0,53440.0,39596.399999999994,5000.0,673.0,670.0,3.0,0.0,0.006329113924050633,0.6,0.6,0.6796296296296297,93.0
A2_Backlog_balanced,283,21228.901200783337,134600.0,80760.0,53686.0,39795.66,5000.0,673.0,673.0,0.0,0.0,0.0,0.6,0.6,0.6848148148148148,84.0
A2_Backlog_balanced,284,22146.320069938967,152600.0,91560.0,59066.0,40963.46,10000.0,763.0,763.0,0.0,0.0,0.0,0.6,0.6,0.6855555555555556,80.0
A2_Backlog_balanced,285,22414.14922952865,139800.0,83880.0,55818.0,41522.58,5000.0,715.0,699.0,16.0,0.0,0.032989690721649485,0.6,0.6,0.712962962962963,89.0
A2_Backlog_balanced,286,21147.962845682843,119800.0,71880.0,47618.0,34880.579999999994,5000.0,599.0,599.0,0.0,0.0,0.0,0.6,0.6,0.63,25.0
A2_Backlog_balanced,287,22789.59445752378,140600.0,84360.0,56146.0,41788.259999999995,5000.0,723.0,703.0,20.0,0.0,0.040983606557377046,0.6,0.6,0.7181481481481481,80.0
A2_Backlog_balanced,288,22012.08894867356,139400.0,83640.0,55654.0,41389.74,5000.0,769.0,697.0,72.0,0.0,0.13090909090909092,0.6,0.6,0.7085185185185185,96.0
A2_Backlog_balanced,289,23607.67907982054,144800.0,86880.0,57618.0,43230.58,5000.0,724.0,724.0,0.0,0.0,0.0,0.6,0.6,0.711851851851852,74.0
A2_Backlog_balanced,290,22265.183837888508,134000.0,80400.0,53440.0,39596.399999999994,5000.0,688.0,670.0,18.0,0.0,0.03870967741935484,0.6,0.6,0.69,78.0
A2_Backlog_balanced,291,23413.403698328817,149000.0,89400.0,56590.0,39862.9,10000.0,745.0,745.0,0.0,0.0,0.0,0.6,0.6,0.6138888888888889,36.0
A2_Backlog_balanced,292,23292.772705856307,146800.0,88080.0,56188.0,39037.28,10000.0,734.0,734.0,0.0,0.0,0.0,0.6,0.6,0.6383333333333333,63.0
A2_Backlog_balanced,293,22711.2241736439,122600.0,73560.0,50266.0,40715.45999999999,0.0,645.0,613.0,32.0,0.0,0.0,0.6,0.6,0.6811111111111111,92.0
A2_Backlog_balanced,294,22504.72195279595,145200.0,87120.0,56032.0,38505.91999999999,10000.0,726.0,726.0,0.0,0.0,0.0,0.6,0.6,0.6683333333333332,70.0
A2_Backlog_balanced,295,21009.523320232896,132800.0,79680.0,52948.0,39197.880000000005,5000.0,717.0,664.0,53.0,0.0,0.1029126213592233,0.6,0.6,0.6770370370370371,101.0
A2_Backlog_balanced,296,21925.726985542104,134800.0,80880.0,53768.0,39862.08,5000.0,680.0,674.0,6.0,0.0,0.012987012987012988,0.6,0.6,0.6896296296296297,71.0
A2_Backlog_balanced,297,20764.91492257623,132000.0,79200.0,52620.0,38932.2,5000.0,660.0,660.0,0.0,0.0,0.0,0.6,0.6,0.6722222222222223,89.0
A2_Backlog_balanced,298,20158.899531824554,131400.0,78840.0,52374.0,38732.939999999995,5000.0,701.0,657.0,44.0,0.0,0.08527131782945736,0.6,0.6,0.6659259259259259,94.0
A2_Backlog_balanced,299,21312.82623262101,128000.0,76800.0,50980.0,37603.8,5000.0,648.0,640.0,8.0,0.0,0.01805869074492099,0.6,0.6,0.6611111111111112,68.0
A2_Backlog_balanced,300,23363.92796137862,147800.0,88680.0,56098.0,39464.38,10000.0,739.0,739.0,0.0,0.0,0.0,0.6,0.6,0.6105555555555555,46.0
A3_Backlog_aggressive,1,22181.096051726156,140200.0,84120.0,55982.0,41655.420000000006,5000.0,735.0,701.0,34.0,0.0,0.06031128404669261,0.6,0.6,0.7122222222222222,96.0
A3_Backlog_aggressive,2,22186.51096747985,141200.0,84720.0,53642.0,37225.020000000004,10000.0,706.0,706.0,0.0,0.0,0.0,0.6,0.6,0.6016666666666667,50.0
A3_Backlog_aggressive,3,21251.970389913527,135400.0,81240.0,54014.0,40061.34,5000.0,713.0,677.0,36.0,0.0,0.07114624505928854,0.6,0.6,0.6881481481481482,94.0
A3_Backlog_aggressive,4,21831.046005951648,135800.0,81480.0,54178.0,40194.18,5000.0,693.0,679.0,14.0,0.0,0.029535864978902954,0.6,0.6,0.6933333333333334,81.0
A3_Backlog_aggressive,5,20455.160998738123,138600.0,83160.0,53576.0,36266.56,10000.0,697.0,693.0,4.0,0.0,0.008298755186721992,0.6,0.6,0.6544444444444443,84.0
A3_Backlog_aggressive,6,20983.227481656148,131800.0,79080.0,52538.0,38865.78,5000.0,693.0,659.0,34.0,0.0,0.06896551724137931,0.6,0.6,0.6733333333333333,93.0
A3_Backlog_aggressive,7,20670.813586668366,133800.0,80280.0,53358.0,39529.979999999996,5000.0,681.0,669.0,12.0,0.0,0.024844720496894408,0.6,0.6,0.6785185185185186,89.0
A3_Backlog_aggressive,8,20954.91703576971,152000.0,91200.0,59070.0,40716.7,10000.0,786.0,760.0,26.0,0.0,0.0466786355475763,0.6,0.6,0.6972222222222223,112.0
A3_Backlog_aggressive,9,22006.81640543015,134600.0,80760.0,53686.0,39795.659999999996,5000.0,673.0,673.0,0.0,0.0,0.0,0.6,0.6,0.6903703703703703,76.0
A3_Backlog_aggressive,10,21727.029734023334,146800.0,88080.0,56938.0,38989.77999999999,10000.0,734.0,734.0,0.0,0.0,0.0,0.6,0.6,0.69,83.0
A3_Backlog_aggressive,11,20687.12611093698,134800.0,80880.0,53768.0,39862.08,5000.0,718.0,674.0,44.0,0.0,0.07279693486590039,0.6,0.6,0.6822222222222223,104.0
A3_Backlog_aggressive,12,19785.41458874213,141000.0,84600.0,54560.0,37063.59999999999,10000.0,760.0,705.0,55.0,0.0,0.09874326750448834,0.6,0.6,0.6544444444444444,106.0
A3_Backlog_aggressive,13,20855.918306345386,133200.0,79920.0,53112.0,39330.72,5000.0,733.0,666.0,67.0,0.0,0.1252336448598131,0.6,0.6,0.6777777777777778,100.0
A3_Backlog_aggressive,14,21383.96178684255,134600.0,80760.0,53686.0,39795.65999999999,5000.0,675.0,673.0,2.0,0.0,0.004347826086956522,0.6,0.6,0.6855555555555557,92.0
A3_Backlog_aggressive,15,22542.465953020655,135200.0,81120.0,53932.0,39994.92,5000.0,676.0,676.0,0.0,0.0,0.0,0.6,0.6,0.6966666666666667,57.0
A3_Backlog_aggressive,16,22627.287359238944,141600.0,84960.0,54306.0,37262.86,10000.0,708.0,708.0,0.0,0.0,0.0,0.6,0.6,0.6427777777777778,65.0
A3_Backlog_aggressive,17,20950.41038200722,146600.0,87960.0,56856.0,38923.35999999999,10000.0,738.0,733.0,5.0,0.0,0.009784735812133072,0.6,0.6,0.6816666666666668,95.0
A3_Backlog_aggressive,18,21688.764146621823,155200.0,93120.0,60382.0,41779.42,10000.0,818.0,776.0,42.0,0.0,0.0726643598615917,0.6,0.6,0.7127777777777777,113.0
A3_Backlog_aggressive,19,21049.881671979187,131200.0,78720.0,52292.0,38666.520000000004,5000.0,694.0,656.0,38.0,0.0,0.07707910750507099,0.6,0.6,0.6711111111111111,97.0
A3_Backlog_aggressive,20,23518.451236457302,149600.0,89760.0,57086.0,40014.659999999996,10000.0,748.0,748.0,0.0,0.0,0.0,0.6,0.6,0.6283333333333333,47.0
A3_Backlog_aggressive,21,20673.23448430382,148800.0,89280.0,57758.0,39653.979999999996,10000.0,744.0,744.0,0.0,0.0,0.0,0.6,0.6,0.685,94.0
A3_Backlog_aggressive,22,21641.693151121784,133600.0,80160.0,53276.0,39463.56,5000.0,668.0,668.0,0.0,0.0,0.0,0.6,0.6,0.6833333333333333,73.0
A3_Backlog_aggressive,23,22572.161936580414,158400.0,95040.0,61194.0,42937.14,10000.0,794.0,792.0,2.0,0.0,0.0035842293906810036,0.6,0.6,0.6816666666666666,105.0
A3_Backlog_aggressive,24,21170.89243476382,134200.0,80520.0,53522.0,39662.82,5000.0,682.0,671.0,11.0,0.0,0.022916666666666665,0.6,0.6,0.682962962962963,84.0
A3_Backlog_aggressive,25,22656.795358538708,138200.0,82920.0,55162.0,40991.22,5000.0,704.0,691.0,13.0,0.0,0.027426160337552744,0.6,0.6,0.7081481481481481,73.0
A3_Backlog_aggressive,26,21811.36048822353,136000.0,81600.0,54260.0,40260.6,5000.0,705.0,680.0,25.0,0.0,0.05112474437627812,0.6,0.6,0.6944444444444445,85.0
A3_Backlog_aggressive,27,21759.208967102808,131200.0,78720.0,52292.0,38666.520000000004,5000.0,683.0,656.0,27.0,0.0,0.057692307692307696,0.6,0.6,0.6759259259259259,87.0
A3_Backlog_aggressive,28,21092.437319508063,132000.0,79200.0,52620.0,38932.2,5000.0,660.0,660.0,0.0,0.0,0.0,0.6,0.6,0.6744444444444445,69.0
A3_Backlog_aggressive,29,20977.236931074294,135400.0,81240.0,54014.0,40061.340000000004,5000.0,723.0,677.0,46.0,0.0,0.0690978886756238,0.6,0.6,0.6855555555555556,100.0
A3_Backlog_aggressive,30,21795.942550743683,132800.0,79680.0,52948.0,39197.87999999999,5000.0,685.0,664.0,21.0,0.0,0.04477611940298507,0.6,0.6,0.6829629629629629,81.0
A3_Backlog_aggressive,31,22320.51704869759,140800.0,84480.0,56228.0,41854.68,5000.0,731.0,704.0,27.0,0.0,0.03747534516765286,0.6,0.6,0.7155555555555556,98.0
A3_Backlog_aggressive,32,20028.467676508066,131600.0,78960.0,52456.0,38799.36,5000.0,702.0,658.0,44.0,0.0,0.08527131782945736,0.6,0.6,0.6651851851851852,99.0
A3_Backlog_aggressive,33,22534.19009792954,140200.0,84120.0,55982.0,41655.41999999999,5000.0,701.0,701.0,0.0,0.0,0.0,0.6,0.6,0.7148148148148149,83.0
A3_Backlog_aggressive,34,23136.419273579886,147800.0,88680.0,56348.0,39416.880000000005,10000.0,739.0,739.0,0.0,0.0,0.0,0.6,0.6,0.6227777777777778,29.0
A3_Backlog_aggressive,35,22165.84073957787,142800.0,85680.0,53798.0,37851.380000000005,10000.0,714.0,714.0,0.0,0.0,0.0,0.6,0.6,0.5761111111111111,18.0
A3_Backlog_aggressive,36,22861.643256833737,133000.0,79800.0,53030.0,39264.3,5000.0,665.0,665.0,0.0,0.0,0.0,0.6,0.6,0.6903703703703704,56.0
A3_Backlog_aggressive,37,20690.687525238554,136800.0,82080.0,52838.0,35668.78,10000.0,684.0,684.0,0.0,0.0,0.0,0.6,0.6,0.6522222222222224,79.0
A3_Backlog_aggressive,38,22107.884930267348,134000.0,80400.0,53440.0,39596.399999999994,5000.0,685.0,670.0,15.0,0.0,0.032327586206896554,0.6,0.6,0.6892592592592592,75.0
A3_Backlog_aggressive,39,21858.499783100815,136400.0,81840.0,54424.0,40393.43999999999,5000.0,691.0,682.0,9.0,0.0,0.0189873417721519,0.6,0.6,0.6962962962962963,99.0
A3_Backlog_aggressive,40,21983.033929736128,139800.0,83880.0,55818.0,41522.58,5000.0,763.0,699.0,64.0,0.0,0.09375,0.6,0.6,0.7100000000000001,103.0
A3_Backlog_aggressive,41,24217.78514883498,127400.0,76440.0,52234.0,42309.539999999986,0.0,672.0,637.0,35.0,0.0,0.015873015873015872,0.6,0.6,0.7077777777777778,88.0
A3_Backlog_aggressive,42,20228.483901444044,149400.0,89640.0,58004.0,39853.24,10000.0,774.0,747.0,27.0,0.0,0.047872340425531915,0.6,0.6,0.6816666666666666,100.0
A3_Backlog_aggressive,43,23280.11627308803,152800.0,91680.0,58898.0,41077.38,10000.0,764.0,764.0,0.0,0.0,0.0,0.6,0.6,0.6727777777777778,90.0
A3_Backlog_aggressive,44,21522.491405671954,138400.0,83040.0,52994.0,36200.14000000001,10000.0,692.0,692.0,0.0,0.0,0.0,0.6,0.6,0.6233333333333333,42.0
A3_Backlog_aggressive,45,23722.037098305977,150800.0,90480.0,57078.0,40508.18,10000.0,754.0,754.0,0.0,0.0,0.0,0.6,0.6,0.5994444444444443,17.0
A3_Backlog_aggressive,46,21933.261856526125,142200.0,85320.0,53552.0,37652.12,10000.0,711.0,711.0,0.0,0.0,0.0,0.6,0.6,0.5748148148148148,9.0
A3_Backlog_aggressive,47,21903.258795979636,134800.0,80880.0,53768.0,39862.08,5000.0,674.0,674.0,0.0,0.0,0.0,0.6,0.6,0.6896296296296297,77.0
A3_Backlog_aggressive,48,21656.298279579725,136400.0,81840.0,52174.0,35535.94,10000.0,682.0,682.0,0.0,0.0,0.0,0.6,0.6,0.6203703703703703,35.0
A3_Backlog_aggressive,49,21547.828792594843,149400.0,89640.0,58004.0,39853.24,10000.0,785.0,747.0,38.0,0.0,0.0695970695970696,0.6,0.6,0.6955555555555556,104.0
A3_Backlog_aggressive,50,20435.258887374883,142600.0,85560.0,55216.0,37594.95999999999,10000.0,713.0,713.0,0.0,0.0,0.0,0.6,0.6,0.6655555555555555,93.0
A3_Backlog_aggressive,51,21961.951399921367,135600.0,81360.0,54096.0,40127.76,5000.0,699.0,678.0,21.0,0.0,0.0440251572327044,0.6,0.6,0.6937037037037038,87.0
A3_Backlog_aggressive,52,25768.638004014985,166600.0,99960.0,63556.0,45755.35999999999,10000.0,833.0,833.0,0.0,0.0,0.0,0.6,0.6,0.6438888888888888,36.0
A3_Backlog_aggressive,53,23058.066264350316,120800.0,72480.0,49528.0,40117.68,0.0,604.0,604.0,0.0,0.0,0.0,0.6,0.6,0.6711111111111111,51.0
A3_Backlog_aggressive,54,20533.176182759908,141600.0,84960.0,54806.0,37262.85999999999,10000.0,708.0,708.0,0.0,0.0,0.0,0.6,0.6,0.6633333333333333,80.0
A3_Backlog_aggressive,55,21694.415482108023,139800.0,83880.0,53568.0,36665.08,10000.0,699.0,699.0,0.0,0.0,0.0,0.6,0.6,0.6277777777777779,44.0
A3_Backlog_aggressive,56,22981.95655548549,145800.0,87480.0,56028.0,38657.67999999999,10000.0,729.0,729.0,0.0,0.0,0.0,0.6,0.6,0.6538888888888889,53.0
A3_Backlog_aggressive,57,21028.547724868335,135000.0,81000.0,51600.0,35071.0,10000.0,675.0,675.0,0.0,0.0,0.0,0.6,0.6,0.6155555555555555,28.0
A3_Backlog_aggressive,58,22400.21046809355,137600.0,82560.0,54916.0,40791.95999999999,5000.0,719.0,688.0,31.0,0.0,0.06288032454361055,0.6,0.6,0.7044444444444444,90.0
A3_Backlog_aggressive,59,22650.898211854514,141600.0,84960.0,56556.0,42120.36,5000.0,711.0,708.0,3.0,0.0,0.006289308176100629,0.6,0.6,0.7207407407407408,93.0
A3_Backlog_aggressive,60,23427.04641968153,152000.0,91200.0,58070.0,40811.700000000004,10000.0,760.0,760.0,0.0,0.0,0.0,0.6,0.6,0.6272222222222222,56.0
A3_Backlog_aggressive,61,23604.44483933751,150400.0,90240.0,57414.0,40280.34,10000.0,752.0,752.0,0.0,0.0,0.0,0.6,0.6,0.6277777777777778,71.0
A3_Backlog_aggressive,62,21044.312658585663,149600.0,89760.0,58086.0,39919.66,10000.0,789.0,748.0,41.0,0.0,0.07334525939177101,0.6,0.6,0.691111111111111,111.0
A3_Backlog_aggressive,63,22269.034978376454,135800.0,81480.0,54178.0,40194.17999999999,5000.0,679.0,679.0,0.0,0.0,0.0,0.6,0.6,0.697037037037037,67.0
A3_Backlog_aggressive,64,20604.03081143688,118800.0,71280.0,47208.0,34548.479999999996,5000.0,594.0,594.0,0.0,0.0,0.0,0.6,0.6,0.6214814814814814,44.0
A3_Backlog_aggressive,65,20872.55701365974,127000.0,76200.0,50570.0,37271.7,5000.0,635.0,635.0,0.0,0.0,0.0,0.6,0.6,0.6540740740740741,66.0
A3_Backlog_aggressive,66,22866.40545769139,156800.0,94080.0,60538.0,42405.77999999999,10000.0,802.0,784.0,18.0,0.0,0.03231597845601436,0.6,0.6,0.6799999999999999,106.0
A3_Backlog_aggressive,67,21242.536483850592,134400.0,80640.0,53604.0,39729.23999999999,5000.0,687.0,672.0,15.0,0.0,0.031315240083507306,0.6,0.6,0.6844444444444445,97.0
A3_Backlog_aggressive,68,21717.107975128718,133200.0,79920.0,53112.0,39330.72,5000.0,671.0,666.0,5.0,0.0,0.010917030567685589,0.6,0.6,0.6833333333333333,75.0
A3_Backlog_aggressive,69,21142.967406404547,137600.0,82560.0,53166.0,35934.46,10000.0,688.0,688.0,0.0,0.0,0.0,0.6,0.6,0.658888888888889,79.0
A3_Backlog_aggressive,70,20797.839667357082,136400.0,81840.0,52674.0,35535.939999999995,10000.0,682.0,682.0,0.0,0.0,0.0,0.6,0.6,0.6522222222222223,70.0
A3_Backlog_aggressive,71,21189.42690973786,141600.0,84960.0,54806.0,37262.86,10000.0,709.0,708.0,1.0,0.0,0.0020920502092050207,0.6,0.6,0.6705555555555556,86.0
A3_Backlog_aggressive,72,22788.500904039895,145000.0,87000.0,55200.0,38487.0,10000.0,725.0,725.0,0.0,0.0,0.0,0.6,0.6,0.6172222222222222,25.0
A3_Backlog_aggressive,73,21090.129085522116,135600.0,81360.0,54096.0,40127.759999999995,5000.0,715.0,678.0,37.0,0.0,0.07254901960784314,0.6,0.6,0.687037037037037,113.0
A3_Backlog_aggressive,74,22861.980743088217,150600.0,90360.0,57996.0,40346.759999999995,10000.0,753.0,753.0,0.0,0.0,0.0,0.6,0.6,0.6627777777777778,76.0
A3_Backlog_aggressive,75,22357.89468087467,127400.0,76440.0,50734.0,37404.53999999999,5000.0,637.0,637.0,0.0,0.0,0.0,0.6,0.6,0.6662962962962963,40.0
A3_Backlog_aggressive,76,22107.540170819782,141200.0,84720.0,53642.0,37225.020000000004,10000.0,706.0,706.0,0.0,0.0,0.0,0.6,0.6,0.6022222222222222,42.0
A3_Backlog_aggressive,77,21951.489826185396,129000.0,77400.0,51390.0,37935.9,5000.0,645.0,645.0,0.0,0.0,0.0,0.6,0.6,0.6696296296296296,52.0
A3_Backlog_aggressive,78,21715.90472326576,141800.0,85080.0,53888.0,37424.28,10000.0,709.0,709.0,0.0,0.0,0.0,0.6,0.6,0.6,20.0
A3_Backlog_aggressive,79,22884.07305094035,148000.0,88800.0,56430.0,39483.3,10000.0,740.0,740.0,0.0,0.0,0.0,0.6,0.6,0.6155555555555556,49.0
A3_Backlog_aggressive,80,22267.80582885537,143400.0,86040.0,54544.0,37955.64,10000.0,717.0,717.0,0.0,0.0,0.0,0.6,0.6,0.6088888888888888,43.0
A3_Backlog_aggressive,81,21153.39949204368,131600.0,78960.0,52456.0,38799.36,5000.0,658.0,658.0,0.0,0.0,0.0,0.6,0.6,0.6725925925925925,68.0
A3_Backlog_aggressive,82,21767.975333155882,138800.0,83280.0,55408.0,41190.48,5000.0,697.0,694.0,3.0,0.0,0.0,0.6,0.6,0.7044444444444444,93.0
A3_Backlog_aggressive,83,24689.779946168423,158200.0,94920.0,60112.0,42965.719999999994,10000.0,791.0,791.0,0.0,0.0,0.0,0.6,0.6,0.6211111111111111,50.0
A3_Backlog_aggressive,84,22280.569151044612,141600.0,84960.0,53306.0,37452.86,10000.0,708.0,708.0,0.0,0.0,0.0,0.6,0.6,0.5759259259259258,11.0
A3_Backlog_aggressive,85,20302.04802994889,131200.0,78720.0,52292.0,38666.520000000004,5000.0,659.0,656.0,3.0,0.0,0.00646551724137931,0.6,0.6,0.6659259259259259,91.0
A3_Backlog_aggressive,86,22815.14376994069,146200.0,87720.0,56192.0,38790.52,10000.0,731.0,731.0,0.0,0.0,0.0,0.6,0.6,0.6522222222222223,67.0
A3_Backlog_aggressive,87,22832.284759528462,142800.0,85680.0,57048.0,42518.880000000005,5000.0,754.0,714.0,40.0,0.0,0.052123552123552123,0.6,0.6,0.7266666666666667,103.0
A3_Backlog_aggressive,88,19191.890684335456,126200.0,75720.0,46992.0,32338.52,10000.0,631.0,631.0,0.0,0.0,0.0,0.6,0.6,0.5262962962962964,12.0
A3_Backlog_aggressive,89,21985.514725589255,139800.0,83880.0,53068.0,36760.08,10000.0,699.0,699.0,0.0,0.0,0.0,0.6,0.6,0.6,47.0
A3_Backlog_aggressive,90,19592.179194537755,124000.0,74400.0,49340.0,36275.4,5000.0,620.0,620.0,0.0,0.0,0.0,0.6,0.6,0.6344444444444444,87.0
A3_Backlog_aggressive,91,22844.855458790757,149000.0,89400.0,57340.0,39813.88,10000.0,745.0,745.0,0.0,0.0,0.0,0.6,0.6,0.6577777777777778,66.0
A3_Backlog_aggressive,92,21040.215700619763,142600.0,85560.0,55216.0,37594.96000000001,10000.0,713.0,713.0,0.0,0.0,0.0,0.6,0.6,0.6716666666666666,75.0
A3_Backlog_aggressive,93,23049.703357085782,164400.0,98640.0,63654.0,44929.74,10000.0,859.0,822.0,37.0,0.0,0.05977382875605816,0.6,0.6,0.7027777777777777,120.0
A3_Backlog_aggressive,94,21633.43662872669,138000.0,82800.0,55080.0,40924.8,5000.0,755.0,690.0,65.0,0.0,0.0996309963099631,0.6,0.6,0.7,116.0
A3_Backlog_aggressive,95,21701.076449348846,135600.0,81360.0,54096.0,40127.76,5000.0,678.0,678.0,0.0,0.0,0.0,0.6,0.6,0.6922222222222223,84.0
A3_Backlog_aggressive,96,22010.50642883902,144400.0,86640.0,54454.0,38382.740000000005,10000.0,722.0,722.0,0.0,0.0,0.0,0.6,0.6,0.5779629629629629,6.0
A3_Backlog_aggressive,97,21327.168620285338,130000.0,78000.0,51800.0,38268.0,5000.0,650.0,650.0,0.0,0.0,0.0,0.6,0.6,0.6692592592592592,70.0
A3_Backlog_aggressive,98,21457.068376863535,134000.0,80400.0,53440.0,39596.4,5000.0,670.0,670.0,0.0,0.0,0.0,0.6,0.6,0.6840740740740741,87.0
A3_Backlog_aggressive,99,22865.436736431795,129600.0,77760.0,51636.0,38135.159999999996,5000.0,648.0,648.0,0.0,0.0,0.0,0.6,0.6,0.6777777777777778,47.0
A3_Backlog_aggressive,100,22693.780475617023,145200.0,87120.0,55282.0,38553.420000000006,10000.0,726.0,726.0,0.0,0.0,0.0,0.6,0.6,0.6144444444444445,42.0
A3_Backlog_aggressive,101,21404.35469891223,140200.0,84120.0,52732.0,36987.92,10000.0,701.0,701.0,0.0,0.0,0.0,0.6,0.6,0.5688888888888889,10.0
A3_Backlog_aggressive,102,21104.04630572849,152200.0,91320.0,59152.0,40783.12,10000.0,769.0,761.0,8.0,0.0,0.014842300556586271,0.6,0.6,0.6988888888888888,101.0
A3_Backlog_aggressive,103,24352.503799737344,158200.0,94920.0,60612.0,42870.72,10000.0,791.0,791.0,0.0,0.0,0.0,0.6,0.6,0.6494444444444445,82.0
A3_Backlog_aggressive,104,22142.029281433533,133800.0,80280.0,53358.0,39529.979999999996,5000.0,715.0,669.0,46.0,0.0,0.09349593495934959,0.6,0.6,0.6888888888888888,99.0
A3_Backlog_aggressive,105,20079.682388122535,143800.0,86280.0,55708.0,37993.479999999996,10000.0,758.0,719.0,39.0,0.0,0.07090909090909091,0.6,0.6,0.6649999999999999,95.0
A3_Backlog_aggressive,106,21253.585271483862,145000.0,87000.0,56200.0,38392.0,10000.0,763.0,725.0,38.0,0.0,0.07183364839319471,0.6,0.6,0.6805555555555555,104.0
A3_Backlog_aggressive,107,21416.658995791695,120400.0,72240.0,47864.0,35079.840000000004,5000.0,602.0,602.0,0.0,0.0,0.0,0.6,0.6,0.6337037037037037,44.0
A3_Backlog_aggressive,108,21492.519860055185,154000.0,92400.0,59890.0,41380.9,10000.0,795.0,770.0,25.0,0.0,0.044722719141323794,0.6,0.6,0.7077777777777778,107.0
A3_Backlog_aggressive,109,23370.76404051035,148600.0,89160.0,56176.0,39777.56,10000.0,743.0,743.0,0.0,0.0,0.0,0.6,0.6,0.595,31.0
A3_Backlog_aggressive,110,20529.675013139575,130200.0,78120.0,49632.0,33476.92,10000.0,651.0,651.0,0.0,0.0,0.0,0.6,0.6,0.6044444444444445,27.0
A3_Backlog_aggressive,111,22348.61307599263,133000.0,79800.0,53030.0,39264.299999999996,5000.0,665.0,665.0,0.0,0.0,0.0,0.6,0.6,0.6866666666666668,60.0
A3_Backlog_aggressive,112,22972.28404998902,147000.0,88200.0,56520.0,39056.2,10000.0,735.0,735.0,0.0,0.0,0.0,0.6,0.6,0.6555555555555554,57.0
A3_Backlog_aggressive,113,22136.306915809335,136800.0,82080.0,54588.0,40526.27999999999,5000.0,684.0,684.0,0.0,0.0,0.0,0.6,0.6,0.6996296296296297,74.0
A3_Backlog_aggressive,114,24756.19798144558,130000.0,78000.0,53300.0,43172.999999999985,0.0,702.0,650.0,52.0,0.0,0.04246284501061571,0.6,0.6,0.7222222222222221,92.0
A3_Backlog_aggressive,115,26139.61590347036,152200.0,91320.0,59902.0,45830.62,5000.0,761.0,761.0,0.0,0.0,0.0,0.6,0.6,0.6737037037037036,23.0
A3_Backlog_aggressive,116,23233.2792999405,147600.0,88560.0,56766.0,39255.46,10000.0,738.0,738.0,0.0,0.0,0.0,0.6,0.6,0.66,72.0
A3_Backlog_aggressive,117,22102.50122402179,140200.0,84120.0,55982.0,41655.42,5000.0,739.0,701.0,38.0,0.0,0.06756756756756757,0.6,0.6,0.7122222222222222,97.0
A3_Backlog_aggressive,118,21387.633088297698,133000.0,79800.0,53030.0,39264.299999999996,5000.0,665.0,665.0,0.0,0.0,0.0,0.6,0.6,0.6807407407407408,76.0
A3_Backlog_aggressive,119,20867.34370489775,128800.0,77280.0,51308.0,37869.479999999996,5000.0,644.0,644.0,0.0,0.0,0.0,0.6,0.6,0.6614814814814814,62.0
A3_Backlog_aggressive,120,23968.771182239125,152200.0,91320.0,57902.0,40925.62,10000.0,761.0,761.0,0.0,0.0,0.0,0.6,0.6,0.6211111111111111,22.0
A3_Backlog_aggressive,121,20638.84431565968,151000.0,90600.0,58660.0,40384.6,10000.0,774.0,755.0,19.0,0.0,0.03423423423423423,0.6,0.6,0.6911111111111111,102.0
A3_Backlog_aggressive,122,20478.27694601684,140000.0,84000.0,54150.0,36731.49999999999,10000.0,749.0,700.0,49.0,0.0,0.09245283018867924,0.6,0.6,0.6588888888888889,110.0
A3_Backlog_aggressive,123,22264.050065186115,140600.0,84360.0,56146.0,41788.259999999995,5000.0,748.0,703.0,45.0,0.0,0.08620689655172414,0.6,0.6,0.7148148148148149,103.0
A3_Backlog_aggressive,124,24842.761132763673,165000.0,99000.0,63400.0,45224.0,10000.0,825.0,825.0,0.0,0.0,0.0,0.6,0.6,0.6716666666666667,61.0
A3_Backlog_aggressive,125,22208.413622752152,144400.0,86640.0,54954.0,38287.74,10000.0,722.0,722.0,0.0,0.0,0.0,0.6,0.6,0.6072222222222223,26.0
A3_Backlog_aggressive,126,24121.166882599275,152400.0,91440.0,58234.0,40944.54,10000.0,762.0,762.0,0.0,0.0,0.0,0.6,0.6,0.638888888888889,52.0
A3_Backlog_aggressive,127,24902.4947799065,172200.0,103320.0,66352.0,47615.119999999995,10000.0,864.0,861.0,3.0,0.0,0.0049261083743842365,0.6,0.6,0.6922222222222222,111.0
A3_Backlog_aggressive,128,21333.79658783906,134800.0,80880.0,53768.0,39862.08,5000.0,726.0,674.0,52.0,0.0,0.1001926782273603,0.6,0.6,0.687037037037037,103.0
A3_Backlog_aggressive,129,19935.736337172435,125600.0,75360.0,47746.0,31949.260000000002,10000.0,628.0,628.0,0.0,0.0,0.0,0.6,0.6,0.5942592592592592,19.0
A3_Backlog_aggressive,130,22430.807157139636,141200.0,84720.0,56392.0,41987.520000000004,5000.0,756.0,706.0,50.0,0.0,0.07924528301886792,0.6,0.6,0.7177777777777777,98.0
A3_Backlog_aggressive,131,22249.736788965223,136600.0,81960.0,54506.0,40459.86,5000.0,691.0,683.0,8.0,0.0,0.017094017094017096,0.6,0.6,0.6996296296296297,92.0
A3_Backlog_aggressive,132,23337.876119216293,146800.0,88080.0,55938.0,39084.78,10000.0,734.0,734.0,0.0,0.0,0.0,0.6,0.6,0.6227777777777778,52.0
A3_Backlog_aggressive,133,21176.210162564224,129200.0,77520.0,51472.0,38002.32,5000.0,646.0,646.0,0.0,0.0,0.0,0.6,0.6,0.664074074074074,60.0
A3_Backlog_aggressive,134,22890.373791428567,147200.0,88320.0,55602.0,39312.62,10000.0,736.0,736.0,0.0,0.0,0.0,0.6,0.6,0.59,14.0
A3_Backlog_aggressive,135,20205.224380682062,127200.0,76320.0,50652.0,37338.12,5000.0,637.0,636.0,1.0,0.0,0.0022371364653243847,0.6,0.6,0.6507407407407406,80.0
A3_Backlog_aggressive,136,21884.01804265951,139200.0,83520.0,55572.0,41323.32,5000.0,724.0,696.0,28.0,0.0,0.04330708661417323,0.6,0.6,0.7066666666666667,98.0
A3_Backlog_aggressive,137,22696.053945469244,152400.0,91440.0,58734.0,40944.54,10000.0,765.0,762.0,3.0,0.0,0.005639097744360902,0.6,0.6,0.6661111111111111,92.0
A3_Backlog_aggressive,138,20515.80508098449,137800.0,82680.0,53248.0,36000.88,10000.0,689.0,689.0,0.0,0.0,0.0,0.6,0.6,0.6527777777777778,71.0
A3_Backlog_aggressive,139,25622.670918090975,162800.0,97680.0,61998.0,44493.380000000005,10000.0,814.0,814.0,0.0,0.0,0.0,0.6,0.6,0.6338888888888888,39.0
A3_Backlog_aggressive,140,21883.386807654395,132800.0,79680.0,52948.0,39197.87999999999,5000.0,664.0,664.0,0.0,0.0,0.0,0.6,0.6,0.6829629629629629,68.0
A3_Backlog_aggressive,141,22033.229251777608,132400.0,79440.0,52784.0,39065.03999999999,5000.0,668.0,662.0,6.0,0.0,0.013363028953229399,0.6,0.6,0.6825925925925926,66.0
A3_Backlog_aggressive,142,20715.98244719839,144600.0,86760.0,56036.0,38259.15999999999,10000.0,724.0,723.0,1.0,0.0,0.0019880715705765406,0.6,0.6,0.6744444444444445,86.0
A3_Backlog_aggressive,143,20247.69910064618,115400.0,69240.0,45814.0,33387.420000000006,5000.0,577.0,577.0,0.0,0.0,0.0,0.6,0.6,0.6074074074074074,29.0
A3_Backlog_aggressive,144,21121.2398894032,128600.0,77160.0,51226.0,37803.06,5000.0,643.0,643.0,0.0,0.0,0.0,0.6,0.6,0.6618518518518518,71.0
A3_Backlog_aggressive,145,24932.593311633005,159800.0,95880.0,60768.0,43497.079999999994,10000.0,799.0,799.0,0.0,0.0,0.0,0.6,0.6,0.6266666666666667,26.0
A3_Backlog_aggressive,146,22135.980957562395,139000.0,83400.0,55490.0,41256.9,5000.0,746.0,695.0,51.0,0.0,0.09714285714285714,0.6,0.6,0.7077777777777778,99.0
A3_Backlog_aggressive,147,22242.79871147932,123400.0,74040.0,49094.0,36076.14,5000.0,617.0,617.0,0.0,0.0,0.0,0.6,0.6,0.6503703703703703,37.0
A3_Backlog_aggressive,148,19877.993997379734,128600.0,77160.0,51226.0,37803.06,5000.0,643.0,643.0,0.0,0.0,0.0,0.6,0.6,0.652962962962963,76.0
A3_Backlog_aggressive,149,23177.692323940515,150600.0,90360.0,57996.0,40346.76,10000.0,753.0,753.0,0.0,0.0,0.0,0.6,0.6,0.6655555555555556,82.0
A3_Backlog_aggressive,150,24582.651870738024,159200.0,95520.0,61022.0,43202.81999999999,10000.0,796.0,796.0,0.0,0.0,0.0,0.6,0.6,0.6538888888888889,61.0
A3_Backlog_aggressive,151,22659.545987261605,146200.0,87720.0,55192.0,38980.520000000004,10000.0,731.0,731.0,0.0,0.0,0.0,0.6,0.6,0.5850000000000001,31.0
A3_Backlog_aggressive,152,21767.485384190906,133000.0,79800.0,53030.0,39264.299999999996,5000.0,694.0,665.0,29.0,0.0,0.060542797494780795,0.6,0.6,0.6833333333333333,89.0
A3_Backlog_aggressive,153,21464.947799286736,130400.0,78240.0,51964.0,38400.84,5000.0,682.0,652.0,30.0,0.0,0.06342494714587738,0.6,0.6,0.6714814814814816,84.0
A3_Backlog_aggressive,154,22385.118601260045,135000.0,81000.0,53850.0,39928.49999999999,5000.0,685.0,675.0,10.0,0.0,0.021929824561403508,0.6,0.6,0.694074074074074,76.0
A3_Backlog_aggressive,155,23750.17640898454,153600.0,92160.0,58726.0,41343.06,10000.0,768.0,768.0,0.0,0.0,0.0,0.6,0.6,0.6338888888888888,64.0
A3_Backlog_aggressive,156,20611.12006610973,132200.0,79320.0,52702.0,38998.62,5000.0,693.0,661.0,32.0,0.0,0.06477732793522267,0.6,0.6,0.6718518518518518,87.0
A3_Backlog_aggressive,157,20169.87157926627,129800.0,77880.0,48968.0,33439.08,10000.0,649.0,649.0,0.0,0.0,0.0,0.6,0.6,0.5698148148148147,15.0
A3_Backlog_aggressive,158,22451.195243302198,123200.0,73920.0,49012.0,35962.22,5000.0,616.0,616.0,0.0,0.0,0.0,0.6,0.6,0.6514814814814814,40.0
A3_Backlog_aggressive,159,25950.60093593636,146200.0,87720.0,57442.0,43790.520000000004,5000.0,731.0,731.0,0.0,0.0,0.0,0.6,0.6,0.6511111111111112,8.0
A3_Backlog_aggressive,160,20720.067563772547,134600.0,80760.0,53686.0,39795.66,5000.0,703.0,673.0,30.0,0.0,0.0496031746031746,0.6,0.6,0.6811111111111111,113.0
A3_Backlog_aggressive,161,21718.066966771108,137800.0,82680.0,54998.0,40858.380000000005,5000.0,736.0,689.0,47.0,0.0,0.08986615678776291,0.6,0.6,0.7003703703703704,107.0
A3_Backlog_aggressive,162,21892.293897750627,128400.0,77040.0,51144.0,37736.63999999999,5000.0,642.0,642.0,0.0,0.0,0.0,0.6,0.6,0.6670370370370371,56.0
A3_Backlog_aggressive,163,20921.731676245916,152400.0,91440.0,59234.0,40849.54,10000.0,817.0,762.0,55.0,0.0,0.09306260575296109,0.6,0.6,0.6977777777777778,111.0
A3_Backlog_aggressive,164,22985.87275197705,153200.0,91920.0,59062.0,41210.219999999994,10000.0,766.0,766.0,0.0,0.0,0.0,0.6,0.6,0.6711111111111111,86.0
A3_Backlog_aggressive,165,22557.881206599643,142600.0,85560.0,54716.0,37594.96,10000.0,713.0,713.0,0.0,0.0,0.0,0.6,0.6,0.6433333333333332,53.0
A3_Backlog_aggressive,166,20701.83761821613,132000.0,79200.0,52620.0,38932.2,5000.0,666.0,660.0,6.0,0.0,0.012875536480686695,0.6,0.6,0.6718518518518519,92.0
A3_Backlog_aggressive,167,21180.82329800947,148800.0,89280.0,57758.0,39653.979999999996,10000.0,756.0,744.0,12.0,0.0,0.022857142857142857,0.6,0.6,0.6900000000000001,91.0
A3_Backlog_aggressive,168,24151.175485226944,153800.0,92280.0,58308.0,41504.479999999996,10000.0,769.0,769.0,0.0,0.0,0.0,0.6,0.6,0.6105555555555555,39.0
A3_Backlog_aggressive,169,20388.06193160771,141800.0,85080.0,54888.0,37329.27999999999,10000.0,709.0,709.0,0.0,0.0,0.0,0.6,0.6,0.6622222222222223,85.0
A3_Backlog_aggressive,170,21040.543457257034,141800.0,85080.0,54888.0,37329.28,10000.0,709.0,709.0,0.0,0.0,0.0,0.6,0.6,0.6694444444444444,80.0
A3_Backlog_aggressive,171,21556.74095103055,139400.0,83640.0,53404.0,36532.24,10000.0,697.0,697.0,0.0,0.0,0.0,0.6,0.6,0.6244444444444445,50.0
A3_Backlog_aggressive,172,21699.785429892156,137400.0,82440.0,54834.0,40725.54,5000.0,714.0,687.0,27.0,0.0,0.05389221556886228,0.6,0.6,0.698888888888889,93.0
A3_Backlog_aggressive,173,21428.361498309183,142800.0,85680.0,55298.0,37661.38,10000.0,724.0,714.0,10.0,0.0,0.02053388090349076,0.6,0.6,0.676111111111111,89.0
A3_Backlog_aggressive,174,23424.08559769248,149200.0,89520.0,56922.0,39881.82,10000.0,746.0,746.0,0.0,0.0,0.0,0.6,0.6,0.6244444444444445,46.0
A3_Backlog_aggressive,175,21675.817759449576,152800.0,91680.0,59398.0,40982.38,10000.0,771.0,764.0,7.0,0.0,0.013157894736842105,0.6,0.6,0.7061111111111111,96.0
A3_Backlog_aggressive,176,21707.89740666464,138400.0,83040.0,55244.0,41057.64,5000.0,722.0,692.0,30.0,0.0,0.056862745098039215,0.6,0.6,0.7022222222222222,91.0
A3_Backlog_aggressive,177,21415.19749938459,137600.0,82560.0,52166.0,36029.46,10000.0,688.0,688.0,0.0,0.0,0.0,0.6,0.6,0.5922222222222222,30.0
A3_Backlog_aggressive,178,20804.728811650726,132600.0,79560.0,52866.0,39131.45999999999,5000.0,673.0,663.0,10.0,0.0,0.021052631578947368,0.6,0.6,0.6751851851851852,91.0
A3_Backlog_aggressive,179,21190.220972011834,136600.0,81960.0,54506.0,40459.86,5000.0,749.0,683.0,66.0,0.0,0.11172161172161173,0.6,0.6,0.6922222222222222,110.0
A3_Backlog_aggressive,180,23279.729118249994,147200.0,88320.0,56102.0,39217.62,10000.0,736.0,736.0,0.0,0.0,0.0,0.6,0.6,0.6222222222222221,45.0
A3_Backlog_aggressive,181,21777.579074705412,139000.0,83400.0,55490.0,41256.9,5000.0,799.0,695.0,104.0,0.0,0.17636986301369864,0.6,0.6,0.7055555555555555,120.0
A3_Backlog_aggressive,182,20610.431170214717,128200.0,76920.0,51062.0,37670.219999999994,5000.0,641.0,641.0,0.0,0.0,0.0,0.6,0.6,0.6566666666666666,71.0
A3_Backlog_aggressive,183,21025.39771165786,125000.0,75000.0,49750.0,36607.5,5000.0,625.0,625.0,0.0,0.0,0.0,0.6,0.6,0.6481481481481483,39.0
A3_Backlog_aggressive,184,24603.826544192347,166000.0,99600.0,63810.0,45556.1,10000.0,830.0,830.0,0.0,0.0,0.0,0.6,0.6,0.6722222222222223,103.0
A3_Backlog_aggressive,185,23602.607902057927,150600.0,90360.0,56996.0,40441.759999999995,10000.0,753.0,753.0,0.0,0.0,0.0,0.6,0.6,0.6011111111111112,40.0
A3_Backlog_aggressive,186,24832.40139961133,130400.0,78240.0,53464.0,43305.83999999999,0.0,674.0,652.0,22.0,0.0,0.0,0.6,0.6,0.7244444444444444,82.0
A3_Backlog_aggressive,187,20902.52347929526,135400.0,81240.0,54014.0,40061.34,5000.0,733.0,677.0,56.0,0.0,0.10074626865671642,0.6,0.6,0.6855555555555556,102.0
A3_Backlog_aggressive,188,20480.659661346785,133600.0,80160.0,53276.0,39463.560000000005,5000.0,703.0,668.0,35.0,0.0,0.047619047619047616,0.6,0.6,0.6755555555555556,112.0
A3_Backlog_aggressive,189,21654.551545830167,139000.0,83400.0,52740.0,36494.399999999994,10000.0,695.0,695.0,0.0,0.0,0.0,0.6,0.6,0.5966666666666666,26.0
A3_Backlog_aggressive,190,23339.84992023086,157400.0,94440.0,60784.0,42605.04,10000.0,796.0,787.0,9.0,0.0,0.016453382084095063,0.6,0.6,0.6861111111111111,100.0
A3_Backlog_aggressive,191,24205.425858462047,154400.0,92640.0,58804.0,41656.24,10000.0,772.0,772.0,0.0,0.0,0.0,0.6,0.6,0.6272222222222222,17.0
A3_Backlog_aggressive,192,24377.788629616323,157600.0,94560.0,60366.0,42671.46,10000.0,788.0,788.0,0.0,0.0,0.0,0.6,0.6,0.648888888888889,63.0
A3_Backlog_aggressive,193,19733.899135800522,145000.0,87000.0,56200.0,38392.0,10000.0,743.0,725.0,18.0,0.0,0.033271719038817,0.6,0.6,0.6649999999999999,105.0
A3_Backlog_aggressive,194,21894.327315214585,139200.0,83520.0,55572.0,41323.32,5000.0,757.0,696.0,61.0,0.0,0.09888059701492537,0.6,0.6,0.7066666666666667,105.0
A3_Backlog_aggressive,195,21255.763869511582,119600.0,71760.0,47536.0,34814.16,5000.0,598.0,598.0,0.0,0.0,0.0,0.6,0.6,0.6296296296296297,37.0
A3_Backlog_aggressive,196,21573.690168052774,138200.0,82920.0,55162.0,40991.22,5000.0,697.0,691.0,6.0,0.0,0.006172839506172839,0.6,0.6,0.701111111111111,93.0
A3_Backlog_aggressive,197,21505.138490590158,146000.0,87600.0,56610.0,38724.1,10000.0,730.0,730.0,0.0,0.0,0.0,0.6,0.6,0.6855555555555556,84.0
A3_Backlog_aggressive,198,21673.02718020233,138000.0,82800.0,55080.0,40924.799999999996,5000.0,731.0,690.0,41.0,0.0,0.07945736434108527,0.6,0.6,0.7011111111111111,101.0
A3_Backlog_aggressive,199,21357.13816015976,146400.0,87840.0,56774.0,38856.94,10000.0,732.0,732.0,0.0,0.0,0.0,0.6,0.6,0.6844444444444445,89.0
A3_Backlog_aggressive,200,20608.748365920543,143200.0,85920.0,55462.0,37794.22,10000.0,726.0,716.0,10.0,0.0,0.01968503937007874,0.6,0.6,0.6688888888888889,96.0
A3_Backlog_aggressive,201,23177.692323940515,167200.0,100320.0,64802.0,45859.62,10000.0,856.0,836.0,20.0,0.0,0.03278688524590164,0.6,0.6,0.7116666666666667,120.0
A3_Backlog_aggressive,202,21448.232210785864,137800.0,82680.0,54998.0,40858.380000000005,5000.0,737.0,689.0,48.0,0.0,0.07007575757575757,0.6,0.6,0.698888888888889,101.0
A3_Backlog_aggressive,203,22330.22666440749,145400.0,87240.0,54364.0,38809.84,10000.0,727.0,727.0,0.0,0.0,0.0,0.6,0.6,0.552962962962963,23.0
A3_Backlog_aggressive,204,20775.13382528573,134000.0,80400.0,51690.0,34643.899999999994,10000.0,679.0,670.0,9.0,0.0,0.019650655021834062,0.6,0.6,0.645,73.0
A3_Backlog_aggressive,205,22010.17096538878,132400.0,79440.0,52784.0,39065.03999999999,5000.0,662.0,662.0,0.0,0.0,0.0,0.6,0.6,0.6825925925925926,61.0
A3_Backlog_aggressive,206,23946.152532982444,155000.0,93000.0,58800.0,41903.0,10000.0,775.0,775.0,0.0,0.0,0.0,0.6,0.6,0.6116666666666667,10.0
A3_Backlog_aggressive,207,22724.246089977707,144000.0,86400.0,54790.0,38154.899999999994,10000.0,720.0,720.0,0.0,0.0,0.0,0.6,0.6,0.6144444444444445,49.0
A3_Backlog_aggressive,208,23068.86846345216,117800.0,70680.0,48298.0,39121.380000000005,0.0,589.0,589.0,0.0,0.0,0.0,0.6,0.6,0.6544444444444445,35.0
A3_Backlog_aggressive,209,22324.999424190653,139800.0,83880.0,55818.0,41522.579999999994,5000.0,763.0,699.0,64.0,0.0,0.11895910780669144,0.6,0.6,0.7122222222222222,104.0
A3_Backlog_aggressive,210,24796.637948568306,157800.0,94680.0,60198.0,42785.38,10000.0,789.0,789.0,0.0,0.0,0.0,0.6,0.6,0.6344444444444444,29.0
A3_Backlog_aggressive,211,21491.119773729642,137800.0,82680.0,54998.0,40858.380000000005,5000.0,740.0,689.0,51.0,0.0,0.09416195856873823,0.6,0.6,0.698888888888889,92.0
A3_Backlog_aggressive,212,20346.044026033273,130200.0,78120.0,50132.0,33381.92,10000.0,651.0,651.0,0.0,0.0,0.0,0.6,0.6,0.633888888888889,55.0
A3_Backlog_aggressive,213,23949.703168906464,153200.0,91920.0,58062.0,41305.219999999994,10000.0,766.0,766.0,0.0,0.0,0.0,0.6,0.6,0.6088888888888889,32.0
A3_Backlog_aggressive,214,21377.149523735425,141200.0,84720.0,54642.0,37130.02,10000.0,706.0,706.0,0.0,0.0,0.0,0.6,0.6,0.6711111111111111,59.0
A3_Backlog_aggressive,215,21594.88813204671,132800.0,79680.0,52948.0,39197.88,5000.0,673.0,664.0,9.0,0.0,0.019522776572668113,0.6,0.6,0.6814814814814815,84.0
A3_Backlog_aggressive,216,21088.18963173941,137800.0,82680.0,51748.0,36190.880000000005,10000.0,689.0,689.0,0.0,0.0,0.0,0.6,0.6,0.5598148148148148,10.0
A3_Backlog_aggressive,217,24317.515918441037,155800.0,93480.0,59628.0,42073.67999999999,10000.0,779.0,779.0,0.0,0.0,0.0,0.6,0.6,0.6455555555555555,77.0
A3_Backlog_aggressive,218,21172.55796900631,132000.0,79200.0,52620.0,38932.2,5000.0,665.0,660.0,5.0,0.0,0.010845986984815618,0.6,0.6,0.6748148148148149,77.0
A3_Backlog_aggressive,219,21651.55393878224,137200.0,82320.0,52752.0,35754.12,10000.0,686.0,686.0,0.0,0.0,0.0,0.6,0.6,0.6422222222222224,49.0
A3_Backlog_aggressive,220,21875.917081027783,132200.0,79320.0,52702.0,38998.619999999995,5000.0,661.0,661.0,0.0,0.0,0.0,0.6,0.6,0.6803703703703704,74.0
A3_Backlog_aggressive,221,21806.30633700557,139000.0,83400.0,55490.0,41256.9,5000.0,725.0,695.0,30.0,0.0,0.047058823529411764,0.6,0.6,0.7055555555555556,96.0
A3_Backlog_aggressive,222,21139.96798908047,135200.0,81120.0,53932.0,39994.92,5000.0,697.0,676.0,21.0,0.0,0.04242424242424243,0.6,0.6,0.6866666666666668,91.0
A3_Backlog_aggressive,223,20726.84581612913,132200.0,79320.0,50952.0,34046.12,10000.0,661.0,661.0,0.0,0.0,0.0,0.6,0.6,0.6411111111111112,55.0
A3_Backlog_aggressive,224,21214.99192744508,147600.0,88560.0,57266.0,39255.46,10000.0,738.0,738.0,0.0,0.0,0.0,0.6,0.6,0.6872222222222223,86.0
A3_Backlog_aggressive,225,21245.964929667287,147800.0,88680.0,57348.0,39321.87999999999,10000.0,777.0,739.0,38.0,0.0,0.0695970695970696,0.6,0.6,0.6877777777777777,102.0
A3_Backlog_aggressive,226,20890.725291403247,142800.0,85680.0,55298.0,37661.38,10000.0,721.0,714.0,7.0,0.0,0.014056224899598393,0.6,0.6,0.6705555555555556,88.0
A3_Backlog_aggressive,227,24404.65147541388,159000.0,95400.0,60940.0,43136.399999999994,10000.0,795.0,795.0,0.0,0.0,0.0,0.6,0.6,0.6511111111111111,67.0
A3_Backlog_aggressive,228,21760.8344871605,138200.0,82920.0,55162.0,40991.22,5000.0,747.0,691.0,56.0,0.0,0.06981132075471698,0.6,0.6,0.701111111111111,114.0
A3_Backlog_aggressive,229,22007.63995580096,139800.0,83880.0,55818.0,41522.58,5000.0,751.0,699.0,52.0,0.0,0.07894736842105263,0.6,0.6,0.7100000000000001,112.0
A3_Backlog_aggressive,230,21064.499662961272,133200.0,79920.0,53112.0,39330.72,5000.0,721.0,666.0,55.0,0.0,0.10617760617760617,0.6,0.6,0.6785185185185186,101.0
A3_Backlog_aggressive,231,21757.980441710017,122200.0,73320.0,48602.0,35677.619999999995,5000.0,611.0,611.0,0.0,0.0,0.0,0.6,0.6,0.6433333333333332,21.0
A3_Backlog_aggressive,232,22934.660777403296,161800.0,97080.0,62588.0,44066.28,10000.0,823.0,809.0,14.0,0.0,0.023931623931623933,0.6,0.6,0.6944444444444444,115.0
A3_Backlog_aggressive,233,21807.87228538365,137000.0,82200.0,54670.0,40592.7,5000.0,707.0,685.0,22.0,0.0,0.044715447154471545,0.6,0.6,0.6981481481481482,82.0
A3_Backlog_aggressive,234,23399.58356737369,155600.0,93360.0,60046.0,42007.26,10000.0,778.0,778.0,0.0,0.0,0.0,0.6,0.6,0.6816666666666668,84.0
A3_Backlog_aggressive,235,19557.999764736494,125200.0,75120.0,47082.0,31911.42,10000.0,626.0,626.0,0.0,0.0,0.0,0.6,0.6,0.555,30.0
A3_Backlog_aggressive,236,22337.61805472563,141000.0,84600.0,56310.0,41921.1,5000.0,751.0,705.0,46.0,0.0,0.07662835249042145,0.6,0.6,0.7166666666666667,100.0
A3_Backlog_aggressive,237,24594.66255680749,158600.0,95160.0,60776.0,43003.56,10000.0,793.0,793.0,0.0,0.0,0.0,0.6,0.6,0.6533333333333332,67.0
A3_Backlog_aggressive,238,21914.67239259548,130800.0,78480.0,52128.0,38533.67999999999,5000.0,654.0,654.0,0.0,0.0,0.0,0.6,0.6,0.6759259259259259,71.0
A3_Backlog_aggressive,239,22712.817465242802,135400.0,81240.0,54014.0,40061.34,5000.0,700.0,677.0,23.0,0.0,0.04946236559139785,0.6,0.6,0.6985185185185185,81.0
A3_Backlog_aggressive,240,22518.990165913827,143200.0,85920.0,54462.0,37889.22,10000.0,716.0,716.0,0.0,0.0,0.0,0.6,0.6,0.6105555555555555,58.0
A3_Backlog_aggressive,241,21467.180276080115,129000.0,77400.0,51390.0,37935.899999999994,5000.0,645.0,645.0,0.0,0.0,0.0,0.6,0.6,0.6655555555555555,59.0
A3_Backlog_aggressive,242,21616.084112306744,141400.0,84840.0,54724.0,37196.44,10000.0,716.0,707.0,9.0,0.0,0.018907563025210083,0.6,0.6,0.673888888888889,87.0
A3_Backlog_aggressive,243,21190.051024125845,135600.0,81360.0,54096.0,40127.759999999995,5000.0,703.0,678.0,25.0,0.0,0.050200803212851405,0.6,0.6,0.6892592592592593,100.0
A3_Backlog_aggressive,244,21961.933753216275,136800.0,82080.0,54588.0,40526.28,5000.0,710.0,684.0,26.0,0.0,0.053169734151329244,0.6,0.6,0.6985185185185185,96.0
A3_Backlog_aggressive,245,26425.978054711748,168600.0,101160.0,64376.0,46419.560000000005,10000.0,843.0,843.0,0.0,0.0,0.0,0.6,0.6,0.6516666666666667,39.0
A3_Backlog_aggressive,246,24474.316988057668,156400.0,93840.0,59374.0,42367.939999999995,10000.0,782.0,782.0,0.0,0.0,0.0,0.6,0.6,0.6166666666666667,44.0
A3_Backlog_aggressive,247,23100.91533165954,150600.0,90360.0,57996.0,40346.759999999995,10000.0,753.0,753.0,0.0,0.0,0.0,0.6,0.6,0.6649999999999999,84.0
A3_Backlog_aggressive,248,22925.498140211897,142400.0,85440.0,56884.0,42386.03999999999,5000.0,744.0,712.0,32.0,0.0,0.06286836935166994,0.6,0.6,0.7255555555555556,102.0
A3_Backlog_aggressive,249,20955.81836652221,139400.0,83640.0,53904.0,36532.24,10000.0,697.0,697.0,0.0,0.0,0.0,0.6,0.6,0.6616666666666667,71.0
A3_Backlog_aggressive,250,26020.01349786471,149800.0,89880.0,58918.0,45033.58000000001,5000.0,749.0,749.0,0.0,0.0,0.0,0.6,0.6,0.6622222222222223,15.0
A3_Backlog_aggressive,251,23399.58356737369,167600.0,100560.0,64966.0,45992.46,10000.0,838.0,838.0,0.0,0.0,0.0,0.6,0.6,0.7150000000000001,115.0
A3_Backlog_aggressive,252,21723.975802992434,132400.0,79440.0,52784.0,39065.04,5000.0,662.0,662.0,0.0,0.0,0.0,0.6,0.6,0.6803703703703704,59.0
A3_Backlog_aggressive,253,22981.44803737388,157800.0,94680.0,60948.0,42737.88,10000.0,789.0,789.0,0.0,0.0,0.0,0.6,0.6,0.683888888888889,88.0
A3_Backlog_aggressive,254,21606.2092976204,138800.0,83280.0,52158.0,36522.98,10000.0,694.0,694.0,0.0,0.0,0.0,0.6,0.6,0.5666666666666667,28.0
A3_Backlog_aggressive,255,24399.607242519523,156600.0,93960.0,59456.0,42434.36,10000.0,783.0,783.0,0.0,0.0,0.0,0.6,0.6,0.6161111111111112,16.0
A3_Backlog_aggressive,256,20336.824096311626,128400.0,77040.0,48894.0,32879.14,10000.0,642.0,642.0,0.0,0.0,0.0,0.6,0.6,0.5972222222222222,44.0
A3_Backlog_aggressive,257,22180.574694199637,156000.0,93600.0,60210.0,42140.1,10000.0,780.0,780.0,0.0,0.0,0.0,0.6,0.6,0.6711111111111111,99.0
A3_Backlog_aggressive,258,23492.249757328736,152200.0,91320.0,57652.0,40973.12,10000.0,761.0,761.0,0.0,0.0,0.0,0.6,0.6,0.6055555555555556,16.0
A3_Backlog_aggressive,259,22280.465898802187,143400.0,86040.0,55044.0,37860.64,10000.0,717.0,717.0,0.0,0.0,0.0,0.6,0.6,0.64,60.0
A3_Backlog_aggressive,260,21078.809044658545,143800.0,86280.0,55708.0,37993.479999999996,10000.0,719.0,719.0,0.0,0.0,0.0,0.6,0.6,0.6755555555555556,76.0
A3_Backlog_aggressive,261,20750.724650749227,147000.0,88200.0,57020.0,39056.19999999999,10000.0,735.0,735.0,0.0,0.0,0.0,0.6,0.6,0.6811111111111111,89.0
A3_Backlog_aggressive,262,22092.33166391532,135200.0,81120.0,53932.0,39994.92,5000.0,676.0,676.0,0.0,0.0,0.0,0.6,0.6,0.6933333333333332,73.0
A3_Backlog_aggressive,263,22935.697425445163,151800.0,91080.0,58488.0,40745.28,10000.0,759.0,759.0,0.0,0.0,0.0,0.6,0.6,0.6655555555555555,44.0
A3_Backlog_aggressive,264,23462.98494875156,147600.0,88560.0,56266.0,39350.46,10000.0,738.0,738.0,0.0,0.0,0.0,0.6,0.6,0.6262962962962962,10.0
A3_Backlog_aggressive,265,23614.52641153906,125400.0,75240.0,51414.0,41645.34,0.0,646.0,627.0,19.0,0.0,0.0,0.6,0.6,0.6966666666666667,79.0
A3_Backlog_aggressive,266,20891.332248138937,140000.0,84000.0,54150.0,36731.5,10000.0,700.0,700.0,0.0,0.0,0.0,0.6,0.6,0.6627777777777778,71.0
A3_Backlog_aggressive,267,20619.5020262302,134600.0,80760.0,53686.0,39795.66,5000.0,710.0,673.0,37.0,0.0,0.040776699029126215,0.6,0.6,0.6811111111111111,106.0
A3_Backlog_aggressive,268,21887.834002136664,136800.0,82080.0,54588.0,40526.28,5000.0,689.0,684.0,5.0,0.0,0.01059322033898305,0.6,0.6,0.6977777777777778,78.0
A3_Backlog_aggressive,269,23877.995665047893,126200.0,75720.0,51742.0,41911.01999999999,0.0,649.0,631.0,18.0,0.0,0.0,0.6,0.6,0.7011111111111111,78.0
A3_Backlog_aggressive,270,21288.331369558324,135800.0,81480.0,54178.0,40194.18,5000.0,680.0,679.0,1.0,0.0,0.00211864406779661,0.6,0.6,0.6896296296296297,90.0
A3_Backlog_aggressive,271,21958.403625401872,138200.0,82920.0,55162.0,40991.22,5000.0,758.0,691.0,67.0,0.0,0.12430426716141002,0.6,0.6,0.7040740740740741,103.0
A3_Backlog_aggressive,272,21224.49413288526,135400.0,81240.0,54014.0,40061.34,5000.0,697.0,677.0,20.0,0.0,0.0408997955010225,0.6,0.6,0.6874074074074075,98.0
A3_Backlog_aggressive,273,23569.263912500126,151000.0,90600.0,57660.0,40479.6,10000.0,755.0,755.0,0.0,0.0,0.0,0.6,0.6,0.6316666666666667,46.0
A3_Backlog_aggressive,274,21786.763381166165,145400.0,87240.0,56364.0,38524.84,10000.0,727.0,727.0,0.0,0.0,0.0,0.6,0.6,0.6866666666666668,82.0
A3_Backlog_aggressive,275,21460.049770829122,137600.0,82560.0,54916.0,40791.96,5000.0,761.0,688.0,73.0,0.0,0.09671532846715329,0.6,0.6,0.6977777777777778,114.0
A3_Backlog_aggressive,276,20972.20619838581,142000.0,85200.0,54970.0,37395.7,10000.0,711.0,710.0,1.0,0.0,0.002061855670103093,0.6,0.6,0.668888888888889,86.0
A3_Backlog_aggressive,277,23011.485700956953,141200.0,84720.0,56392.0,41987.52,5000.0,752.0,706.0,46.0,0.0,0.08949416342412451,0.6,0.6,0.7218518518518519,98.0
A3_Backlog_aggressive,278,23568.06334184478,152000.0,91200.0,57570.0,40906.7,10000.0,760.0,760.0,0.0,0.0,0.0,0.6,0.6,0.6011111111111112,22.0
A3_Backlog_aggressive,279,21237.311710350266,134200.0,80520.0,53522.0,39662.82,5000.0,692.0,671.0,21.0,0.0,0.0430327868852459,0.6,0.6,0.6837037037037038,103.0
A3_Backlog_aggressive,280,22556.465528670673,144000.0,86400.0,55290.0,38059.899999999994,10000.0,720.0,720.0,0.0,0.0,0.0,0.6,0.6,0.6449999999999999,36.0
A3_Backlog_aggressive,281,22981.44803737388,156000.0,93600.0,60210.0,42140.1,10000.0,780.0,780.0,0.0,0.0,0.0,0.6,0.6,0.6788888888888889,75.0
A3_Backlog_aggressive,282,20796.499152711156,134000.0,80400.0,53440.0,39596.399999999994,5000.0,673.0,670.0,3.0,0.0,0.006329113924050633,0.6,0.6,0.6796296296296297,93.0
A3_Backlog_aggressive,283,21228.901200783337,134600.0,80760.0,53686.0,39795.66,5000.0,673.0,673.0,0.0,0.0,0.0,0.6,0.6,0.6848148148148148,84.0
A3_Backlog_aggressive,284,22921.71439023105,152600.0,91560.0,58816.0,41010.96,10000.0,763.0,763.0,0.0,0.0,0.0,0.6,0.6,0.6688888888888889,80.0
A3_Backlog_aggressive,285,22397.402573166954,143000.0,85800.0,54880.0,37727.8,10000.0,715.0,715.0,0.0,0.0,0.0,0.6,0.6,0.64,38.0
A3_Backlog_aggressive,286,21147.962845682843,119800.0,71880.0,47618.0,34880.579999999994,5000.0,599.0,599.0,0.0,0.0,0.0,0.6,0.6,0.63,25.0
A3_Backlog_aggressive,287,22789.59445752378,140600.0,84360.0,56146.0,41788.259999999995,5000.0,723.0,703.0,20.0,0.0,0.040983606557377046,0.6,0.6,0.7181481481481481,80.0
A3_Backlog_aggressive,288,20667.89933459711,146600.0,87960.0,56856.0,38923.35999999999,10000.0,769.0,733.0,36.0,0.0,0.06545454545454546,0.6,0.6,0.6788888888888889,96.0
A3_Backlog_aggressive,289,22668.743961998243,144800.0,86880.0,55118.0,38420.58,10000.0,724.0,724.0,0.0,0.0,0.0,0.6,0.6,0.6155555555555556,39.0
A3_Backlog_aggressive,290,22265.183837888508,134000.0,80400.0,53440.0,39596.399999999994,5000.0,688.0,670.0,18.0,0.0,0.03870967741935484,0.6,0.6,0.69,78.0
A3_Backlog_aggressive,291,23199.707012548748,149000.0,89400.0,56340.0,39910.4,10000.0,745.0,745.0,0.0,0.0,0.0,0.6,0.6,0.5972222222222222,36.0
A3_Backlog_aggressive,292,23242.646072665546,146800.0,88080.0,55938.0,39084.78,10000.0,734.0,734.0,0.0,0.0,0.0,0.6,0.6,0.6216666666666666,63.0
A3_Backlog_aggressive,293,20591.64023927537,129000.0,77400.0,51390.0,37935.9,5000.0,645.0,645.0,0.0,0.0,0.0,0.6,0.6,0.6603703703703704,62.0
A3_Backlog_aggressive,294,22884.54992257999,145200.0,87120.0,55782.0,38458.42,10000.0,726.0,726.0,0.0,0.0,0.0,0.6,0.6,0.6516666666666666,70.0
A3_Backlog_aggressive,295,21009.523320232896,132800.0,79680.0,52948.0,39197.880000000005,5000.0,717.0,664.0,53.0,0.0,0.1029126213592233,0.6,0.6,0.6770370370370371,101.0
A3_Backlog_aggressive,296,21925.726985542104,134800.0,80880.0,53768.0,39862.08,5000.0,680.0,674.0,6.0,0.0,0.012987012987012988,0.6,0.6,0.6896296296296297,71.0
A3_Backlog_aggressive,297,20764.91492257623,132000.0,79200.0,52620.0,38932.2,5000.0,660.0,660.0,0.0,0.0,0.0,0.6,0.6,0.6722222222222223,89.0
A3_Backlog_aggressive,298,20158.899531824554,131400.0,78840.0,52374.0,38732.939999999995,5000.0,701.0,657.0,44.0,0.0,0.08527131782945736,0.6,0.6,0.6659259259259259,94.0
A3_Backlog_aggressive,299,21312.82623262101,128000.0,76800.0,50980.0,37603.8,5000.0,648.0,640.0,8.0,0.0,0.01805869074492099,0.6,0.6,0.6611111111111112,68.0
A3_Backlog_aggressive,300,23189.26776610619,147800.0,88680.0,55848.0,39511.88,10000.0,739.0,739.0,0.0,0.0,0.0,0.6,0.6,0.5938888888888889,46.0
A4_Demand_trigger,1,22956.490372018237,146200.0,87720.0,58192.0,43695.520000000004,5000.0,735.0,731.0,4.0,0.0,0.0019455252918287938,0.6,0.6,0.7122222222222222,93.0
A4_Demand_trigger,2,22125.409551447243,141200.0,84720.0,53392.0,37272.520000000004,10000.0,706.0,706.0,0.0,0.0,0.0,0.6,0.6,0.5850000000000001,20.0
A4_Demand_trigger,3,21251.970389913527,135400.0,81240.0,54014.0,40061.34,5000.0,713.0,677.0,36.0,0.0,0.07114624505928854,0.6,0.6,0.6881481481481482,94.0
A4_Demand_trigger,4,21831.046005951648,135800.0,81480.0,54178.0,40194.18,5000.0,693.0,679.0,14.0,0.0,0.029535864978902954,0.6,0.6,0.6933333333333334,81.0
A4_Demand_trigger,5,22574.744933106656,138600.0,83160.0,55076.0,41171.56,5000.0,697.0,693.0,4.0,0.0,0.008298755186721992,0.6,0.6,0.6818518518518517,84.0
A4_Demand_trigger,6,21758.62180194823,137800.0,82680.0,54748.0,40905.88,5000.0,693.0,689.0,4.0,0.0,0.008113590263691683,0.6,0.6,0.6733333333333333,93.0
A4_Demand_trigger,7,20670.813586668366,133800.0,80280.0,53358.0,39529.979999999996,5000.0,681.0,669.0,12.0,0.0,0.024844720496894408,0.6,0.6,0.6785185185185186,89.0
A4_Demand_trigger,8,23472.157157165922,157200.0,94320.0,60452.0,42586.119999999995,10000.0,786.0,786.0,0.0,0.0,0.0,0.6,0.6,0.6616666666666667,56.0
A4_Demand_trigger,9,21159.710923813982,134600.0,80760.0,51436.0,34938.16,10000.0,673.0,673.0,0.0,0.0,0.0,0.6,0.6,0.6090740740740741,25.0
A4_Demand_trigger,10,23119.492335407715,146800.0,88080.0,55938.0,39084.78,10000.0,734.0,734.0,0.0,0.0,0.0,0.6,0.6,0.6214814814814815,5.0
A4_Demand_trigger,11,20687.12611093698,134800.0,80880.0,53768.0,39862.08,5000.0,718.0,674.0,44.0,0.0,0.07279693486590039,0.6,0.6,0.6822222222222223,104.0
A4_Demand_trigger,12,21904.99852311066,141000.0,84600.0,56060.0,41968.600000000006,5000.0,760.0,705.0,55.0,0.0,0.09874326750448834,0.6,0.6,0.6862962962962963,106.0
A4_Demand_trigger,13,21631.312626637464,139200.0,83520.0,55322.0,41370.82000000001,5000.0,733.0,696.0,37.0,0.0,0.0691588785046729,0.6,0.6,0.6777777777777778,100.0
A4_Demand_trigger,14,21383.96178684255,134600.0,80760.0,53686.0,39795.65999999999,5000.0,675.0,673.0,2.0,0.0,0.004347826086956522,0.6,0.6,0.6855555555555557,92.0
A4_Demand_trigger,15,21220.197842757345,135200.0,81120.0,51682.0,35137.42,10000.0,676.0,676.0,0.0,0.0,0.0,0.6,0.6,0.6133333333333333,20.0
A4_Demand_trigger,16,22367.588024147764,141600.0,84960.0,53556.0,37405.36,10000.0,708.0,708.0,0.0,0.0,0.0,0.6,0.6,0.5927777777777778,14.0
A4_Demand_trigger,17,22839.3890786542,147600.0,88560.0,56016.0,39397.96000000001,10000.0,738.0,738.0,0.0,0.0,0.0,0.6,0.6,0.6007407407407407,10.0
A4_Demand_trigger,18,25471.340564733327,163600.0,98160.0,62326.0,44759.06,10000.0,818.0,818.0,0.0,0.0,0.0,0.6,0.6,0.6329629629629631,6.0
A4_Demand_trigger,19,21049.881671979187,131200.0,78720.0,52292.0,38666.520000000004,5000.0,694.0,656.0,38.0,0.0,0.07707910750507099,0.6,0.6,0.6711111111111111,97.0
A4_Demand_trigger,20,23487.963441481526,149600.0,89760.0,57336.0,39967.159999999996,10000.0,748.0,748.0,0.0,0.0,0.0,0.6,0.6,0.6449999999999999,47.0
A4_Demand_trigger,21,22792.81841867235,145800.0,87480.0,58028.0,43562.68000000001,5000.0,744.0,729.0,15.0,0.0,0.007619047619047619,0.6,0.6,0.7100000000000001,101.0
A4_Demand_trigger,22,21641.693151121784,133600.0,80160.0,53276.0,39463.56,5000.0,668.0,668.0,0.0,0.0,0.0,0.6,0.6,0.6833333333333333,73.0
A4_Demand_trigger,23,23476.581871769096,158800.0,95280.0,61108.0,43117.479999999996,10000.0,794.0,794.0,0.0,0.0,0.0,0.6,0.6,0.6661111111111111,77.0
A4_Demand_trigger,24,21946.2867550559,136400.0,81840.0,54174.0,40440.94,5000.0,682.0,682.0,0.0,0.0,0.0,0.6,0.6,0.6688888888888889,71.0
A4_Demand_trigger,25,21984.19671608407,140800.0,84480.0,53478.0,37092.18,10000.0,704.0,704.0,0.0,0.0,0.0,0.6,0.6,0.5990740740740741,2.0
A4_Demand_trigger,26,21811.36048822353,136000.0,81600.0,54260.0,40260.6,5000.0,705.0,680.0,25.0,0.0,0.05112474437627812,0.6,0.6,0.6944444444444445,85.0
A4_Demand_trigger,27,21759.208967102808,131200.0,78720.0,52292.0,38666.520000000004,5000.0,683.0,656.0,27.0,0.0,0.057692307692307696,0.6,0.6,0.6759259259259259,87.0
A4_Demand_trigger,28,21092.437319508063,132000.0,79200.0,52620.0,38932.2,5000.0,660.0,660.0,0.0,0.0,0.0,0.6,0.6,0.6744444444444445,69.0
A4_Demand_trigger,29,20977.236931074294,135400.0,81240.0,54014.0,40061.340000000004,5000.0,723.0,677.0,46.0,0.0,0.0690978886756238,0.6,0.6,0.6855555555555556,100.0
A4_Demand_trigger,30,21376.32304096127,137000.0,82200.0,52170.0,35782.7,10000.0,685.0,685.0,0.0,0.0,0.0,0.6,0.6,0.6005555555555555,41.0
A4_Demand_trigger,31,23095.91136898967,146200.0,87720.0,58192.0,43695.52,5000.0,731.0,731.0,0.0,0.0,0.0,0.6,0.6,0.7133333333333334,87.0
A4_Demand_trigger,32,20028.467676508066,131600.0,78960.0,52456.0,38799.36,5000.0,702.0,658.0,44.0,0.0,0.08527131782945736,0.6,0.6,0.6651851851851852,99.0
A4_Demand_trigger,33,21895.570899599188,140200.0,84120.0,53982.0,36750.42,10000.0,701.0,701.0,0.0,0.0,0.0,0.6,0.6,0.6494444444444445,21.0
A4_Demand_trigger,34,23268.688422081672,147800.0,88680.0,56598.0,39369.38,10000.0,739.0,739.0,0.0,0.0,0.0,0.6,0.6,0.6394444444444445,29.0
A4_Demand_trigger,35,22390.69070836012,142800.0,85680.0,54048.0,37803.880000000005,10000.0,714.0,714.0,0.0,0.0,0.0,0.6,0.6,0.5912962962962963,18.0
A4_Demand_trigger,36,20970.970332905614,133000.0,79800.0,50280.0,34501.8,10000.0,665.0,665.0,0.0,0.0,0.0,0.6,0.6,0.5764814814814815,4.0
A4_Demand_trigger,37,21427.024998931618,136800.0,82080.0,52088.0,35716.28,10000.0,684.0,684.0,0.0,0.0,0.0,0.6,0.6,0.6022222222222223,42.0
A4_Demand_trigger,38,21405.982623689673,137000.0,82200.0,52170.0,35782.7,10000.0,685.0,685.0,0.0,0.0,0.0,0.6,0.6,0.6033333333333334,36.0
A4_Demand_trigger,39,21858.499783100815,136400.0,81840.0,54424.0,40393.43999999999,5000.0,691.0,682.0,9.0,0.0,0.0189873417721519,0.6,0.6,0.6962962962962963,99.0
A4_Demand_trigger,40,23156.08443705589,152600.0,91560.0,58566.0,41025.78,10000.0,763.0,763.0,0.0,0.0,0.0,0.6,0.6,0.6455555555555555,46.0
A4_Demand_trigger,41,24217.78514883498,127400.0,76440.0,52234.0,42309.539999999986,0.0,672.0,637.0,35.0,0.0,0.015873015873015872,0.6,0.6,0.7077777777777778,88.0
A4_Demand_trigger,42,22348.067835812573,144000.0,86400.0,57290.0,42964.90000000001,5000.0,774.0,720.0,54.0,0.0,0.06028368794326241,0.6,0.6,0.7,110.0
A4_Demand_trigger,43,23992.19193655392,152800.0,91680.0,58148.0,41124.88,10000.0,764.0,764.0,0.0,0.0,0.0,0.6,0.6,0.6227777777777778,27.0
A4_Demand_trigger,44,21419.677776041983,138400.0,83040.0,53244.0,36152.64,10000.0,692.0,692.0,0.0,0.0,0.0,0.6,0.6,0.6400000000000001,42.0
A4_Demand_trigger,45,23896.69729357841,150800.0,90480.0,57328.0,40460.68,10000.0,754.0,754.0,0.0,0.0,0.0,0.6,0.6,0.616111111111111,18.0
A4_Demand_trigger,46,22158.111825308373,142200.0,85320.0,53802.0,37604.62,10000.0,711.0,711.0,0.0,0.0,0.0,0.6,0.6,0.5892592592592594,9.0
A4_Demand_trigger,47,21139.296256876445,134800.0,80880.0,51518.0,35004.579999999994,10000.0,674.0,674.0,0.0,0.0,0.0,0.6,0.6,0.6075925925925926,18.0
A4_Demand_trigger,48,21355.642430640637,136400.0,81840.0,51674.0,35630.94,10000.0,682.0,682.0,0.0,0.0,0.0,0.6,0.6,0.5835185185185185,6.0
A4_Demand_trigger,49,24668.728905288393,157000.0,94200.0,59870.0,42519.700000000004,10000.0,785.0,785.0,0.0,0.0,0.0,0.6,0.6,0.6333333333333333,24.0
A4_Demand_trigger,50,21272.68475329033,142600.0,85560.0,54966.0,37642.46,10000.0,713.0,713.0,0.0,0.0,0.0,0.6,0.6,0.6488888888888888,63.0
A4_Demand_trigger,51,21832.185786271657,139800.0,83880.0,53568.0,36665.08,10000.0,699.0,699.0,0.0,0.0,0.0,0.6,0.6,0.6255555555555556,26.0
A4_Demand_trigger,52,25855.621002353593,166600.0,99960.0,63806.0,45707.85999999999,10000.0,833.0,833.0,0.0,0.0,0.0,0.6,0.6,0.6605555555555556,39.0
A4_Demand_trigger,53,21167.101714940116,120800.0,72480.0,47278.0,35307.67999999999,5000.0,604.0,604.0,0.0,0.0,0.0,0.6,0.6,0.5666666666666667,4.0
A4_Demand_trigger,54,21370.602048675355,141600.0,84960.0,54556.0,37310.36,10000.0,708.0,708.0,0.0,0.0,0.0,0.6,0.6,0.6466666666666666,55.0
A4_Demand_trigger,55,21630.668490023963,139800.0,83880.0,53318.0,36712.579999999994,10000.0,699.0,699.0,0.0,0.0,0.0,0.6,0.6,0.6111111111111112,38.0
A4_Demand_trigger,56,22846.155625434523,145800.0,87480.0,55278.0,38800.18,10000.0,729.0,729.0,0.0,0.0,0.0,0.6,0.6,0.6016666666666667,8.0
A4_Demand_trigger,57,20897.261407937724,135000.0,81000.0,51350.0,35118.5,10000.0,675.0,675.0,0.0,0.0,0.0,0.6,0.6,0.5944444444444444,28.0
A4_Demand_trigger,58,22526.716953657484,143800.0,86280.0,54958.0,38040.979999999996,10000.0,719.0,719.0,0.0,0.0,0.0,0.6,0.6,0.625,31.0
A4_Demand_trigger,59,22144.134463693514,142200.0,85320.0,54802.0,37430.200000000004,10000.0,711.0,711.0,0.0,0.0,0.0,0.6,0.6,0.6561111111111111,33.0
A4_Demand_trigger,60,23135.878847324802,152000.0,91200.0,58320.0,40779.78,10000.0,760.0,760.0,0.0,0.0,0.0,0.6,0.6,0.6438888888888888,56.0
A4_Demand_trigger,61,23605.30610665036,150400.0,90240.0,57164.0,40327.840000000004,10000.0,752.0,752.0,0.0,0.0,0.0,0.6,0.6,0.6111111111111112,41.0
A4_Demand_trigger,62,24571.316035069645,157800.0,94680.0,60198.0,42785.38,10000.0,789.0,789.0,0.0,0.0,0.0,0.6,0.6,0.6305555555555554,20.0
A4_Demand_trigger,63,20679.19135660239,135800.0,81480.0,51178.0,35479.18,10000.0,679.0,679.0,0.0,0.0,0.0,0.6,0.6,0.5616666666666666,4.0
A4_Demand_trigger,64,20604.03081143688,118800.0,71280.0,47208.0,34548.479999999996,5000.0,594.0,594.0,0.0,0.0,0.0,0.6,0.6,0.6214814814814814,44.0
A4_Demand_trigger,65,20872.55701365974,127000.0,76200.0,50570.0,37271.7,5000.0,635.0,635.0,0.0,0.0,0.0,0.6,0.6,0.6540740740740741,66.0
A4_Demand_trigger,66,23770.825392880077,160400.0,96240.0,61764.0,43648.84,10000.0,802.0,802.0,0.0,0.0,0.0,0.6,0.6,0.6733333333333333,84.0
A4_Demand_trigger,67,21242.536483850592,134400.0,80640.0,53604.0,39729.23999999999,5000.0,687.0,672.0,15.0,0.0,0.031315240083507306,0.6,0.6,0.6844444444444445,97.0
A4_Demand_trigger,68,22492.5022954208,134200.0,80520.0,53272.0,39710.32,5000.0,671.0,671.0,0.0,0.0,0.0,0.6,0.6,0.6648148148148149,65.0
A4_Demand_trigger,69,21803.958908572273,137600.0,82560.0,52416.0,35981.96000000001,10000.0,688.0,688.0,0.0,0.0,0.0,0.6,0.6,0.6088888888888889,44.0
A4_Demand_trigger,70,21378.216741358272,136400.0,81840.0,51924.0,35583.44,10000.0,682.0,682.0,0.0,0.0,0.0,0.6,0.6,0.6022222222222222,43.0
A4_Demand_trigger,71,22094.629842311428,141800.0,85080.0,53638.0,37471.78,10000.0,709.0,709.0,0.0,0.0,0.0,0.6,0.6,0.5875925925925926,5.0
A4_Demand_trigger,72,22854.236900313823,145000.0,87000.0,55200.0,38486.99999999999,10000.0,725.0,725.0,0.0,0.0,0.0,0.6,0.6,0.6131481481481482,10.0
A4_Demand_trigger,73,21090.129085522116,135600.0,81360.0,54096.0,40127.759999999995,5000.0,715.0,678.0,37.0,0.0,0.07254901960784314,0.6,0.6,0.687037037037037,113.0
A4_Demand_trigger,74,23548.870367186697,150600.0,90360.0,57246.0,40394.259999999995,10000.0,753.0,753.0,0.0,0.0,0.0,0.6,0.6,0.6127777777777778,26.0
A4_Demand_trigger,75,22357.89468087467,127400.0,76440.0,50734.0,37404.53999999999,5000.0,637.0,637.0,0.0,0.0,0.0,0.6,0.6,0.6662962962962963,40.0
A4_Demand_trigger,76,22238.522872656475,141200.0,84720.0,53642.0,37225.01999999999,10000.0,706.0,706.0,0.0,0.0,0.0,0.6,0.6,0.6003703703703703,19.0
A4_Demand_trigger,77,20178.18745957187,129000.0,77400.0,49140.0,33078.399999999994,10000.0,645.0,645.0,0.0,0.0,0.0,0.6,0.6,0.5890740740740742,19.0
A4_Demand_trigger,78,22036.25731761901,141800.0,85080.0,54388.0,37329.28,10000.0,709.0,709.0,0.0,0.0,0.0,0.6,0.6,0.6331481481481481,20.0
A4_Demand_trigger,79,22732.66361371477,148000.0,88800.0,56680.0,39435.8,10000.0,740.0,740.0,0.0,0.0,0.0,0.6,0.6,0.6322222222222221,49.0
A4_Demand_trigger,80,22190.594115152944,143400.0,86040.0,54294.0,38003.13999999999,10000.0,717.0,717.0,0.0,0.0,0.0,0.6,0.6,0.5916666666666667,20.0
A4_Demand_trigger,81,21153.39949204368,131600.0,78960.0,52456.0,38799.36,5000.0,658.0,658.0,0.0,0.0,0.0,0.6,0.6,0.6725925925925925,68.0
A4_Demand_trigger,82,21544.211188881334,139400.0,83640.0,53404.0,36532.24,10000.0,697.0,697.0,0.0,0.0,0.0,0.6,0.6,0.6216666666666666,18.0
A4_Demand_trigger,83,24823.234957016124,158200.0,94920.0,60362.0,42918.219999999994,10000.0,791.0,791.0,0.0,0.0,0.0,0.6,0.6,0.6377777777777778,50.0
A4_Demand_trigger,84,22505.419119826856,141600.0,84960.0,53556.0,37405.36,10000.0,708.0,708.0,0.0,0.0,0.0,0.6,0.6,0.5925925925925924,11.0
A4_Demand_trigger,85,20302.04802994889,131200.0,78720.0,52292.0,38666.520000000004,5000.0,659.0,656.0,3.0,0.0,0.00646551724137931,0.6,0.6,0.6659259259259259,91.0
A4_Demand_trigger,86,22721.310002463913,146200.0,87720.0,55442.0,38933.02,10000.0,731.0,731.0,0.0,0.0,0.0,0.6,0.6,0.6022222222222222,18.0
A4_Demand_trigger,87,23268.824982593374,150800.0,90480.0,57328.0,40460.68,10000.0,754.0,754.0,0.0,0.0,0.0,0.6,0.6,0.6122222222222222,3.0
A4_Demand_trigger,88,19624.935068656825,126200.0,75720.0,47492.0,32243.52,10000.0,631.0,631.0,0.0,0.0,0.0,0.6,0.6,0.5509259259259259,12.0
A4_Demand_trigger,89,22165.30957792837,139800.0,83880.0,53318.0,36712.579999999994,10000.0,699.0,699.0,0.0,0.0,0.0,0.6,0.6,0.6166666666666667,47.0
A4_Demand_trigger,90,19592.179194537755,124000.0,74400.0,49340.0,36275.4,5000.0,620.0,620.0,0.0,0.0,0.0,0.6,0.6,0.6344444444444444,87.0
A4_Demand_trigger,91,23176.3177295388,149000.0,89400.0,56590.0,39862.90000000001,10000.0,745.0,745.0,0.0,0.0,0.0,0.6,0.6,0.6072222222222223,11.0
A4_Demand_trigger,92,21877.64156653521,142600.0,85560.0,54966.0,37642.46,10000.0,713.0,713.0,0.0,0.0,0.0,0.6,0.6,0.6549999999999999,45.0
A4_Demand_trigger,93,25768.32268819369,171800.0,103080.0,65938.0,47529.78,10000.0,859.0,859.0,0.0,0.0,0.0,0.6,0.6,0.6733333333333333,67.0
A4_Demand_trigger,94,21633.43662872669,138000.0,82800.0,55080.0,40924.8,5000.0,755.0,690.0,65.0,0.0,0.0996309963099631,0.6,0.6,0.7,116.0
A4_Demand_trigger,95,21114.58536246093,135600.0,81360.0,51846.0,35270.259999999995,10000.0,678.0,678.0,0.0,0.0,0.0,0.6,0.6,0.6101851851851852,23.0
A4_Demand_trigger,96,22443.550813160386,144400.0,86640.0,54954.0,38287.740000000005,10000.0,722.0,722.0,0.0,0.0,0.0,0.6,0.6,0.6094444444444443,6.0
A4_Demand_trigger,97,22102.56294057742,130000.0,78000.0,51550.0,38315.50000000001,5000.0,650.0,650.0,0.0,0.0,0.0,0.6,0.6,0.6470370370370371,55.0
A4_Demand_trigger,98,20657.791876536074,134000.0,80400.0,50940.0,34786.399999999994,10000.0,670.0,670.0,0.0,0.0,0.0,0.6,0.6,0.5805555555555556,3.0
A4_Demand_trigger,99,20404.48362319949,129600.0,77760.0,48886.0,33372.659999999996,10000.0,648.0,648.0,0.0,0.0,0.0,0.6,0.6,0.5648148148148149,1.0
A4_Demand_trigger,100,22865.829992537954,145200.0,87120.0,55532.0,38505.920000000006,10000.0,726.0,726.0,0.0,0.0,0.0,0.6,0.6,0.6311111111111111,42.0
A4_Demand_trigger,101,21629.204667694477,140200.0,84120.0,52982.0,36940.420000000006,10000.0,701.0,701.0,0.0,0.0,0.0,0.6,0.6,0.5835185185185185,10.0
A4_Demand_trigger,102,23723.705436066208,153800.0,92280.0,58558.0,41456.98,10000.0,769.0,769.0,0.0,0.0,0.0,0.6,0.6,0.6196296296296296,11.0
A4_Demand_trigger,103,24697.003853162278,158200.0,94920.0,60362.0,42918.22,10000.0,791.0,791.0,0.0,0.0,0.0,0.6,0.6,0.6327777777777777,52.0
A4_Demand_trigger,104,22429.764623330535,143000.0,85800.0,54630.0,37775.299999999996,10000.0,715.0,715.0,0.0,0.0,0.0,0.6,0.6,0.6205555555555554,46.0
A4_Demand_trigger,105,22199.266322491065,143200.0,85920.0,56962.0,42699.22,5000.0,758.0,716.0,42.0,0.0,0.07636363636363637,0.6,0.6,0.6962962962962963,95.0
A4_Demand_trigger,106,23638.96994271073,152600.0,91560.0,58566.0,40963.46,10000.0,763.0,763.0,0.0,0.0,0.0,0.6,0.6,0.6516666666666666,68.0
A4_Demand_trigger,107,18935.271646670477,120400.0,72240.0,45614.0,30222.339999999997,10000.0,602.0,602.0,0.0,0.0,0.0,0.6,0.6,0.5575925925925926,16.0
A4_Demand_trigger,108,24009.759981451396,159000.0,95400.0,61190.0,43183.9,10000.0,795.0,795.0,0.0,0.0,0.0,0.6,0.6,0.6716666666666667,55.0
A4_Demand_trigger,109,23511.96438677623,148600.0,89160.0,56426.0,39730.06,10000.0,743.0,743.0,0.0,0.0,0.0,0.6,0.6,0.6116666666666666,31.0
A4_Demand_trigger,110,20373.706894009694,130200.0,78120.0,49382.0,33524.42,10000.0,651.0,651.0,0.0,0.0,0.0,0.6,0.6,0.5829629629629629,27.0
A4_Demand_trigger,111,23124.007396284713,133000.0,79800.0,52780.0,39311.8,5000.0,665.0,665.0,0.0,0.0,0.0,0.6,0.6,0.6644444444444445,52.0
A4_Demand_trigger,112,22974.921775625306,147000.0,88200.0,55770.0,39198.700000000004,10000.0,735.0,735.0,0.0,0.0,0.0,0.6,0.6,0.6035185185185185,12.0
A4_Demand_trigger,113,21309.322788665635,136800.0,82080.0,52588.0,35621.27999999999,10000.0,684.0,684.0,0.0,0.0,0.0,0.6,0.6,0.6361111111111111,27.0
A4_Demand_trigger,114,21979.15835586537,140400.0,84240.0,54064.0,36816.840000000004,10000.0,702.0,702.0,0.0,0.0,0.0,0.6,0.6,0.6511111111111111,32.0
A4_Demand_trigger,115,23776.051639085526,152200.0,91320.0,57902.0,40925.62,10000.0,761.0,761.0,0.0,0.0,0.0,0.6,0.6,0.6194444444444446,7.0
A4_Demand_trigger,116,22959.07862016434,147600.0,88560.0,55516.0,39492.96,10000.0,738.0,738.0,0.0,0.0,0.0,0.6,0.6,0.5746296296296296,9.0
A4_Demand_trigger,117,22861.148887952175,147800.0,88680.0,56598.0,39369.38,10000.0,739.0,739.0,0.0,0.0,0.0,0.6,0.6,0.6333333333333333,28.0
A4_Demand_trigger,118,20585.94592786238,133000.0,79800.0,50780.0,34406.799999999996,10000.0,665.0,665.0,0.0,0.0,0.0,0.6,0.6,0.5990740740740742,14.0
A4_Demand_trigger,119,20867.34370489775,128800.0,77280.0,51308.0,37869.479999999996,5000.0,644.0,644.0,0.0,0.0,0.0,0.6,0.6,0.6614814814814814,62.0
A4_Demand_trigger,120,23968.771182239125,152200.0,91320.0,57902.0,40925.62,10000.0,761.0,761.0,0.0,0.0,0.0,0.6,0.6,0.6211111111111111,22.0
A4_Demand_trigger,121,23156.08443705589,154800.0,92880.0,59468.0,41789.08,10000.0,774.0,774.0,0.0,0.0,0.0,0.6,0.6,0.6516666666666667,49.0
A4_Demand_trigger,122,21315.702811932286,146000.0,87600.0,56360.0,38771.6,10000.0,749.0,730.0,19.0,0.0,0.035849056603773584,0.6,0.6,0.6588888888888889,109.0
A4_Demand_trigger,123,22661.706252213797,149600.0,89760.0,57586.0,40014.65999999999,10000.0,748.0,748.0,0.0,0.0,0.0,0.6,0.6,0.6566666666666667,45.0
A4_Demand_trigger,124,25650.00622683543,165000.0,99000.0,63150.0,45176.49999999999,10000.0,825.0,825.0,0.0,0.0,0.0,0.6,0.6,0.655,31.0
A4_Demand_trigger,125,22390.790253564,144400.0,86640.0,55204.0,38240.24,10000.0,722.0,722.0,0.0,0.0,0.0,0.6,0.6,0.6238888888888888,26.0
A4_Demand_trigger,126,24122.028149912123,152400.0,91440.0,57984.0,40992.03999999999,10000.0,762.0,762.0,0.0,0.0,0.0,0.6,0.6,0.6222222222222222,35.0
A4_Demand_trigger,127,25879.268309910283,172800.0,103680.0,66348.0,47861.880000000005,10000.0,864.0,864.0,0.0,0.0,0.0,0.6,0.6,0.6772222222222222,84.0
A4_Demand_trigger,128,22109.190908131142,140800.0,84480.0,55978.0,41902.18,5000.0,726.0,704.0,22.0,0.0,0.04238921001926782,0.6,0.6,0.687037037037037,103.0
A4_Demand_trigger,129,19763.86446265055,125600.0,75360.0,47496.0,31996.76,10000.0,628.0,628.0,0.0,0.0,0.0,0.6,0.6,0.572037037037037,12.0
A4_Demand_trigger,130,23206.201477431714,147200.0,88320.0,58602.0,44027.62000000001,5000.0,756.0,736.0,20.0,0.0,0.022641509433962263,0.6,0.6,0.7177777777777777,98.0
A4_Demand_trigger,131,23025.1311092573,138200.0,82920.0,54912.0,41038.72,5000.0,691.0,691.0,0.0,0.0,0.0,0.6,0.6,0.6833333333333333,68.0
A4_Demand_trigger,132,23346.482721947323,146800.0,88080.0,55688.0,39132.28,10000.0,734.0,734.0,0.0,0.0,0.0,0.6,0.6,0.6061111111111112,23.0
A4_Demand_trigger,133,21176.210162564224,129200.0,77520.0,51472.0,38002.32,5000.0,646.0,646.0,0.0,0.0,0.0,0.6,0.6,0.664074074074074,60.0
A4_Demand_trigger,134,23115.223760210814,147200.0,88320.0,55852.0,39265.12,10000.0,736.0,736.0,0.0,0.0,0.0,0.6,0.6,0.6064814814814814,14.0
A4_Demand_trigger,135,20205.224380682062,127200.0,76320.0,50652.0,37338.12,5000.0,637.0,636.0,1.0,0.0,0.0022371364653243847,0.6,0.6,0.6507407407407406,80.0
A4_Demand_trigger,136,22659.41236295159,144800.0,86880.0,57618.0,43230.58,5000.0,724.0,724.0,0.0,0.0,0.0,0.6,0.6,0.7051851851851851,88.0
A4_Demand_trigger,137,23562.80089489526,153000.0,91800.0,58730.0,41096.299999999996,10000.0,765.0,765.0,0.0,0.0,0.0,0.6,0.6,0.6511111111111111,64.0
A4_Demand_trigger,138,21221.37549673059,137800.0,82680.0,52998.0,35953.37999999999,10000.0,689.0,689.0,0.0,0.0,0.0,0.6,0.6,0.6361111111111111,48.0
A4_Demand_trigger,139,25565.496267925228,162800.0,97680.0,62248.0,44445.88,10000.0,814.0,814.0,0.0,0.0,0.0,0.6,0.6,0.6505555555555556,56.0
A4_Demand_trigger,140,22658.781127946473,132800.0,79680.0,52698.0,39245.38,5000.0,664.0,664.0,0.0,0.0,0.0,0.6,0.6,0.6607407407407407,58.0
A4_Demand_trigger,141,22808.62357206969,133600.0,80160.0,53026.0,39511.060000000005,5000.0,668.0,668.0,0.0,0.0,0.0,0.6,0.6,0.6648148148148149,66.0
A4_Demand_trigger,142,22495.965117901927,144800.0,86880.0,55368.0,38373.079999999994,10000.0,724.0,724.0,0.0,0.0,0.0,0.6,0.6,0.625,43.0
A4_Demand_trigger,143,20463.39938935178,115400.0,69240.0,45564.0,33419.34,5000.0,577.0,577.0,0.0,0.0,0.0,0.6,0.6,0.5851851851851851,21.0
A4_Demand_trigger,144,21121.2398894032,128600.0,77160.0,51226.0,37803.06,5000.0,643.0,643.0,0.0,0.0,0.0,0.6,0.6,0.6618518518518518,71.0
A4_Demand_trigger,145,25055.7212085898,159800.0,95880.0,61018.0,43449.579999999994,10000.0,799.0,799.0,0.0,0.0,0.0,0.6,0.6,0.6433333333333332,36.0
A4_Demand_trigger,146,23026.484071662126,149200.0,89520.0,57172.0,39834.32,10000.0,746.0,746.0,0.0,0.0,0.0,0.6,0.6,0.6372222222222222,42.0
A4_Demand_trigger,147,19431.84689333905,123400.0,74040.0,46594.0,31266.14,10000.0,617.0,617.0,0.0,0.0,0.0,0.6,0.6,0.5503703703703704,1.0
A4_Demand_trigger,148,19877.993997379734,128600.0,77160.0,51226.0,37803.06,5000.0,643.0,643.0,0.0,0.0,0.0,0.6,0.6,0.652962962962963,76.0
A4_Demand_trigger,149,23753.3282758036,150600.0,90360.0,57246.0,40394.259999999995,10000.0,753.0,753.0,0.0,0.0,0.0,0.6,0.6,0.6155555555555556,17.0
A4_Demand_trigger,150,23839.408469229253,159200.0,95520.0,61272.0,43250.32,10000.0,796.0,796.0,0.0,0.0,0.0,0.6,0.6,0.6705555555555556,76.0
A4_Demand_trigger,151,22864.87771079004,146200.0,87720.0,55442.0,38933.02,10000.0,731.0,731.0,0.0,0.0,0.0,0.6,0.6,0.6016666666666667,31.0
A4_Demand_trigger,152,21241.885143148567,138800.0,83280.0,53408.0,36285.479999999996,10000.0,694.0,694.0,0.0,0.0,0.0,0.6,0.6,0.6383333333333334,60.0
A4_Demand_trigger,153,22240.342119578814,135200.0,81120.0,53682.0,40042.42,5000.0,682.0,676.0,6.0,0.0,0.012684989429175475,0.6,0.6,0.6670370370370371,84.0
A4_Demand_trigger,154,21636.93305019642,137000.0,82200.0,52170.0,35782.7,10000.0,685.0,685.0,0.0,0.0,0.0,0.6,0.6,0.5987037037037037,3.0
A4_Demand_trigger,155,23383.66286510247,153600.0,92160.0,58976.0,41373.46,10000.0,768.0,768.0,0.0,0.0,0.0,0.6,0.6,0.6505555555555556,72.0
A4_Demand_trigger,156,20611.12006610973,132200.0,79320.0,52702.0,38998.62,5000.0,693.0,661.0,32.0,0.0,0.06477732793522267,0.6,0.6,0.6718518518518518,87.0
A4_Demand_trigger,157,20570.838601786054,129800.0,77880.0,49468.0,33344.08,10000.0,649.0,649.0,0.0,0.0,0.0,0.6,0.6,0.5964814814814815,15.0
A4_Demand_trigger,158,19819.203518932816,123200.0,73920.0,47012.0,31104.72,10000.0,616.0,616.0,0.0,0.0,0.0,0.6,0.6,0.5957407407407407,22.0
A4_Demand_trigger,159,23073.149608147105,146200.0,87720.0,55692.0,38885.52,10000.0,731.0,731.0,0.0,0.0,0.0,0.6,0.6,0.6185185185185186,8.0
A4_Demand_trigger,160,20720.067563772547,134600.0,80760.0,53686.0,39795.66,5000.0,703.0,673.0,30.0,0.0,0.0496031746031746,0.6,0.6,0.6811111111111111,113.0
A4_Demand_trigger,161,22493.461287063186,143800.0,86280.0,57208.0,42898.48,5000.0,736.0,719.0,17.0,0.0,0.032504780114722756,0.6,0.6,0.7003703703703704,107.0
A4_Demand_trigger,162,22667.68821804271,128400.0,77040.0,50894.0,37784.14,5000.0,642.0,642.0,0.0,0.0,0.0,0.6,0.6,0.6448148148148148,36.0
A4_Demand_trigger,163,23438.971797642127,163400.0,98040.0,62994.0,44645.14,10000.0,817.0,817.0,0.0,0.0,0.0,0.6,0.6,0.6783333333333333,85.0
A4_Demand_trigger,164,23777.273729877725,153200.0,91920.0,58812.0,41162.72,10000.0,766.0,766.0,0.0,0.0,0.0,0.6,0.6,0.6544444444444444,56.0
A4_Demand_trigger,165,22250.268193900196,142600.0,85560.0,53966.0,37737.46,10000.0,713.0,713.0,0.0,0.0,0.0,0.6,0.6,0.592037037037037,16.0
A4_Demand_trigger,166,20383.707075753067,133200.0,79920.0,50862.0,34473.22,10000.0,666.0,666.0,0.0,0.0,0.0,0.6,0.6,0.5944444444444446,13.0
A4_Demand_trigger,167,23464.647890027372,151200.0,90720.0,57492.0,40593.52,10000.0,756.0,756.0,0.0,0.0,0.0,0.6,0.6,0.6133333333333334,11.0
A4_Demand_trigger,168,24076.820993660098,153800.0,92280.0,58058.0,41551.98,10000.0,769.0,769.0,0.0,0.0,0.0,0.6,0.6,0.5938888888888889,29.0
A4_Demand_trigger,169,21225.487797523157,141800.0,85080.0,54638.0,37376.779999999984,10000.0,709.0,709.0,0.0,0.0,0.0,0.6,0.6,0.6455555555555555,59.0
A4_Demand_trigger,170,21877.96932317248,141800.0,85080.0,54638.0,37328.52,10000.0,709.0,709.0,0.0,0.0,0.0,0.6,0.6,0.6527777777777778,53.0
A4_Demand_trigger,171,21413.62010731731,139400.0,83640.0,53654.0,36484.74,10000.0,697.0,697.0,0.0,0.0,0.0,0.6,0.6,0.6411111111111112,50.0
A4_Demand_trigger,172,22475.179750184234,142800.0,85680.0,56798.0,42566.38,5000.0,714.0,714.0,0.0,0.0,0.0,0.6,0.6,0.6966666666666668,87.0
A4_Demand_trigger,173,22779.082971827644,144800.0,86880.0,54868.0,38468.08,10000.0,724.0,724.0,0.0,0.0,0.0,0.6,0.6,0.5983333333333333,14.0
A4_Demand_trigger,174,22884.81320750868,149200.0,89520.0,57422.0,39881.82,10000.0,746.0,746.0,0.0,0.0,0.0,0.6,0.6,0.6577777777777778,53.0
A4_Demand_trigger,175,24073.18815441961,154200.0,92520.0,58722.0,41589.81999999999,10000.0,771.0,771.0,0.0,0.0,0.0,0.6,0.6,0.6266666666666667,13.0
A4_Demand_trigger,176,22483.29172695672,144400.0,86640.0,57454.0,43097.740000000005,5000.0,722.0,722.0,0.0,0.0,0.0,0.6,0.6,0.7022222222222222,90.0
A4_Demand_trigger,177,21623.391914923708,137600.0,82560.0,52416.0,35981.96,10000.0,688.0,688.0,0.0,0.0,0.0,0.6,0.6,0.6081481481481481,30.0
A4_Demand_trigger,178,20804.728811650726,132600.0,79560.0,52866.0,39131.45999999999,5000.0,673.0,663.0,10.0,0.0,0.021052631578947368,0.6,0.6,0.6751851851851852,91.0
A4_Demand_trigger,179,21965.615292303915,142600.0,85560.0,56716.0,42499.96000000001,5000.0,749.0,713.0,36.0,0.0,0.056776556776556776,0.6,0.6,0.6922222222222222,110.0
A4_Demand_trigger,180,23419.07678233832,147200.0,88320.0,56102.0,39217.62,10000.0,736.0,736.0,0.0,0.0,0.0,0.6,0.6,0.6222222222222221,15.0
A4_Demand_trigger,181,22950.629582025173,159800.0,95880.0,61518.0,43449.579999999994,10000.0,799.0,799.0,0.0,0.0,0.0,0.6,0.6,0.6633333333333333,73.0
A4_Demand_trigger,182,20610.431170214717,128200.0,76920.0,51062.0,37670.219999999994,5000.0,641.0,641.0,0.0,0.0,0.0,0.6,0.6,0.6566666666666666,71.0
A4_Demand_trigger,183,21025.39771165786,125000.0,75000.0,49750.0,36607.5,5000.0,625.0,625.0,0.0,0.0,0.0,0.6,0.6,0.6481481481481483,39.0
A4_Demand_trigger,184,25580.60007419613,166000.0,99600.0,63560.0,45508.6,10000.0,830.0,830.0,0.0,0.0,0.0,0.6,0.6,0.6555555555555556,73.0
A4_Demand_trigger,185,23743.808248323807,150600.0,90360.0,57246.0,40394.259999999995,10000.0,753.0,753.0,0.0,0.0,0.0,0.6,0.6,0.6177777777777779,40.0
A4_Demand_trigger,186,20520.714498733185,134800.0,80880.0,50768.0,35147.08,10000.0,674.0,674.0,0.0,0.0,0.0,0.6,0.6,0.5611111111111112,4.0
A4_Demand_trigger,187,21677.91779958734,141400.0,84840.0,56224.0,42101.44,5000.0,733.0,707.0,26.0,0.0,0.04477611940298507,0.6,0.6,0.6855555555555556,102.0
A4_Demand_trigger,188,20480.659661346785,133600.0,80160.0,53276.0,39463.560000000005,5000.0,703.0,668.0,35.0,0.0,0.047619047619047616,0.6,0.6,0.6755555555555556,112.0
A4_Demand_trigger,189,21862.745961369284,139000.0,83400.0,52990.0,36446.899999999994,10000.0,695.0,695.0,0.0,0.0,0.0,0.6,0.6,0.6122222222222222,26.0
A4_Demand_trigger,190,25079.2362179341,159200.0,95520.0,60772.0,43250.32,10000.0,796.0,796.0,0.0,0.0,0.0,0.6,0.6,0.6411111111111112,39.0
A4_Demand_trigger,191,24205.425858462047,154400.0,92640.0,58804.0,41656.24,10000.0,772.0,772.0,0.0,0.0,0.0,0.6,0.6,0.6272222222222222,17.0
A4_Demand_trigger,192,24695.417206985752,157600.0,94560.0,60116.0,42718.95999999999,10000.0,788.0,788.0,0.0,0.0,0.0,0.6,0.6,0.6322222222222222,33.0
A4_Demand_trigger,193,21853.483070169055,142000.0,85200.0,56470.0,42300.700000000004,5000.0,743.0,710.0,33.0,0.0,0.06099815157116451,0.6,0.6,0.6896296296296297,105.0
A4_Demand_trigger,194,22291.983502242267,151400.0,90840.0,58324.0,40612.439999999995,10000.0,757.0,757.0,0.0,0.0,0.0,0.6,0.6,0.6572222222222222,53.0
A4_Demand_trigger,195,21255.763869511582,119600.0,71760.0,47536.0,34814.16,5000.0,598.0,598.0,0.0,0.0,0.0,0.6,0.6,0.6296296296296297,37.0
A4_Demand_trigger,196,22349.084488344855,139400.0,83640.0,55404.0,41437.240000000005,5000.0,697.0,697.0,0.0,0.0,0.0,0.6,0.6,0.6833333333333332,66.0
A4_Demand_trigger,197,22732.687773607904,146000.0,87600.0,55360.0,38866.6,10000.0,730.0,730.0,0.0,0.0,0.0,0.6,0.6,0.6016666666666667,5.0
A4_Demand_trigger,198,22070.683367230013,146200.0,87720.0,56192.0,38885.52,10000.0,731.0,731.0,0.0,0.0,0.0,0.6,0.6,0.6411111111111112,41.0
A4_Demand_trigger,199,22786.783301570882,146400.0,87840.0,55524.0,38999.439999999995,10000.0,732.0,732.0,0.0,0.0,0.0,0.6,0.6,0.5942592592592593,6.0
A4_Demand_trigger,200,22728.332300289072,143200.0,85920.0,56962.0,42699.22,5000.0,726.0,716.0,10.0,0.0,0.01968503937007874,0.6,0.6,0.7,96.0
A4_Demand_trigger,201,25896.311655048426,171200.0,102720.0,65692.0,47330.520000000004,10000.0,856.0,856.0,0.0,0.0,0.0,0.6,0.6,0.6727777777777779,50.0
A4_Demand_trigger,202,22395.2448035296,147400.0,88440.0,56434.0,39236.54,10000.0,737.0,737.0,0.0,0.0,0.0,0.6,0.6,0.6255555555555556,34.0
A4_Demand_trigger,203,22573.064630692323,145400.0,87240.0,54614.0,38762.34,10000.0,727.0,727.0,0.0,0.0,0.0,0.6,0.6,0.5659259259259259,23.0
A4_Demand_trigger,204,21458.98416163236,135800.0,81480.0,51428.0,35431.67999999999,10000.0,679.0,679.0,0.0,0.0,0.0,0.6,0.6,0.5818518518518518,20.0
A4_Demand_trigger,205,20352.759879481768,132400.0,79440.0,50034.0,34302.54,10000.0,662.0,662.0,0.0,0.0,0.0,0.6,0.6,0.5646296296296297,0.0
A4_Demand_trigger,206,24148.695935760326,155000.0,93000.0,59050.0,41855.5,10000.0,775.0,775.0,0.0,0.0,0.0,0.6,0.6,0.6283333333333334,10.0
A4_Demand_trigger,207,22673.47178783601,144000.0,86400.0,54540.0,38202.399999999994,10000.0,720.0,720.0,0.0,0.0,0.0,0.6,0.6,0.5977777777777777,22.0
A4_Demand_trigger,208,23068.86846345216,117800.0,70680.0,48298.0,39121.380000000005,0.0,589.0,589.0,0.0,0.0,0.0,0.6,0.6,0.6544444444444445,35.0
A4_Demand_trigger,209,21818.23567602965,152600.0,91560.0,59066.0,40963.45999999999,10000.0,763.0,763.0,0.0,0.0,0.0,0.6,0.6,0.6822222222222222,94.0
A4_Demand_trigger,210,24796.637948568306,157800.0,94680.0,60198.0,42785.38,10000.0,789.0,789.0,0.0,0.0,0.0,0.6,0.6,0.6344444444444444,29.0
A4_Demand_trigger,211,22266.51409402172,143800.0,86280.0,57208.0,42898.48,5000.0,740.0,719.0,21.0,0.0,0.03766478342749529,0.6,0.6,0.698888888888889,92.0
A4_Demand_trigger,212,20618.375105508658,130200.0,78120.0,49882.0,33429.42,10000.0,651.0,651.0,0.0,0.0,0.0,0.6,0.6,0.6172222222222223,35.0
A4_Demand_trigger,213,23839.212040412545,153200.0,91920.0,57812.0,41352.719999999994,10000.0,766.0,766.0,0.0,0.0,0.0,0.6,0.6,0.5900000000000001,24.0
A4_Demand_trigger,214,21725.272606289327,141200.0,84720.0,53392.0,37272.520000000004,10000.0,706.0,706.0,0.0,0.0,0.0,0.6,0.6,0.5831481481481482,7.0
A4_Demand_trigger,215,22370.282452338786,134600.0,80760.0,53436.0,39843.16,5000.0,673.0,673.0,0.0,0.0,0.0,0.6,0.6,0.6659259259259259,69.0
A4_Demand_trigger,216,21313.039600521657,137800.0,82680.0,51998.0,36143.38,10000.0,689.0,689.0,0.0,0.0,0.0,0.6,0.6,0.5738888888888888,10.0
A4_Demand_trigger,217,24326.12252117207,155800.0,93480.0,59378.0,42121.17999999999,10000.0,779.0,779.0,0.0,0.0,0.0,0.6,0.6,0.6288888888888889,47.0
A4_Demand_trigger,218,21172.55796900631,132000.0,79200.0,52620.0,38932.2,5000.0,665.0,660.0,5.0,0.0,0.010845986984815618,0.6,0.6,0.6748148148148149,77.0
A4_Demand_trigger,219,21207.582677143757,137200.0,82320.0,51752.0,35944.12,10000.0,686.0,686.0,0.0,0.0,0.0,0.6,0.6,0.5735185185185185,6.0
A4_Demand_trigger,220,20853.065915205905,132200.0,79320.0,50452.0,34141.119999999995,10000.0,661.0,661.0,0.0,0.0,0.0,0.6,0.6,0.6003703703703704,22.0
A4_Demand_trigger,221,22581.70065729765,145000.0,87000.0,57700.0,43297.00000000001,5000.0,725.0,725.0,0.0,0.0,0.0,0.6,0.6,0.7055555555555556,90.0
A4_Demand_trigger,222,21915.362309372547,139400.0,83640.0,55404.0,41437.24,5000.0,697.0,697.0,0.0,0.0,0.0,0.6,0.6,0.68,81.0
A4_Demand_trigger,223,23072.467665073684,132200.0,79320.0,52452.0,39046.12,5000.0,661.0,661.0,0.0,0.0,0.0,0.6,0.6,0.6611111111111111,55.0
A4_Demand_trigger,224,22787.298538040068,147600.0,88560.0,56016.0,39397.96,10000.0,738.0,738.0,0.0,0.0,0.0,0.6,0.6,0.6027777777777777,11.0
A4_Demand_trigger,225,22083.390795582734,153800.0,92280.0,59558.0,41361.97999999999,10000.0,777.0,769.0,8.0,0.0,0.014652014652014652,0.6,0.6,0.6877777777777777,98.0
A4_Demand_trigger,226,23010.309225771776,142800.0,85680.0,56798.0,42566.380000000005,5000.0,721.0,714.0,7.0,0.0,0.014056224899598393,0.6,0.6,0.7003703703703704,88.0
A4_Demand_trigger,227,23604.8985952611,159000.0,95400.0,61190.0,43183.899999999994,10000.0,795.0,795.0,0.0,0.0,0.0,0.6,0.6,0.6677777777777777,80.0
A4_Demand_trigger,228,21760.8344871605,138200.0,82920.0,55162.0,40991.22,5000.0,747.0,691.0,56.0,0.0,0.06981132075471698,0.6,0.6,0.701111111111111,114.0
A4_Demand_trigger,229,22783.03427609304,145800.0,87480.0,58028.0,43562.68000000001,5000.0,751.0,729.0,22.0,0.0,0.022556390977443608,0.6,0.6,0.7100000000000001,102.0
A4_Demand_trigger,230,21064.499662961272,133200.0,79920.0,53112.0,39330.72,5000.0,721.0,666.0,55.0,0.0,0.10617760617760617,0.6,0.6,0.6785185185185186,101.0
A4_Demand_trigger,231,19077.831268143444,122200.0,73320.0,46602.0,30772.62,10000.0,611.0,611.0,0.0,0.0,0.0,0.6,0.6,0.5850000000000001,7.0
A4_Demand_trigger,232,22159.266457111215,156800.0,94080.0,60788.0,42358.28,10000.0,823.0,784.0,39.0,0.0,0.06666666666666667,0.6,0.6,0.6972222222222222,115.0
A4_Demand_trigger,233,22583.26660567573,141400.0,84840.0,56224.0,42101.44,5000.0,707.0,707.0,0.0,0.0,0.0,0.6,0.6,0.6922222222222223,82.0
A4_Demand_trigger,234,24469.99959288456,155600.0,93360.0,59296.0,42054.759999999995,10000.0,778.0,778.0,0.0,0.0,0.0,0.6,0.6,0.6316666666666666,13.0
A4_Demand_trigger,235,19766.194180275612,125200.0,75120.0,47332.0,31863.92,10000.0,626.0,626.0,0.0,0.0,0.0,0.6,0.6,0.5679629629629629,30.0
A4_Demand_trigger,236,21830.854306564626,150200.0,90120.0,58082.0,40166.41999999999,10000.0,751.0,751.0,0.0,0.0,0.0,0.6,0.6,0.6755555555555556,70.0
A4_Demand_trigger,237,24939.162610232426,158600.0,95160.0,60526.0,43051.06,10000.0,793.0,793.0,0.0,0.0,0.0,0.6,0.6,0.6366666666666667,37.0
A4_Demand_trigger,238,22690.06671288756,130800.0,78480.0,51878.0,38581.18,5000.0,654.0,654.0,0.0,0.0,0.0,0.6,0.6,0.6537037037037037,54.0
A4_Demand_trigger,239,22083.572676517393,140000.0,84000.0,52900.0,36874.0,10000.0,700.0,700.0,0.0,0.0,0.0,0.6,0.6,0.5844444444444444,6.0
A4_Demand_trigger,240,22450.143414463033,143200.0,85920.0,54212.0,37936.72,10000.0,716.0,716.0,0.0,0.0,0.0,0.6,0.6,0.5938888888888889,28.0
A4_Demand_trigger,241,21467.180276080115,129000.0,77400.0,51390.0,37935.899999999994,5000.0,645.0,645.0,0.0,0.0,0.0,0.6,0.6,0.6655555555555555,59.0
A4_Demand_trigger,242,22657.808662518044,143200.0,85920.0,54212.0,37936.72,10000.0,716.0,716.0,0.0,0.0,0.0,0.6,0.6,0.5955555555555556,11.0
A4_Demand_trigger,243,21504.79014029074,140600.0,84360.0,53646.0,36978.26,10000.0,703.0,703.0,0.0,0.0,0.0,0.6,0.6,0.6044444444444445,34.0
A4_Demand_trigger,244,22020.533068379922,142000.0,85200.0,54470.0,37395.7,10000.0,710.0,710.0,0.0,0.0,0.0,0.6,0.6,0.6322222222222221,35.0
A4_Demand_trigger,245,26457.476480526715,168600.0,101160.0,64126.0,46467.060000000005,10000.0,843.0,843.0,0.0,0.0,0.0,0.6,0.6,0.635,21.0
A4_Demand_trigger,246,24587.117771123547,156400.0,93840.0,59624.0,42320.439999999995,10000.0,782.0,782.0,0.0,0.0,0.0,0.6,0.6,0.6333333333333333,46.0
A4_Demand_trigger,247,23619.93690518287,150600.0,90360.0,57246.0,40394.26,10000.0,753.0,753.0,0.0,0.0,0.0,0.6,0.6,0.615,17.0
A4_Demand_trigger,248,23514.617368210264,148800.0,89280.0,57008.0,39701.479999999996,10000.0,744.0,744.0,0.0,0.0,0.0,0.6,0.6,0.643888888888889,35.0
A4_Demand_trigger,249,21661.38878226831,139400.0,83640.0,53654.0,36484.73999999999,10000.0,697.0,697.0,0.0,0.0,0.0,0.6,0.6,0.645,53.0
A4_Demand_trigger,250,23336.780673807203,149800.0,89880.0,57168.0,40081.08,10000.0,749.0,749.0,0.0,0.0,0.0,0.6,0.6,0.621851851851852,15.0
A4_Demand_trigger,251,26099.366405600267,167600.0,100560.0,64216.0,46039.95999999999,10000.0,838.0,838.0,0.0,0.0,0.0,0.6,0.6,0.6650000000000001,28.0
A4_Demand_trigger,252,20404.27898123228,132400.0,79440.0,50534.0,34207.54,10000.0,662.0,662.0,0.0,0.0,0.0,0.6,0.6,0.5968518518518519,12.0
A4_Demand_trigger,253,24401.248048639696,157800.0,94680.0,60198.0,42785.37999999999,10000.0,789.0,789.0,0.0,0.0,0.0,0.6,0.6,0.6338888888888888,16.0
A4_Demand_trigger,254,21831.059266402648,138800.0,83280.0,52408.0,36475.479999999996,10000.0,694.0,694.0,0.0,0.0,0.0,0.6,0.6,0.5816666666666667,28.0
A4_Demand_trigger,255,24551.03143153741,156600.0,93960.0,59706.0,42386.86000000001,10000.0,783.0,783.0,0.0,0.0,0.0,0.6,0.6,0.6327777777777778,18.0
A4_Demand_trigger,256,20529.59670329229,128400.0,77040.0,49144.0,32831.64,10000.0,642.0,642.0,0.0,0.0,0.0,0.6,0.6,0.6129629629629629,44.0
A4_Demand_trigger,257,23084.994629388322,156000.0,93600.0,59960.0,42187.6,10000.0,780.0,780.0,0.0,0.0,0.0,0.6,0.6,0.6544444444444444,69.0
A4_Demand_trigger,258,23717.099726110984,152200.0,91320.0,57902.0,40925.62,10000.0,761.0,761.0,0.0,0.0,0.0,0.6,0.6,0.622037037037037,16.0
A4_Demand_trigger,259,21844.128450374144,143400.0,86040.0,55294.0,37908.14,10000.0,717.0,717.0,0.0,0.0,0.0,0.6,0.6,0.6566666666666666,60.0
A4_Demand_trigger,260,22503.797175362077,143800.0,86280.0,54958.0,38040.98,10000.0,719.0,719.0,0.0,0.0,0.0,0.6,0.6,0.6255555555555555,32.0
A4_Demand_trigger,261,21588.150516664675,147000.0,88200.0,56770.0,39103.69999999999,10000.0,735.0,735.0,0.0,0.0,0.0,0.6,0.6,0.6644444444444445,59.0
A4_Demand_trigger,262,22867.7259842074,135200.0,81120.0,53682.0,40042.42,5000.0,676.0,676.0,0.0,0.0,0.0,0.6,0.6,0.6711111111111111,43.0
A4_Demand_trigger,263,22935.697425445163,151800.0,91080.0,58488.0,40745.28,10000.0,759.0,759.0,0.0,0.0,0.0,0.6,0.6,0.6655555555555555,44.0
A4_Demand_trigger,264,23041.827997509135,147600.0,88560.0,55766.0,39445.46,10000.0,738.0,738.0,0.0,0.0,0.0,0.6,0.6,0.5874074074074075,7.0
A4_Demand_trigger,265,21494.94247717053,129200.0,77520.0,51472.0,38002.32,5000.0,646.0,646.0,0.0,0.0,0.0,0.6,0.6,0.6662962962962963,49.0
A4_Demand_trigger,266,21672.24863541038,140000.0,84000.0,53900.0,36683.99999999999,10000.0,700.0,700.0,0.0,0.0,0.0,0.6,0.6,0.6461111111111111,49.0
A4_Demand_trigger,267,20619.5020262302,134600.0,80760.0,53686.0,39795.66,5000.0,710.0,673.0,37.0,0.0,0.040776699029126215,0.6,0.6,0.6811111111111111,106.0
A4_Demand_trigger,268,21887.834002136664,136800.0,82080.0,54588.0,40526.28,5000.0,689.0,684.0,5.0,0.0,0.01059322033898305,0.6,0.6,0.6977777777777778,78.0
A4_Demand_trigger,269,23877.995665047893,126200.0,75720.0,51742.0,41911.01999999999,0.0,649.0,631.0,18.0,0.0,0.0,0.6,0.6,0.7011111111111111,78.0
A4_Demand_trigger,270,21288.331369558324,135800.0,81480.0,54178.0,40194.18,5000.0,680.0,679.0,1.0,0.0,0.00211864406779661,0.6,0.6,0.6896296296296297,90.0
A4_Demand_trigger,271,23112.617639840297,151600.0,90960.0,58156.0,40631.35999999999,10000.0,758.0,758.0,0.0,0.0,0.0,0.6,0.6,0.6427777777777778,54.0
A4_Demand_trigger,272,21224.49413288526,135400.0,81240.0,54014.0,40061.34,5000.0,697.0,677.0,20.0,0.0,0.0408997955010225,0.6,0.6,0.6874074074074075,98.0
A4_Demand_trigger,273,23518.48961035843,151000.0,90600.0,57410.0,40527.09999999999,10000.0,755.0,755.0,0.0,0.0,0.0,0.6,0.6,0.6150000000000001,21.0
A4_Demand_trigger,274,22714.12156361313,145400.0,87240.0,55114.0,38667.34,10000.0,727.0,727.0,0.0,0.0,0.0,0.6,0.6,0.6024074074074074,16.0
A4_Demand_trigger,275,21460.049770829122,137600.0,82560.0,54916.0,40791.96,5000.0,761.0,688.0,73.0,0.0,0.09671532846715329,0.6,0.6,0.6977777777777778,114.0
A4_Demand_trigger,276,21809.63206430126,142200.0,85320.0,54802.0,37509.62,10000.0,711.0,711.0,0.0,0.0,0.0,0.6,0.6,0.6527777777777779,61.0
A4_Demand_trigger,277,23743.44486138747,150400.0,90240.0,57164.0,40327.84,10000.0,752.0,752.0,0.0,0.0,0.0,0.6,0.6,0.6161111111111112,9.0
A4_Demand_trigger,278,23787.33666912594,152000.0,91200.0,57820.0,40859.2,10000.0,760.0,760.0,0.0,0.0,0.0,0.6,0.6,0.6177777777777779,22.0
A4_Demand_trigger,279,22012.706030642345,138400.0,83040.0,54994.0,41105.14,5000.0,692.0,692.0,0.0,0.0,0.0,0.6,0.6,0.677037037037037,81.0
A4_Demand_trigger,280,22176.637558886632,144000.0,86400.0,55540.0,38107.4,10000.0,720.0,720.0,0.0,0.0,0.0,0.6,0.6,0.6616666666666666,36.0
A4_Demand_trigger,281,24184.72075453446,156000.0,93600.0,59460.0,42187.6,10000.0,780.0,780.0,0.0,0.0,0.0,0.6,0.6,0.6288888888888889,16.0
A4_Demand_trigger,282,20796.499152711156,134000.0,80400.0,53440.0,39596.399999999994,5000.0,673.0,670.0,3.0,0.0,0.006329113924050633,0.6,0.6,0.6796296296296297,93.0
A4_Demand_trigger,283,21228.901200783337,134600.0,80760.0,53686.0,39795.66,5000.0,673.0,673.0,0.0,0.0,0.0,0.6,0.6,0.6848148148148148,84.0
A4_Demand_trigger,284,23780.18738307015,152600.0,91560.0,58066.0,41058.46,10000.0,763.0,763.0,0.0,0.0,0.0,0.6,0.6,0.6188888888888889,25.0
A4_Demand_trigger,285,22370.262778463843,143000.0,85800.0,54380.0,37822.799999999996,10000.0,715.0,715.0,0.0,0.0,0.0,0.6,0.6,0.6040740740740741,8.0
A4_Demand_trigger,286,21147.962845682843,119800.0,71880.0,47618.0,34880.579999999994,5000.0,599.0,599.0,0.0,0.0,0.0,0.6,0.6,0.63,25.0
A4_Demand_trigger,287,22474.725663896123,144600.0,86760.0,54786.0,38401.66,10000.0,723.0,723.0,0.0,0.0,0.0,0.6,0.6,0.5959259259259259,2.0
A4_Demand_trigger,288,23185.13945599332,153800.0,92280.0,59058.0,41456.979999999996,10000.0,769.0,769.0,0.0,0.0,0.0,0.6,0.6,0.648888888888889,66.0
A4_Demand_trigger,289,22572.014003041997,144800.0,86880.0,54868.0,38468.08,10000.0,724.0,724.0,0.0,0.0,0.0,0.6,0.6,0.597037037037037,13.0
A4_Demand_trigger,290,21475.872696507475,137600.0,82560.0,52916.0,35886.96,10000.0,688.0,688.0,0.0,0.0,0.0,0.6,0.6,0.6394444444444445,51.0
A4_Demand_trigger,291,23095.23865687601,149000.0,89400.0,56090.0,39957.9,10000.0,745.0,745.0,0.0,0.0,0.0,0.6,0.6,0.5787037037037038,30.0
A4_Demand_trigger,292,23204.780662887486,146800.0,88080.0,55688.0,39132.28,10000.0,734.0,734.0,0.0,0.0,0.0,0.6,0.6,0.605,33.0
A4_Demand_trigger,293,21367.03455956745,129000.0,77400.0,51140.0,37983.4,5000.0,645.0,645.0,0.0,0.0,0.0,0.6,0.6,0.6381481481481482,32.0
A4_Demand_trigger,294,22821.697496775945,145200.0,87120.0,55032.0,38600.920000000006,10000.0,726.0,726.0,0.0,0.0,0.0,0.6,0.6,0.6016666666666667,22.0
A4_Demand_trigger,295,21009.523320232896,132800.0,79680.0,52948.0,39197.880000000005,5000.0,717.0,664.0,53.0,0.0,0.1029126213592233,0.6,0.6,0.6770370370370371,101.0
A4_Demand_trigger,296,20923.98816961245,136000.0,81600.0,51510.0,35498.1,10000.0,680.0,680.0,0.0,0.0,0.0,0.6,0.6,0.5679629629629629,0.0
A4_Demand_trigger,297,20764.91492257623,132000.0,79200.0,52620.0,38932.2,5000.0,660.0,660.0,0.0,0.0,0.0,0.6,0.6,0.6722222222222223,89.0
A4_Demand_trigger,298,20158.899531824554,131400.0,78840.0,52374.0,38732.939999999995,5000.0,701.0,657.0,44.0,0.0,0.08527131782945736,0.6,0.6,0.6659259259259259,94.0
A4_Demand_trigger,299,22088.220552913088,129600.0,77760.0,51386.0,38182.659999999996,5000.0,648.0,648.0,0.0,0.0,0.0,0.6,0.6,0.644814814814815,68.0
A4_Demand_trigger,300,23114.91327453934,147800.0,88680.0,55598.0,39559.380000000005,10000.0,739.0,739.0,0.0,0.0,0.0,0.6,0.6,0.5772222222222222,36.0
A5_Combined_balanced,1,20836.906437649704,147000.0,88200.0,57020.0,39056.2,10000.0,735.0,735.0,0.0,0.0,0.0,0.6,0.6,0.6811111111111111,91.0
A5_Combined_balanced,2,21906.136224166086,141200.0,84720.0,53142.0,37320.020000000004,10000.0,706.0,706.0,0.0,0.0,0.0,0.6,0.6,0.5683333333333334,20.0
A5_Combined_balanced,3,21251.970389913527,135400.0,81240.0,54014.0,40061.34,5000.0,713.0,677.0,36.0,0.0,0.07114624505928854,0.6,0.6,0.6881481481481482,94.0
A5_Combined_balanced,4,21831.046005951648,135800.0,81480.0,54178.0,40194.18,5000.0,693.0,679.0,14.0,0.0,0.029535864978902954,0.6,0.6,0.6933333333333334,81.0
A5_Combined_balanced,5,20455.160998738123,138600.0,83160.0,53576.0,36266.56,10000.0,697.0,693.0,4.0,0.0,0.008298755186721992,0.6,0.6,0.6544444444444443,84.0
A5_Combined_balanced,6,19639.037867579696,137800.0,82680.0,53248.0,36000.88,10000.0,693.0,689.0,4.0,0.0,0.008113590263691683,0.6,0.6,0.6438888888888887,93.0
A5_Combined_balanced,7,20670.813586668366,133800.0,80280.0,53358.0,39529.979999999996,5000.0,681.0,669.0,12.0,0.0,0.024844720496894408,0.6,0.6,0.6785185185185186,89.0
A5_Combined_balanced,8,24140.054587149352,157200.0,94320.0,60202.0,42538.619999999995,10000.0,786.0,786.0,0.0,0.0,0.0,0.6,0.6,0.645,44.0
A5_Combined_balanced,9,21159.710923813982,134600.0,80760.0,51436.0,34938.16,10000.0,673.0,673.0,0.0,0.0,0.0,0.6,0.6,0.6090740740740741,25.0
A5_Combined_balanced,10,22694.193286504527,146800.0,88080.0,55438.0,39179.78,10000.0,734.0,734.0,0.0,0.0,0.0,0.6,0.6,0.5894444444444444,5.0
A5_Combined_balanced,11,20687.12611093698,134800.0,80880.0,53768.0,39862.08,5000.0,718.0,674.0,44.0,0.0,0.07279693486590039,0.6,0.6,0.6822222222222223,104.0
A5_Combined_balanced,12,19785.41458874213,141000.0,84600.0,54560.0,37063.59999999999,10000.0,760.0,705.0,55.0,0.0,0.09874326750448834,0.6,0.6,0.6544444444444444,106.0
A5_Combined_balanced,13,19511.72869226893,141200.0,84720.0,54642.0,37130.02,10000.0,733.0,706.0,27.0,0.0,0.05046728971962617,0.6,0.6,0.6522222222222223,100.0
A5_Combined_balanced,14,21383.96178684255,134600.0,80760.0,53686.0,39795.65999999999,5000.0,675.0,673.0,2.0,0.0,0.004347826086956522,0.6,0.6,0.6855555555555557,92.0
A5_Combined_balanced,15,20819.23082023756,135200.0,81120.0,51182.0,35232.420000000006,10000.0,676.0,676.0,0.0,0.0,0.0,0.6,0.6,0.5842592592592593,20.0
A5_Combined_balanced,16,22156.679659118243,141600.0,84960.0,53306.0,37452.86,10000.0,708.0,708.0,0.0,0.0,0.0,0.6,0.6,0.5761111111111111,14.0
A5_Combined_balanced,17,22839.3890786542,147600.0,88560.0,56016.0,39397.96000000001,10000.0,738.0,738.0,0.0,0.0,0.0,0.6,0.6,0.6007407407407407,10.0
A5_Combined_balanced,18,25471.340564733327,163600.0,98160.0,62326.0,44759.06,10000.0,818.0,818.0,0.0,0.0,0.0,0.6,0.6,0.6329629629629631,6.0
A5_Combined_balanced,19,21049.881671979187,131200.0,78720.0,52292.0,38666.520000000004,5000.0,694.0,656.0,38.0,0.0,0.07707910750507099,0.6,0.6,0.6711111111111111,97.0
A5_Combined_balanced,20,23518.451236457302,149600.0,89760.0,57086.0,40014.659999999996,10000.0,748.0,748.0,0.0,0.0,0.0,0.6,0.6,0.6283333333333333,47.0
A5_Combined_balanced,21,20673.23448430382,148800.0,89280.0,57758.0,39653.979999999996,10000.0,744.0,744.0,0.0,0.0,0.0,0.6,0.6,0.685,94.0
A5_Combined_balanced,22,21641.693151121784,133600.0,80160.0,53276.0,39463.56,5000.0,668.0,668.0,0.0,0.0,0.0,0.6,0.6,0.6833333333333333,73.0
A5_Combined_balanced,23,24295.17124480321,158800.0,95280.0,60858.0,43069.979999999996,10000.0,794.0,794.0,0.0,0.0,0.0,0.6,0.6,0.6494444444444445,62.0
A5_Combined_balanced,24,19826.70282068737,136400.0,81840.0,52674.0,35535.939999999995,10000.0,682.0,682.0,0.0,0.0,0.0,0.6,0.6,0.6411111111111112,71.0
A5_Combined_balanced,25,21984.19671608407,140800.0,84480.0,53478.0,37092.18,10000.0,704.0,704.0,0.0,0.0,0.0,0.6,0.6,0.5990740740740741,2.0
A5_Combined_balanced,26,21811.36048822353,136000.0,81600.0,54260.0,40260.6,5000.0,705.0,680.0,25.0,0.0,0.05112474437627812,0.6,0.6,0.6944444444444445,85.0
A5_Combined_balanced,27,21759.208967102808,131200.0,78720.0,52292.0,38666.520000000004,5000.0,683.0,656.0,27.0,0.0,0.057692307692307696,0.6,0.6,0.6759259259259259,87.0
A5_Combined_balanced,28,21092.437319508063,132000.0,79200.0,52620.0,38932.2,5000.0,660.0,660.0,0.0,0.0,0.0,0.6,0.6,0.6744444444444445,69.0
A5_Combined_balanced,29,20977.236931074294,135400.0,81240.0,54014.0,40061.340000000004,5000.0,723.0,677.0,46.0,0.0,0.0690978886756238,0.6,0.6,0.6855555555555556,100.0
A5_Combined_balanced,30,21376.32304096127,137000.0,82200.0,52170.0,35782.7,10000.0,685.0,685.0,0.0,0.0,0.0,0.6,0.6,0.6005555555555555,41.0
A5_Combined_balanced,31,20976.32743462114,146200.0,87720.0,56692.0,38790.52,10000.0,731.0,731.0,0.0,0.0,0.0,0.6,0.6,0.6805555555555556,79.0
A5_Combined_balanced,32,20028.467676508066,131600.0,78960.0,52456.0,38799.36,5000.0,702.0,658.0,44.0,0.0,0.08527131782945736,0.6,0.6,0.6651851851851852,99.0
A5_Combined_balanced,33,21864.027148951594,140200.0,84120.0,53732.0,36797.92,10000.0,701.0,701.0,0.0,0.0,0.0,0.6,0.6,0.6327777777777778,21.0
A5_Combined_balanced,34,23136.419273579886,147800.0,88680.0,56348.0,39416.880000000005,10000.0,739.0,739.0,0.0,0.0,0.0,0.6,0.6,0.6227777777777778,29.0
A5_Combined_balanced,35,22165.84073957787,142800.0,85680.0,53798.0,37851.380000000005,10000.0,714.0,714.0,0.0,0.0,0.0,0.6,0.6,0.5761111111111111,18.0
A5_Combined_balanced,36,20970.970332905614,133000.0,79800.0,50280.0,34501.8,10000.0,665.0,665.0,0.0,0.0,0.0,0.6,0.6,0.5764814814814815,4.0
A5_Combined_balanced,37,21427.024998931618,136800.0,82080.0,52088.0,35716.28,10000.0,684.0,684.0,0.0,0.0,0.0,0.6,0.6,0.6022222222222223,42.0
A5_Combined_balanced,38,21405.982623689673,137000.0,82200.0,52170.0,35782.7,10000.0,685.0,685.0,0.0,0.0,0.0,0.6,0.6,0.6033333333333334,36.0
A5_Combined_balanced,39,21858.499783100815,136400.0,81840.0,54424.0,40393.43999999999,5000.0,691.0,682.0,9.0,0.0,0.0189873417721519,0.6,0.6,0.6962962962962963,99.0
A5_Combined_balanced,40,23156.08443705589,152600.0,91560.0,58566.0,41025.78,10000.0,763.0,763.0,0.0,0.0,0.0,0.6,0.6,0.6455555555555555,46.0
A5_Combined_balanced,41,24217.78514883498,127400.0,76440.0,52234.0,42309.539999999986,0.0,672.0,637.0,35.0,0.0,0.015873015873015872,0.6,0.6,0.7077777777777778,88.0
A5_Combined_balanced,42,20228.483901444044,149400.0,89640.0,58004.0,39853.24,10000.0,774.0,747.0,27.0,0.0,0.047872340425531915,0.6,0.6,0.6816666666666666,100.0
A5_Combined_balanced,43,23842.626628036403,152800.0,91680.0,57898.0,41172.380000000005,10000.0,764.0,764.0,0.0,0.0,0.0,0.6,0.6,0.6061111111111112,22.0
A5_Combined_balanced,44,21522.491405671954,138400.0,83040.0,52994.0,36200.14000000001,10000.0,692.0,692.0,0.0,0.0,0.0,0.6,0.6,0.6233333333333333,42.0
A5_Combined_balanced,45,23722.037098305977,150800.0,90480.0,57078.0,40508.18,10000.0,754.0,754.0,0.0,0.0,0.0,0.6,0.6,0.5994444444444443,17.0
A5_Combined_balanced,46,21933.261856526125,142200.0,85320.0,53552.0,37652.12,10000.0,711.0,711.0,0.0,0.0,0.0,0.6,0.6,0.5748148148148148,9.0
A5_Combined_balanced,47,21139.296256876445,134800.0,80880.0,51518.0,35004.579999999994,10000.0,674.0,674.0,0.0,0.0,0.0,0.6,0.6,0.6075925925925926,18.0
A5_Combined_balanced,48,20922.598046319268,136400.0,81840.0,51174.0,35725.94,10000.0,682.0,682.0,0.0,0.0,0.0,0.6,0.6,0.5577777777777778,6.0
A5_Combined_balanced,49,24531.452862301056,157000.0,94200.0,59620.0,42567.200000000004,10000.0,785.0,785.0,0.0,0.0,0.0,0.6,0.6,0.6166666666666667,15.0
A5_Combined_balanced,50,21822.04115900639,142600.0,85560.0,54716.0,37594.96,10000.0,713.0,713.0,0.0,0.0,0.0,0.6,0.6,0.6322222222222221,58.0
A5_Combined_balanced,51,21832.185786271657,139800.0,83880.0,53568.0,36665.08,10000.0,699.0,699.0,0.0,0.0,0.0,0.6,0.6,0.6255555555555556,26.0
A5_Combined_balanced,52,25768.638004014985,166600.0,99960.0,63556.0,45755.35999999999,10000.0,833.0,833.0,0.0,0.0,0.0,0.6,0.6,0.6438888888888888,36.0
A5_Combined_balanced,53,21167.101714940116,120800.0,72480.0,47278.0,35307.67999999999,5000.0,604.0,604.0,0.0,0.0,0.0,0.6,0.6,0.5666666666666667,4.0
A5_Combined_balanced,54,21806.9394971034,141600.0,84960.0,54306.0,37262.86,10000.0,708.0,708.0,0.0,0.0,0.0,0.6,0.6,0.63,55.0
A5_Combined_balanced,55,21427.637631430298,139800.0,83880.0,53068.0,36760.079999999994,10000.0,699.0,699.0,0.0,0.0,0.0,0.6,0.6,0.5944444444444446,38.0
A5_Combined_balanced,56,22846.155625434523,145800.0,87480.0,55278.0,38800.18,10000.0,729.0,729.0,0.0,0.0,0.0,0.6,0.6,0.6016666666666667,8.0
A5_Combined_balanced,57,20689.066992398606,135000.0,81000.0,51100.0,35166.0,10000.0,675.0,675.0,0.0,0.0,0.0,0.6,0.6,0.5818518518518518,28.0
A5_Combined_balanced,58,22526.716953657484,143800.0,86280.0,54958.0,38040.979999999996,10000.0,719.0,719.0,0.0,0.0,0.0,0.6,0.6,0.625,31.0
A5_Combined_balanced,59,22144.134463693514,142200.0,85320.0,54802.0,37430.200000000004,10000.0,711.0,711.0,0.0,0.0,0.0,0.6,0.6,0.6561111111111111,33.0
A5_Combined_balanced,60,23427.04641968153,152000.0,91200.0,58070.0,40811.700000000004,10000.0,760.0,760.0,0.0,0.0,0.0,0.6,0.6,0.6272222222222222,56.0
A5_Combined_balanced,61,23464.10576038448,150400.0,90240.0,56914.0,40375.340000000004,10000.0,752.0,752.0,0.0,0.0,0.0,0.6,0.6,0.5944444444444446,41.0
A5_Combined_balanced,62,24571.316035069645,157800.0,94680.0,60198.0,42785.38,10000.0,789.0,789.0,0.0,0.0,0.0,0.6,0.6,0.6305555555555554,20.0
A5_Combined_balanced,63,20679.19135660239,135800.0,81480.0,51178.0,35479.18,10000.0,679.0,679.0,0.0,0.0,0.0,0.6,0.6,0.5616666666666666,4.0
A5_Combined_balanced,64,20604.03081143688,118800.0,71280.0,47208.0,34548.479999999996,5000.0,594.0,594.0,0.0,0.0,0.0,0.6,0.6,0.6214814814814814,44.0
A5_Combined_balanced,65,20872.55701365974,127000.0,76200.0,50570.0,37271.7,5000.0,635.0,635.0,0.0,0.0,0.0,0.6,0.6,0.6540740740740741,66.0
A5_Combined_balanced,66,24608.251258795524,160400.0,96240.0,61514.0,43632.5,10000.0,802.0,802.0,0.0,0.0,0.0,0.6,0.6,0.6566666666666666,78.0
A5_Combined_balanced,67,21242.536483850592,134400.0,80640.0,53604.0,39729.23999999999,5000.0,687.0,672.0,15.0,0.0,0.031315240083507306,0.6,0.6,0.6844444444444445,97.0
A5_Combined_balanced,68,20372.91836105227,134200.0,80520.0,51772.0,34805.32,10000.0,671.0,671.0,0.0,0.0,0.0,0.6,0.6,0.6411111111111112,65.0
A5_Combined_balanced,69,21644.818284014975,137600.0,82560.0,52166.0,36029.45999999999,10000.0,688.0,688.0,0.0,0.0,0.0,0.6,0.6,0.5922222222222222,44.0
A5_Combined_balanced,70,21195.840110546425,136400.0,81840.0,51674.0,35630.94,10000.0,682.0,682.0,0.0,0.0,0.0,0.6,0.6,0.5855555555555555,43.0
A5_Combined_balanced,71,22094.629842311428,141800.0,85080.0,53638.0,37471.78,10000.0,709.0,709.0,0.0,0.0,0.0,0.6,0.6,0.5875925925925926,5.0
A5_Combined_balanced,72,22421.192515992458,145000.0,87000.0,54700.0,38581.99999999999,10000.0,725.0,725.0,0.0,0.0,0.0,0.6,0.6,0.582962962962963,10.0
A5_Combined_balanced,73,21090.129085522116,135600.0,81360.0,54096.0,40127.759999999995,5000.0,715.0,678.0,37.0,0.0,0.07254901960784314,0.6,0.6,0.687037037037037,113.0
A5_Combined_balanced,74,23368.63353041318,150600.0,90360.0,56996.0,40441.76,10000.0,753.0,753.0,0.0,0.0,0.0,0.6,0.6,0.5961111111111111,26.0
A5_Combined_balanced,75,22357.89468087467,127400.0,76440.0,50734.0,37404.53999999999,5000.0,637.0,637.0,0.0,0.0,0.0,0.6,0.6,0.6662962962962963,40.0
A5_Combined_balanced,76,21805.478488335106,141200.0,84720.0,53142.0,37320.01999999999,10000.0,706.0,706.0,0.0,0.0,0.0,0.6,0.6,0.5688888888888889,19.0
A5_Combined_balanced,77,20178.18745957187,129000.0,77400.0,49140.0,33078.399999999994,10000.0,645.0,645.0,0.0,0.0,0.0,0.6,0.6,0.5890740740740742,19.0
A5_Combined_balanced,78,21715.90472326576,141800.0,85080.0,53888.0,37424.28,10000.0,709.0,709.0,0.0,0.0,0.0,0.6,0.6,0.6,20.0
A5_Combined_balanced,79,22884.07305094035,148000.0,88800.0,56430.0,39483.3,10000.0,740.0,740.0,0.0,0.0,0.0,0.6,0.6,0.6155555555555556,49.0
A5_Combined_balanced,80,21965.744146370696,143400.0,86040.0,54044.0,38050.64,10000.0,717.0,717.0,0.0,0.0,0.0,0.6,0.6,0.5755555555555555,20.0
A5_Combined_balanced,81,21153.39949204368,131600.0,78960.0,52456.0,38799.36,5000.0,658.0,658.0,0.0,0.0,0.0,0.6,0.6,0.6725925925925925,68.0
A5_Combined_balanced,82,21544.211188881334,139400.0,83640.0,53404.0,36532.24,10000.0,697.0,697.0,0.0,0.0,0.0,0.6,0.6,0.6216666666666666,18.0
A5_Combined_balanced,83,24689.779946168423,158200.0,94920.0,60112.0,42965.719999999994,10000.0,791.0,791.0,0.0,0.0,0.0,0.6,0.6,0.6211111111111111,50.0
A5_Combined_balanced,84,22280.569151044612,141600.0,84960.0,53306.0,37452.86,10000.0,708.0,708.0,0.0,0.0,0.0,0.6,0.6,0.5759259259259258,11.0
A5_Combined_balanced,85,20302.04802994889,131200.0,78720.0,52292.0,38666.520000000004,5000.0,659.0,656.0,3.0,0.0,0.00646551724137931,0.6,0.6,0.6659259259259259,91.0
A5_Combined_balanced,86,22721.310002463913,146200.0,87720.0,55442.0,38933.02,10000.0,731.0,731.0,0.0,0.0,0.0,0.6,0.6,0.6022222222222222,18.0
A5_Combined_balanced,87,23268.824982593374,150800.0,90480.0,57328.0,40460.68,10000.0,754.0,754.0,0.0,0.0,0.0,0.6,0.6,0.6122222222222222,3.0
A5_Combined_balanced,88,19191.890684335456,126200.0,75720.0,46992.0,32338.52,10000.0,631.0,631.0,0.0,0.0,0.0,0.6,0.6,0.5262962962962964,12.0
A5_Combined_balanced,89,21985.514725589255,139800.0,83880.0,53068.0,36760.08,10000.0,699.0,699.0,0.0,0.0,0.0,0.6,0.6,0.6,47.0
A5_Combined_balanced,90,19592.179194537755,124000.0,74400.0,49340.0,36275.4,5000.0,620.0,620.0,0.0,0.0,0.0,0.6,0.6,0.6344444444444444,87.0
A5_Combined_balanced,91,23176.3177295388,149000.0,89400.0,56590.0,39862.90000000001,10000.0,745.0,745.0,0.0,0.0,0.0,0.6,0.6,0.6072222222222223,11.0
A5_Combined_balanced,92,22219.796550556577,142600.0,85560.0,54716.0,37594.96,10000.0,713.0,713.0,0.0,0.0,0.0,0.6,0.6,0.6383333333333333,45.0
A5_Combined_balanced,93,25768.32268819369,171800.0,103080.0,65938.0,47529.78,10000.0,859.0,859.0,0.0,0.0,0.0,0.6,0.6,0.6733333333333333,67.0
A5_Combined_balanced,94,21633.43662872669,138000.0,82800.0,55080.0,40924.8,5000.0,755.0,690.0,65.0,0.0,0.0996309963099631,0.6,0.6,0.7,116.0
A5_Combined_balanced,95,21114.58536246093,135600.0,81360.0,51846.0,35270.259999999995,10000.0,678.0,678.0,0.0,0.0,0.0,0.6,0.6,0.6101851851851852,23.0
A5_Combined_balanced,96,22010.50642883902,144400.0,86640.0,54454.0,38382.740000000005,10000.0,722.0,722.0,0.0,0.0,0.0,0.6,0.6,0.5779629629629629,6.0
A5_Combined_balanced,97,19851.123556039543,130000.0,78000.0,50050.0,33315.5,10000.0,650.0,650.0,0.0,0.0,0.0,0.6,0.6,0.6261111111111111,55.0
A5_Combined_balanced,98,20657.791876536074,134000.0,80400.0,50940.0,34786.399999999994,10000.0,670.0,670.0,0.0,0.0,0.0,0.6,0.6,0.5805555555555556,3.0
A5_Combined_balanced,99,20404.48362319949,129600.0,77760.0,48886.0,33372.659999999996,10000.0,648.0,648.0,0.0,0.0,0.0,0.6,0.6,0.5648148148148149,1.0
A5_Combined_balanced,100,22693.780475617023,145200.0,87120.0,55282.0,38553.420000000006,10000.0,726.0,726.0,0.0,0.0,0.0,0.6,0.6,0.6144444444444445,42.0
A5_Combined_balanced,101,21404.35469891223,140200.0,84120.0,52732.0,36987.92,10000.0,701.0,701.0,0.0,0.0,0.0,0.6,0.6,0.5688888888888889,10.0
A5_Combined_balanced,102,23723.705436066208,153800.0,92280.0,58558.0,41456.98,10000.0,769.0,769.0,0.0,0.0,0.0,0.6,0.6,0.6196296296296296,11.0
A5_Combined_balanced,103,24628.093304132766,158200.0,94920.0,60112.0,42965.72000000001,10000.0,791.0,791.0,0.0,0.0,0.0,0.6,0.6,0.616111111111111,52.0
A5_Combined_balanced,104,22500.55963238958,143000.0,85800.0,54380.0,37822.799999999996,10000.0,715.0,715.0,0.0,0.0,0.0,0.6,0.6,0.6038888888888888,38.0
A5_Combined_balanced,105,20079.682388122535,143800.0,86280.0,55708.0,37993.479999999996,10000.0,758.0,719.0,39.0,0.0,0.07090909090909091,0.6,0.6,0.6649999999999999,95.0
A5_Combined_balanced,106,23911.30102218612,152600.0,91560.0,58316.0,41010.96,10000.0,763.0,763.0,0.0,0.0,0.0,0.6,0.6,0.6349999999999999,54.0
A5_Combined_balanced,107,18935.271646670477,120400.0,72240.0,45614.0,30222.339999999997,10000.0,602.0,602.0,0.0,0.0,0.0,0.6,0.6,0.5575925925925926,16.0
A5_Combined_balanced,108,24009.759981451396,159000.0,95400.0,61190.0,43183.9,10000.0,795.0,795.0,0.0,0.0,0.0,0.6,0.6,0.6716666666666667,55.0
A5_Combined_balanced,109,23370.76404051035,148600.0,89160.0,56176.0,39777.56,10000.0,743.0,743.0,0.0,0.0,0.0,0.6,0.6,0.595,31.0
A5_Combined_balanced,110,20165.512478470577,130200.0,78120.0,49132.0,33571.92,10000.0,651.0,651.0,0.0,0.0,0.0,0.6,0.6,0.5694444444444444,27.0
A5_Combined_balanced,111,20834.895025984166,133000.0,79800.0,51280.0,34311.799999999996,10000.0,665.0,665.0,0.0,0.0,0.0,0.6,0.6,0.643888888888889,52.0
A5_Combined_balanced,112,22750.071806843054,147000.0,88200.0,55520.0,39246.200000000004,10000.0,735.0,735.0,0.0,0.0,0.0,0.6,0.6,0.5877777777777777,12.0
A5_Combined_balanced,113,21309.322788665635,136800.0,82080.0,52588.0,35621.27999999999,10000.0,684.0,684.0,0.0,0.0,0.0,0.6,0.6,0.6361111111111111,27.0
A5_Combined_balanced,114,22055.100509439824,140400.0,84240.0,53814.0,36864.34,10000.0,702.0,702.0,0.0,0.0,0.0,0.6,0.6,0.6344444444444445,32.0
A5_Combined_balanced,115,23776.051639085526,152200.0,91320.0,57902.0,40925.62,10000.0,761.0,761.0,0.0,0.0,0.0,0.6,0.6,0.6194444444444446,7.0
A5_Combined_balanced,116,22722.263426700687,147600.0,88560.0,55266.0,39540.46000000001,10000.0,738.0,738.0,0.0,0.0,0.0,0.6,0.6,0.5579629629629629,9.0
A5_Combined_balanced,117,22861.148887952175,147800.0,88680.0,56598.0,39369.38,10000.0,739.0,739.0,0.0,0.0,0.0,0.6,0.6,0.6333333333333333,28.0
A5_Combined_balanced,118,20585.94592786238,133000.0,79800.0,50780.0,34406.799999999996,10000.0,665.0,665.0,0.0,0.0,0.0,0.6,0.6,0.5990740740740742,14.0
A5_Combined_balanced,119,20867.34370489775,128800.0,77280.0,51308.0,37869.479999999996,5000.0,644.0,644.0,0.0,0.0,0.0,0.6,0.6,0.6614814814814814,62.0
A5_Combined_balanced,120,23968.771182239125,152200.0,91320.0,57902.0,40925.62,10000.0,761.0,761.0,0.0,0.0,0.0,0.6,0.6,0.6211111111111111,22.0
A5_Combined_balanced,121,23156.08443705589,154800.0,92880.0,59468.0,41789.08,10000.0,774.0,774.0,0.0,0.0,0.0,0.6,0.6,0.6516666666666667,49.0
A5_Combined_balanced,122,22091.097132224368,149800.0,89880.0,57668.0,40081.08,10000.0,749.0,749.0,0.0,0.0,0.0,0.6,0.6,0.6527777777777778,109.0
A5_Combined_balanced,123,22661.706252213797,149600.0,89760.0,57586.0,40014.65999999999,10000.0,748.0,748.0,0.0,0.0,0.0,0.6,0.6,0.6566666666666667,45.0
A5_Combined_balanced,124,25693.74513897342,165000.0,99000.0,62900.0,45224.0,10000.0,825.0,825.0,0.0,0.0,0.0,0.6,0.6,0.6383333333333333,23.0
A5_Combined_balanced,125,22208.413622752152,144400.0,86640.0,54954.0,38287.74,10000.0,722.0,722.0,0.0,0.0,0.0,0.6,0.6,0.6072222222222223,26.0
A5_Combined_balanced,126,23952.944596140787,152400.0,91440.0,57734.0,41039.54,10000.0,762.0,762.0,0.0,0.0,0.0,0.6,0.6,0.6055555555555556,35.0
A5_Combined_balanced,127,26764.851752217626,172800.0,103680.0,66098.0,47814.38,10000.0,864.0,864.0,0.0,0.0,0.0,0.6,0.6,0.6605555555555556,63.0
A5_Combined_balanced,128,19989.606973762613,142600.0,85560.0,55216.0,37594.95999999999,10000.0,726.0,713.0,13.0,0.0,0.025048169556840076,0.6,0.6,0.6611111111111111,103.0
A5_Combined_balanced,129,19555.67004711143,125600.0,75360.0,47246.0,32044.26,10000.0,628.0,628.0,0.0,0.0,0.0,0.6,0.6,0.5590740740740741,12.0
A5_Combined_balanced,130,21086.617543063185,148800.0,89280.0,57758.0,39653.979999999996,10000.0,756.0,744.0,12.0,0.0,0.022641509433962263,0.6,0.6,0.6888888888888888,97.0
A5_Combined_balanced,131,20905.547174888772,138200.0,82920.0,53412.0,36133.719999999994,10000.0,691.0,691.0,0.0,0.0,0.0,0.6,0.6,0.6577777777777778,68.0
A5_Combined_balanced,132,23174.610847425436,146800.0,88080.0,55438.0,39179.78,10000.0,734.0,734.0,0.0,0.0,0.0,0.6,0.6,0.5894444444444444,23.0
A5_Combined_balanced,133,21176.210162564224,129200.0,77520.0,51472.0,38002.32,5000.0,646.0,646.0,0.0,0.0,0.0,0.6,0.6,0.664074074074074,60.0
A5_Combined_balanced,134,22890.373791428567,147200.0,88320.0,55602.0,39312.62,10000.0,736.0,736.0,0.0,0.0,0.0,0.6,0.6,0.59,14.0
A5_Combined_balanced,135,20205.224380682062,127200.0,76320.0,50652.0,37338.12,5000.0,637.0,636.0,1.0,0.0,0.0022371364653243847,0.6,0.6,0.6507407407407406,80.0
A5_Combined_balanced,136,20539.82842858306,144800.0,86880.0,56118.0,38325.579999999994,10000.0,724.0,724.0,0.0,0.0,0.0,0.6,0.6,0.6722222222222222,82.0
A5_Combined_balanced,137,23835.131974370648,153000.0,91800.0,58480.0,41143.799999999996,10000.0,765.0,765.0,0.0,0.0,0.0,0.6,0.6,0.6344444444444444,63.0
A5_Combined_balanced,138,21270.446174249537,137800.0,82680.0,52748.0,36000.88,10000.0,689.0,689.0,0.0,0.0,0.0,0.6,0.6,0.6194444444444444,48.0
A5_Combined_balanced,139,25622.670918090975,162800.0,97680.0,61998.0,44493.380000000005,10000.0,814.0,814.0,0.0,0.0,0.0,0.6,0.6,0.6338888888888888,39.0
A5_Combined_balanced,140,20501.524207815273,132800.0,79680.0,51198.0,34245.38,10000.0,664.0,664.0,0.0,0.0,0.0,0.6,0.6,0.6388888888888888,58.0
A5_Combined_balanced,141,20670.203144819825,133600.0,80160.0,51526.0,34511.06,10000.0,668.0,668.0,0.0,0.0,0.0,0.6,0.6,0.6427777777777778,66.0
A5_Combined_balanced,142,22495.965117901927,144800.0,86880.0,55368.0,38373.079999999994,10000.0,724.0,724.0,0.0,0.0,0.0,0.6,0.6,0.625,43.0
A5_Combined_balanced,143,17778.72066854319,115400.0,69240.0,44064.0,28466.839999999997,10000.0,577.0,577.0,0.0,0.0,0.0,0.6,0.6,0.5737037037037037,21.0
A5_Combined_balanced,144,21121.2398894032,128600.0,77160.0,51226.0,37803.06,5000.0,643.0,643.0,0.0,0.0,0.0,0.6,0.6,0.6618518518518518,71.0
A5_Combined_balanced,145,24932.593311633005,159800.0,95880.0,60768.0,43497.079999999994,10000.0,799.0,799.0,0.0,0.0,0.0,0.6,0.6,0.6266666666666667,26.0
A5_Combined_balanced,146,23026.484071662126,149200.0,89520.0,57172.0,39834.32,10000.0,746.0,746.0,0.0,0.0,0.0,0.6,0.6,0.6372222222222222,42.0
A5_Combined_balanced,147,19431.84689333905,123400.0,74040.0,46594.0,31266.14,10000.0,617.0,617.0,0.0,0.0,0.0,0.6,0.6,0.5503703703703704,1.0
A5_Combined_balanced,148,19877.993997379734,128600.0,77160.0,51226.0,37803.06,5000.0,643.0,643.0,0.0,0.0,0.0,0.6,0.6,0.652962962962963,76.0
A5_Combined_balanced,149,23753.3282758036,150600.0,90360.0,57246.0,40394.259999999995,10000.0,753.0,753.0,0.0,0.0,0.0,0.6,0.6,0.6155555555555556,17.0
A5_Combined_balanced,150,24582.651870738024,159200.0,95520.0,61022.0,43202.81999999999,10000.0,796.0,796.0,0.0,0.0,0.0,0.6,0.6,0.6538888888888889,61.0
A5_Combined_balanced,151,22659.545987261605,146200.0,87720.0,55192.0,38980.520000000004,10000.0,731.0,731.0,0.0,0.0,0.0,0.6,0.6,0.5850000000000001,31.0
A5_Combined_balanced,152,21452.184677000587,138800.0,83280.0,53158.0,36332.979999999996,10000.0,694.0,694.0,0.0,0.0,0.0,0.6,0.6,0.6216666666666667,60.0
A5_Combined_balanced,153,20120.758185210285,135200.0,81120.0,52182.0,35137.42,10000.0,682.0,676.0,6.0,0.0,0.012684989429175475,0.6,0.6,0.6416666666666668,84.0
A5_Combined_balanced,154,21636.93305019642,137000.0,82200.0,52170.0,35782.7,10000.0,685.0,685.0,0.0,0.0,0.0,0.6,0.6,0.5987037037037037,3.0
A5_Combined_balanced,155,23750.17640898454,153600.0,92160.0,58726.0,41343.06,10000.0,768.0,768.0,0.0,0.0,0.0,0.6,0.6,0.6338888888888888,64.0
A5_Combined_balanced,156,20611.12006610973,132200.0,79320.0,52702.0,38998.62,5000.0,693.0,661.0,32.0,0.0,0.06477732793522267,0.6,0.6,0.6718518518518518,87.0
A5_Combined_balanced,157,20169.87157926627,129800.0,77880.0,48968.0,33439.08,10000.0,649.0,649.0,0.0,0.0,0.0,0.6,0.6,0.5698148148148147,15.0
A5_Combined_balanced,158,19626.430911952153,123200.0,73920.0,46762.0,31152.219999999998,10000.0,616.0,616.0,0.0,0.0,0.0,0.6,0.6,0.5849999999999999,22.0
A5_Combined_balanced,159,23073.149608147105,146200.0,87720.0,55692.0,38885.52,10000.0,731.0,731.0,0.0,0.0,0.0,0.6,0.6,0.6185185185185186,8.0
A5_Combined_balanced,160,20720.067563772547,134600.0,80760.0,53686.0,39795.66,5000.0,703.0,673.0,30.0,0.0,0.0496031746031746,0.6,0.6,0.6811111111111111,113.0
A5_Combined_balanced,161,20373.877352694657,143800.0,86280.0,55708.0,37993.479999999996,10000.0,736.0,719.0,17.0,0.0,0.032504780114722756,0.6,0.6,0.6677777777777778,107.0
A5_Combined_balanced,162,20077.191961640798,128400.0,77040.0,49394.0,32784.13999999999,10000.0,642.0,642.0,0.0,0.0,0.0,0.6,0.6,0.6272222222222222,36.0
A5_Combined_balanced,163,23438.971797642127,163400.0,98040.0,62994.0,44645.14,10000.0,817.0,817.0,0.0,0.0,0.0,0.6,0.6,0.6783333333333333,85.0
A5_Combined_balanced,164,23928.68316710331,153200.0,91920.0,58562.0,41210.219999999994,10000.0,766.0,766.0,0.0,0.0,0.0,0.6,0.6,0.6377777777777779,44.0
A5_Combined_balanced,165,22025.418225117948,142600.0,85560.0,53716.0,37784.96000000001,10000.0,713.0,713.0,0.0,0.0,0.0,0.6,0.6,0.5755555555555555,16.0
A5_Combined_balanced,166,20383.707075753067,133200.0,79920.0,50862.0,34473.22,10000.0,666.0,666.0,0.0,0.0,0.0,0.6,0.6,0.5944444444444446,13.0
A5_Combined_balanced,167,23464.647890027372,151200.0,90720.0,57492.0,40593.52,10000.0,756.0,756.0,0.0,0.0,0.0,0.6,0.6,0.6133333333333334,11.0
A5_Combined_balanced,168,23843.017186607038,153800.0,92280.0,57808.0,41599.479999999996,10000.0,769.0,769.0,0.0,0.0,0.0,0.6,0.6,0.5772222222222222,29.0
A5_Combined_balanced,169,21737.17121747654,141800.0,85080.0,54388.0,37329.28,10000.0,709.0,709.0,0.0,0.0,0.0,0.6,0.6,0.6288888888888889,59.0
A5_Combined_balanced,170,22144.77833566851,141800.0,85080.0,54388.0,37329.28,10000.0,709.0,709.0,0.0,0.0,0.0,0.6,0.6,0.6361111111111111,53.0
A5_Combined_balanced,171,21556.74095103055,139400.0,83640.0,53404.0,36532.24,10000.0,697.0,697.0,0.0,0.0,0.0,0.6,0.6,0.6244444444444445,50.0
A5_Combined_balanced,172,20355.595815815705,142800.0,85680.0,55298.0,37661.38,10000.0,714.0,714.0,0.0,0.0,0.0,0.6,0.6,0.6650000000000001,87.0
A5_Combined_balanced,173,22582.11621055085,144800.0,86880.0,54618.0,38515.58,10000.0,724.0,724.0,0.0,0.0,0.0,0.6,0.6,0.5816666666666667,14.0
A5_Combined_balanced,174,23424.08559769248,149200.0,89520.0,56922.0,39881.82,10000.0,746.0,746.0,0.0,0.0,0.0,0.6,0.6,0.6244444444444445,46.0
A5_Combined_balanced,175,24073.18815441961,154200.0,92520.0,58722.0,41589.81999999999,10000.0,771.0,771.0,0.0,0.0,0.0,0.6,0.6,0.6266666666666667,13.0
A5_Combined_balanced,176,20363.70779258819,144400.0,86640.0,55954.0,38192.73999999999,10000.0,722.0,722.0,0.0,0.0,0.0,0.6,0.6,0.6688888888888889,89.0
A5_Combined_balanced,177,21415.19749938459,137600.0,82560.0,52166.0,36029.46,10000.0,688.0,688.0,0.0,0.0,0.0,0.6,0.6,0.5922222222222222,30.0
A5_Combined_balanced,178,20804.728811650726,132600.0,79560.0,52866.0,39131.45999999999,5000.0,673.0,663.0,10.0,0.0,0.021052631578947368,0.6,0.6,0.6751851851851852,91.0
A5_Combined_balanced,179,19846.031357935386,147600.0,88560.0,57266.0,39255.45999999999,10000.0,749.0,738.0,11.0,0.0,0.020146520146520148,0.6,0.6,0.6727777777777778,110.0
A5_Combined_balanced,180,23031.78151255368,147200.0,88320.0,55602.0,39312.62,10000.0,736.0,736.0,0.0,0.0,0.0,0.6,0.6,0.5888888888888888,15.0
A5_Combined_balanced,181,22950.629582025173,159800.0,95880.0,61518.0,43449.579999999994,10000.0,799.0,799.0,0.0,0.0,0.0,0.6,0.6,0.6633333333333333,73.0
A5_Combined_balanced,182,20610.431170214717,128200.0,76920.0,51062.0,37670.219999999994,5000.0,641.0,641.0,0.0,0.0,0.0,0.6,0.6,0.6566666666666666,71.0
A5_Combined_balanced,183,21025.39771165786,125000.0,75000.0,49750.0,36607.5,5000.0,625.0,625.0,0.0,0.0,0.0,0.6,0.6,0.6481481481481483,39.0
A5_Combined_balanced,184,25919.925222944752,166000.0,99600.0,63310.0,45556.100000000006,10000.0,830.0,830.0,0.0,0.0,0.0,0.6,0.6,0.638888888888889,54.0
A5_Combined_balanced,185,23602.607902057927,150600.0,90360.0,56996.0,40441.759999999995,10000.0,753.0,753.0,0.0,0.0,0.0,0.6,0.6,0.6011111111111112,40.0
A5_Combined_balanced,186,20520.714498733185,134800.0,80880.0,50768.0,35147.08,10000.0,674.0,674.0,0.0,0.0,0.0,0.6,0.6,0.5611111111111112,4.0
A5_Combined_balanced,187,19558.333865218807,142800.0,85680.0,55298.0,37661.38,10000.0,733.0,714.0,19.0,0.0,0.03544776119402985,0.6,0.6,0.6561111111111111,102.0
A5_Combined_balanced,188,20480.659661346785,133600.0,80160.0,53276.0,39463.560000000005,5000.0,703.0,668.0,35.0,0.0,0.047619047619047616,0.6,0.6,0.6755555555555556,112.0
A5_Combined_balanced,189,21654.551545830167,139000.0,83400.0,52740.0,36494.399999999994,10000.0,695.0,695.0,0.0,0.0,0.0,0.6,0.6,0.5966666666666666,26.0
A5_Combined_balanced,190,24987.08966265004,159200.0,95520.0,60522.0,43297.82,10000.0,796.0,796.0,0.0,0.0,0.0,0.6,0.6,0.6244444444444445,27.0
A5_Combined_balanced,191,24205.425858462047,154400.0,92640.0,58804.0,41656.24,10000.0,772.0,772.0,0.0,0.0,0.0,0.6,0.6,0.6272222222222222,17.0
A5_Combined_balanced,192,24587.779980865325,157600.0,94560.0,59866.0,42766.46,10000.0,788.0,788.0,0.0,0.0,0.0,0.6,0.6,0.6155555555555556,26.0
A5_Combined_balanced,193,19733.899135800522,145000.0,87000.0,56200.0,38392.0,10000.0,743.0,725.0,18.0,0.0,0.033271719038817,0.6,0.6,0.6649999999999999,105.0
A5_Combined_balanced,194,22291.983502242267,151400.0,90840.0,58324.0,40612.439999999995,10000.0,757.0,757.0,0.0,0.0,0.0,0.6,0.6,0.6572222222222222,53.0
A5_Combined_balanced,195,21255.763869511582,119600.0,71760.0,47536.0,34814.16,5000.0,598.0,598.0,0.0,0.0,0.0,0.6,0.6,0.6296296296296297,37.0
A5_Combined_balanced,196,20229.500553976322,139400.0,83640.0,53904.0,36532.24,10000.0,697.0,697.0,0.0,0.0,0.0,0.6,0.6,0.6544444444444444,63.0
A5_Combined_balanced,197,22732.687773607904,146000.0,87600.0,55360.0,38866.6,10000.0,730.0,730.0,0.0,0.0,0.0,0.6,0.6,0.6016666666666667,5.0
A5_Combined_balanced,198,22070.683367230013,146200.0,87720.0,56192.0,38885.52,10000.0,731.0,731.0,0.0,0.0,0.0,0.6,0.6,0.6411111111111112,41.0
A5_Combined_balanced,199,22126.391621801053,146400.0,87840.0,54774.0,39141.94,10000.0,732.0,732.0,0.0,0.0,0.0,0.6,0.6,0.5466666666666666,3.0
A5_Combined_balanced,200,20608.748365920543,143200.0,85920.0,55462.0,37794.22,10000.0,726.0,716.0,10.0,0.0,0.01968503937007874,0.6,0.6,0.6688888888888889,96.0
A5_Combined_balanced,201,25896.311655048426,171200.0,102720.0,65692.0,47330.520000000004,10000.0,856.0,856.0,0.0,0.0,0.0,0.6,0.6,0.6727777777777779,50.0
A5_Combined_balanced,202,22395.2448035296,147400.0,88440.0,56434.0,39236.54,10000.0,737.0,737.0,0.0,0.0,0.0,0.6,0.6,0.6255555555555556,34.0
A5_Combined_balanced,203,22330.22666440749,145400.0,87240.0,54364.0,38809.84,10000.0,727.0,727.0,0.0,0.0,0.0,0.6,0.6,0.552962962962963,23.0
A5_Combined_balanced,204,21458.98416163236,135800.0,81480.0,51428.0,35431.67999999999,10000.0,679.0,679.0,0.0,0.0,0.0,0.6,0.6,0.5818518518518518,20.0
A5_Combined_balanced,205,19919.715495160402,132400.0,79440.0,49534.0,34397.54,10000.0,662.0,662.0,0.0,0.0,0.0,0.6,0.6,0.5374074074074074,0.0
A5_Combined_balanced,206,23946.152532982444,155000.0,93000.0,58800.0,41903.0,10000.0,775.0,775.0,0.0,0.0,0.0,0.6,0.6,0.6116666666666667,10.0
A5_Combined_balanced,207,22493.23495106249,144000.0,86400.0,54290.0,38249.899999999994,10000.0,720.0,720.0,0.0,0.0,0.0,0.6,0.6,0.5811111111111111,22.0
A5_Combined_balanced,208,23068.86846345216,117800.0,70680.0,48298.0,39121.380000000005,0.0,589.0,589.0,0.0,0.0,0.0,0.6,0.6,0.6544444444444445,35.0
A5_Combined_balanced,209,22593.62999632173,152600.0,91560.0,58816.0,41010.95999999999,10000.0,763.0,763.0,0.0,0.0,0.0,0.6,0.6,0.6655555555555555,89.0
A5_Combined_balanced,210,24796.637948568306,157800.0,94680.0,60198.0,42785.38,10000.0,789.0,789.0,0.0,0.0,0.0,0.6,0.6,0.6344444444444444,29.0
A5_Combined_balanced,211,20146.930159653195,144400.0,86640.0,55954.0,38192.74,10000.0,740.0,722.0,18.0,0.0,0.03389830508474576,0.6,0.6,0.6672222222222223,92.0
A5_Combined_balanced,212,20492.781188666777,130200.0,78120.0,49632.0,33476.92,10000.0,651.0,651.0,0.0,0.0,0.0,0.6,0.6,0.6005555555555556,35.0
A5_Combined_balanced,213,23596.374074127718,153200.0,91920.0,57562.0,41400.219999999994,10000.0,766.0,766.0,0.0,0.0,0.0,0.6,0.6,0.5755555555555555,24.0
A5_Combined_balanced,214,21725.272606289327,141200.0,84720.0,53392.0,37272.520000000004,10000.0,706.0,706.0,0.0,0.0,0.0,0.6,0.6,0.5831481481481482,7.0
A5_Combined_balanced,215,20250.69851797026,134600.0,80760.0,51936.0,34938.159999999996,10000.0,673.0,673.0,0.0,0.0,0.0,0.6,0.6,0.6416666666666667,69.0
A5_Combined_balanced,216,21088.18963173941,137800.0,82680.0,51748.0,36190.880000000005,10000.0,689.0,689.0,0.0,0.0,0.0,0.6,0.6,0.5598148148148148,10.0
A5_Combined_balanced,217,24226.230630469825,155800.0,93480.0,59128.0,42168.68,10000.0,779.0,779.0,0.0,0.0,0.0,0.6,0.6,0.6122222222222222,44.0
A5_Combined_balanced,218,21172.55796900631,132000.0,79200.0,52620.0,38932.2,5000.0,665.0,660.0,5.0,0.0,0.010845986984815618,0.6,0.6,0.6748148148148149,77.0
A5_Combined_balanced,219,21207.582677143757,137200.0,82320.0,51752.0,35944.12,10000.0,686.0,686.0,0.0,0.0,0.0,0.6,0.6,0.5735185185185185,6.0
A5_Combined_balanced,220,20853.065915205905,132200.0,79320.0,50452.0,34141.119999999995,10000.0,661.0,661.0,0.0,0.0,0.0,0.6,0.6,0.6003703703703704,22.0
A5_Combined_balanced,221,20462.11672292912,145000.0,87000.0,56200.0,38391.99999999999,10000.0,725.0,725.0,0.0,0.0,0.0,0.6,0.6,0.6722222222222223,84.0
A5_Combined_balanced,222,19795.778375004018,139400.0,83640.0,53904.0,36532.24,10000.0,697.0,697.0,0.0,0.0,0.0,0.6,0.6,0.6494444444444445,81.0
A5_Combined_balanced,223,20726.84581612913,132200.0,79320.0,50952.0,34046.12,10000.0,661.0,661.0,0.0,0.0,0.0,0.6,0.6,0.6411111111111112,55.0
A5_Combined_balanced,224,22787.298538040068,147600.0,88560.0,56016.0,39397.96,10000.0,738.0,738.0,0.0,0.0,0.0,0.6,0.6,0.6027777777777777,11.0
A5_Combined_balanced,225,22858.785115874816,155400.0,93240.0,59964.0,41940.84,10000.0,777.0,777.0,0.0,0.0,0.0,0.6,0.6,0.6755555555555556,98.0
A5_Combined_balanced,226,20890.725291403247,142800.0,85680.0,55298.0,37661.38,10000.0,721.0,714.0,7.0,0.0,0.014056224899598393,0.6,0.6,0.6705555555555556,88.0
A5_Combined_balanced,227,24404.65147541388,159000.0,95400.0,60940.0,43136.399999999994,10000.0,795.0,795.0,0.0,0.0,0.0,0.6,0.6,0.6511111111111111,67.0
A5_Combined_balanced,228,21760.8344871605,138200.0,82920.0,55162.0,40991.22,5000.0,747.0,691.0,56.0,0.0,0.06981132075471698,0.6,0.6,0.701111111111111,114.0
A5_Combined_balanced,229,20663.45034172451,150200.0,90120.0,58332.0,40118.92,10000.0,751.0,751.0,0.0,0.0,0.0,0.6,0.6,0.6888888888888889,102.0
A5_Combined_balanced,230,21064.499662961272,133200.0,79920.0,53112.0,39330.72,5000.0,721.0,666.0,55.0,0.0,0.10617760617760617,0.6,0.6,0.6785185185185186,101.0
A5_Combined_balanced,231,19077.831268143444,122200.0,73320.0,46602.0,30772.62,10000.0,611.0,611.0,0.0,0.0,0.0,0.6,0.6,0.5850000000000001,7.0
A5_Combined_balanced,232,22934.660777403296,161800.0,97080.0,62588.0,44066.28,10000.0,823.0,809.0,14.0,0.0,0.023931623931623933,0.6,0.6,0.6944444444444444,115.0
A5_Combined_balanced,233,20463.6826713072,141400.0,84840.0,54724.0,37196.439999999995,10000.0,707.0,707.0,0.0,0.0,0.0,0.6,0.6,0.6622222222222223,82.0
A5_Combined_balanced,234,24273.03283160777,155600.0,93360.0,59046.0,42102.26,10000.0,778.0,778.0,0.0,0.0,0.0,0.6,0.6,0.615,13.0
A5_Combined_balanced,235,19557.999764736494,125200.0,75120.0,47082.0,31911.42,10000.0,626.0,626.0,0.0,0.0,0.0,0.6,0.6,0.555,30.0
A5_Combined_balanced,236,22606.248626856708,150200.0,90120.0,57832.0,40213.92,10000.0,751.0,751.0,0.0,0.0,0.0,0.6,0.6,0.6588888888888889,70.0
A5_Combined_balanced,237,24816.034713275632,158600.0,95160.0,60276.0,43098.56,10000.0,793.0,793.0,0.0,0.0,0.0,0.6,0.6,0.62,37.0
A5_Combined_balanced,238,20325.608371061673,130800.0,78480.0,50378.0,33581.17999999999,10000.0,654.0,654.0,0.0,0.0,0.0,0.6,0.6,0.633888888888889,54.0
A5_Combined_balanced,239,22083.572676517393,140000.0,84000.0,52900.0,36874.0,10000.0,700.0,700.0,0.0,0.0,0.0,0.6,0.6,0.5844444444444444,6.0
A5_Combined_balanced,240,22253.176653186245,143200.0,85920.0,53962.0,37984.22,10000.0,716.0,716.0,0.0,0.0,0.0,0.6,0.6,0.5772222222222222,28.0
A5_Combined_balanced,241,21467.180276080115,129000.0,77400.0,51390.0,37935.899999999994,5000.0,645.0,645.0,0.0,0.0,0.0,0.6,0.6,0.6655555555555555,59.0
A5_Combined_balanced,242,22657.808662518044,143200.0,85920.0,54212.0,37936.72,10000.0,716.0,716.0,0.0,0.0,0.0,0.6,0.6,0.5955555555555556,11.0
A5_Combined_balanced,243,21504.79014029074,140600.0,84360.0,53646.0,36978.26,10000.0,703.0,703.0,0.0,0.0,0.0,0.6,0.6,0.6044444444444445,34.0
A5_Combined_balanced,244,22020.533068379922,142000.0,85200.0,54470.0,37395.7,10000.0,710.0,710.0,0.0,0.0,0.0,0.6,0.6,0.6322222222222221,35.0
A5_Combined_balanced,245,26241.74099193719,168600.0,101160.0,63876.0,46514.560000000005,10000.0,843.0,843.0,0.0,0.0,0.0,0.6,0.6,0.6183333333333334,21.0
A5_Combined_balanced,246,24474.316988057668,156400.0,93840.0,59374.0,42367.939999999995,10000.0,782.0,782.0,0.0,0.0,0.0,0.6,0.6,0.6166666666666667,44.0
A5_Combined_balanced,247,23619.93690518287,150600.0,90360.0,57246.0,40394.26,10000.0,753.0,753.0,0.0,0.0,0.0,0.6,0.6,0.615,17.0
A5_Combined_balanced,248,23514.617368210264,148800.0,89280.0,57008.0,39701.479999999996,10000.0,744.0,744.0,0.0,0.0,0.0,0.6,0.6,0.643888888888889,35.0
A5_Combined_balanced,249,21871.688316120333,139400.0,83640.0,53404.0,36532.24,10000.0,697.0,697.0,0.0,0.0,0.0,0.6,0.6,0.6283333333333334,53.0
A5_Combined_balanced,250,22700.643128309413,149800.0,89880.0,56168.0,40271.079999999994,10000.0,749.0,749.0,0.0,0.0,0.0,0.6,0.6,0.5561111111111111,7.0
A5_Combined_balanced,251,26178.362735984556,167600.0,100560.0,63966.0,46087.46,10000.0,838.0,838.0,0.0,0.0,0.0,0.6,0.6,0.6483333333333334,14.0
A5_Combined_balanced,252,20404.27898123228,132400.0,79440.0,50534.0,34207.54,10000.0,662.0,662.0,0.0,0.0,0.0,0.6,0.6,0.5968518518518519,12.0
A5_Combined_balanced,253,24221.01121186617,157800.0,94680.0,59948.0,42832.880000000005,10000.0,789.0,789.0,0.0,0.0,0.0,0.6,0.6,0.6172222222222222,15.0
A5_Combined_balanced,254,21606.2092976204,138800.0,83280.0,52158.0,36522.98,10000.0,694.0,694.0,0.0,0.0,0.0,0.6,0.6,0.5666666666666667,28.0
A5_Combined_balanced,255,24399.607242519523,156600.0,93960.0,59456.0,42434.36,10000.0,783.0,783.0,0.0,0.0,0.0,0.6,0.6,0.6161111111111112,16.0
A5_Combined_balanced,256,20336.824096311626,128400.0,77040.0,48894.0,32879.14,10000.0,642.0,642.0,0.0,0.0,0.0,0.6,0.6,0.5972222222222222,44.0
A5_Combined_balanced,257,23771.728552253087,156000.0,93600.0,59710.0,42140.1,10000.0,780.0,780.0,0.0,0.0,0.0,0.6,0.6,0.6377777777777778,58.0
A5_Combined_balanced,258,23492.249757328736,152200.0,91320.0,57652.0,40973.12,10000.0,761.0,761.0,0.0,0.0,0.0,0.6,0.6,0.6055555555555556,16.0
A5_Combined_balanced,259,22280.465898802187,143400.0,86040.0,55044.0,37860.64,10000.0,717.0,717.0,0.0,0.0,0.0,0.6,0.6,0.64,60.0
A5_Combined_balanced,260,22324.002323022956,143800.0,86280.0,54708.0,38088.479999999996,10000.0,719.0,719.0,0.0,0.0,0.0,0.6,0.6,0.6088888888888888,32.0
A5_Combined_balanced,261,22363.544836956757,147000.0,88200.0,56520.0,39118.52,10000.0,735.0,735.0,0.0,0.0,0.0,0.6,0.6,0.6477777777777778,59.0
A5_Combined_balanced,262,20748.142049838872,135200.0,81120.0,52182.0,35135.899999999994,10000.0,676.0,676.0,0.0,0.0,0.0,0.6,0.6,0.6477777777777778,43.0
A5_Combined_balanced,263,22935.697425445163,151800.0,91080.0,58488.0,40745.28,10000.0,759.0,759.0,0.0,0.0,0.0,0.6,0.6,0.6655555555555555,44.0
A5_Combined_balanced,264,22574.14006244206,147600.0,88560.0,55266.0,39540.46,10000.0,738.0,738.0,0.0,0.0,0.0,0.6,0.6,0.5562962962962962,7.0
A5_Combined_balanced,265,21494.94247717053,129200.0,77520.0,51472.0,38002.32,5000.0,646.0,646.0,0.0,0.0,0.0,0.6,0.6,0.6662962962962963,49.0
A5_Combined_balanced,266,21828.80521715137,140000.0,84000.0,53650.0,36731.49999999999,10000.0,700.0,700.0,0.0,0.0,0.0,0.6,0.6,0.6294444444444445,49.0
A5_Combined_balanced,267,20619.5020262302,134600.0,80760.0,53686.0,39795.66,5000.0,710.0,673.0,37.0,0.0,0.040776699029126215,0.6,0.6,0.6811111111111111,106.0
A5_Combined_balanced,268,21887.834002136664,136800.0,82080.0,54588.0,40526.28,5000.0,689.0,684.0,5.0,0.0,0.01059322033898305,0.6,0.6,0.6977777777777778,78.0
A5_Combined_balanced,269,23877.995665047893,126200.0,75720.0,51742.0,41911.01999999999,0.0,649.0,631.0,18.0,0.0,0.0,0.6,0.6,0.7011111111111111,78.0
A5_Combined_balanced,270,21288.331369558324,135800.0,81480.0,54178.0,40194.18,5000.0,680.0,679.0,1.0,0.0,0.00211864406779661,0.6,0.6,0.6896296296296297,90.0
A5_Combined_balanced,271,23112.617639840297,151600.0,90960.0,58156.0,40631.35999999999,10000.0,758.0,758.0,0.0,0.0,0.0,0.6,0.6,0.6427777777777778,54.0
A5_Combined_balanced,272,21224.49413288526,135400.0,81240.0,54014.0,40061.34,5000.0,697.0,677.0,20.0,0.0,0.0408997955010225,0.6,0.6,0.6874074074074075,98.0
A5_Combined_balanced,273,23304.792924578363,151000.0,90600.0,57160.0,40574.59999999999,10000.0,755.0,755.0,0.0,0.0,0.0,0.6,0.6,0.5983333333333334,21.0
A5_Combined_balanced,274,22714.12156361313,145400.0,87240.0,55114.0,38667.34,10000.0,727.0,727.0,0.0,0.0,0.0,0.6,0.6,0.6024074074074074,16.0
A5_Combined_balanced,275,21460.049770829122,137600.0,82560.0,54916.0,40791.96,5000.0,761.0,688.0,73.0,0.0,0.09671532846715329,0.6,0.6,0.6977777777777778,114.0
A5_Combined_balanced,276,22151.78704832263,142200.0,85320.0,54552.0,37462.119999999995,10000.0,711.0,711.0,0.0,0.0,0.0,0.6,0.6,0.6361111111111112,61.0
A5_Combined_balanced,277,23540.901458609584,150400.0,90240.0,56914.0,40375.340000000004,10000.0,752.0,752.0,0.0,0.0,0.0,0.6,0.6,0.5994444444444444,9.0
A5_Combined_balanced,278,23568.06334184478,152000.0,91200.0,57570.0,40906.7,10000.0,760.0,760.0,0.0,0.0,0.0,0.6,0.6,0.6011111111111112,22.0
A5_Combined_balanced,279,19893.122096273815,138400.0,83040.0,53494.0,36200.13999999999,10000.0,692.0,692.0,0.0,0.0,0.0,0.6,0.6,0.6477777777777778,81.0
A5_Combined_balanced,280,22556.465528670673,144000.0,86400.0,55290.0,38059.899999999994,10000.0,720.0,720.0,0.0,0.0,0.0,0.6,0.6,0.6449999999999999,36.0
A5_Combined_balanced,281,23979.38903100603,156000.0,93600.0,59210.0,42235.1,10000.0,780.0,780.0,0.0,0.0,0.0,0.6,0.6,0.6122222222222222,16.0
A5_Combined_balanced,282,20796.499152711156,134000.0,80400.0,53440.0,39596.399999999994,5000.0,673.0,670.0,3.0,0.0,0.006329113924050633,0.6,0.6,0.6796296296296297,93.0
A5_Combined_balanced,283,21228.901200783337,134600.0,80760.0,53686.0,39795.66,5000.0,673.0,673.0,0.0,0.0,0.0,0.6,0.6,0.6848148148148148,84.0
A5_Combined_balanced,284,23611.103829298816,152600.0,91560.0,57816.0,41105.96,10000.0,763.0,763.0,0.0,0.0,0.0,0.6,0.6,0.6022222222222222,25.0
A5_Combined_balanced,285,21937.218394142477,143000.0,85800.0,53880.0,37917.799999999996,10000.0,715.0,715.0,0.0,0.0,0.0,0.6,0.6,0.5733333333333334,8.0
A5_Combined_balanced,286,21147.962845682843,119800.0,71880.0,47618.0,34880.579999999994,5000.0,599.0,599.0,0.0,0.0,0.0,0.6,0.6,0.63,25.0
A5_Combined_balanced,287,22474.725663896123,144600.0,86760.0,54786.0,38401.66,10000.0,723.0,723.0,0.0,0.0,0.0,0.6,0.6,0.5959259259259259,2.0
A5_Combined_balanced,288,23185.13945599332,153800.0,92280.0,59058.0,41456.979999999996,10000.0,769.0,769.0,0.0,0.0,0.0,0.6,0.6,0.648888888888889,66.0
A5_Combined_balanced,289,22347.16403425975,144800.0,86880.0,54618.0,38515.58,10000.0,724.0,724.0,0.0,0.0,0.0,0.6,0.6,0.5822222222222223,13.0
A5_Combined_balanced,290,21686.172230359494,137600.0,82560.0,52666.0,35934.46,10000.0,688.0,688.0,0.0,0.0,0.0,0.6,0.6,0.6227777777777778,51.0
A5_Combined_balanced,291,22852.40069059118,149000.0,89400.0,55840.0,40005.4,10000.0,745.0,745.0,0.0,0.0,0.0,0.6,0.6,0.5638888888888889,30.0
A5_Combined_balanced,292,23038.485429866694,146800.0,88080.0,55438.0,39179.78,10000.0,734.0,734.0,0.0,0.0,0.0,0.6,0.6,0.5883333333333333,33.0
A5_Combined_balanced,293,19247.45062519892,129000.0,77400.0,49640.0,33014.56,10000.0,645.0,645.0,0.0,0.0,0.0,0.6,0.6,0.6155555555555556,30.0
A5_Combined_balanced,294,22624.730735499154,145200.0,87120.0,54782.0,38648.42,10000.0,726.0,726.0,0.0,0.0,0.0,0.6,0.6,0.5850000000000001,22.0
A5_Combined_balanced,295,21009.523320232896,132800.0,79680.0,52948.0,39197.880000000005,5000.0,717.0,664.0,53.0,0.0,0.1029126213592233,0.6,0.6,0.6770370370370371,101.0
A5_Combined_balanced,296,20923.98816961245,136000.0,81600.0,51510.0,35498.1,10000.0,680.0,680.0,0.0,0.0,0.0,0.6,0.6,0.5679629629629629,0.0
A5_Combined_balanced,297,20764.91492257623,132000.0,79200.0,52620.0,38932.2,5000.0,660.0,660.0,0.0,0.0,0.0,0.6,0.6,0.6722222222222223,89.0
A5_Combined_balanced,298,20158.899531824554,131400.0,78840.0,52374.0,38732.939999999995,5000.0,701.0,657.0,44.0,0.0,0.08527131782945736,0.6,0.6,0.6659259259259259,94.0
A5_Combined_balanced,299,19836.78116837521,129600.0,77760.0,49886.0,33182.659999999996,10000.0,648.0,648.0,0.0,0.0,0.0,0.6,0.6,0.6238888888888889,68.0
A5_Combined_balanced,300,22878.098081075692,147800.0,88680.0,55348.0,39606.88,10000.0,739.0,739.0,0.0,0.0,0.0,0.6,0.6,0.5605555555555556,36.0
A6_Combined_aggressive,1,22785.862257283647,147000.0,88200.0,56020.0,39151.2,10000.0,735.0,735.0,0.0,0.0,0.0,0.6,0.6,0.6122222222222222,7.0
A6_Combined_aggressive,2,21906.136224166086,141200.0,84720.0,53142.0,37320.020000000004,10000.0,706.0,706.0,0.0,0.0,0.0,0.6,0.6,0.5683333333333334,20.0
A6_Combined_aggressive,3,21251.970389913527,135400.0,81240.0,54014.0,40061.34,5000.0,713.0,677.0,36.0,0.0,0.07114624505928854,0.6,0.6,0.6881481481481482,94.0
A6_Combined_aggressive,4,21831.046005951648,135800.0,81480.0,54178.0,40194.18,5000.0,693.0,679.0,14.0,0.0,0.029535864978902954,0.6,0.6,0.6933333333333334,81.0
A6_Combined_aggressive,5,20455.160998738123,138600.0,83160.0,53576.0,36266.56,10000.0,697.0,693.0,4.0,0.0,0.008298755186721992,0.6,0.6,0.6544444444444443,84.0
A6_Combined_aggressive,6,19639.037867579696,137800.0,82680.0,53248.0,36000.88,10000.0,693.0,689.0,4.0,0.0,0.008113590263691683,0.6,0.6,0.6438888888888887,93.0
A6_Combined_aggressive,7,20635.230437425333,136200.0,81720.0,52092.0,35469.52,10000.0,681.0,681.0,0.0,0.0,0.0,0.6,0.6,0.6027777777777779,24.0
A6_Combined_aggressive,8,24191.57556146393,157200.0,94320.0,59702.0,42633.62,10000.0,786.0,786.0,0.0,0.0,0.0,0.6,0.6,0.6116666666666667,14.0
A6_Combined_aggressive,9,21159.710923813982,134600.0,80760.0,51436.0,34938.16,10000.0,673.0,673.0,0.0,0.0,0.0,0.6,0.6,0.6090740740740741,25.0
A6_Combined_aggressive,10,22205.35180324927,146800.0,88080.0,54938.0,39274.78,10000.0,734.0,734.0,0.0,0.0,0.0,0.6,0.6,0.552037037037037,4.0
A6_Combined_aggressive,11,19342.93649686053,143600.0,86160.0,55626.0,37927.06,10000.0,718.0,718.0,0.0,0.0,0.0,0.6,0.6,0.6566666666666667,98.0
A6_Combined_aggressive,12,19785.41458874213,141000.0,84600.0,54560.0,37063.59999999999,10000.0,760.0,705.0,55.0,0.0,0.09874326750448834,0.6,0.6,0.6544444444444444,106.0
A6_Combined_aggressive,13,21934.78634925847,146600.0,87960.0,56106.0,38970.86,10000.0,733.0,733.0,0.0,0.0,0.0,0.6,0.6,0.6172222222222223,57.0
A6_Combined_aggressive,14,21383.96178684255,134600.0,80760.0,53686.0,39795.65999999999,5000.0,675.0,673.0,2.0,0.0,0.004347826086956522,0.6,0.6,0.6855555555555557,92.0
A6_Combined_aggressive,15,20411.77061338227,135200.0,81120.0,50682.0,35327.420000000006,10000.0,676.0,676.0,0.0,0.0,0.0,0.6,0.6,0.5509259259259259,3.0
A6_Combined_aggressive,16,21721.199943058622,141600.0,84960.0,52806.0,37547.86,10000.0,708.0,708.0,0.0,0.0,0.0,0.6,0.6,0.5398148148148149,8.0
A6_Combined_aggressive,17,22839.3890786542,147600.0,88560.0,56016.0,39397.96000000001,10000.0,738.0,738.0,0.0,0.0,0.0,0.6,0.6,0.6007407407407407,10.0
A6_Combined_aggressive,18,25020.382554169526,163600.0,98160.0,61826.0,44854.06,10000.0,818.0,818.0,0.0,0.0,0.0,0.6,0.6,0.5998148148148149,3.0
A6_Combined_aggressive,19,19705.692057902732,137200.0,82320.0,53002.0,35801.619999999995,10000.0,694.0,686.0,8.0,0.0,0.016227180527383367,0.6,0.6,0.6422222222222224,97.0
A6_Combined_aggressive,20,23518.451236457302,149600.0,89760.0,57086.0,40014.659999999996,10000.0,748.0,748.0,0.0,0.0,0.0,0.6,0.6,0.6283333333333333,47.0
A6_Combined_aggressive,21,22286.05467051135,148800.0,89280.0,57258.0,39748.98,10000.0,744.0,744.0,0.0,0.0,0.0,0.6,0.6,0.6516666666666667,59.0
A6_Combined_aggressive,22,20659.86311855494,133600.0,80160.0,50776.0,34653.560000000005,10000.0,668.0,668.0,0.0,0.0,0.0,0.6,0.6,0.5785185185185184,0.0
A6_Combined_aggressive,23,24542.361185998627,158800.0,95280.0,60358.0,43164.979999999996,10000.0,794.0,794.0,0.0,0.0,0.0,0.6,0.6,0.6161111111111112,25.0
A6_Combined_aggressive,24,19826.70282068737,136400.0,81840.0,52674.0,35535.939999999995,10000.0,682.0,682.0,0.0,0.0,0.0,0.6,0.6,0.6411111111111112,71.0
A6_Combined_aggressive,25,21776.00230054495,140800.0,84480.0,53228.0,37139.68,10000.0,704.0,704.0,0.0,0.0,0.0,0.6,0.6,0.5838888888888889,2.0
A6_Combined_aggressive,26,21703.261202727906,141000.0,84600.0,54060.0,37063.600000000006,10000.0,705.0,705.0,0.0,0.0,0.0,0.6,0.6,0.6277777777777779,58.0
A6_Combined_aggressive,27,20415.01935302636,136600.0,81960.0,52756.0,35602.36,10000.0,683.0,683.0,0.0,0.0,0.0,0.6,0.6,0.6477777777777778,87.0
A6_Combined_aggressive,28,21092.437319508063,132000.0,79200.0,52620.0,38932.2,5000.0,660.0,660.0,0.0,0.0,0.0,0.6,0.6,0.6744444444444445,69.0
A6_Combined_aggressive,29,20977.236931074294,135400.0,81240.0,54014.0,40061.340000000004,5000.0,723.0,677.0,46.0,0.0,0.0690978886756238,0.6,0.6,0.6855555555555556,100.0
A6_Combined_aggressive,30,21376.32304096127,137000.0,82200.0,52170.0,35782.7,10000.0,685.0,685.0,0.0,0.0,0.0,0.6,0.6,0.6005555555555555,41.0
A6_Combined_aggressive,31,22532.63814218466,146200.0,87720.0,56192.0,38790.52,10000.0,731.0,731.0,0.0,0.0,0.0,0.6,0.6,0.6472222222222223,49.0
A6_Combined_aggressive,32,20028.467676508066,131600.0,78960.0,52456.0,38799.36,5000.0,702.0,658.0,44.0,0.0,0.08527131782945736,0.6,0.6,0.6651851851851852,99.0
A6_Combined_aggressive,33,21864.027148951594,140200.0,84120.0,53732.0,36797.92,10000.0,701.0,701.0,0.0,0.0,0.0,0.6,0.6,0.6327777777777778,21.0
A6_Combined_aggressive,34,22800.67467642862,147800.0,88680.0,55848.0,39511.880000000005,10000.0,739.0,739.0,0.0,0.0,0.0,0.6,0.6,0.5892592592592593,17.0
A6_Combined_aggressive,35,22165.84073957787,142800.0,85680.0,53798.0,37851.380000000005,10000.0,714.0,714.0,0.0,0.0,0.0,0.6,0.6,0.5761111111111111,18.0
A6_Combined_aggressive,36,20762.775917366496,133000.0,79800.0,50030.0,34549.3,10000.0,665.0,665.0,0.0,0.0,0.0,0.6,0.6,0.5631481481481482,4.0
A6_Combined_aggressive,37,21267.88437437432,136800.0,82080.0,51838.0,35763.78,10000.0,684.0,684.0,0.0,0.0,0.0,0.6,0.6,0.5855555555555555,42.0
A6_Combined_aggressive,38,21405.982623689673,137000.0,82200.0,52170.0,35782.7,10000.0,685.0,685.0,0.0,0.0,0.0,0.6,0.6,0.6033333333333334,36.0
A6_Combined_aggressive,39,21467.853104385158,138200.0,82920.0,52912.0,36133.72,10000.0,691.0,691.0,0.0,0.0,0.0,0.6,0.6,0.6205555555555555,32.0
A6_Combined_aggressive,40,23156.08443705589,152600.0,91560.0,58566.0,41025.78,10000.0,763.0,763.0,0.0,0.0,0.0,0.6,0.6,0.6455555555555555,46.0
A6_Combined_aggressive,41,20126.647025598344,134400.0,80640.0,50354.0,35061.740000000005,10000.0,672.0,672.0,0.0,0.0,0.0,0.6,0.6,0.5412962962962963,0.0
A6_Combined_aggressive,42,20228.483901444044,149400.0,89640.0,58004.0,39853.24,10000.0,774.0,747.0,27.0,0.0,0.047872340425531915,0.6,0.6,0.6816666666666666,100.0
A6_Combined_aggressive,43,23842.626628036403,152800.0,91680.0,57898.0,41172.380000000005,10000.0,764.0,764.0,0.0,0.0,0.0,0.6,0.6,0.6061111111111112,22.0
A6_Combined_aggressive,44,21116.89027981864,138400.0,83040.0,52244.0,36342.64,10000.0,692.0,692.0,0.0,0.0,0.0,0.6,0.6,0.5700000000000001,7.0
A6_Combined_aggressive,45,23722.037098305977,150800.0,90480.0,57078.0,40508.18,10000.0,754.0,754.0,0.0,0.0,0.0,0.6,0.6,0.5994444444444443,17.0
A6_Combined_aggressive,46,21454.17726524118,142200.0,85320.0,53052.0,37747.12,10000.0,711.0,711.0,0.0,0.0,0.0,0.6,0.6,0.5398148148148147,9.0
A6_Combined_aggressive,47,20324.846254680197,134800.0,80880.0,50518.0,35194.579999999994,10000.0,674.0,674.0,0.0,0.0,0.0,0.6,0.6,0.5411111111111111,3.0
A6_Combined_aggressive,48,20922.598046319268,136400.0,81840.0,51174.0,35725.94,10000.0,682.0,682.0,0.0,0.0,0.0,0.6,0.6,0.5577777777777778,6.0
A6_Combined_aggressive,49,24531.452862301056,157000.0,94200.0,59620.0,42567.200000000004,10000.0,785.0,785.0,0.0,0.0,0.0,0.6,0.6,0.6166666666666667,15.0
A6_Combined_aggressive,50,21822.04115900639,142600.0,85560.0,54716.0,37594.96,10000.0,713.0,713.0,0.0,0.0,0.0,0.6,0.6,0.6322222222222221,58.0
A6_Combined_aggressive,51,21382.500639795737,139800.0,83880.0,52568.0,36855.08,10000.0,699.0,699.0,0.0,0.0,0.0,0.6,0.6,0.5581481481481482,1.0
A6_Combined_aggressive,52,25768.638004014985,166600.0,99960.0,63556.0,45755.35999999999,10000.0,833.0,833.0,0.0,0.0,0.0,0.6,0.6,0.6438888888888888,36.0
A6_Combined_aggressive,53,21167.101714940116,120800.0,72480.0,47278.0,35307.67999999999,5000.0,604.0,604.0,0.0,0.0,0.0,0.6,0.6,0.5666666666666667,4.0
A6_Combined_aggressive,54,21806.9394971034,141600.0,84960.0,54306.0,37262.86,10000.0,708.0,708.0,0.0,0.0,0.0,0.6,0.6,0.63,55.0
A6_Combined_aggressive,55,21427.637631430298,139800.0,83880.0,53068.0,36760.079999999994,10000.0,699.0,699.0,0.0,0.0,0.0,0.6,0.6,0.5944444444444446,38.0
A6_Combined_aggressive,56,22142.221065367325,145800.0,87480.0,54528.0,38942.67999999999,10000.0,729.0,729.0,0.0,0.0,0.0,0.6,0.6,0.5498148148148148,7.0
A6_Combined_aggressive,57,20689.066992398606,135000.0,81000.0,51100.0,35166.0,10000.0,675.0,675.0,0.0,0.0,0.0,0.6,0.6,0.5818518518518518,28.0
A6_Combined_aggressive,58,22089.580952826884,143800.0,86280.0,54208.0,38183.479999999996,10000.0,719.0,719.0,0.0,0.0,0.0,0.6,0.6,0.5738888888888888,2.0
A6_Combined_aggressive,59,21723.43589158512,142200.0,85320.0,53552.0,37652.12,10000.0,711.0,711.0,0.0,0.0,0.0,0.6,0.6,0.570925925925926,2.0
A6_Combined_aggressive,60,23427.04641968153,152000.0,91200.0,58070.0,40811.700000000004,10000.0,760.0,760.0,0.0,0.0,0.0,0.6,0.6,0.6272222222222222,56.0
A6_Combined_aggressive,61,23464.10576038448,150400.0,90240.0,56914.0,40375.340000000004,10000.0,752.0,752.0,0.0,0.0,0.0,0.6,0.6,0.5944444444444446,41.0
A6_Combined_aggressive,62,24571.316035069645,157800.0,94680.0,60198.0,42785.38,10000.0,789.0,789.0,0.0,0.0,0.0,0.6,0.6,0.6305555555555554,20.0
A6_Combined_aggressive,63,20679.19135660239,135800.0,81480.0,51178.0,35479.18,10000.0,679.0,679.0,0.0,0.0,0.0,0.6,0.6,0.5616666666666666,4.0
A6_Combined_aggressive,64,20604.03081143688,118800.0,71280.0,47208.0,34548.479999999996,5000.0,594.0,594.0,0.0,0.0,0.0,0.6,0.6,0.6214814814814814,44.0
A6_Combined_aggressive,65,19497.79895203555,127000.0,76200.0,48320.0,32414.199999999997,10000.0,635.0,635.0,0.0,0.0,0.0,0.6,0.6,0.5738888888888888,8.0
A6_Combined_aggressive,66,24844.007944923927,160400.0,96240.0,61014.0,43696.34000000001,10000.0,802.0,802.0,0.0,0.0,0.0,0.6,0.6,0.6233333333333333,32.0
A6_Combined_aggressive,67,21242.536483850592,134400.0,80640.0,53604.0,39729.23999999999,5000.0,687.0,672.0,15.0,0.0,0.031315240083507306,0.6,0.6,0.6844444444444445,97.0
A6_Combined_aggressive,68,20372.91836105227,134200.0,80520.0,51772.0,34805.32,10000.0,671.0,671.0,0.0,0.0,0.0,0.6,0.6,0.6411111111111112,65.0
A6_Combined_aggressive,69,21644.818284014975,137600.0,82560.0,52166.0,36029.45999999999,10000.0,688.0,688.0,0.0,0.0,0.0,0.6,0.6,0.5922222222222222,44.0
A6_Combined_aggressive,70,21195.840110546425,136400.0,81840.0,51674.0,35630.94,10000.0,682.0,682.0,0.0,0.0,0.0,0.6,0.6,0.5855555555555555,43.0
A6_Combined_aggressive,71,21875.35651503027,141800.0,85080.0,53388.0,37519.28,10000.0,709.0,709.0,0.0,0.0,0.0,0.6,0.6,0.5709259259259258,5.0
A6_Combined_aggressive,72,22421.192515992458,145000.0,87000.0,54700.0,38581.99999999999,10000.0,725.0,725.0,0.0,0.0,0.0,0.6,0.6,0.582962962962963,10.0
A6_Combined_aggressive,73,21090.129085522116,135600.0,81360.0,54096.0,40127.759999999995,5000.0,715.0,678.0,37.0,0.0,0.07254901960784314,0.6,0.6,0.687037037037037,113.0
A6_Combined_aggressive,74,23368.63353041318,150600.0,90360.0,56996.0,40441.76,10000.0,753.0,753.0,0.0,0.0,0.0,0.6,0.6,0.5961111111111111,26.0
A6_Combined_aggressive,75,19691.105064623163,127400.0,76440.0,47984.0,32642.039999999997,10000.0,637.0,637.0,0.0,0.0,0.0,0.6,0.6,0.5588888888888889,10.0
A6_Combined_aggressive,76,21805.478488335106,141200.0,84720.0,53142.0,37320.01999999999,10000.0,706.0,706.0,0.0,0.0,0.0,0.6,0.6,0.5688888888888889,19.0
A6_Combined_aggressive,77,19985.414852591206,129000.0,77400.0,48890.0,33125.899999999994,10000.0,645.0,645.0,0.0,0.0,0.0,0.6,0.6,0.573888888888889,19.0
A6_Combined_aggressive,78,21715.90472326576,141800.0,85080.0,53888.0,37424.28,10000.0,709.0,709.0,0.0,0.0,0.0,0.6,0.6,0.6,20.0
A6_Combined_aggressive,79,22884.07305094035,148000.0,88800.0,56430.0,39483.3,10000.0,740.0,740.0,0.0,0.0,0.0,0.6,0.6,0.6155555555555556,49.0
A6_Combined_aggressive,80,21965.744146370696,143400.0,86040.0,54044.0,38050.64,10000.0,717.0,717.0,0.0,0.0,0.0,0.6,0.6,0.5755555555555555,20.0
A6_Combined_aggressive,81,21153.39949204368,131600.0,78960.0,52456.0,38799.36,5000.0,658.0,658.0,0.0,0.0,0.0,0.6,0.6,0.6725925925925925,68.0
A6_Combined_aggressive,82,21544.211188881334,139400.0,83640.0,53404.0,36532.24,10000.0,697.0,697.0,0.0,0.0,0.0,0.6,0.6,0.6216666666666666,18.0
A6_Combined_aggressive,83,24689.779946168423,158200.0,94920.0,60112.0,42965.719999999994,10000.0,791.0,791.0,0.0,0.0,0.0,0.6,0.6,0.6211111111111111,50.0
A6_Combined_aggressive,84,21811.24145172997,141600.0,84960.0,52806.0,37547.86,10000.0,708.0,708.0,0.0,0.0,0.0,0.6,0.6,0.5392592592592592,10.0
A6_Combined_aggressive,85,20302.04802994889,131200.0,78720.0,52292.0,38666.520000000004,5000.0,659.0,656.0,3.0,0.0,0.00646551724137931,0.6,0.6,0.6659259259259259,91.0
A6_Combined_aggressive,86,22515.978278935483,146200.0,87720.0,55192.0,38980.52,10000.0,731.0,731.0,0.0,0.0,0.0,0.6,0.6,0.5855555555555555,18.0
A6_Combined_aggressive,87,23052.339976062765,150800.0,90480.0,57078.0,40508.18,10000.0,754.0,754.0,0.0,0.0,0.0,0.6,0.6,0.5955555555555556,3.0
A6_Combined_aggressive,88,19191.890684335456,126200.0,75720.0,46992.0,32338.52,10000.0,631.0,631.0,0.0,0.0,0.0,0.6,0.6,0.5262962962962964,12.0
A6_Combined_aggressive,89,21677.876401603487,139800.0,83880.0,52568.0,36855.08,10000.0,699.0,699.0,0.0,0.0,0.0,0.6,0.6,0.5666666666666667,17.0
A6_Combined_aggressive,90,18191.4801018173,124000.0,74400.0,47590.0,31322.899999999998,10000.0,620.0,620.0,0.0,0.0,0.0,0.6,0.6,0.5905555555555555,59.0
A6_Combined_aggressive,91,23176.3177295388,149000.0,89400.0,56590.0,39862.90000000001,10000.0,745.0,745.0,0.0,0.0,0.0,0.6,0.6,0.6072222222222223,11.0
A6_Combined_aggressive,92,21853.878555396153,142600.0,85560.0,53966.0,37737.46,10000.0,713.0,713.0,0.0,0.0,0.0,0.6,0.6,0.5850000000000001,5.0
A6_Combined_aggressive,93,26597.396651857034,171800.0,103080.0,65688.0,47482.28,10000.0,859.0,859.0,0.0,0.0,0.0,0.6,0.6,0.6566666666666666,37.0
A6_Combined_aggressive,94,22031.09281575437,151000.0,90600.0,58160.0,40479.6,10000.0,755.0,755.0,0.0,0.0,0.0,0.6,0.6,0.6527777777777778,54.0
A6_Combined_aggressive,95,20342.063768373137,135600.0,81360.0,50846.0,35460.259999999995,10000.0,678.0,678.0,0.0,0.0,0.0,0.6,0.6,0.5437037037037037,1.0
A6_Combined_aggressive,96,22010.50642883902,144400.0,86640.0,54454.0,38382.740000000005,10000.0,722.0,722.0,0.0,0.0,0.0,0.6,0.6,0.5779629629629629,6.0
A6_Combined_aggressive,97,20065.039408811826,130000.0,78000.0,49550.0,33410.5,10000.0,650.0,650.0,0.0,0.0,0.0,0.6,0.6,0.5927777777777777,52.0
A6_Combined_aggressive,98,20657.791876536074,134000.0,80400.0,50940.0,34786.399999999994,10000.0,670.0,670.0,0.0,0.0,0.0,0.6,0.6,0.5805555555555556,3.0
A6_Combined_aggressive,99,19971.439238878123,129600.0,77760.0,48386.0,33467.66,10000.0,648.0,648.0,0.0,0.0,0.0,0.6,0.6,0.5357407407407407,1.0
A6_Combined_aggressive,100,22386.14215163126,145200.0,87120.0,54782.0,38648.420000000006,10000.0,726.0,726.0,0.0,0.0,0.0,0.6,0.6,0.5811111111111111,17.0
A6_Combined_aggressive,101,20922.01781030384,140200.0,84120.0,52232.0,37082.92,10000.0,701.0,701.0,0.0,0.0,0.0,0.6,0.6,0.534074074074074,10.0
A6_Combined_aggressive,102,23723.705436066208,153800.0,92280.0,58558.0,41456.98,10000.0,769.0,769.0,0.0,0.0,0.0,0.6,0.6,0.6196296296296296,11.0
A6_Combined_aggressive,103,24628.093304132766,158200.0,94920.0,60112.0,42965.72000000001,10000.0,791.0,791.0,0.0,0.0,0.0,0.6,0.6,0.616111111111111,52.0
A6_Combined_aggressive,104,22500.55963238958,143000.0,85800.0,54380.0,37822.799999999996,10000.0,715.0,715.0,0.0,0.0,0.0,0.6,0.6,0.6038888888888888,38.0
A6_Combined_aggressive,105,20079.682388122535,143800.0,86280.0,55708.0,37993.479999999996,10000.0,758.0,719.0,39.0,0.0,0.07090909090909091,0.6,0.6,0.6649999999999999,95.0
A6_Combined_aggressive,106,23809.503057985323,152600.0,91560.0,57816.0,41105.96,10000.0,763.0,763.0,0.0,0.0,0.0,0.6,0.6,0.6016666666666667,10.0
A6_Combined_aggressive,107,18935.271646670477,120400.0,72240.0,45614.0,30222.339999999997,10000.0,602.0,602.0,0.0,0.0,0.0,0.6,0.6,0.5575925925925926,16.0
A6_Combined_aggressive,108,24659.92378286287,159000.0,95400.0,60440.0,43231.4,10000.0,795.0,795.0,0.0,0.0,0.0,0.6,0.6,0.6216666666666666,15.0
A6_Combined_aggressive,109,23050.560196248083,148600.0,89160.0,55676.0,39872.56,10000.0,743.0,743.0,0.0,0.0,0.0,0.6,0.6,0.5616666666666666,17.0
A6_Combined_aggressive,110,20165.512478470577,130200.0,78120.0,49132.0,33571.92,10000.0,651.0,651.0,0.0,0.0,0.0,0.6,0.6,0.5694444444444444,27.0
A6_Combined_aggressive,111,20834.895025984166,133000.0,79800.0,51280.0,34311.799999999996,10000.0,665.0,665.0,0.0,0.0,0.0,0.6,0.6,0.643888888888889,52.0
A6_Combined_aggressive,112,22750.071806843054,147000.0,88200.0,55520.0,39246.200000000004,10000.0,735.0,735.0,0.0,0.0,0.0,0.6,0.6,0.5877777777777777,12.0
A6_Combined_aggressive,113,21304.650514073557,136800.0,82080.0,52338.0,35668.78,10000.0,684.0,684.0,0.0,0.0,0.0,0.6,0.6,0.6194444444444446,27.0
A6_Combined_aggressive,114,22055.100509439824,140400.0,84240.0,53814.0,36864.34,10000.0,702.0,702.0,0.0,0.0,0.0,0.6,0.6,0.6344444444444445,32.0
A6_Combined_aggressive,115,23570.719915557096,152200.0,91320.0,57652.0,40973.12,10000.0,761.0,761.0,0.0,0.0,0.0,0.6,0.6,0.6027777777777779,6.0
A6_Combined_aggressive,116,22722.263426700687,147600.0,88560.0,55266.0,39540.46000000001,10000.0,738.0,738.0,0.0,0.0,0.0,0.6,0.6,0.5579629629629629,9.0
A6_Combined_aggressive,117,22792.4229597882,147800.0,88680.0,56348.0,39416.88,10000.0,739.0,739.0,0.0,0.0,0.0,0.6,0.6,0.6166666666666667,22.0
A6_Combined_aggressive,118,20393.173320881713,133000.0,79800.0,50530.0,34454.299999999996,10000.0,665.0,665.0,0.0,0.0,0.0,0.6,0.6,0.5840740740740742,14.0
A6_Combined_aggressive,119,19447.808119295958,128800.0,77280.0,49558.0,32916.98,10000.0,644.0,644.0,0.0,0.0,0.0,0.6,0.6,0.6177777777777779,32.0
A6_Combined_aggressive,120,23782.957703964512,152200.0,91320.0,57652.0,40973.12,10000.0,761.0,761.0,0.0,0.0,0.0,0.6,0.6,0.6044444444444445,22.0
A6_Combined_aggressive,121,23156.08443705589,154800.0,92880.0,59468.0,41789.08,10000.0,774.0,774.0,0.0,0.0,0.0,0.6,0.6,0.6516666666666667,49.0
A6_Combined_aggressive,122,22091.097132224368,149800.0,89880.0,57668.0,40081.08,10000.0,749.0,749.0,0.0,0.0,0.0,0.6,0.6,0.6527777777777778,109.0
A6_Combined_aggressive,123,23206.51169546356,149600.0,89760.0,57086.0,40014.65999999999,10000.0,748.0,748.0,0.0,0.0,0.0,0.6,0.6,0.6233333333333334,31.0
A6_Combined_aggressive,124,25693.74513897342,165000.0,99000.0,62900.0,45224.0,10000.0,825.0,825.0,0.0,0.0,0.0,0.6,0.6,0.6383333333333333,23.0
A6_Combined_aggressive,125,22208.413622752152,144400.0,86640.0,54954.0,38287.74,10000.0,722.0,722.0,0.0,0.0,0.0,0.6,0.6,0.6072222222222223,26.0
A6_Combined_aggressive,126,23611.661047004396,152400.0,91440.0,57234.0,41134.54,10000.0,762.0,762.0,0.0,0.0,0.0,0.6,0.6,0.5722222222222223,21.0
A6_Combined_aggressive,127,26764.851752217626,172800.0,103680.0,66098.0,47814.38,10000.0,864.0,864.0,0.0,0.0,0.0,0.6,0.6,0.6605555555555556,63.0
A6_Combined_aggressive,128,19989.606973762613,142600.0,85560.0,55216.0,37594.95999999999,10000.0,726.0,713.0,13.0,0.0,0.025048169556840076,0.6,0.6,0.6611111111111111,103.0
A6_Combined_aggressive,129,19124.118748971425,125600.0,75360.0,46746.0,32139.26,10000.0,628.0,628.0,0.0,0.0,0.0,0.6,0.6,0.5244444444444445,5.0
A6_Combined_aggressive,130,23371.480554171463,151200.0,90720.0,57492.0,40593.52,10000.0,756.0,756.0,0.0,0.0,0.0,0.6,0.6,0.6114814814814815,9.0
A6_Combined_aggressive,131,21216.984212289186,138200.0,82920.0,51912.0,36323.72,10000.0,691.0,691.0,0.0,0.0,0.0,0.6,0.6,0.5572222222222223,0.0
A6_Combined_aggressive,132,23174.610847425436,146800.0,88080.0,55438.0,39179.78,10000.0,734.0,734.0,0.0,0.0,0.0,0.6,0.6,0.5894444444444444,23.0
A6_Combined_aggressive,133,21176.210162564224,129200.0,77520.0,51472.0,38002.32,5000.0,646.0,646.0,0.0,0.0,0.0,0.6,0.6,0.664074074074074,60.0
A6_Combined_aggressive,134,22890.373791428567,147200.0,88320.0,55602.0,39312.62,10000.0,736.0,736.0,0.0,0.0,0.0,0.6,0.6,0.59,14.0
A6_Combined_aggressive,135,20205.224380682062,127200.0,76320.0,50652.0,37338.12,5000.0,637.0,636.0,1.0,0.0,0.0022371364653243847,0.6,0.6,0.6507407407407406,80.0
A6_Combined_aggressive,136,20539.82842858306,144800.0,86880.0,56118.0,38325.579999999994,10000.0,724.0,724.0,0.0,0.0,0.0,0.6,0.6,0.6722222222222222,82.0
A6_Combined_aggressive,137,23835.131974370648,153000.0,91800.0,58480.0,41143.799999999996,10000.0,765.0,765.0,0.0,0.0,0.0,0.6,0.6,0.6344444444444444,63.0
A6_Combined_aggressive,138,21270.446174249537,137800.0,82680.0,52748.0,36000.88,10000.0,689.0,689.0,0.0,0.0,0.0,0.6,0.6,0.6194444444444444,48.0
A6_Combined_aggressive,139,25622.670918090975,162800.0,97680.0,61998.0,44493.380000000005,10000.0,814.0,814.0,0.0,0.0,0.0,0.6,0.6,0.6338888888888888,39.0
A6_Combined_aggressive,140,20501.524207815273,132800.0,79680.0,51198.0,34245.38,10000.0,664.0,664.0,0.0,0.0,0.0,0.6,0.6,0.6388888888888888,58.0
A6_Combined_aggressive,141,20670.203144819825,133600.0,80160.0,51526.0,34511.06,10000.0,668.0,668.0,0.0,0.0,0.0,0.6,0.6,0.6427777777777778,66.0
A6_Combined_aggressive,142,22058.824986225773,144800.0,86880.0,54618.0,38515.58,10000.0,724.0,724.0,0.0,0.0,0.0,0.6,0.6,0.575,13.0
A6_Combined_aggressive,143,17778.72066854319,115400.0,69240.0,44064.0,28466.839999999997,10000.0,577.0,577.0,0.0,0.0,0.0,0.6,0.6,0.5737037037037037,21.0
A6_Combined_aggressive,144,19951.754196299986,128600.0,77160.0,48976.0,32945.56,10000.0,643.0,643.0,0.0,0.0,0.0,0.6,0.6,0.582037037037037,18.0
A6_Combined_aggressive,145,24603.823746025064,159800.0,95880.0,60268.0,43592.079999999994,10000.0,799.0,799.0,0.0,0.0,0.0,0.6,0.6,0.5924074074074074,19.0
A6_Combined_aggressive,146,23026.484071662126,149200.0,89520.0,57172.0,39834.32,10000.0,746.0,746.0,0.0,0.0,0.0,0.6,0.6,0.6372222222222222,42.0
A6_Combined_aggressive,147,19239.074286358384,123400.0,74040.0,46344.0,31313.640000000003,10000.0,617.0,617.0,0.0,0.0,0.0,0.6,0.6,0.5396296296296297,1.0
A6_Combined_aggressive,148,19877.993997379734,128600.0,77160.0,51226.0,37803.06,5000.0,643.0,643.0,0.0,0.0,0.0,0.6,0.6,0.652962962962963,76.0
A6_Combined_aggressive,149,23753.3282758036,150600.0,90360.0,57246.0,40394.259999999995,10000.0,753.0,753.0,0.0,0.0,0.0,0.6,0.6,0.6155555555555556,17.0
A6_Combined_aggressive,150,24582.651870738024,159200.0,95520.0,61022.0,43202.81999999999,10000.0,796.0,796.0,0.0,0.0,0.0,0.6,0.6,0.6538888888888889,61.0
A6_Combined_aggressive,151,22659.545987261605,146200.0,87720.0,55192.0,38980.520000000004,10000.0,731.0,731.0,0.0,0.0,0.0,0.6,0.6,0.5850000000000001,31.0
A6_Combined_aggressive,152,21456.650915502843,138800.0,83280.0,52658.0,36427.979999999996,10000.0,694.0,694.0,0.0,0.0,0.0,0.6,0.6,0.5883333333333334,30.0
A6_Combined_aggressive,153,20120.758185210285,135200.0,81120.0,52182.0,35137.42,10000.0,682.0,676.0,6.0,0.0,0.012684989429175475,0.6,0.6,0.6416666666666668,84.0
A6_Combined_aggressive,154,21636.93305019642,137000.0,82200.0,52170.0,35782.7,10000.0,685.0,685.0,0.0,0.0,0.0,0.6,0.6,0.5987037037037037,3.0
A6_Combined_aggressive,155,23750.17640898454,153600.0,92160.0,58726.0,41343.06,10000.0,768.0,768.0,0.0,0.0,0.0,0.6,0.6,0.6338888888888888,64.0
A6_Combined_aggressive,156,20611.12006610973,132200.0,79320.0,52702.0,38998.62,5000.0,693.0,661.0,32.0,0.0,0.06477732793522267,0.6,0.6,0.6718518518518518,87.0
A6_Combined_aggressive,157,19747.354440358034,129800.0,77880.0,48468.0,33534.08,10000.0,649.0,649.0,0.0,0.0,0.0,0.6,0.6,0.5355555555555556,9.0
A6_Combined_aggressive,158,19626.430911952153,123200.0,73920.0,46762.0,31152.219999999998,10000.0,616.0,616.0,0.0,0.0,0.0,0.6,0.6,0.5849999999999999,22.0
A6_Combined_aggressive,159,22660.759451607555,146200.0,87720.0,55192.0,38980.520000000004,10000.0,731.0,731.0,0.0,0.0,0.0,0.6,0.6,0.586111111111111,5.0
A6_Combined_aggressive,160,20720.067563772547,134600.0,80760.0,53686.0,39795.66,5000.0,703.0,673.0,30.0,0.0,0.0496031746031746,0.6,0.6,0.6811111111111111,113.0
A6_Combined_aggressive,161,20373.877352694657,143800.0,86280.0,55708.0,37993.479999999996,10000.0,736.0,719.0,17.0,0.0,0.032504780114722756,0.6,0.6,0.6677777777777778,107.0
A6_Combined_aggressive,162,19974.509485844428,128400.0,77040.0,48644.0,32926.64,10000.0,642.0,642.0,0.0,0.0,0.0,0.6,0.6,0.5727777777777777,23.0
A6_Combined_aggressive,163,24276.39766355758,163400.0,98040.0,62744.0,44692.64000000001,10000.0,817.0,817.0,0.0,0.0,0.0,0.6,0.6,0.6616666666666667,76.0
A6_Combined_aggressive,164,23741.14917766882,153200.0,91920.0,58062.0,41305.219999999994,10000.0,766.0,766.0,0.0,0.0,0.0,0.6,0.6,0.6044444444444446,14.0
A6_Combined_aggressive,165,22025.418225117948,142600.0,85560.0,53716.0,37784.96000000001,10000.0,713.0,713.0,0.0,0.0,0.0,0.6,0.6,0.5755555555555555,16.0
A6_Combined_aggressive,166,20383.707075753067,133200.0,79920.0,50862.0,34473.22,10000.0,666.0,666.0,0.0,0.0,0.0,0.6,0.6,0.5944444444444446,13.0
A6_Combined_aggressive,167,23464.647890027372,151200.0,90720.0,57492.0,40593.52,10000.0,756.0,756.0,0.0,0.0,0.0,0.6,0.6,0.6133333333333334,11.0
A6_Combined_aggressive,168,23843.017186607038,153800.0,92280.0,57808.0,41599.479999999996,10000.0,769.0,769.0,0.0,0.0,0.0,0.6,0.6,0.5772222222222222,29.0
A6_Combined_aggressive,169,21737.17121747654,141800.0,85080.0,54388.0,37329.28,10000.0,709.0,709.0,0.0,0.0,0.0,0.6,0.6,0.6288888888888889,59.0
A6_Combined_aggressive,170,22099.137091860706,141800.0,85080.0,53888.0,37424.28,10000.0,709.0,709.0,0.0,0.0,0.0,0.6,0.6,0.6027777777777777,28.0
A6_Combined_aggressive,171,21556.74095103055,139400.0,83640.0,53404.0,36532.24,10000.0,697.0,697.0,0.0,0.0,0.0,0.6,0.6,0.6244444444444445,50.0
A6_Combined_aggressive,172,22097.905500756573,142800.0,85680.0,54548.0,37708.880000000005,10000.0,714.0,714.0,0.0,0.0,0.0,0.6,0.6,0.615,28.0
A6_Combined_aggressive,173,22582.11621055085,144800.0,86880.0,54618.0,38515.58,10000.0,724.0,724.0,0.0,0.0,0.0,0.6,0.6,0.5816666666666667,14.0
A6_Combined_aggressive,174,23424.08559769248,149200.0,89520.0,56922.0,39881.82,10000.0,746.0,746.0,0.0,0.0,0.0,0.6,0.6,0.6244444444444445,46.0
A6_Combined_aggressive,175,23426.559162417623,154200.0,92520.0,57972.0,41732.31999999999,10000.0,771.0,771.0,0.0,0.0,0.0,0.6,0.6,0.5735185185185185,2.0
A6_Combined_aggressive,176,20363.70779258819,144400.0,86640.0,55954.0,38192.73999999999,10000.0,722.0,722.0,0.0,0.0,0.0,0.6,0.6,0.6688888888888889,89.0
A6_Combined_aggressive,177,21415.19749938459,137600.0,82560.0,52166.0,36029.46,10000.0,688.0,688.0,0.0,0.0,0.0,0.6,0.6,0.5922222222222222,30.0
A6_Combined_aggressive,178,19460.539197574275,134600.0,80760.0,51936.0,34938.159999999996,10000.0,673.0,673.0,0.0,0.0,0.0,0.6,0.6,0.6333333333333333,70.0
A6_Combined_aggressive,179,19846.031357935386,147600.0,88560.0,57266.0,39255.45999999999,10000.0,749.0,738.0,11.0,0.0,0.020146520146520148,0.6,0.6,0.6727777777777778,110.0
A6_Combined_aggressive,180,23031.78151255368,147200.0,88320.0,55602.0,39312.62,10000.0,736.0,736.0,0.0,0.0,0.0,0.6,0.6,0.5888888888888888,15.0
A6_Combined_aggressive,181,22950.629582025173,159800.0,95880.0,61518.0,43449.579999999994,10000.0,799.0,799.0,0.0,0.0,0.0,0.6,0.6,0.6633333333333333,73.0
A6_Combined_aggressive,182,20610.431170214717,128200.0,76920.0,51062.0,37670.219999999994,5000.0,641.0,641.0,0.0,0.0,0.0,0.6,0.6,0.6566666666666666,71.0
A6_Combined_aggressive,183,21025.39771165786,125000.0,75000.0,49750.0,36607.5,5000.0,625.0,625.0,0.0,0.0,0.0,0.6,0.6,0.6481481481481483,39.0
A6_Combined_aggressive,184,25919.925222944752,166000.0,99600.0,63310.0,45556.100000000006,10000.0,830.0,830.0,0.0,0.0,0.0,0.6,0.6,0.638888888888889,54.0
A6_Combined_aggressive,185,23332.259232815417,150600.0,90360.0,56496.0,40536.759999999995,10000.0,753.0,753.0,0.0,0.0,0.0,0.6,0.6,0.5677777777777778,19.0
A6_Combined_aggressive,186,20520.714498733185,134800.0,80880.0,50768.0,35147.08,10000.0,674.0,674.0,0.0,0.0,0.0,0.6,0.6,0.5611111111111112,4.0
A6_Combined_aggressive,187,19558.333865218807,142800.0,85680.0,55298.0,37661.38,10000.0,733.0,714.0,19.0,0.0,0.03544776119402985,0.6,0.6,0.6561111111111111,102.0
A6_Combined_aggressive,188,20480.659661346785,133600.0,80160.0,53276.0,39463.560000000005,5000.0,703.0,668.0,35.0,0.0,0.047619047619047616,0.6,0.6,0.6755555555555556,112.0
A6_Combined_aggressive,189,21270.7362989395,139000.0,83400.0,52240.0,36589.4,10000.0,695.0,695.0,0.0,0.0,0.0,0.6,0.6,0.5625925925925926,6.0
A6_Combined_aggressive,190,24672.94874302776,159200.0,95520.0,60022.0,43392.82,10000.0,796.0,796.0,0.0,0.0,0.0,0.6,0.6,0.5903703703703704,11.0
A6_Combined_aggressive,191,24027.97734243907,154400.0,92640.0,58554.0,41703.74,10000.0,772.0,772.0,0.0,0.0,0.0,0.6,0.6,0.6105555555555556,16.0
A6_Combined_aggressive,192,24587.779980865325,157600.0,94560.0,59866.0,42766.46,10000.0,788.0,788.0,0.0,0.0,0.0,0.6,0.6,0.6155555555555556,26.0
A6_Combined_aggressive,193,19733.899135800522,145000.0,87000.0,56200.0,38392.0,10000.0,743.0,725.0,18.0,0.0,0.033271719038817,0.6,0.6,0.6649999999999999,105.0
A6_Combined_aggressive,194,22999.81769849719,151400.0,90840.0,57324.0,40707.44,10000.0,757.0,757.0,0.0,0.0,0.0,0.6,0.6,0.5905555555555556,3.0
A6_Combined_aggressive,195,21255.763869511582,119600.0,71760.0,47536.0,34814.16,5000.0,598.0,598.0,0.0,0.0,0.0,0.6,0.6,0.6296296296296297,37.0
A6_Combined_aggressive,196,20229.500553976322,139400.0,83640.0,53904.0,36532.24,10000.0,697.0,697.0,0.0,0.0,0.0,0.6,0.6,0.6544444444444444,63.0
A6_Combined_aggressive,197,22732.687773607904,146000.0,87600.0,55360.0,38866.6,10000.0,730.0,730.0,0.0,0.0,0.0,0.6,0.6,0.6016666666666667,5.0
A6_Combined_aggressive,198,22431.674844132718,146200.0,87720.0,55942.0,38838.020000000004,10000.0,731.0,731.0,0.0,0.0,0.0,0.6,0.6,0.6244444444444445,32.0
A6_Combined_aggressive,199,22126.391621801053,146400.0,87840.0,54774.0,39141.94,10000.0,732.0,732.0,0.0,0.0,0.0,0.6,0.6,0.5466666666666666,3.0
A6_Combined_aggressive,200,22362.886425060966,145200.0,87120.0,55032.0,38600.92,10000.0,726.0,726.0,0.0,0.0,0.0,0.6,0.6,0.5911111111111111,6.0
A6_Combined_aggressive,201,25896.311655048426,171200.0,102720.0,65692.0,47330.520000000004,10000.0,856.0,856.0,0.0,0.0,0.0,0.6,0.6,0.6727777777777779,50.0
A6_Combined_aggressive,202,22395.2448035296,147400.0,88440.0,56434.0,39236.54,10000.0,737.0,737.0,0.0,0.0,0.0,0.6,0.6,0.6255555555555556,34.0
A6_Combined_aggressive,203,22330.22666440749,145400.0,87240.0,54364.0,38809.84,10000.0,727.0,727.0,0.0,0.0,0.0,0.6,0.6,0.552962962962963,23.0
A6_Combined_aggressive,204,21458.98416163236,135800.0,81480.0,51428.0,35431.67999999999,10000.0,679.0,679.0,0.0,0.0,0.0,0.6,0.6,0.5818518518518518,20.0
A6_Combined_aggressive,205,19919.715495160402,132400.0,79440.0,49534.0,34397.54,10000.0,662.0,662.0,0.0,0.0,0.0,0.6,0.6,0.5374074074074074,0.0
A6_Combined_aggressive,206,23946.152532982444,155000.0,93000.0,58800.0,41903.0,10000.0,775.0,775.0,0.0,0.0,0.0,0.6,0.6,0.6116666666666667,10.0
A6_Combined_aggressive,207,22493.23495106249,144000.0,86400.0,54290.0,38249.899999999994,10000.0,720.0,720.0,0.0,0.0,0.0,0.6,0.6,0.5811111111111111,22.0
A6_Combined_aggressive,208,23068.86846345216,117800.0,70680.0,48298.0,39121.380000000005,0.0,589.0,589.0,0.0,0.0,0.0,0.6,0.6,0.6544444444444445,35.0
A6_Combined_aggressive,209,23732.708025223135,152600.0,91560.0,58316.0,41010.96,10000.0,763.0,763.0,0.0,0.0,0.0,0.6,0.6,0.6322222222222221,45.0
A6_Combined_aggressive,210,24699.121294060966,157800.0,94680.0,59948.0,42832.880000000005,10000.0,789.0,789.0,0.0,0.0,0.0,0.6,0.6,0.6177777777777779,23.0
A6_Combined_aggressive,211,20146.930159653195,144400.0,86640.0,55954.0,38192.74,10000.0,740.0,722.0,18.0,0.0,0.03389830508474576,0.6,0.6,0.6672222222222223,92.0
A6_Combined_aggressive,212,20492.781188666777,130200.0,78120.0,49632.0,33476.92,10000.0,651.0,651.0,0.0,0.0,0.0,0.6,0.6,0.6005555555555556,35.0
A6_Combined_aggressive,213,23596.374074127718,153200.0,91920.0,57562.0,41400.219999999994,10000.0,766.0,766.0,0.0,0.0,0.0,0.6,0.6,0.5755555555555555,24.0
A6_Combined_aggressive,214,21725.272606289327,141200.0,84720.0,53392.0,37272.520000000004,10000.0,706.0,706.0,0.0,0.0,0.0,0.6,0.6,0.5831481481481482,7.0
A6_Combined_aggressive,215,20940.530552992357,134600.0,80760.0,51436.0,34938.159999999996,10000.0,673.0,673.0,0.0,0.0,0.0,0.6,0.6,0.6083333333333333,45.0
A6_Combined_aggressive,216,21088.18963173941,137800.0,82680.0,51748.0,36190.880000000005,10000.0,689.0,689.0,0.0,0.0,0.0,0.6,0.6,0.5598148148148148,10.0
A6_Combined_aggressive,217,24226.230630469825,155800.0,93480.0,59128.0,42168.68,10000.0,779.0,779.0,0.0,0.0,0.0,0.6,0.6,0.6122222222222222,44.0
A6_Combined_aggressive,218,19828.36835492986,133000.0,79800.0,51280.0,34406.8,10000.0,665.0,665.0,0.0,0.0,0.0,0.6,0.6,0.6316666666666666,65.0
A6_Combined_aggressive,219,21207.582677143757,137200.0,82320.0,51752.0,35944.12,10000.0,686.0,686.0,0.0,0.0,0.0,0.6,0.6,0.5735185185185185,6.0
A6_Combined_aggressive,220,20075.756345406917,132200.0,79320.0,49452.0,34331.119999999995,10000.0,661.0,661.0,0.0,0.0,0.0,0.6,0.6,0.5351851851851852,0.0
A6_Combined_aggressive,221,22333.647629718736,145000.0,87000.0,55450.0,38439.5,10000.0,725.0,725.0,0.0,0.0,0.0,0.6,0.6,0.6222222222222222,36.0
A6_Combined_aggressive,222,19795.778375004018,139400.0,83640.0,53904.0,36532.24,10000.0,697.0,697.0,0.0,0.0,0.0,0.6,0.6,0.6494444444444445,81.0
A6_Combined_aggressive,223,20629.501193084354,132200.0,79320.0,49952.0,34236.119999999995,10000.0,661.0,661.0,0.0,0.0,0.0,0.6,0.6,0.5679629629629629,11.0
A6_Combined_aggressive,224,22787.298538040068,147600.0,88560.0,56016.0,39397.96,10000.0,738.0,738.0,0.0,0.0,0.0,0.6,0.6,0.6027777777777777,11.0
A6_Combined_aggressive,225,24088.434892986974,155400.0,93240.0,58964.0,42035.84,10000.0,777.0,777.0,0.0,0.0,0.0,0.6,0.6,0.605,17.0
A6_Combined_aggressive,226,22553.270340564857,144200.0,86520.0,54872.0,38221.32,10000.0,721.0,721.0,0.0,0.0,0.0,0.6,0.6,0.6077777777777776,45.0
A6_Combined_aggressive,227,24404.65147541388,159000.0,95400.0,60940.0,43136.399999999994,10000.0,795.0,795.0,0.0,0.0,0.0,0.6,0.6,0.6511111111111111,67.0
A6_Combined_aggressive,228,21760.8344871605,138200.0,82920.0,55162.0,40991.22,5000.0,747.0,691.0,56.0,0.0,0.06981132075471698,0.6,0.6,0.701111111111111,114.0
A6_Combined_aggressive,229,23116.271104374464,150200.0,90120.0,57332.0,40213.920000000006,10000.0,751.0,751.0,0.0,0.0,0.0,0.6,0.6,0.6194444444444446,5.0
A6_Combined_aggressive,230,21064.499662961272,133200.0,79920.0,53112.0,39330.72,5000.0,721.0,666.0,55.0,0.0,0.10617760617760617,0.6,0.6,0.6785185185185186,101.0
A6_Combined_aggressive,231,18885.05866116278,122200.0,73320.0,46352.0,30820.12,10000.0,611.0,611.0,0.0,0.0,0.0,0.6,0.6,0.5707407407407407,7.0
A6_Combined_aggressive,232,25653.812981820563,164600.0,98760.0,62736.0,45091.159999999996,10000.0,823.0,823.0,0.0,0.0,0.0,0.6,0.6,0.6355555555555555,19.0
A6_Combined_aggressive,233,20463.6826713072,141400.0,84840.0,54724.0,37196.439999999995,10000.0,707.0,707.0,0.0,0.0,0.0,0.6,0.6,0.6622222222222223,82.0
A6_Combined_aggressive,234,23828.278045403535,155600.0,93360.0,58546.0,42197.259999999995,10000.0,778.0,778.0,0.0,0.0,0.0,0.6,0.6,0.5785185185185184,7.0
A6_Combined_aggressive,235,19557.999764736494,125200.0,75120.0,47082.0,31911.42,10000.0,626.0,626.0,0.0,0.0,0.0,0.6,0.6,0.555,30.0
A6_Combined_aggressive,236,23138.239264014504,150200.0,90120.0,57082.0,40261.42,10000.0,751.0,751.0,0.0,0.0,0.0,0.6,0.6,0.6079629629629629,5.0
A6_Combined_aggressive,237,24816.034713275632,158600.0,95160.0,60276.0,43098.56,10000.0,793.0,793.0,0.0,0.0,0.0,0.6,0.6,0.62,37.0
A6_Combined_aggressive,238,20096.636183421808,130800.0,78480.0,49128.0,33818.68,10000.0,654.0,654.0,0.0,0.0,0.0,0.6,0.6,0.5461111111111111,2.0
A6_Combined_aggressive,239,21864.299349236233,140000.0,84000.0,52650.0,36921.5,10000.0,700.0,700.0,0.0,0.0,0.0,0.6,0.6,0.5677777777777778,6.0
A6_Combined_aggressive,240,22253.176653186245,143200.0,85920.0,53962.0,37984.22,10000.0,716.0,716.0,0.0,0.0,0.0,0.6,0.6,0.5772222222222222,28.0
A6_Combined_aggressive,241,21467.180276080115,129000.0,77400.0,51390.0,37935.899999999994,5000.0,645.0,645.0,0.0,0.0,0.0,0.6,0.6,0.6655555555555555,59.0
A6_Combined_aggressive,242,22458.0535804907,143200.0,85920.0,53962.0,37984.22,10000.0,716.0,716.0,0.0,0.0,0.0,0.6,0.6,0.5788888888888889,11.0
A6_Combined_aggressive,243,21504.79014029074,140600.0,84360.0,53646.0,36978.26,10000.0,703.0,703.0,0.0,0.0,0.0,0.6,0.6,0.6044444444444445,34.0
A6_Combined_aggressive,244,22020.533068379922,142000.0,85200.0,54470.0,37395.7,10000.0,710.0,710.0,0.0,0.0,0.0,0.6,0.6,0.6322222222222221,35.0
A6_Combined_aggressive,245,26241.74099193719,168600.0,101160.0,63876.0,46514.560000000005,10000.0,843.0,843.0,0.0,0.0,0.0,0.6,0.6,0.6183333333333334,21.0
A6_Combined_aggressive,246,24243.897071962965,156400.0,93840.0,58874.0,42462.939999999995,10000.0,782.0,782.0,0.0,0.0,0.0,0.6,0.6,0.5833333333333334,25.0
A6_Combined_aggressive,247,23442.488389159895,150600.0,90360.0,56996.0,40441.76,10000.0,753.0,753.0,0.0,0.0,0.0,0.6,0.6,0.5983333333333333,14.0
A6_Combined_aggressive,248,22593.750231022816,148800.0,89280.0,55758.0,39938.979999999996,10000.0,744.0,744.0,0.0,0.0,0.0,0.6,0.6,0.5553703703703704,2.0
A6_Combined_aggressive,249,21871.688316120333,139400.0,83640.0,53404.0,36532.24,10000.0,697.0,697.0,0.0,0.0,0.0,0.6,0.6,0.6283333333333334,53.0
A6_Combined_aggressive,250,22700.643128309413,149800.0,89880.0,56168.0,40271.079999999994,10000.0,749.0,749.0,0.0,0.0,0.0,0.6,0.6,0.5561111111111111,7.0
A6_Combined_aggressive,251,25751.194446418158,167600.0,100560.0,63466.0,46182.46,10000.0,838.0,838.0,0.0,0.0,0.0,0.6,0.6,0.6114814814814816,7.0
A6_Combined_aggressive,252,20404.27898123228,132400.0,79440.0,50534.0,34207.54,10000.0,662.0,662.0,0.0,0.0,0.0,0.6,0.6,0.5968518518518519,12.0
A6_Combined_aggressive,253,24221.01121186617,157800.0,94680.0,59948.0,42832.880000000005,10000.0,789.0,789.0,0.0,0.0,0.0,0.6,0.6,0.6172222222222222,15.0
A6_Combined_aggressive,254,21606.2092976204,138800.0,83280.0,52158.0,36522.98,10000.0,694.0,694.0,0.0,0.0,0.0,0.6,0.6,0.5666666666666667,28.0
A6_Combined_aggressive,255,24399.607242519523,156600.0,93960.0,59456.0,42434.36,10000.0,783.0,783.0,0.0,0.0,0.0,0.6,0.6,0.6161111111111112,16.0
A6_Combined_aggressive,256,20336.824096311626,128400.0,77040.0,48894.0,32879.14,10000.0,642.0,642.0,0.0,0.0,0.0,0.6,0.6,0.5972222222222222,44.0
A6_Combined_aggressive,257,23771.728552253087,156000.0,93600.0,59710.0,42140.1,10000.0,780.0,780.0,0.0,0.0,0.0,0.6,0.6,0.6377777777777778,58.0
A6_Combined_aggressive,258,23051.22909027363,152200.0,91320.0,57152.0,41068.119999999995,10000.0,761.0,761.0,0.0,0.0,0.0,0.6,0.6,0.5696296296296296,9.0
A6_Combined_aggressive,259,22280.465898802187,143400.0,86040.0,55044.0,37860.64,10000.0,717.0,717.0,0.0,0.0,0.0,0.6,0.6,0.64,60.0
A6_Combined_aggressive,260,22010.7873575361,143800.0,86280.0,54208.0,38183.48,10000.0,719.0,719.0,0.0,0.0,0.0,0.6,0.6,0.5755555555555555,7.0
A6_Combined_aggressive,261,22631.45737937294,147000.0,88200.0,56020.0,39151.2,10000.0,735.0,735.0,0.0,0.0,0.0,0.6,0.6,0.6144444444444445,28.0
A6_Combined_aggressive,262,20983.89121477401,135200.0,81120.0,51432.0,35184.91999999999,10000.0,676.0,676.0,0.0,0.0,0.0,0.6,0.6,0.5935185185185186,18.0
A6_Combined_aggressive,263,23235.2742848077,151800.0,91080.0,57488.0,40840.280000000006,10000.0,759.0,759.0,0.0,0.0,0.0,0.6,0.6,0.5977777777777777,5.0
A6_Combined_aggressive,264,22574.14006244206,147600.0,88560.0,55266.0,39540.46,10000.0,738.0,738.0,0.0,0.0,0.0,0.6,0.6,0.5562962962962962,7.0
A6_Combined_aggressive,265,21494.94247717053,129200.0,77520.0,51472.0,38002.32,5000.0,646.0,646.0,0.0,0.0,0.0,0.6,0.6,0.6662962962962963,49.0
A6_Combined_aggressive,266,21828.80521715137,140000.0,84000.0,53650.0,36731.49999999999,10000.0,700.0,700.0,0.0,0.0,0.0,0.6,0.6,0.6294444444444445,49.0
A6_Combined_aggressive,267,19275.312412153744,142000.0,85200.0,54970.0,37395.7,10000.0,710.0,710.0,0.0,0.0,0.0,0.6,0.6,0.6516666666666667,81.0
A6_Combined_aggressive,268,21352.028433436284,137800.0,82680.0,52748.0,36000.88,10000.0,689.0,689.0,0.0,0.0,0.0,0.6,0.6,0.6194444444444444,38.0
A6_Combined_aggressive,269,23877.995665047893,126200.0,75720.0,51742.0,41911.01999999999,0.0,649.0,631.0,18.0,0.0,0.0,0.6,0.6,0.7011111111111111,78.0
A6_Combined_aggressive,270,21288.331369558324,135800.0,81480.0,54178.0,40194.18,5000.0,680.0,679.0,1.0,0.0,0.00211864406779661,0.6,0.6,0.6896296296296297,90.0
A6_Combined_aggressive,271,23384.948719315686,151600.0,90960.0,57906.0,40678.86,10000.0,758.0,758.0,0.0,0.0,0.0,0.6,0.6,0.6261111111111112,54.0
A6_Combined_aggressive,272,21224.49413288526,135400.0,81240.0,54014.0,40061.34,5000.0,697.0,677.0,20.0,0.0,0.0408997955010225,0.6,0.6,0.6874074074074075,98.0
A6_Combined_aggressive,273,23304.792924578363,151000.0,90600.0,57160.0,40574.59999999999,10000.0,755.0,755.0,0.0,0.0,0.0,0.6,0.6,0.5983333333333334,21.0
A6_Combined_aggressive,274,22039.216768544014,145400.0,87240.0,54364.0,38809.84,10000.0,727.0,727.0,0.0,0.0,0.0,0.6,0.6,0.5507407407407408,3.0
A6_Combined_aggressive,275,21857.7059578568,152200.0,91320.0,58652.0,40878.12,10000.0,761.0,761.0,0.0,0.0,0.0,0.6,0.6,0.6549999999999999,53.0
A6_Combined_aggressive,276,22151.78704832263,142200.0,85320.0,54552.0,37462.119999999995,10000.0,711.0,711.0,0.0,0.0,0.0,0.6,0.6,0.6361111111111112,61.0
A6_Combined_aggressive,277,23540.901458609584,150400.0,90240.0,56914.0,40375.340000000004,10000.0,752.0,752.0,0.0,0.0,0.0,0.6,0.6,0.5994444444444444,9.0
A6_Combined_aggressive,278,23568.06334184478,152000.0,91200.0,57570.0,40906.7,10000.0,760.0,760.0,0.0,0.0,0.0,0.6,0.6,0.6011111111111112,22.0
A6_Combined_aggressive,279,19893.122096273815,138400.0,83040.0,53494.0,36200.13999999999,10000.0,692.0,692.0,0.0,0.0,0.0,0.6,0.6,0.6477777777777778,81.0
A6_Combined_aggressive,280,22337.740227494396,144000.0,86400.0,54790.0,38154.9,10000.0,720.0,720.0,0.0,0.0,0.0,0.6,0.6,0.6116666666666667,17.0
A6_Combined_aggressive,281,23979.38903100603,156000.0,93600.0,59210.0,42235.1,10000.0,780.0,780.0,0.0,0.0,0.0,0.6,0.6,0.6122222222222222,16.0
A6_Combined_aggressive,282,20796.499152711156,134000.0,80400.0,53440.0,39596.399999999994,5000.0,673.0,670.0,3.0,0.0,0.006329113924050633,0.6,0.6,0.6796296296296297,93.0
A6_Combined_aggressive,283,21228.901200783337,134600.0,80760.0,53686.0,39795.66,5000.0,673.0,673.0,0.0,0.0,0.0,0.6,0.6,0.6848148148148148,84.0
A6_Combined_aggressive,284,23611.103829298816,152600.0,91560.0,57816.0,41105.96,10000.0,763.0,763.0,0.0,0.0,0.0,0.6,0.6,0.6022222222222222,25.0
A6_Combined_aggressive,285,21937.218394142477,143000.0,85800.0,53880.0,37917.799999999996,10000.0,715.0,715.0,0.0,0.0,0.0,0.6,0.6,0.5733333333333334,8.0
A6_Combined_aggressive,286,18705.988187847746,119800.0,71880.0,45868.0,29928.079999999998,10000.0,599.0,599.0,0.0,0.0,0.0,0.6,0.6,0.5944444444444444,25.0
A6_Combined_aggressive,287,22249.875695113875,144600.0,86760.0,54536.0,38449.16,10000.0,723.0,723.0,0.0,0.0,0.0,0.6,0.6,0.5796296296296296,2.0
A6_Combined_aggressive,288,23185.13945599332,153800.0,92280.0,59058.0,41456.979999999996,10000.0,769.0,769.0,0.0,0.0,0.0,0.6,0.6,0.648888888888889,66.0
A6_Combined_aggressive,289,22347.16403425975,144800.0,86880.0,54618.0,38515.58,10000.0,724.0,724.0,0.0,0.0,0.0,0.6,0.6,0.5822222222222223,13.0
A6_Combined_aggressive,290,21686.172230359494,137600.0,82560.0,52666.0,35934.46,10000.0,688.0,688.0,0.0,0.0,0.0,0.6,0.6,0.6227777777777778,51.0
A6_Combined_aggressive,291,22852.40069059118,149000.0,89400.0,55840.0,40005.4,10000.0,745.0,745.0,0.0,0.0,0.0,0.6,0.6,0.5638888888888889,30.0
A6_Combined_aggressive,292,23038.485429866694,146800.0,88080.0,55438.0,39179.78,10000.0,734.0,734.0,0.0,0.0,0.0,0.6,0.6,0.5883333333333333,33.0
A6_Combined_aggressive,293,19247.45062519892,129000.0,77400.0,49640.0,33014.56,10000.0,645.0,645.0,0.0,0.0,0.0,0.6,0.6,0.6155555555555556,30.0
A6_Combined_aggressive,294,22624.730735499154,145200.0,87120.0,54782.0,38648.42,10000.0,726.0,726.0,0.0,0.0,0.0,0.6,0.6,0.5850000000000001,22.0
A6_Combined_aggressive,295,19665.33370615644,141000.0,84600.0,54560.0,37063.6,10000.0,717.0,705.0,12.0,0.0,0.02330097087378641,0.6,0.6,0.6527777777777779,101.0
A6_Combined_aggressive,296,20055.33321202559,136000.0,81600.0,50510.0,35688.1,10000.0,680.0,680.0,0.0,0.0,0.0,0.6,0.6,0.5092592592592593,0.0
A6_Combined_aggressive,297,20764.91492257623,132000.0,79200.0,52620.0,38932.2,5000.0,660.0,660.0,0.0,0.0,0.0,0.6,0.6,0.6722222222222223,89.0
A6_Combined_aggressive,298,18814.709917748103,138200.0,82920.0,53412.0,36133.72,10000.0,701.0,691.0,10.0,0.0,0.01937984496124031,0.6,0.6,0.6361111111111111,94.0
A6_Combined_aggressive,299,19836.78116837521,129600.0,77760.0,49886.0,33182.659999999996,10000.0,648.0,648.0,0.0,0.0,0.0,0.6,0.6,0.6238888888888889,68.0
A6_Combined_aggressive,300,22878.098081075692,147800.0,88680.0,55348.0,39606.88,10000.0,739.0,739.0,0.0,0.0,0.0,0.6,0.6,0.5605555555555556,36.0
S0_No_expansion,1,24300.679986094685,128200.0,76920.0,52562.0,42575.21999999999,0.0,735.0,641.0,94.0,0.0,0.11867704280155641,0.6,0.6,0.7122222222222222,96.0
S0_No_expansion,2,24533.733163897177,129400.0,77640.0,53054.0,42973.73999999999,0.0,706.0,647.0,59.0,0.0,0.10897435897435898,0.6,0.6,0.7188888888888889,91.0
S0_No_expansion,3,23371.554324282057,124800.0,74880.0,51168.0,41446.079999999994,0.0,713.0,624.0,89.0,0.0,0.13043478260869565,0.6,0.6,0.6933333333333334,94.0
S0_No_expansion,4,23950.62994032018,126800.0,76080.0,51988.0,42110.27999999999,0.0,693.0,634.0,59.0,0.0,0.07383966244725738,0.6,0.6,0.7044444444444444,84.0
S0_No_expansion,5,23918.934547183104,127000.0,76200.0,52070.0,42176.7,0.0,697.0,635.0,62.0,0.0,0.1037344398340249,0.6,0.6,0.7055555555555555,84.0
S0_No_expansion,6,23102.811416024677,124000.0,74400.0,50840.0,41180.399999999994,0.0,693.0,620.0,73.0,0.0,0.11967545638945233,0.6,0.6,0.6888888888888888,93.0
S0_No_expansion,7,22790.39752103689,122800.0,73680.0,50348.0,40781.87999999999,0.0,681.0,614.0,67.0,0.0,0.08488612836438923,0.6,0.6,0.6822222222222223,89.0
S0_No_expansion,8,24418.69058421469,129000.0,77400.0,52890.0,42840.89999999999,0.0,786.0,645.0,141.0,0.0,0.19389587073608616,0.6,0.6,0.7166666666666667,112.0
S0_No_expansion,9,24126.400339798678,127600.0,76560.0,52316.0,42375.95999999999,0.0,673.0,638.0,35.0,0.0,0.03547671840354767,0.6,0.6,0.7088888888888889,79.0
S0_No_expansion,10,25190.803282468314,131600.0,78960.0,53956.0,43704.359999999986,0.0,734.0,658.0,76.0,0.0,0.08502024291497975,0.6,0.6,0.7311111111111112,94.0
S0_No_expansion,11,22806.710045305514,122800.0,73680.0,50348.0,40781.87999999999,0.0,718.0,614.0,104.0,0.0,0.13026819923371646,0.6,0.6,0.6822222222222223,104.0
S0_No_expansion,12,23249.18813718711,124600.0,74760.0,51086.0,41379.659999999996,0.0,760.0,623.0,137.0,0.0,0.1992818671454219,0.6,0.6,0.6922222222222222,106.0
S0_No_expansion,13,22975.502240713915,123600.0,74160.0,50676.0,41047.55999999999,0.0,733.0,618.0,115.0,0.0,0.18130841121495328,0.6,0.6,0.6866666666666668,100.0
S0_No_expansion,14,23503.545721211074,125000.0,75000.0,51250.0,41512.49999999999,0.0,675.0,625.0,50.0,0.0,0.06956521739130435,0.6,0.6,0.6944444444444445,92.0
S0_No_expansion,15,24662.04988738919,129800.0,77880.0,53218.0,43106.57999999999,0.0,676.0,649.0,27.0,0.0,0.0,0.6,0.6,0.7211111111111111,87.0
S0_No_expansion,16,25250.536929611142,131800.0,79080.0,54038.0,43770.77999999999,0.0,708.0,659.0,49.0,0.0,0.06941431670281996,0.6,0.6,0.7322222222222223,77.0
S0_No_expansion,17,24414.1839304522,128800.0,77280.0,52808.0,42774.47999999999,0.0,738.0,644.0,94.0,0.0,0.12524461839530332,0.6,0.6,0.7155555555555556,95.0
S0_No_expansion,18,25152.537695066803,131400.0,78840.0,53874.0,43637.93999999999,0.0,818.0,657.0,161.0,0.0,0.1972318339100346,0.6,0.6,0.73,113.0
S0_No_expansion,19,23169.465606347712,124000.0,74400.0,50840.0,41180.399999999994,0.0,694.0,620.0,74.0,0.0,0.12373225152129817,0.6,0.6,0.6888888888888889,97.0
S0_No_expansion,20,24905.409190563678,130600.0,78360.0,53546.0,43372.25999999999,0.0,748.0,653.0,95.0,0.0,0.14201183431952663,0.6,0.6,0.7255555555555555,94.0
S0_No_expansion,21,24137.0080327488,127800.0,76680.0,52398.0,42442.37999999999,0.0,744.0,639.0,105.0,0.0,0.1219047619047619,0.6,0.6,0.7100000000000001,101.0
S0_No_expansion,22,23761.277085490314,125800.0,75480.0,51578.0,41778.17999999999,0.0,668.0,629.0,39.0,0.0,0.028761061946902654,0.6,0.6,0.6988888888888888,86.0
S0_No_expansion,23,24423.115298817866,129000.0,77400.0,52890.0,42840.89999999999,0.0,794.0,645.0,149.0,0.0,0.2060931899641577,0.6,0.6,0.7166666666666667,105.0
S0_No_expansion,24,23290.47636913235,124400.0,74640.0,51004.0,41313.23999999999,0.0,682.0,622.0,60.0,0.0,0.07291666666666667,0.6,0.6,0.6911111111111111,85.0
S0_No_expansion,25,24776.37929290724,130000.0,78000.0,53300.0,43172.99999999999,0.0,704.0,650.0,54.0,0.0,0.04430379746835443,0.6,0.6,0.7222222222222221,93.0
S0_No_expansion,26,23930.944422592063,127000.0,76200.0,52070.0,42176.7,0.0,705.0,635.0,70.0,0.0,0.09202453987730061,0.6,0.6,0.7055555555555556,85.0
S0_No_expansion,27,23878.792901471337,126400.0,75840.0,51824.0,41977.44,0.0,683.0,632.0,51.0,0.0,0.10897435897435898,0.6,0.6,0.7022222222222222,87.0
S0_No_expansion,28,23212.021253876588,124200.0,74520.0,50922.0,41246.81999999999,0.0,660.0,621.0,39.0,0.0,0.00881057268722467,0.6,0.6,0.69,95.0
S0_No_expansion,29,23096.82086544282,123400.0,74040.0,50594.0,40981.13999999999,0.0,723.0,617.0,106.0,0.0,0.12667946257197696,0.6,0.6,0.6855555555555556,100.0
S0_No_expansion,30,23915.52648511221,127200.0,76320.0,52152.0,42243.119999999995,0.0,685.0,636.0,49.0,0.0,0.08742004264392324,0.6,0.6,0.7066666666666667,81.0
S0_No_expansion,31,24440.100983066117,128800.0,77280.0,52808.0,42774.47999999999,0.0,731.0,644.0,87.0,0.0,0.09072978303747535,0.6,0.6,0.7155555555555556,101.0
S0_No_expansion,32,22148.0516108766,120000.0,72000.0,49200.0,39851.99999999999,0.0,702.0,600.0,102.0,0.0,0.1434108527131783,0.6,0.6,0.6666666666666666,99.0
S0_No_expansion,33,24653.774032298064,129600.0,77760.0,53136.0,43040.15999999999,0.0,701.0,648.0,53.0,0.0,0.025423728813559324,0.6,0.6,0.7200000000000001,101.0
S0_No_expansion,34,24836.826114214502,130400.0,78240.0,53464.0,43305.83999999999,0.0,739.0,652.0,87.0,0.0,0.12525252525252525,0.6,0.6,0.7244444444444444,103.0
S0_No_expansion,35,24892.135046754163,130600.0,78360.0,53546.0,43372.25999999999,0.0,714.0,653.0,61.0,0.0,0.09850107066381156,0.6,0.6,0.7255555555555555,89.0
S0_No_expansion,36,24981.227191202266,130800.0,78480.0,53628.0,43438.679999999986,0.0,665.0,654.0,11.0,0.0,0.0,0.6,0.6,0.7266666666666667,71.0
S0_No_expansion,37,24154.46107368353,128000.0,76800.0,52480.0,42508.79999999999,0.0,684.0,640.0,44.0,0.0,0.07327586206896551,0.6,0.6,0.7111111111111111,79.0
S0_No_expansion,38,24227.46886463588,128200.0,76920.0,52562.0,42575.21999999999,0.0,685.0,641.0,44.0,0.0,0.05818965517241379,0.6,0.6,0.7122222222222222,77.0
S0_No_expansion,39,23978.083717469348,127200.0,76320.0,52152.0,42243.119999999995,0.0,691.0,636.0,55.0,0.0,0.08227848101265822,0.6,0.6,0.7066666666666667,99.0
S0_No_expansion,40,24102.617864104657,127800.0,76680.0,52398.0,42442.37999999999,0.0,763.0,639.0,124.0,0.0,0.1488970588235294,0.6,0.6,0.7100000000000001,103.0
S0_No_expansion,41,24217.78514883498,127400.0,76440.0,52234.0,42309.539999999986,0.0,672.0,637.0,35.0,0.0,0.015873015873015872,0.6,0.6,0.7077777777777778,88.0
S0_No_expansion,42,23692.25744988902,126000.0,75600.0,51660.0,41844.59999999999,0.0,774.0,630.0,144.0,0.0,0.16666666666666666,0.6,0.6,0.7,110.0
S0_No_expansion,43,25131.069635325483,131400.0,78840.0,53874.0,43637.93999999999,0.0,764.0,657.0,107.0,0.0,0.1401151631477927,0.6,0.6,0.73,94.0
S0_No_expansion,44,24196.717401622198,128000.0,76800.0,52480.0,42508.79999999999,0.0,692.0,640.0,52.0,0.0,0.04721030042918455,0.6,0.6,0.7111111111111111,90.0
S0_No_expansion,45,25011.602341039823,131000.0,78600.0,53710.0,43505.09999999999,0.0,754.0,655.0,99.0,0.0,0.16929133858267717,0.6,0.6,0.7277777777777777,102.0
S0_No_expansion,46,25190.803282468314,131600.0,78960.0,53956.0,43704.359999999986,0.0,711.0,658.0,53.0,0.0,0.05818965517241379,0.6,0.6,0.7311111111111112,86.0
S0_No_expansion,47,24022.84273034817,126800.0,76080.0,51988.0,42110.27999999999,0.0,674.0,634.0,40.0,0.0,0.03777777777777778,0.6,0.6,0.7044444444444444,83.0
S0_No_expansion,48,24832.40139961133,130400.0,78240.0,53464.0,43305.83999999999,0.0,682.0,652.0,30.0,0.0,0.017857142857142856,0.6,0.6,0.7244444444444444,82.0
S0_No_expansion,49,25011.602341039823,131000.0,78600.0,53710.0,43505.09999999999,0.0,785.0,655.0,130.0,0.0,0.18315018315018314,0.6,0.6,0.7277777777777777,104.0
S0_No_expansion,50,23899.032435819863,127000.0,76200.0,52070.0,42176.69999999999,0.0,713.0,635.0,78.0,0.0,0.12701612903225806,0.6,0.6,0.7055555555555555,95.0
S0_No_expansion,51,24081.5353342899,127400.0,76440.0,52234.0,42309.539999999986,0.0,699.0,637.0,62.0,0.0,0.10062893081761007,0.6,0.6,0.7077777777777778,87.0
S0_No_expansion,52,25071.33598818265,131200.0,78720.0,53792.0,43571.51999999999,0.0,833.0,656.0,177.0,0.0,0.20665499124343256,0.6,0.6,0.7288888888888889,119.0
S0_No_expansion,53,23058.066264350316,120800.0,72480.0,49528.0,40117.68,0.0,604.0,604.0,0.0,0.0,0.0,0.6,0.6,0.6711111111111111,51.0
S0_No_expansion,54,23996.949731204888,127200.0,76320.0,52152.0,42243.119999999995,0.0,708.0,636.0,72.0,0.0,0.09368635437881874,0.6,0.6,0.7066666666666667,86.0
S0_No_expansion,55,24201.87956865923,128200.0,76920.0,52562.0,42575.21999999999,0.0,699.0,641.0,58.0,0.0,0.05531914893617021,0.6,0.6,0.7122222222222222,92.0
S0_No_expansion,56,25190.803282468314,131600.0,78960.0,53956.0,43704.359999999986,0.0,729.0,658.0,71.0,0.0,0.09090909090909091,0.6,0.6,0.7311111111111112,87.0
S0_No_expansion,57,24321.346862944894,128600.0,77160.0,52726.0,42708.05999999999,0.0,675.0,643.0,32.0,0.0,0.008988764044943821,0.6,0.6,0.7144444444444444,88.0
S0_No_expansion,58,24519.794402462085,129200.0,77520.0,52972.0,42907.31999999999,0.0,719.0,646.0,73.0,0.0,0.0973630831643002,0.6,0.6,0.7177777777777777,90.0
S0_No_expansion,59,24770.482146223043,130000.0,78000.0,53300.0,43172.999999999985,0.0,711.0,650.0,61.0,0.0,0.06918238993710692,0.6,0.6,0.7222222222222222,93.0
S0_No_expansion,60,24082.412274373575,127800.0,76680.0,52398.0,42442.37999999999,0.0,760.0,639.0,121.0,0.0,0.17293233082706766,0.6,0.6,0.7100000000000001,99.0
S0_No_expansion,61,24593.466811040013,129600.0,77760.0,53136.0,43040.15999999999,0.0,752.0,648.0,104.0,0.0,0.17764471057884232,0.6,0.6,0.7200000000000001,92.0
S0_No_expansion,62,24508.086207030643,129200.0,77520.0,52972.0,42907.31999999999,0.0,789.0,646.0,143.0,0.0,0.2003577817531306,0.6,0.6,0.7177777777777777,111.0
S0_No_expansion,63,24388.61891274498,128800.0,77280.0,52808.0,42774.47999999999,0.0,679.0,644.0,35.0,0.0,0.015521064301552107,0.6,0.6,0.7155555555555556,88.0
S0_No_expansion,64,22723.614745805407,118800.0,71280.0,48708.0,39453.48,0.0,594.0,594.0,0.0,0.0,0.0,0.6,0.6,0.6599999999999999,44.0
S0_No_expansion,65,22992.14094802827,123200.0,73920.0,50512.0,40914.719999999994,0.0,635.0,616.0,19.0,0.0,0.013953488372093023,0.6,0.6,0.6844444444444445,73.0
S0_No_expansion,66,24717.358819928842,130000.0,78000.0,53300.0,43172.999999999985,0.0,802.0,650.0,152.0,0.0,0.19748653500897667,0.6,0.6,0.7222222222222221,106.0
S0_No_expansion,67,23362.12041821912,124800.0,74880.0,51168.0,41446.079999999994,0.0,687.0,624.0,63.0,0.0,0.09394572025052192,0.6,0.6,0.6933333333333334,97.0
S0_No_expansion,68,23836.69190949725,126600.0,75960.0,51906.0,42043.85999999999,0.0,671.0,633.0,38.0,0.0,0.043668122270742356,0.6,0.6,0.7033333333333334,78.0
S0_No_expansion,69,24606.740954849527,129600.0,77760.0,53136.0,43040.15999999999,0.0,688.0,648.0,40.0,0.0,0.07439824945295405,0.6,0.6,0.7200000000000001,79.0
S0_No_expansion,70,24261.613215802063,128400.0,77040.0,52644.0,42641.639999999985,0.0,682.0,642.0,40.0,0.0,0.06140350877192982,0.6,0.6,0.7133333333333333,78.0
S0_No_expansion,71,24653.20045818284,129800.0,77880.0,53218.0,43106.57999999999,0.0,709.0,649.0,60.0,0.0,0.08368200836820083,0.6,0.6,0.7211111111111111,86.0
S0_No_expansion,72,25071.33598818265,131200.0,78720.0,53792.0,43571.51999999999,0.0,725.0,656.0,69.0,0.0,0.09583333333333334,0.6,0.6,0.7288888888888889,98.0
S0_No_expansion,73,23209.71301989064,123800.0,74280.0,50758.0,41113.979999999996,0.0,715.0,619.0,96.0,0.0,0.13137254901960785,0.6,0.6,0.6877777777777777,113.0
S0_No_expansion,74,24712.93410532567,130000.0,78000.0,53300.0,43172.999999999985,0.0,753.0,650.0,103.0,0.0,0.15503875968992248,0.6,0.6,0.7222222222222222,97.0
S0_No_expansion,75,24477.478615243195,127400.0,76440.0,52234.0,42309.53999999999,0.0,637.0,637.0,0.0,0.0,0.0,0.6,0.6,0.7077777777777778,52.0
S0_No_expansion,76,24593.466811040013,129600.0,77760.0,53136.0,43040.15999999999,0.0,706.0,648.0,58.0,0.0,0.09523809523809523,0.6,0.6,0.7200000000000001,84.0
S0_No_expansion,77,24071.07376055392,127600.0,76560.0,52316.0,42375.95999999999,0.0,645.0,638.0,7.0,0.0,0.0,0.6,0.6,0.7088888888888889,67.0
S0_No_expansion,78,24188.605424849717,128200.0,76920.0,52562.0,42575.21999999999,0.0,709.0,641.0,68.0,0.0,0.07276507276507277,0.6,0.6,0.7122222222222222,95.0
S0_No_expansion,79,24018.25391262757,127600.0,76560.0,52316.0,42375.95999999999,0.0,740.0,638.0,102.0,0.0,0.1594488188976378,0.6,0.6,0.7088888888888889,99.0
S0_No_expansion,80,24653.20045818284,129800.0,77880.0,53218.0,43106.57999999999,0.0,717.0,649.0,68.0,0.0,0.081419624217119,0.6,0.6,0.7211111111111111,89.0
S0_No_expansion,81,23272.983426412215,124000.0,74400.0,50840.0,41180.399999999994,0.0,658.0,620.0,38.0,0.0,0.0022172949002217295,0.6,0.6,0.6888888888888889,97.0
S0_No_expansion,82,23887.559267524408,126800.0,76080.0,51988.0,42110.27999999999,0.0,697.0,634.0,63.0,0.0,0.06289308176100629,0.6,0.6,0.7044444444444444,93.0
S0_No_expansion,83,25131.069635325483,131400.0,78840.0,53874.0,43637.93999999999,0.0,791.0,657.0,134.0,0.0,0.18689788053949905,0.6,0.6,0.73,97.0
S0_No_expansion,84,25250.536929611142,131800.0,79080.0,54038.0,43770.77999999999,0.0,708.0,659.0,49.0,0.0,0.08714596949891068,0.6,0.6,0.7322222222222223,95.0
S0_No_expansion,85,22421.631964317417,121200.0,72720.0,49692.0,40250.52,0.0,659.0,606.0,53.0,0.0,0.07112068965517242,0.6,0.6,0.6733333333333333,91.0
S0_No_expansion,86,24892.135046754163,130600.0,78360.0,53546.0,43372.25999999999,0.0,731.0,653.0,78.0,0.0,0.08793456032719836,0.6,0.6,0.7255555555555555,95.0
S0_No_expansion,87,24951.86869389699,130800.0,78480.0,53628.0,43438.679999999986,0.0,754.0,654.0,100.0,0.0,0.11003861003861004,0.6,0.6,0.7266666666666667,103.0
S0_No_expansion,88,25071.33598818265,126200.0,75720.0,51742.0,41911.02,0.0,631.0,631.0,0.0,0.0,0.0,0.6,0.6,0.7011111111111111,35.0
S0_No_expansion,89,24777.092467071674,130200.0,78120.0,53382.0,43239.41999999999,0.0,699.0,651.0,48.0,0.0,0.08061002178649238,0.6,0.6,0.7233333333333333,86.0
S0_No_expansion,90,21711.763128906285,118600.0,71160.0,48626.0,39387.05999999999,0.0,620.0,593.0,27.0,0.0,0.060674157303370786,0.6,0.6,0.6588888888888889,87.0
S0_No_expansion,91,24695.808821028208,129800.0,77880.0,53218.0,43106.57999999999,0.0,745.0,649.0,96.0,0.0,0.12941176470588237,0.6,0.6,0.7211111111111111,96.0
S0_No_expansion,92,24503.989249064743,129200.0,77520.0,52972.0,42907.31999999999,0.0,713.0,646.0,67.0,0.0,0.06378600823045268,0.6,0.6,0.7177777777777777,96.0
S0_No_expansion,93,24900.656719323237,130600.0,78360.0,53546.0,43372.25999999999,0.0,859.0,653.0,206.0,0.0,0.2617124394184168,0.6,0.6,0.7255555555555555,120.0
S0_No_expansion,94,23753.020563095222,126000.0,75600.0,51660.0,41844.6,0.0,755.0,630.0,125.0,0.0,0.15498154981549817,0.6,0.6,0.7,116.0
S0_No_expansion,95,23820.660383717375,126600.0,75960.0,51906.0,42043.85999999999,0.0,678.0,633.0,45.0,0.0,0.05172413793103448,0.6,0.6,0.7033333333333334,84.0
S0_No_expansion,96,24951.86869389699,130800.0,78480.0,53628.0,43438.679999999986,0.0,722.0,654.0,68.0,0.0,0.06198347107438017,0.6,0.6,0.7266666666666667,98.0
S0_No_expansion,97,23446.75255465387,125400.0,75240.0,51414.0,41645.34,0.0,650.0,627.0,23.0,0.0,0.022573363431151242,0.6,0.6,0.6966666666666667,73.0
S0_No_expansion,98,23576.65231123207,125400.0,75240.0,51414.0,41645.34,0.0,670.0,627.0,43.0,0.0,0.058823529411764705,0.6,0.6,0.6966666666666667,87.0
S0_No_expansion,99,24985.02067080032,129600.0,77760.0,53136.0,43040.15999999999,0.0,648.0,648.0,0.0,0.0,0.0,0.6,0.6,0.7200000000000001,54.0
S0_No_expansion,100,24721.783534532016,130000.0,78000.0,53300.0,43172.999999999985,0.0,726.0,650.0,76.0,0.0,0.11088295687885011,0.6,0.6,0.7222222222222222,100.0
S0_No_expansion,101,25190.803282468314,131600.0,78960.0,53956.0,43704.359999999986,0.0,701.0,658.0,43.0,0.0,0.011037527593818985,0.6,0.6,0.7311111111111112,98.0
S0_No_expansion,102,24567.81985417347,129400.0,77640.0,53054.0,42973.73999999999,0.0,769.0,647.0,122.0,0.0,0.14656771799628943,0.6,0.6,0.7188888888888889,103.0
S0_No_expansion,103,24593.466811040013,129600.0,77760.0,53136.0,43040.15999999999,0.0,791.0,648.0,143.0,0.0,0.21062271062271062,0.6,0.6,0.7200000000000001,96.0
S0_No_expansion,104,24261.613215802063,128000.0,76800.0,52480.0,42508.79999999999,0.0,715.0,640.0,75.0,0.0,0.1524390243902439,0.6,0.6,0.711111111111111,99.0
S0_No_expansion,105,23543.455936567512,125600.0,75360.0,51496.0,41711.759999999995,0.0,758.0,628.0,130.0,0.0,0.18545454545454546,0.6,0.6,0.6977777777777778,95.0
S0_No_expansion,106,24717.358819928842,130000.0,78000.0,53300.0,43172.999999999985,0.0,763.0,650.0,113.0,0.0,0.17391304347826086,0.6,0.6,0.7222222222222221,104.0
S0_No_expansion,107,23536.242930160224,120400.0,72240.0,49364.0,39984.840000000004,0.0,602.0,602.0,0.0,0.0,0.0,0.6,0.6,0.6688888888888889,44.0
S0_No_expansion,108,24956.293408500165,130800.0,78480.0,53628.0,43438.679999999986,0.0,795.0,654.0,141.0,0.0,0.18246869409660108,0.6,0.6,0.7266666666666667,107.0
S0_No_expansion,109,25190.803282468314,131600.0,78960.0,53956.0,43704.359999999986,0.0,743.0,658.0,85.0,0.0,0.13319672131147542,0.6,0.6,0.7311111111111112,90.0
S0_No_expansion,110,24551.432022309873,129400.0,77640.0,53054.0,42973.73999999999,0.0,651.0,647.0,4.0,0.0,0.0,0.6,0.6,0.7188888888888889,64.0
S0_No_expansion,111,24468.197010361164,128800.0,77280.0,52808.0,42774.47999999999,0.0,665.0,644.0,21.0,0.0,0.0,0.6,0.6,0.7155555555555556,81.0
S0_No_expansion,112,25011.602341039823,131000.0,78600.0,53710.0,43505.09999999999,0.0,735.0,655.0,80.0,0.0,0.10931174089068826,0.6,0.6,0.7277777777777777,87.0
S0_No_expansion,113,24255.890850177868,128200.0,76920.0,52562.0,42575.21999999999,0.0,684.0,641.0,43.0,0.0,0.030303030303030304,0.6,0.6,0.7122222222222222,89.0
S0_No_expansion,114,24756.19798144558,130000.0,78000.0,53300.0,43172.999999999985,0.0,702.0,650.0,52.0,0.0,0.04246284501061571,0.6,0.6,0.7222222222222221,92.0
S0_No_expansion,115,25131.069635325483,131400.0,78840.0,53874.0,43637.93999999999,0.0,761.0,657.0,104.0,0.0,0.1343570057581574,0.6,0.6,0.73,96.0
S0_No_expansion,116,25310.270576753974,132000.0,79200.0,54120.0,43837.19999999999,0.0,738.0,660.0,78.0,0.0,0.10633946830265849,0.6,0.6,0.7333333333333333,91.0
S0_No_expansion,117,24222.085158390317,128200.0,76920.0,52562.0,42575.21999999999,0.0,739.0,641.0,98.0,0.0,0.12548262548262548,0.6,0.6,0.7122222222222222,97.0
S0_No_expansion,118,23507.217022666227,125600.0,75360.0,51496.0,41711.759999999995,0.0,665.0,628.0,37.0,0.0,0.035164835164835165,0.6,0.6,0.6977777777777778,81.0
S0_No_expansion,119,22986.927639266283,123600.0,74160.0,50676.0,41047.55999999999,0.0,644.0,618.0,26.0,0.0,0.0045045045045045045,0.6,0.6,0.6866666666666668,84.0
S0_No_expansion,120,25131.069635325483,131400.0,78840.0,53874.0,43637.93999999999,0.0,761.0,657.0,104.0,0.0,0.14922480620155038,0.6,0.6,0.73,98.0
S0_No_expansion,121,24102.617864104657,127800.0,76680.0,52398.0,42442.37999999999,0.0,774.0,639.0,135.0,0.0,0.16396396396396395,0.6,0.6,0.7100000000000001,104.0
S0_No_expansion,122,23942.05049446182,127200.0,76320.0,52152.0,42243.119999999995,0.0,749.0,636.0,113.0,0.0,0.19622641509433963,0.6,0.6,0.7066666666666667,110.0
S0_No_expansion,123,24383.633999554648,128800.0,77280.0,52808.0,42774.47999999999,0.0,748.0,644.0,104.0,0.0,0.14367816091954022,0.6,0.6,0.7155555555555556,103.0
S0_No_expansion,124,24951.86869389699,130800.0,78480.0,53628.0,43438.679999999986,0.0,825.0,654.0,171.0,0.0,0.22145328719723184,0.6,0.6,0.7266666666666667,119.0
S0_No_expansion,125,24206.304283262405,128200.0,76920.0,52562.0,42575.21999999999,0.0,722.0,641.0,81.0,0.0,0.10080645161290322,0.6,0.6,0.7122222222222222,100.0
S0_No_expansion,126,25190.803282468314,131600.0,78960.0,53956.0,43704.359999999986,0.0,762.0,658.0,104.0,0.0,0.16500994035785288,0.6,0.6,0.7311111111111112,97.0
S0_No_expansion,127,25011.602341039823,131000.0,78600.0,53710.0,43505.09999999999,0.0,864.0,655.0,209.0,0.0,0.28407224958949095,0.6,0.6,0.7277777777777777,111.0
S0_No_expansion,128,23453.380522207593,125400.0,75240.0,51414.0,41645.34,0.0,726.0,627.0,99.0,0.0,0.1579961464354528,0.6,0.6,0.6966666666666667,103.0
S0_No_expansion,129,24836.826114214502,125600.0,75360.0,51496.0,41711.759999999995,0.0,628.0,628.0,0.0,0.0,0.0,0.6,0.6,0.6977777777777778,36.0
S0_No_expansion,130,24550.39109150816,129200.0,77520.0,52972.0,42907.31999999999,0.0,756.0,646.0,110.0,0.0,0.1339622641509434,0.6,0.6,0.7177777777777777,99.0
S0_No_expansion,131,24369.32072333375,128600.0,77160.0,52726.0,42708.05999999999,0.0,691.0,643.0,48.0,0.0,0.0811965811965812,0.6,0.6,0.7144444444444444,92.0
S0_No_expansion,132,25131.069635325483,131400.0,78840.0,53874.0,43637.93999999999,0.0,734.0,657.0,77.0,0.0,0.13814432989690723,0.6,0.6,0.73,101.0
S0_No_expansion,133,23295.79409693275,124200.0,74520.0,50922.0,41246.81999999999,0.0,646.0,621.0,25.0,0.0,0.0,0.6,0.6,0.69,85.0
S0_No_expansion,134,25071.33598818265,131200.0,78720.0,53792.0,43571.51999999999,0.0,736.0,656.0,80.0,0.0,0.11428571428571428,0.6,0.6,0.7288888888888889,90.0
S0_No_expansion,135,22324.808315050588,121000.0,72600.0,49610.0,40184.1,0.0,637.0,605.0,32.0,0.0,0.04697986577181208,0.6,0.6,0.6722222222222222,80.0
S0_No_expansion,136,24003.601977028036,127200.0,76320.0,52152.0,42243.119999999995,0.0,724.0,636.0,88.0,0.0,0.10236220472440945,0.6,0.6,0.7066666666666667,98.0
S0_No_expansion,137,24547.007307706695,129400.0,77640.0,53054.0,42973.73999999999,0.0,765.0,647.0,118.0,0.0,0.19548872180451127,0.6,0.6,0.7188888888888889,100.0
S0_No_expansion,138,23979.57862942947,127200.0,76320.0,52152.0,42243.119999999995,0.0,689.0,636.0,53.0,0.0,0.03821656050955414,0.6,0.6,0.7066666666666667,95.0
S0_No_expansion,139,25131.069635325483,131400.0,78840.0,53874.0,43637.93999999999,0.0,814.0,657.0,157.0,0.0,0.2332730560578662,0.6,0.6,0.73,107.0
S0_No_expansion,140,24002.97074202292,127200.0,76320.0,52152.0,42243.119999999995,0.0,664.0,636.0,28.0,0.0,0.017857142857142856,0.6,0.6,0.7066666666666667,80.0
S0_No_expansion,141,24152.813186146137,127800.0,76680.0,52398.0,42442.37999999999,0.0,668.0,639.0,29.0,0.0,0.017817371937639197,0.6,0.6,0.7100000000000001,81.0
S0_No_expansion,142,24179.75599564337,128200.0,76920.0,52562.0,42575.21999999999,0.0,724.0,641.0,83.0,0.0,0.11332007952286283,0.6,0.6,0.7122222222222222,93.0
S0_No_expansion,143,22367.28303501471,115400.0,69240.0,47314.0,38324.340000000004,0.0,577.0,577.0,0.0,0.0,0.0,0.6,0.6,0.6411111111111112,31.0
S0_No_expansion,144,23240.823823771734,124200.0,74520.0,50922.0,41246.81999999999,0.0,643.0,621.0,22.0,0.0,0.02528735632183908,0.6,0.6,0.69,71.0
S0_No_expansion,145,25250.536929611142,131800.0,79080.0,54038.0,43770.77999999999,0.0,799.0,659.0,140.0,0.0,0.17929759704251386,0.6,0.6,0.7322222222222223,103.0
S0_No_expansion,146,24255.56489193092,128200.0,76920.0,52562.0,42575.21999999999,0.0,746.0,641.0,105.0,0.0,0.15428571428571428,0.6,0.6,0.7122222222222222,99.0
S0_No_expansion,147,24362.382645847847,123400.0,74040.0,50594.0,40981.14,0.0,617.0,617.0,0.0,0.0,0.0,0.6,0.6,0.6855555555555556,37.0
S0_No_expansion,148,21997.577931748263,119400.0,71640.0,48954.0,39652.73999999999,0.0,643.0,597.0,46.0,0.0,0.03260869565217391,0.6,0.6,0.6633333333333333,91.0
S0_No_expansion,149,25028.64568617797,131000.0,78600.0,53710.0,43505.09999999999,0.0,753.0,655.0,98.0,0.0,0.1515748031496063,0.6,0.6,0.7277777777777779,100.0
S0_No_expansion,150,24785.94189627802,130200.0,78120.0,53382.0,43239.41999999999,0.0,796.0,651.0,145.0,0.0,0.21441441441441442,0.6,0.6,0.7233333333333333,105.0
S0_No_expansion,151,24832.40139961133,130400.0,78240.0,53464.0,43305.83999999999,0.0,731.0,652.0,79.0,0.0,0.11530398322851153,0.6,0.6,0.7244444444444444,90.0
S0_No_expansion,152,23887.069318559432,127000.0,76200.0,52070.0,42176.69999999999,0.0,694.0,635.0,59.0,0.0,0.09394572025052192,0.6,0.6,0.7055555555555556,89.0
S0_No_expansion,153,23584.531733655265,125800.0,75480.0,51578.0,41778.17999999999,0.0,682.0,629.0,53.0,0.0,0.09725158562367865,0.6,0.6,0.698888888888889,84.0
S0_No_expansion,154,24504.70253562857,128800.0,77280.0,52808.0,42774.47999999999,0.0,685.0,644.0,41.0,0.0,0.05701754385964912,0.6,0.6,0.7155555555555555,76.0
S0_No_expansion,155,24330.19629215124,128600.0,77160.0,52726.0,42708.05999999999,0.0,768.0,643.0,125.0,0.0,0.19366852886405958,0.6,0.6,0.7144444444444444,98.0
S0_No_expansion,156,22730.704000478258,122400.0,73440.0,50184.0,40649.03999999999,0.0,693.0,612.0,81.0,0.0,0.1194331983805668,0.6,0.6,0.6799999999999999,87.0
S0_No_expansion,157,24717.358819928842,129800.0,77880.0,53218.0,43106.579999999994,0.0,649.0,649.0,0.0,0.0,0.0,0.6,0.6,0.7211111111111109,59.0
S0_No_expansion,158,24589.615670552063,123200.0,73920.0,50512.0,40914.72,0.0,616.0,616.0,0.0,0.0,0.0,0.6,0.6,0.6844444444444444,40.0
S0_No_expansion,159,25083.651140349783,131200.0,78720.0,53792.0,43571.51999999999,0.0,731.0,656.0,75.0,0.0,0.09898989898989899,0.6,0.6,0.7288888888888889,87.0
S0_No_expansion,160,22839.651498141076,122600.0,73560.0,50266.0,40715.45999999999,0.0,703.0,613.0,90.0,0.0,0.10912698412698413,0.6,0.6,0.6811111111111111,113.0
S0_No_expansion,161,23837.650901139637,126600.0,75960.0,51906.0,42043.85999999999,0.0,736.0,633.0,103.0,0.0,0.1338432122370937,0.6,0.6,0.7033333333333334,107.0
S0_No_expansion,162,24011.877832119157,127400.0,76440.0,52234.0,42309.539999999986,0.0,642.0,637.0,5.0,0.0,0.0,0.6,0.6,0.7077777777777778,65.0
S0_No_expansion,163,24385.505224690896,128800.0,77280.0,52808.0,42774.47999999999,0.0,817.0,644.0,173.0,0.0,0.23011844331641285,0.6,0.6,0.7155555555555556,111.0
S0_No_expansion,164,24836.826114214502,130400.0,78240.0,53464.0,43305.83999999999,0.0,766.0,652.0,114.0,0.0,0.15428571428571428,0.6,0.6,0.7244444444444444,102.0
S0_No_expansion,165,25011.602341039823,131000.0,78600.0,53710.0,43505.09999999999,0.0,713.0,655.0,58.0,0.0,0.06808510638297872,0.6,0.6,0.7277777777777777,86.0
S0_No_expansion,166,22821.421552584656,122800.0,73680.0,50348.0,40781.88,0.0,666.0,614.0,52.0,0.0,0.07725321888412018,0.6,0.6,0.6822222222222223,92.0
S0_No_expansion,167,24644.59684645445,129600.0,77760.0,53136.0,43040.15999999999,0.0,756.0,648.0,108.0,0.0,0.13714285714285715,0.6,0.6,0.7200000000000001,96.0
S0_No_expansion,168,25310.270576753974,132000.0,79200.0,54120.0,43837.19999999999,0.0,769.0,660.0,109.0,0.0,0.16,0.6,0.6,0.7333333333333333,90.0
S0_No_expansion,169,23851.83548005269,126600.0,75960.0,51906.0,42043.85999999999,0.0,709.0,633.0,76.0,0.0,0.1028225806451613,0.6,0.6,0.7033333333333334,86.0
S0_No_expansion,170,24504.317005702014,129200.0,77520.0,52972.0,42907.319999999985,0.0,709.0,646.0,63.0,0.0,0.08958333333333333,0.6,0.6,0.7177777777777777,83.0
S0_No_expansion,171,24039.967789846844,127400.0,76440.0,52234.0,42309.539999999986,0.0,697.0,637.0,60.0,0.0,0.052854122621564484,0.6,0.6,0.7077777777777778,95.0
S0_No_expansion,172,23819.369364260685,126600.0,75960.0,51906.0,42043.85999999999,0.0,714.0,633.0,81.0,0.0,0.11377245508982035,0.6,0.6,0.7033333333333334,93.0
S0_No_expansion,173,24892.135046754163,130600.0,78360.0,53546.0,43372.25999999999,0.0,724.0,653.0,71.0,0.0,0.11293634496919917,0.6,0.6,0.7255555555555555,89.0
S0_No_expansion,174,24606.740954849527,129600.0,77760.0,53136.0,43040.15999999999,0.0,746.0,648.0,98.0,0.0,0.1627450980392157,0.6,0.6,0.7200000000000001,98.0
S0_No_expansion,175,25139.591307894556,131400.0,78840.0,53874.0,43637.93999999999,0.0,771.0,657.0,114.0,0.0,0.13721804511278196,0.6,0.6,0.73,101.0
S0_No_expansion,176,23827.481341033166,126400.0,75840.0,51824.0,41977.439999999995,0.0,722.0,632.0,90.0,0.0,0.11372549019607843,0.6,0.6,0.7022222222222222,92.0
S0_No_expansion,177,24611.1656694527,129600.0,77760.0,53136.0,43040.15999999999,0.0,688.0,648.0,40.0,0.0,0.04697986577181208,0.6,0.6,0.7200000000000001,81.0
S0_No_expansion,178,22924.31274601926,123400.0,74040.0,50594.0,40981.13999999999,0.0,673.0,617.0,56.0,0.0,0.08421052631578947,0.6,0.6,0.6855555555555556,91.0
S0_No_expansion,179,23309.804906380366,124600.0,74760.0,51086.0,41379.659999999996,0.0,749.0,623.0,126.0,0.0,0.16666666666666666,0.6,0.6,0.6922222222222222,110.0
S0_No_expansion,180,24951.86869389699,130800.0,78480.0,53628.0,43438.679999999986,0.0,736.0,654.0,82.0,0.0,0.13911290322580644,0.6,0.6,0.7266666666666667,91.0
S0_No_expansion,181,23897.163009073938,127000.0,76200.0,52070.0,42176.7,0.0,799.0,635.0,164.0,0.0,0.22773972602739725,0.6,0.6,0.7055555555555555,120.0
S0_No_expansion,182,22730.01510458325,122200.0,73320.0,50102.0,40582.619999999995,0.0,641.0,611.0,30.0,0.0,0.024830699774266364,0.6,0.6,0.6788888888888889,79.0
S0_No_expansion,183,23144.98164602639,124000.0,74400.0,50840.0,41180.399999999994,0.0,625.0,620.0,5.0,0.0,0.0,0.6,0.6,0.6888888888888889,65.0
S0_No_expansion,184,24712.93410532567,130000.0,78000.0,53300.0,43172.999999999985,0.0,830.0,650.0,180.0,0.0,0.2692967409948542,0.6,0.6,0.7222222222222222,109.0
S0_No_expansion,185,25250.536929611142,131800.0,79080.0,54038.0,43770.77999999999,0.0,753.0,659.0,94.0,0.0,0.13131313131313133,0.6,0.6,0.7322222222222223,89.0
S0_No_expansion,186,24832.40139961133,130400.0,78240.0,53464.0,43305.83999999999,0.0,674.0,652.0,22.0,0.0,0.0,0.6,0.6,0.7244444444444444,82.0
S0_No_expansion,187,23022.10741366379,123400.0,74040.0,50594.0,40981.13999999999,0.0,733.0,617.0,116.0,0.0,0.15671641791044777,0.6,0.6,0.6855555555555556,102.0
S0_No_expansion,188,22600.243595715314,121600.0,72960.0,49856.0,40383.35999999999,0.0,703.0,608.0,95.0,0.0,0.10714285714285714,0.6,0.6,0.6755555555555556,112.0
S0_No_expansion,189,24662.04988738919,129800.0,77880.0,53218.0,43106.57999999999,0.0,695.0,649.0,46.0,0.0,0.05856832971800434,0.6,0.6,0.7211111111111111,87.0
S0_No_expansion,190,25190.803282468314,131600.0,78960.0,53956.0,43704.359999999986,0.0,796.0,658.0,138.0,0.0,0.19378427787934185,0.6,0.6,0.7311111111111112,100.0
S0_No_expansion,191,25131.069635325483,131400.0,78840.0,53874.0,43637.93999999999,0.0,772.0,657.0,115.0,0.0,0.1490566037735849,0.6,0.6,0.73,96.0
S0_No_expansion,192,24712.93410532567,130000.0,78000.0,53300.0,43172.999999999985,0.0,788.0,650.0,138.0,0.0,0.20471014492753623,0.6,0.6,0.7222222222222222,100.0
S0_No_expansion,193,23197.672684245506,124400.0,74640.0,51004.0,41313.23999999999,0.0,743.0,622.0,121.0,0.0,0.17190388170055454,0.6,0.6,0.6911111111111111,108.0
S0_No_expansion,194,24013.91124958311,127200.0,76320.0,52152.0,42243.119999999995,0.0,757.0,636.0,121.0,0.0,0.15485074626865672,0.6,0.6,0.7066666666666667,105.0
S0_No_expansion,195,23375.34780388011,119600.0,71760.0,49036.0,39719.159999999996,0.0,598.0,598.0,0.0,0.0,0.0,0.6,0.6,0.6644444444444445,37.0
S0_No_expansion,196,23693.274102421303,126200.0,75720.0,51742.0,41911.01999999999,0.0,697.0,631.0,66.0,0.0,0.06790123456790123,0.6,0.6,0.701111111111111,93.0
S0_No_expansion,197,24968.912039035138,130800.0,78480.0,53628.0,43438.679999999986,0.0,730.0,654.0,76.0,0.0,0.08704453441295547,0.6,0.6,0.7266666666666667,93.0
S0_No_expansion,198,23792.61111457086,126600.0,75960.0,51906.0,42043.85999999999,0.0,731.0,633.0,98.0,0.0,0.1375968992248062,0.6,0.6,0.7033333333333334,101.0
S0_No_expansion,199,24820.911708604737,130000.0,78000.0,53300.0,43172.99999999999,0.0,732.0,650.0,82.0,0.0,0.10557768924302789,0.6,0.6,0.7222222222222222,89.0
S0_No_expansion,200,24072.521914365523,127600.0,76560.0,52316.0,42375.95999999999,0.0,726.0,638.0,88.0,0.0,0.12007874015748031,0.6,0.6,0.7088888888888889,96.0
S0_No_expansion,201,25028.64568617797,131000.0,78600.0,53710.0,43505.09999999999,0.0,856.0,655.0,201.0,0.0,0.25081967213114753,0.6,0.6,0.7277777777777779,120.0
S0_No_expansion,202,23567.81614515439,125800.0,75480.0,51578.0,41778.17999999999,0.0,737.0,629.0,108.0,0.0,0.1268939393939394,0.6,0.6,0.698888888888889,101.0
S0_No_expansion,203,25310.270576753974,132000.0,79200.0,54120.0,43837.19999999999,0.0,727.0,660.0,67.0,0.0,0.10775862068965517,0.6,0.6,0.7333333333333333,90.0
S0_No_expansion,204,24257.743866612047,128200.0,76920.0,52562.0,42575.21999999999,0.0,679.0,641.0,38.0,0.0,0.08296943231441048,0.6,0.6,0.7122222222222222,76.0
S0_No_expansion,205,24129.754899757314,127800.0,76680.0,52398.0,42442.37999999999,0.0,662.0,639.0,23.0,0.0,0.002257336343115124,0.6,0.6,0.7100000000000001,82.0
S0_No_expansion,206,25071.33598818265,131200.0,78720.0,53792.0,43571.51999999999,0.0,775.0,656.0,119.0,0.0,0.13857677902621723,0.6,0.6,0.7288888888888889,105.0
S0_No_expansion,207,25071.33598818265,131200.0,78720.0,53792.0,43571.51999999999,0.0,720.0,656.0,64.0,0.0,0.0944206008583691,0.6,0.6,0.7288888888888889,81.0
S0_No_expansion,208,23068.86846345216,117800.0,70680.0,48298.0,39121.380000000005,0.0,589.0,589.0,0.0,0.0,0.0,0.6,0.6,0.6544444444444445,35.0
S0_No_expansion,209,24444.583358559183,129000.0,77400.0,52890.0,42840.89999999999,0.0,763.0,645.0,118.0,0.0,0.17472118959107807,0.6,0.6,0.7166666666666667,104.0
S0_No_expansion,210,24892.135046754163,130600.0,78360.0,53546.0,43372.25999999999,0.0,789.0,653.0,136.0,0.0,0.20257826887661143,0.6,0.6,0.7255555555555555,109.0
S0_No_expansion,211,23610.70370809817,125800.0,75480.0,51578.0,41778.17999999999,0.0,740.0,629.0,111.0,0.0,0.15065913370998116,0.6,0.6,0.698888888888889,92.0
S0_No_expansion,212,24167.710939223623,128000.0,76800.0,52480.0,42508.79999999999,0.0,651.0,640.0,11.0,0.0,0.011655011655011656,0.6,0.6,0.7111111111111111,66.0
S0_No_expansion,213,25310.270576753974,132000.0,79200.0,54120.0,43837.19999999999,0.0,766.0,660.0,106.0,0.0,0.1454183266932271,0.6,0.6,0.7333333333333333,93.0
S0_No_expansion,214,24840.923072180405,130400.0,78240.0,53464.0,43305.83999999999,0.0,706.0,652.0,54.0,0.0,0.04246284501061571,0.6,0.6,0.7244444444444444,94.0
S0_No_expansion,215,23714.472066415237,126400.0,75840.0,51824.0,41977.439999999995,0.0,673.0,632.0,41.0,0.0,0.07158351409978309,0.6,0.6,0.7022222222222222,84.0
S0_No_expansion,216,24772.6677524685,130200.0,78120.0,53382.0,43239.41999999999,0.0,689.0,651.0,38.0,0.0,0.03571428571428571,0.6,0.6,0.7233333333333333,82.0
S0_No_expansion,217,24892.135046754163,130600.0,78360.0,53546.0,43372.25999999999,0.0,779.0,653.0,126.0,0.0,0.17115384615384616,0.6,0.6,0.7255555555555555,97.0
S0_No_expansion,218,23292.14190337484,124400.0,74640.0,51004.0,41313.23999999999,0.0,665.0,622.0,43.0,0.0,0.04772234273318872,0.6,0.6,0.6911111111111111,81.0
S0_No_expansion,219,24729.977450463815,130000.0,78000.0,53300.0,43172.999999999985,0.0,686.0,650.0,36.0,0.0,0.024444444444444446,0.6,0.6,0.7222222222222222,85.0
S0_No_expansion,220,23995.501015396312,127000.0,76200.0,52070.0,42176.7,0.0,661.0,635.0,26.0,0.0,0.03167420814479638,0.6,0.6,0.7055555555555556,74.0
S0_No_expansion,221,23925.8902713741,127000.0,76200.0,52070.0,42176.69999999999,0.0,725.0,635.0,90.0,0.0,0.10588235294117647,0.6,0.6,0.7055555555555556,96.0
S0_No_expansion,222,23259.551923448995,124400.0,74640.0,51004.0,41313.23999999999,0.0,697.0,622.0,75.0,0.0,0.10303030303030303,0.6,0.6,0.6911111111111111,91.0
S0_No_expansion,223,24416.657279150135,128600.0,77160.0,52726.0,42708.05999999999,0.0,661.0,643.0,18.0,0.0,0.00228310502283105,0.6,0.6,0.7144444444444444,77.0
S0_No_expansion,224,24678.76547589006,129800.0,77880.0,53218.0,43106.57999999999,0.0,738.0,649.0,89.0,0.0,0.09900990099009901,0.6,0.6,0.7211111111111111,99.0
S0_No_expansion,225,24709.738478112267,129800.0,77880.0,53218.0,43106.57999999999,0.0,777.0,649.0,128.0,0.0,0.17216117216117216,0.6,0.6,0.7211111111111111,102.0
S0_No_expansion,226,24354.498839848227,128600.0,77160.0,52726.0,42708.05999999999,0.0,721.0,643.0,78.0,0.0,0.13052208835341367,0.6,0.6,0.7144444444444444,92.0
S0_No_expansion,227,24551.432022309873,129400.0,77640.0,53054.0,42973.73999999999,0.0,795.0,647.0,148.0,0.0,0.22281639928698752,0.6,0.6,0.7188888888888889,105.0
S0_No_expansion,228,23880.41842152903,126200.0,75720.0,51742.0,41911.02,0.0,747.0,631.0,116.0,0.0,0.12641509433962264,0.6,0.6,0.701111111111111,114.0
S0_No_expansion,229,24127.22389016949,127800.0,76680.0,52398.0,42442.37999999999,0.0,751.0,639.0,112.0,0.0,0.13533834586466165,0.6,0.6,0.7100000000000001,112.0
S0_No_expansion,230,23184.0835973298,124000.0,74400.0,50840.0,41180.399999999994,0.0,721.0,620.0,101.0,0.0,0.1640926640926641,0.6,0.6,0.6888888888888889,101.0
S0_No_expansion,231,23877.564376078546,122200.0,73320.0,50102.0,40582.619999999995,0.0,611.0,611.0,0.0,0.0,0.0,0.6,0.6,0.6788888888888888,36.0
S0_No_expansion,232,24785.614139640747,130200.0,78120.0,53382.0,43239.41999999999,0.0,823.0,651.0,172.0,0.0,0.23247863247863249,0.6,0.6,0.7233333333333333,115.0
S0_No_expansion,233,23927.456219752177,127000.0,76200.0,52070.0,42176.7,0.0,707.0,635.0,72.0,0.0,0.08333333333333333,0.6,0.6,0.7055555555555556,91.0
S0_No_expansion,234,25250.536929611142,131800.0,79080.0,54038.0,43770.77999999999,0.0,778.0,659.0,119.0,0.0,0.15789473684210525,0.6,0.6,0.7322222222222223,104.0
S0_No_expansion,235,24325.77157754807,125200.0,75120.0,51332.0,41578.92,0.0,626.0,626.0,0.0,0.0,0.0,0.6,0.6,0.6955555555555556,47.0
S0_No_expansion,236,24457.20198909416,129000.0,77400.0,52890.0,42840.89999999999,0.0,751.0,645.0,106.0,0.0,0.12835249042145594,0.6,0.6,0.7166666666666667,100.0
S0_No_expansion,237,24892.135046754163,130600.0,78360.0,53546.0,43372.25999999999,0.0,793.0,653.0,140.0,0.0,0.21256931608133087,0.6,0.6,0.7255555555555555,108.0
S0_No_expansion,238,24034.256326964012,127400.0,76440.0,52234.0,42309.539999999986,0.0,654.0,637.0,17.0,0.0,0.02517162471395881,0.6,0.6,0.7077777777777778,71.0
S0_No_expansion,239,24832.40139961133,130400.0,78240.0,53464.0,43305.83999999999,0.0,700.0,652.0,48.0,0.0,0.09247311827956989,0.6,0.6,0.7244444444444444,81.0
S0_No_expansion,240,24892.135046754163,130600.0,78360.0,53546.0,43372.25999999999,0.0,716.0,653.0,63.0,0.0,0.09615384615384616,0.6,0.6,0.7255555555555555,83.0
S0_No_expansion,241,23586.764210448648,125400.0,75240.0,51414.0,41645.34,0.0,645.0,627.0,18.0,0.0,0.0,0.6,0.6,0.6966666666666667,78.0
S0_No_expansion,242,25079.857660751724,131200.0,78720.0,53792.0,43571.51999999999,0.0,716.0,656.0,60.0,0.0,0.10084033613445378,0.6,0.6,0.7288888888888889,87.0
S0_No_expansion,243,23309.63495849437,125000.0,75000.0,51250.0,41512.49999999999,0.0,703.0,625.0,78.0,0.0,0.11044176706827309,0.6,0.6,0.6944444444444445,100.0
S0_No_expansion,244,24081.517687584805,127600.0,76560.0,52316.0,42375.95999999999,0.0,710.0,638.0,72.0,0.0,0.11451942740286299,0.6,0.6,0.7088888888888889,96.0
S0_No_expansion,245,25310.270576753974,132000.0,79200.0,54120.0,43837.19999999999,0.0,843.0,660.0,183.0,0.0,0.23883161512027493,0.6,0.6,0.7333333333333333,109.0
S0_No_expansion,246,25190.803282468314,131600.0,78960.0,53956.0,43704.359999999986,0.0,782.0,658.0,124.0,0.0,0.17148362235067438,0.6,0.6,0.7311111111111112,95.0
S0_No_expansion,247,24951.86869389699,130800.0,78480.0,53628.0,43438.679999999986,0.0,753.0,654.0,99.0,0.0,0.138671875,0.6,0.6,0.7266666666666667,97.0
S0_No_expansion,248,25045.082074580427,131000.0,78600.0,53710.0,43505.09999999999,0.0,744.0,655.0,89.0,0.0,0.12180746561886051,0.6,0.6,0.7277777777777779,102.0
S0_No_expansion,249,24419.59191496719,128800.0,77280.0,52808.0,42774.47999999999,0.0,697.0,644.0,53.0,0.0,0.06779661016949153,0.6,0.6,0.7155555555555556,81.0
S0_No_expansion,250,24842.82959072684,130000.0,78000.0,53300.0,43172.999999999985,0.0,749.0,650.0,99.0,0.0,0.13565891472868216,0.6,0.6,0.7222222222222222,97.0
S0_No_expansion,251,25250.536929611142,131800.0,79080.0,54038.0,43770.77999999999,0.0,838.0,659.0,179.0,0.0,0.22297297297297297,0.6,0.6,0.7322222222222223,117.0
S0_No_expansion,252,23843.559737360967,126600.0,75960.0,51906.0,42043.85999999999,0.0,662.0,633.0,29.0,0.0,0.0,0.6,0.6,0.7033333333333334,89.0
S0_No_expansion,253,24832.40139961133,130400.0,78240.0,53464.0,43305.83999999999,0.0,789.0,652.0,137.0,0.0,0.15272727272727274,0.6,0.6,0.7244444444444444,113.0
S0_No_expansion,254,25071.33598818265,131200.0,78720.0,53792.0,43571.51999999999,0.0,694.0,656.0,38.0,0.0,0.05733944954128441,0.6,0.6,0.7288888888888889,76.0
S0_No_expansion,255,25071.33598818265,131200.0,78720.0,53792.0,43571.51999999999,0.0,783.0,656.0,127.0,0.0,0.16883116883116883,0.6,0.6,0.7288888888888889,111.0
S0_No_expansion,256,24372.14914172206,128000.0,76800.0,52480.0,42508.799999999996,0.0,642.0,640.0,2.0,0.0,0.004866180048661801,0.6,0.6,0.711111111111111,62.0
S0_No_expansion,257,24031.528056437088,127600.0,76560.0,52316.0,42375.95999999999,0.0,780.0,638.0,142.0,0.0,0.21338155515370705,0.6,0.6,0.7088888888888889,109.0
S0_No_expansion,258,25250.536929611142,131800.0,79080.0,54038.0,43770.77999999999,0.0,761.0,659.0,102.0,0.0,0.1111111111111111,0.6,0.6,0.7322222222222223,105.0
S0_No_expansion,259,24470.476132903674,129000.0,77400.0,52890.0,42840.89999999999,0.0,717.0,645.0,72.0,0.0,0.10515463917525773,0.6,0.6,0.7166666666666667,90.0
S0_No_expansion,260,24542.582593103525,129400.0,77640.0,53054.0,42973.73999999999,0.0,719.0,647.0,72.0,0.0,0.0942622950819672,0.6,0.6,0.7188888888888889,95.0
S0_No_expansion,261,24214.498199194208,128200.0,76920.0,52562.0,42575.21999999999,0.0,735.0,641.0,94.0,0.0,0.11500974658869395,0.6,0.6,0.7122222222222222,95.0
S0_No_expansion,262,24211.915598283853,128000.0,76800.0,52480.0,42508.79999999999,0.0,676.0,640.0,36.0,0.0,0.02850877192982456,0.6,0.6,0.711111111111111,83.0
S0_No_expansion,263,24657.62517278601,129800.0,77880.0,53218.0,43106.57999999999,0.0,759.0,649.0,110.0,0.0,0.13988657844990549,0.6,0.6,0.7211111111111111,106.0
S0_No_expansion,264,25310.270576753974,132000.0,79200.0,54120.0,43837.19999999999,0.0,738.0,660.0,78.0,0.0,0.10505050505050505,0.6,0.6,0.7333333333333333,91.0
S0_No_expansion,265,23614.52641153906,125400.0,75240.0,51414.0,41645.34,0.0,646.0,627.0,19.0,0.0,0.0,0.6,0.6,0.6966666666666667,79.0
S0_No_expansion,266,24355.105796583917,128600.0,77160.0,52726.0,42708.05999999999,0.0,700.0,643.0,57.0,0.0,0.05473684210526316,0.6,0.6,0.7144444444444444,91.0
S0_No_expansion,267,22739.085960598724,122600.0,73560.0,50266.0,40715.45999999999,0.0,710.0,613.0,97.0,0.0,0.09902912621359224,0.6,0.6,0.6811111111111111,106.0
S0_No_expansion,268,24007.417936505193,127200.0,76320.0,52152.0,42243.119999999995,0.0,689.0,636.0,53.0,0.0,0.046610169491525424,0.6,0.6,0.7066666666666667,91.0
S0_No_expansion,269,23877.995665047893,126200.0,75720.0,51742.0,41911.01999999999,0.0,649.0,631.0,18.0,0.0,0.0,0.6,0.6,0.7011111111111111,78.0
S0_No_expansion,270,23407.915303926853,124800.0,74880.0,51168.0,41446.079999999994,0.0,680.0,624.0,56.0,0.0,0.06567796610169492,0.6,0.6,0.6933333333333334,90.0
S0_No_expansion,271,24077.9875597704,127800.0,76680.0,52398.0,42442.37999999999,0.0,758.0,639.0,119.0,0.0,0.17996289424860853,0.6,0.6,0.7100000000000001,103.0
S0_No_expansion,272,23344.07806725379,124400.0,74640.0,51004.0,41313.23999999999,0.0,697.0,622.0,75.0,0.0,0.10224948875255624,0.6,0.6,0.6911111111111111,98.0
S0_No_expansion,273,24832.40139961133,130400.0,78240.0,53464.0,43305.83999999999,0.0,755.0,652.0,103.0,0.0,0.137524557956778,0.6,0.6,0.7244444444444444,93.0
S0_No_expansion,274,25250.536929611142,131800.0,79080.0,54038.0,43770.77999999999,0.0,727.0,659.0,68.0,0.0,0.06597938144329897,0.6,0.6,0.7322222222222223,96.0
S0_No_expansion,275,23579.63370519765,125600.0,75360.0,51496.0,41711.759999999995,0.0,761.0,628.0,133.0,0.0,0.15145985401459855,0.6,0.6,0.6977777777777778,114.0
S0_No_expansion,276,24435.97974683079,128800.0,77280.0,52808.0,42774.47999999999,0.0,711.0,644.0,67.0,0.0,0.09690721649484536,0.6,0.6,0.7155555555555556,86.0
S0_No_expansion,277,25131.069635325483,131400.0,78840.0,53874.0,43637.93999999999,0.0,752.0,657.0,95.0,0.0,0.14396887159533073,0.6,0.6,0.73,98.0
S0_No_expansion,278,24832.40139961133,130400.0,78240.0,53464.0,43305.83999999999,0.0,760.0,652.0,108.0,0.0,0.16403162055335968,0.6,0.6,0.7244444444444444,106.0
S0_No_expansion,279,23356.895644718792,124800.0,74880.0,51168.0,41446.079999999994,0.0,692.0,624.0,68.0,0.0,0.10450819672131148,0.6,0.6,0.6933333333333334,103.0
S0_No_expansion,280,24802.985241416165,130200.0,78120.0,53382.0,43239.41999999999,0.0,720.0,651.0,69.0,0.0,0.06846473029045644,0.6,0.6,0.7233333333333333,96.0
S0_No_expansion,281,24832.40139961133,130400.0,78240.0,53464.0,43305.83999999999,0.0,780.0,652.0,128.0,0.0,0.15398886827458255,0.6,0.6,0.7244444444444444,105.0
S0_No_expansion,282,22916.08308707969,123000.0,73800.0,50430.0,40848.299999999996,0.0,673.0,615.0,58.0,0.0,0.06962025316455696,0.6,0.6,0.6833333333333333,93.0
S0_No_expansion,283,23348.48513515187,124600.0,74760.0,51086.0,41379.659999999996,0.0,673.0,623.0,50.0,0.0,0.05150214592274678,0.6,0.6,0.6922222222222222,86.0
S0_No_expansion,284,24772.6677524685,130200.0,78120.0,53382.0,43239.41999999999,0.0,763.0,651.0,112.0,0.0,0.1528046421663443,0.6,0.6,0.7233333333333333,93.0
S0_No_expansion,285,24533.733163897177,129400.0,77640.0,53054.0,42973.73999999999,0.0,715.0,647.0,68.0,0.0,0.09278350515463918,0.6,0.6,0.7188888888888889,89.0
S0_No_expansion,286,23267.54678005137,119800.0,71880.0,49118.0,39785.58,0.0,599.0,599.0,0.0,0.0,0.0,0.6,0.6,0.6655555555555555,36.0
S0_No_expansion,287,24909.178391892307,130600.0,78360.0,53546.0,43372.25999999999,0.0,723.0,653.0,70.0,0.0,0.08196721311475409,0.6,0.6,0.7255555555555555,90.0
S0_No_expansion,288,24131.672883042087,127800.0,76680.0,52398.0,42442.37999999999,0.0,769.0,639.0,130.0,0.0,0.18545454545454546,0.6,0.6,0.7100000000000001,96.0
S0_No_expansion,289,24951.86869389699,130800.0,78480.0,53628.0,43438.679999999986,0.0,724.0,654.0,70.0,0.0,0.09109730848861283,0.6,0.6,0.7266666666666667,93.0
S0_No_expansion,290,24384.767772257033,128600.0,77160.0,52726.0,42708.05999999999,0.0,688.0,643.0,45.0,0.0,0.06881720430107527,0.6,0.6,0.7144444444444444,78.0
S0_No_expansion,291,25310.270576753974,132000.0,79200.0,54120.0,43837.19999999999,0.0,745.0,660.0,85.0,0.0,0.11157894736842106,0.6,0.6,0.7333333333333333,92.0
S0_No_expansion,292,25011.602341039823,131000.0,78600.0,53710.0,43505.09999999999,0.0,734.0,655.0,79.0,0.0,0.13894736842105262,0.6,0.6,0.7277777777777777,84.0
S0_No_expansion,293,22711.2241736439,122600.0,73560.0,50266.0,40715.45999999999,0.0,645.0,613.0,32.0,0.0,0.0,0.6,0.6,0.6811111111111111,92.0
S0_No_expansion,294,25131.069635325483,131400.0,78840.0,53874.0,43637.93999999999,0.0,726.0,657.0,69.0,0.0,0.0899581589958159,0.6,0.6,0.73,90.0
S0_No_expansion,295,23129.107254601422,124000.0,74400.0,50840.0,41180.399999999994,0.0,717.0,620.0,97.0,0.0,0.16116504854368932,0.6,0.6,0.6888888888888889,101.0
S0_No_expansion,296,24045.31091991063,126800.0,76080.0,51988.0,42110.27999999999,0.0,680.0,634.0,46.0,0.0,0.0367965367965368,0.6,0.6,0.7044444444444444,89.0
S0_No_expansion,297,22884.498856944763,123000.0,73800.0,50430.0,40848.299999999996,0.0,660.0,615.0,45.0,0.0,0.06277056277056277,0.6,0.6,0.6833333333333333,89.0
S0_No_expansion,298,22278.483466193084,120800.0,72480.0,49528.0,40117.67999999999,0.0,701.0,604.0,97.0,0.0,0.1434108527131783,0.6,0.6,0.6711111111111111,94.0
S0_No_expansion,299,23432.410166989535,125000.0,75000.0,51250.0,41512.49999999999,0.0,648.0,625.0,23.0,0.0,0.03160270880361174,0.6,0.6,0.6944444444444445,69.0
S0_No_expansion,300,25310.270576753974,132000.0,79200.0,54120.0,43837.19999999999,0.0,739.0,660.0,79.0,0.0,0.12095032397408208,0.6,0.6,0.7333333333333333,83.0
S1_Late_one_factory,1,23793.916237933685,147000.0,88200.0,58270.0,44008.7,5000.0,735.0,735.0,0.0,0.0,0.0,0.6,0.6,0.6929629629629629,64.0
S1_Late_one_factory,2,24026.969415736177,141200.0,84720.0,55892.0,42082.520000000004,5000.0,706.0,706.0,0.0,0.0,0.0,0.6,0.6,0.6737037037037037,63.0
S1_Late_one_factory,3,22864.790576121057,142600.0,85560.0,56466.0,42547.46,5000.0,713.0,713.0,0.0,0.0,0.0,0.6,0.6,0.6703703703703704,66.0
S1_Late_one_factory,4,23443.866192159177,138600.0,83160.0,54826.0,41219.060000000005,5000.0,693.0,693.0,0.0,0.0,0.0,0.6,0.6,0.6592592592592593,46.0
S1_Late_one_factory,5,23412.170799022104,139400.0,83640.0,55154.0,41484.74,5000.0,697.0,697.0,0.0,0.0,0.0,0.6,0.6,0.6625925925925925,64.0
S1_Late_one_factory,6,22596.047667863677,138600.0,83160.0,54826.0,41219.06,5000.0,693.0,693.0,0.0,0.0,0.0,0.6,0.6,0.654074074074074,64.0
S1_Late_one_factory,7,22283.63377287589,136200.0,81720.0,53842.0,40422.020000000004,5000.0,681.0,681.0,0.0,0.0,0.0,0.6,0.6,0.6429629629629631,46.0
S1_Late_one_factory,8,23911.926836053688,153000.0,91800.0,60730.0,46001.3,5000.0,786.0,765.0,21.0,0.0,0.03231597845601436,0.6,0.6,0.7166666666666667,108.0
S1_Late_one_factory,9,23619.636591637674,134600.0,80760.0,53186.0,39890.66,5000.0,673.0,673.0,0.0,0.0,0.0,0.6,0.6,0.6459259259259259,35.0
S1_Late_one_factory,10,24684.03953430731,146800.0,88080.0,58188.0,43942.27999999999,5000.0,734.0,734.0,0.0,0.0,0.0,0.6,0.6,0.6985185185185185,53.0
S1_Late_one_factory,11,22299.94629714451,143600.0,86160.0,56876.0,42879.56,5000.0,718.0,718.0,0.0,0.0,0.0,0.6,0.6,0.6703703703703705,74.0
S1_Late_one_factory,12,22742.424389026106,147000.0,88200.0,58270.0,44008.700000000004,5000.0,760.0,735.0,25.0,0.0,0.04488330341113106,0.6,0.6,0.6862962962962963,106.0
S1_Late_one_factory,13,22468.73849255291,145200.0,87120.0,57532.0,43410.92,5000.0,733.0,726.0,7.0,0.0,0.013084112149532711,0.6,0.6,0.6777777777777778,97.0
S1_Late_one_factory,14,22996.781973050078,135000.0,81000.0,53350.0,40023.49999999999,5000.0,675.0,675.0,0.0,0.0,0.0,0.6,0.6,0.6425925925925926,36.0
S1_Late_one_factory,15,24058.46944650091,135200.0,81120.0,53432.0,40042.420000000006,5000.0,676.0,676.0,0.0,0.0,0.0,0.6,0.6,0.6522222222222223,20.0
S1_Late_one_factory,16,24743.773181450142,141600.0,84960.0,56056.0,42215.36000000001,5000.0,708.0,708.0,0.0,0.0,0.0,0.6,0.6,0.6796296296296297,65.0
S1_Late_one_factory,17,23907.4201822912,147600.0,88560.0,58516.0,44207.95999999999,5000.0,738.0,738.0,0.0,0.0,0.0,0.6,0.6,0.6962962962962963,65.0
S1_Late_one_factory,18,24645.7739469058,155400.0,93240.0,61714.0,46798.340000000004,5000.0,818.0,777.0,41.0,0.0,0.04152249134948097,0.6,0.6,0.73,107.0
S1_Late_one_factory,19,22662.701858186712,138800.0,83280.0,54908.0,41285.479999999996,5000.0,694.0,694.0,0.0,0.0,0.0,0.6,0.6,0.6548148148148148,68.0
S1_Late_one_factory,20,24398.645442402674,149600.0,89760.0,59336.0,44872.159999999996,5000.0,748.0,748.0,0.0,0.0,0.0,0.6,0.6,0.7070370370370369,72.0
S1_Late_one_factory,21,23630.244284587796,148800.0,89280.0,59008.0,44606.48,5000.0,744.0,744.0,0.0,0.0,0.0,0.6,0.6,0.698888888888889,75.0
S1_Late_one_factory,22,23254.513337329314,133600.0,80160.0,52776.0,39558.56,5000.0,668.0,668.0,0.0,0.0,0.0,0.6,0.6,0.6388888888888888,38.0
S1_Late_one_factory,23,23916.351550656866,153000.0,91800.0,60730.0,46001.3,5000.0,794.0,765.0,29.0,0.0,0.044802867383512544,0.6,0.6,0.7166666666666667,105.0
S1_Late_one_factory,24,22783.712620971346,136400.0,81840.0,53924.0,40488.44,5000.0,682.0,682.0,0.0,0.0,0.0,0.6,0.6,0.6466666666666667,46.0
S1_Late_one_factory,25,24269.615544746237,140800.0,84480.0,55728.0,41949.68,5000.0,704.0,704.0,0.0,0.0,0.0,0.6,0.6,0.6733333333333333,51.0
S1_Late_one_factory,26,23424.18067443106,141000.0,84600.0,55810.0,42016.1,5000.0,705.0,705.0,0.0,0.0,0.0,0.6,0.6,0.6685185185185186,58.0
S1_Late_one_factory,27,23372.029153310337,136600.0,81960.0,54006.0,40554.85999999999,5000.0,683.0,683.0,0.0,0.0,0.0,0.6,0.6,0.6514814814814814,59.0
S1_Late_one_factory,28,22600.69547757013,132000.0,79200.0,52120.0,39027.2,5000.0,660.0,660.0,0.0,0.0,0.0,0.6,0.6,0.63,12.0
S1_Late_one_factory,29,22590.05711728182,144600.0,86760.0,57286.0,43211.65999999999,5000.0,723.0,723.0,0.0,0.0,0.0,0.6,0.6,0.6751851851851852,76.0
S1_Late_one_factory,30,23408.76273695121,137000.0,82200.0,54170.0,40687.700000000004,5000.0,685.0,685.0,0.0,0.0,0.0,0.6,0.6,0.654074074074074,59.0
S1_Late_one_factory,31,23933.337234905117,146200.0,87720.0,57942.0,43743.020000000004,5000.0,731.0,731.0,0.0,0.0,0.0,0.6,0.6,0.6911111111111111,57.0
S1_Late_one_factory,32,21641.287862715595,140400.0,84240.0,55564.0,41816.84,5000.0,702.0,702.0,0.0,0.0,0.0,0.6,0.6,0.6533333333333334,74.0
S1_Late_one_factory,33,24147.010284137064,140200.0,84120.0,55482.0,41750.420000000006,5000.0,701.0,701.0,0.0,0.0,0.0,0.6,0.6,0.6703703703703705,23.0
S1_Late_one_factory,34,24330.062366053502,147800.0,88680.0,58598.0,44274.380000000005,5000.0,739.0,739.0,0.0,0.0,0.0,0.6,0.6,0.7,62.0
S1_Late_one_factory,35,24385.371298593163,142800.0,85680.0,56548.0,42613.88,5000.0,714.0,714.0,0.0,0.0,0.0,0.6,0.6,0.6818518518518518,52.0
S1_Late_one_factory,36,24035.955650129363,133000.0,79800.0,52530.0,39311.799999999996,5000.0,665.0,665.0,0.0,0.0,0.0,0.6,0.6,0.645925925925926,44.0
S1_Late_one_factory,37,23647.69732552253,136800.0,82080.0,54088.0,40621.28,5000.0,684.0,684.0,0.0,0.0,0.0,0.6,0.6,0.6548148148148148,53.0
S1_Late_one_factory,38,23720.705116474877,137000.0,82200.0,54170.0,40687.7,5000.0,685.0,685.0,0.0,0.0,0.0,0.6,0.6,0.6559259259259259,55.0
S1_Late_one_factory,39,23471.319969308344,138200.0,82920.0,54662.0,41086.22,5000.0,691.0,691.0,0.0,0.0,0.0,0.6,0.6,0.6585185185185185,39.0
S1_Late_one_factory,40,23595.854115943657,151800.0,91080.0,60238.0,45602.780000000006,5000.0,763.0,759.0,4.0,0.0,0.0,0.6,0.6,0.7100000000000001,94.0
S1_Late_one_factory,41,23711.021400673977,134400.0,80640.0,53104.0,39824.24,5000.0,672.0,672.0,0.0,0.0,0.0,0.6,0.6,0.6448148148148148,7.0
S1_Late_one_factory,42,23185.49370172802,150000.0,90000.0,59500.0,45005.00000000001,5000.0,774.0,750.0,24.0,0.0,0.0070921985815602835,0.6,0.6,0.7,110.0
S1_Late_one_factory,43,24624.305887164483,152800.0,91680.0,60648.0,45934.88,5000.0,764.0,764.0,0.0,0.0,0.0,0.6,0.6,0.7203703703703703,90.0
S1_Late_one_factory,44,23689.953653461198,138400.0,83040.0,54744.0,41152.64,5000.0,692.0,692.0,0.0,0.0,0.0,0.6,0.6,0.6607407407407407,42.0
S1_Late_one_factory,45,24504.83859287882,150800.0,90480.0,59828.0,45270.68,5000.0,754.0,754.0,0.0,0.0,0.0,0.6,0.6,0.7122222222222222,90.0
S1_Late_one_factory,46,24684.03953430731,142200.0,85320.0,56302.0,42414.62,5000.0,711.0,711.0,0.0,0.0,0.0,0.6,0.6,0.6814814814814815,35.0
S1_Late_one_factory,47,23516.078982187166,134800.0,80880.0,53268.0,39957.08,5000.0,674.0,674.0,0.0,0.0,0.0,0.6,0.6,0.6451851851851852,24.0
S1_Late_one_factory,48,24325.637651450328,136400.0,81840.0,53924.0,40440.94,5000.0,682.0,682.0,0.0,0.0,0.0,0.6,0.6,0.6577777777777778,46.0
S1_Late_one_factory,49,24504.83859287882,155000.0,93000.0,61550.0,46665.50000000001,5000.0,785.0,775.0,10.0,0.0,0.018315018315018316,0.6,0.6,0.7277777777777777,98.0
S1_Late_one_factory,50,23392.268687658863,142600.0,85560.0,56466.0,42547.46,5000.0,713.0,713.0,0.0,0.0,0.0,0.6,0.6,0.6744444444444444,63.0
S1_Late_one_factory,51,23574.771586128896,139800.0,83880.0,55318.0,41617.579999999994,5000.0,699.0,699.0,0.0,0.0,0.0,0.6,0.6,0.6648148148148149,51.0
S1_Late_one_factory,52,24564.57224002165,155200.0,93120.0,61632.0,46731.920000000006,5000.0,833.0,776.0,57.0,0.0,0.04903677758318739,0.6,0.6,0.7288888888888889,119.0
S1_Late_one_factory,53,21391.951683722364,120800.0,72480.0,47528.0,35260.17999999999,5000.0,604.0,604.0,0.0,0.0,0.0,0.6,0.6,0.5855555555555555,4.0
S1_Late_one_factory,54,23490.185983043884,141600.0,84960.0,56056.0,42215.35999999999,5000.0,708.0,708.0,0.0,0.0,0.0,0.6,0.6,0.6711111111111111,55.0
S1_Late_one_factory,55,23695.11582049823,139800.0,83880.0,55318.0,41617.579999999994,5000.0,699.0,699.0,0.0,0.0,0.0,0.6,0.6,0.6662962962962964,44.0
S1_Late_one_factory,56,24684.03953430731,145800.0,87480.0,57778.0,43610.18,5000.0,729.0,729.0,0.0,0.0,0.0,0.6,0.6,0.6948148148148149,53.0
S1_Late_one_factory,57,23814.58311478389,135000.0,81000.0,53350.0,40007.16,5000.0,675.0,675.0,0.0,0.0,0.0,0.6,0.6,0.6492592592592593,28.0
S1_Late_one_factory,58,24013.03065430108,143800.0,86280.0,56958.0,42945.98,5000.0,719.0,719.0,0.0,0.0,0.0,0.6,0.6,0.6829629629629629,61.0
S1_Late_one_factory,59,24263.718398062043,142200.0,85320.0,56302.0,42414.619999999995,5000.0,711.0,711.0,0.0,0.0,0.0,0.6,0.6,0.6785185185185186,33.0
S1_Late_one_factory,60,23575.64852621257,151600.0,90960.0,60156.0,45536.36,5000.0,760.0,758.0,2.0,0.0,0.0037593984962406013,0.6,0.6,0.7092592592592593,92.0
S1_Late_one_factory,61,24086.70306287901,148200.0,88920.0,58762.0,44407.22,5000.0,752.0,741.0,11.0,0.0,0.021956087824351298,0.6,0.6,0.7,81.0
S1_Late_one_factory,62,24001.32245886964,153200.0,91920.0,60812.0,46067.72000000001,5000.0,789.0,766.0,23.0,0.0,0.03935599284436494,0.6,0.6,0.7177777777777777,101.0
S1_Late_one_factory,63,23881.85516458398,135800.0,81480.0,53678.0,40289.18,5000.0,679.0,679.0,0.0,0.0,0.0,0.6,0.6,0.6525925925925926,24.0
S1_Late_one_factory,64,21104.419174986157,118800.0,71280.0,46708.0,34595.979999999996,5000.0,594.0,594.0,0.0,0.0,0.0,0.6,0.6,0.577037037037037,10.0
S1_Late_one_factory,65,22278.17577817258,127000.0,76200.0,50070.0,37319.2,5000.0,635.0,635.0,0.0,0.0,0.0,0.6,0.6,0.6096296296296297,10.0
S1_Late_one_factory,66,24210.595071767842,154000.0,92400.0,61140.0,46333.4,5000.0,802.0,770.0,32.0,0.0,0.04308797127468582,0.6,0.6,0.7222222222222221,106.0
S1_Late_one_factory,67,22855.35667005812,137400.0,82440.0,54334.0,40820.54,5000.0,687.0,687.0,0.0,0.0,0.0,0.6,0.6,0.6511111111111112,51.0
S1_Late_one_factory,68,23329.928161336247,134200.0,80520.0,53022.0,39757.81999999999,5000.0,671.0,671.0,0.0,0.0,0.0,0.6,0.6,0.6425925925925926,40.0
S1_Late_one_factory,69,24099.977206688527,137600.0,82560.0,54416.0,40886.96,5000.0,688.0,688.0,0.0,0.0,0.0,0.6,0.6,0.6607407407407407,56.0
S1_Late_one_factory,70,23754.849467641063,136400.0,81840.0,53924.0,40488.439999999995,5000.0,682.0,682.0,0.0,0.0,0.0,0.6,0.6,0.654074074074074,53.0
S1_Late_one_factory,71,24146.436710021837,141800.0,85080.0,56138.0,42281.78,5000.0,709.0,709.0,0.0,0.0,0.0,0.6,0.6,0.6766666666666666,61.0
S1_Late_one_factory,72,24564.57224002165,145000.0,87000.0,57450.0,43344.5,5000.0,725.0,725.0,0.0,0.0,0.0,0.6,0.6,0.6911111111111111,46.0
S1_Late_one_factory,73,22702.94927172964,143000.0,85800.0,56630.0,42680.3,5000.0,715.0,715.0,0.0,0.0,0.0,0.6,0.6,0.6699999999999999,67.0
S1_Late_one_factory,74,24206.17035716467,150600.0,90360.0,59746.0,45204.259999999995,5000.0,753.0,753.0,0.0,0.0,0.0,0.6,0.6,0.7096296296296297,80.0
S1_Late_one_factory,75,22968.14092772724,127400.0,76440.0,50234.0,37452.03999999999,5000.0,637.0,637.0,0.0,0.0,0.0,0.6,0.6,0.621851851851852,12.0
S1_Late_one_factory,76,24086.70306287901,141200.0,84720.0,55892.0,42082.52,5000.0,706.0,706.0,0.0,0.0,0.0,0.6,0.6,0.6740740740740742,57.0
S1_Late_one_factory,77,23023.58477190017,129000.0,77400.0,50890.0,37983.4,5000.0,645.0,645.0,0.0,0.0,0.0,0.6,0.6,0.6251851851851852,23.0
S1_Late_one_factory,78,23681.841676688717,141800.0,85080.0,56138.0,42281.77999999999,5000.0,709.0,709.0,0.0,0.0,0.0,0.6,0.6,0.6737037037037037,38.0
S1_Late_one_factory,79,23511.490164466566,148000.0,88800.0,58680.0,44340.8,5000.0,740.0,740.0,0.0,0.0,0.0,0.6,0.6,0.6955555555555556,81.0
S1_Late_one_factory,80,24146.436710021837,143400.0,86040.0,56794.0,42813.13999999999,5000.0,717.0,717.0,0.0,0.0,0.0,0.6,0.6,0.6825925925925926,57.0
S1_Late_one_factory,81,22766.21967825121,131600.0,78960.0,51956.0,38894.36,5000.0,658.0,658.0,0.0,0.0,0.0,0.6,0.6,0.6281481481481481,27.0
S1_Late_one_factory,82,23380.795519363408,139400.0,83640.0,55154.0,41484.740000000005,5000.0,697.0,697.0,0.0,0.0,0.0,0.6,0.6,0.6622222222222223,33.0
S1_Late_one_factory,83,24624.305887164483,155400.0,93240.0,61714.0,46798.340000000004,5000.0,791.0,777.0,14.0,0.0,0.01348747591522158,0.6,0.6,0.73,97.0
S1_Late_one_factory,84,24743.773181450142,141600.0,84960.0,56056.0,42215.36000000001,5000.0,708.0,708.0,0.0,0.0,0.0,0.6,0.6,0.6796296296296297,65.0
S1_Late_one_factory,85,21914.868216156417,131800.0,79080.0,52038.0,38960.780000000006,5000.0,659.0,659.0,0.0,0.0,0.0,0.6,0.6,0.6237037037037036,41.0
S1_Late_one_factory,86,24385.371298593163,146200.0,87720.0,57942.0,43743.02,5000.0,731.0,731.0,0.0,0.0,0.0,0.6,0.6,0.6944444444444444,67.0
S1_Late_one_factory,87,24445.10494573599,150800.0,90480.0,59828.0,45270.67999999999,5000.0,754.0,754.0,0.0,0.0,0.0,0.6,0.6,0.711851851851852,70.0
S1_Late_one_factory,88,22936.39141684657,126200.0,75720.0,49742.0,37053.520000000004,5000.0,631.0,631.0,0.0,0.0,0.0,0.6,0.6,0.6214814814814815,12.0
S1_Late_one_factory,89,24270.32871891067,139800.0,83880.0,55318.0,41617.58,5000.0,699.0,699.0,0.0,0.0,0.0,0.6,0.6,0.6699999999999999,55.0
S1_Late_one_factory,90,21148.48990210128,124000.0,74400.0,48840.0,36322.899999999994,5000.0,620.0,620.0,0.0,0.0,0.0,0.6,0.6,0.59,44.0
S1_Late_one_factory,91,24189.045072867208,149000.0,89400.0,59090.0,44672.899999999994,5000.0,745.0,745.0,0.0,0.0,0.0,0.6,0.6,0.7033333333333333,66.0
S1_Late_one_factory,92,23997.22550090374,142600.0,85560.0,56466.0,42547.46000000001,5000.0,713.0,713.0,0.0,0.0,0.0,0.6,0.6,0.6785185185185185,45.0
S1_Late_one_factory,93,24393.892971162233,154600.0,92760.0,61386.0,46532.66,5000.0,859.0,773.0,86.0,0.0,0.11631663974151858,0.6,0.6,0.7255555555555555,120.0
S1_Late_one_factory,94,23246.25681493422,150000.0,90000.0,59500.0,45005.00000000001,5000.0,755.0,750.0,5.0,0.0,0.0,0.6,0.6,0.7,95.0
S1_Late_one_factory,95,23313.896635556375,135600.0,81360.0,53596.0,40222.76,5000.0,678.0,678.0,0.0,0.0,0.0,0.6,0.6,0.6477777777777778,27.0
S1_Late_one_factory,96,24445.10494573599,144400.0,86640.0,57204.0,43145.24,5000.0,722.0,722.0,0.0,0.0,0.0,0.6,0.6,0.6881481481481482,38.0
S1_Late_one_factory,97,22808.13335632352,130000.0,78000.0,51300.0,38315.5,5000.0,650.0,650.0,0.0,0.0,0.0,0.6,0.6,0.6248148148148148,52.0
S1_Late_one_factory,98,23069.888563071065,134000.0,80400.0,52940.0,39691.4,5000.0,670.0,670.0,0.0,0.0,0.0,0.6,0.6,0.6396296296296295,29.0
S1_Late_one_factory,99,23625.478584550423,129600.0,77760.0,51136.0,38182.659999999996,5000.0,648.0,648.0,0.0,0.0,0.0,0.6,0.6,0.6333333333333333,24.0
S1_Late_one_factory,100,24215.019786371013,145200.0,87120.0,57532.0,43410.91999999999,5000.0,726.0,726.0,0.0,0.0,0.0,0.6,0.6,0.6896296296296297,55.0
S1_Late_one_factory,101,24684.03953430731,140200.0,84120.0,55482.0,41750.42,5000.0,701.0,701.0,0.0,0.0,0.0,0.6,0.6,0.674074074074074,34.0
S1_Late_one_factory,102,24061.056106012467,153400.0,92040.0,60894.0,46134.14000000001,5000.0,769.0,767.0,2.0,0.0,0.0,0.6,0.6,0.7188888888888889,92.0
S1_Late_one_factory,103,24086.70306287901,152600.0,91560.0,60566.0,45868.46,5000.0,791.0,763.0,28.0,0.0,0.05128205128205128,0.6,0.6,0.7162962962962963,96.0
S1_Late_one_factory,104,23754.849467641063,143000.0,85800.0,56630.0,42680.299999999996,5000.0,715.0,715.0,0.0,0.0,0.0,0.6,0.6,0.6785185185185185,76.0
S1_Late_one_factory,105,23036.692188406512,149200.0,89520.0,59172.0,44739.32,5000.0,758.0,746.0,12.0,0.0,0.02181818181818182,0.6,0.6,0.6962962962962963,95.0
S1_Late_one_factory,106,24210.595071767842,151000.0,90600.0,59910.0,45337.1,5000.0,763.0,755.0,8.0,0.0,0.015122873345935728,0.6,0.6,0.711111111111111,98.0
S1_Late_one_factory,107,21778.500265081686,120400.0,72240.0,47364.0,35127.34,5000.0,602.0,602.0,0.0,0.0,0.0,0.6,0.6,0.5892592592592593,21.0
S1_Late_one_factory,108,24449.52966033916,154800.0,92880.0,61468.0,46599.08,5000.0,795.0,774.0,21.0,0.0,0.02146690518783542,0.6,0.6,0.7266666666666667,102.0
S1_Late_one_factory,109,24684.03953430731,148600.0,89160.0,58926.0,44540.06,5000.0,743.0,743.0,0.0,0.0,0.0,0.6,0.6,0.7051851851851851,90.0
S1_Late_one_factory,110,23407.126340928837,130200.0,78120.0,51382.0,38381.92,5000.0,651.0,651.0,0.0,0.0,0.0,0.6,0.6,0.6329629629629631,27.0
S1_Late_one_factory,111,23791.904826268143,133000.0,79800.0,52530.0,39311.8,5000.0,665.0,665.0,0.0,0.0,0.0,0.6,0.6,0.6422222222222224,31.0
S1_Late_one_factory,112,24504.83859287882,147000.0,88200.0,58270.0,44008.7,5000.0,735.0,735.0,0.0,0.0,0.0,0.6,0.6,0.6981481481481481,57.0
S1_Late_one_factory,113,23749.127102016864,136800.0,82080.0,54088.0,40621.28,5000.0,684.0,684.0,0.0,0.0,0.0,0.6,0.6,0.6551851851851852,27.0
S1_Late_one_factory,114,24249.434233284577,140400.0,84240.0,55564.0,41816.84,5000.0,702.0,702.0,0.0,0.0,0.0,0.6,0.6,0.6718518518518517,32.0
S1_Late_one_factory,115,24624.305887164483,152200.0,91320.0,60402.0,45735.619999999995,5000.0,761.0,761.0,0.0,0.0,0.0,0.6,0.6,0.7181481481481481,74.0
S1_Late_one_factory,116,24803.506828592974,147600.0,88560.0,58516.0,44207.96,5000.0,738.0,738.0,0.0,0.0,0.0,0.6,0.6,0.7022222222222222,72.0
S1_Late_one_factory,117,23715.32141022932,147800.0,88680.0,58598.0,44274.37999999999,5000.0,739.0,739.0,0.0,0.0,0.0,0.6,0.6,0.695925925925926,68.0
S1_Late_one_factory,118,23000.453274505227,133000.0,79800.0,52530.0,39359.3,5000.0,665.0,665.0,0.0,0.0,0.0,0.6,0.6,0.6362962962962962,34.0
S1_Late_one_factory,119,22404.81791957994,128800.0,77280.0,50808.0,37916.98,5000.0,644.0,644.0,0.0,0.0,0.0,0.6,0.6,0.617037037037037,17.0
S1_Late_one_factory,120,24624.305887164483,152200.0,91320.0,60402.0,45735.619999999995,5000.0,761.0,761.0,0.0,0.0,0.0,0.6,0.6,0.7181481481481481,82.0
S1_Late_one_factory,121,23595.854115943657,151800.0,91080.0,60238.0,45602.780000000006,5000.0,774.0,759.0,15.0,0.0,0.0018018018018018018,0.6,0.6,0.7100000000000001,104.0
S1_Late_one_factory,122,23435.286746300815,146000.0,87600.0,57860.0,43676.59999999999,5000.0,749.0,730.0,19.0,0.0,0.035849056603773584,0.6,0.6,0.6874074074074074,109.0
S1_Late_one_factory,123,23876.870251393644,149600.0,89760.0,59336.0,44872.16,5000.0,748.0,748.0,0.0,0.0,0.0,0.6,0.6,0.7037037037037038,75.0
S1_Late_one_factory,124,24445.10494573599,154800.0,92880.0,61468.0,46599.08,5000.0,825.0,774.0,51.0,0.0,0.0657439446366782,0.6,0.6,0.7266666666666667,119.0
S1_Late_one_factory,125,23699.540535101405,144400.0,86640.0,57204.0,43145.24,5000.0,722.0,722.0,0.0,0.0,0.0,0.6,0.6,0.6833333333333333,51.0
S1_Late_one_factory,126,24684.03953430731,152400.0,91440.0,60484.0,45802.03999999999,5000.0,762.0,762.0,0.0,0.0,0.0,0.6,0.6,0.7192592592592593,87.0
S1_Late_one_factory,127,24504.83859287882,155000.0,93000.0,61550.0,46665.50000000001,5000.0,864.0,775.0,89.0,0.0,0.13628899835796388,0.6,0.6,0.7277777777777777,111.0
S1_Late_one_factory,128,22946.61677404659,145200.0,87120.0,57532.0,43410.92,5000.0,726.0,726.0,0.0,0.0,0.0,0.6,0.6,0.6811111111111111,82.0
S1_Late_one_factory,129,22813.187664961686,125600.0,75360.0,49496.0,36854.26,5000.0,628.0,628.0,0.0,0.0,0.0,0.6,0.6,0.6177777777777779,19.0
S1_Late_one_factory,130,24043.62734334716,151200.0,90720.0,59992.0,45403.520000000004,5000.0,756.0,756.0,0.0,0.0,0.0,0.6,0.6,0.7103703703703703,80.0
S1_Late_one_factory,131,23862.55697517275,138200.0,82920.0,54662.0,41086.22,5000.0,691.0,691.0,0.0,0.0,0.0,0.6,0.6,0.6611111111111111,39.0
S1_Late_one_factory,132,24624.305887164483,146800.0,88080.0,58188.0,43942.28,5000.0,734.0,734.0,0.0,0.0,0.0,0.6,0.6,0.6981481481481481,90.0
S1_Late_one_factory,133,22694.847884365077,129200.0,77520.0,50972.0,38049.81999999999,5000.0,646.0,646.0,0.0,0.0,0.0,0.6,0.6,0.6196296296296296,21.0
S1_Late_one_factory,134,24564.57224002165,147200.0,88320.0,58352.0,44075.119999999995,5000.0,736.0,736.0,0.0,0.0,0.0,0.6,0.6,0.6992592592592592,60.0
S1_Late_one_factory,135,21818.044566889588,127400.0,76440.0,50234.0,37483.200000000004,5000.0,637.0,637.0,0.0,0.0,0.0,0.6,0.6,0.6070370370370369,36.0
S1_Late_one_factory,136,23496.838228867036,144800.0,86880.0,57368.0,43278.079999999994,5000.0,724.0,724.0,0.0,0.0,0.0,0.6,0.6,0.6829629629629629,58.0
S1_Late_one_factory,137,24040.243559545695,150200.0,90120.0,59582.0,45071.42,5000.0,765.0,751.0,14.0,0.0,0.02631578947368421,0.6,0.6,0.707037037037037,100.0
S1_Late_one_factory,138,23472.814881268467,137800.0,82680.0,54498.0,40953.38,5000.0,689.0,689.0,0.0,0.0,0.0,0.6,0.6,0.657037037037037,48.0
S1_Late_one_factory,139,24624.305887164483,155000.0,93000.0,61550.0,46665.5,5000.0,814.0,775.0,39.0,0.0,0.0705244122965642,0.6,0.6,0.7285185185185185,107.0
S1_Late_one_factory,140,23458.53400809925,132800.0,79680.0,52448.0,39245.380000000005,5000.0,664.0,664.0,0.0,0.0,0.0,0.6,0.6,0.6385185185185185,34.0
S1_Late_one_factory,141,23627.2129451038,133600.0,80160.0,52776.0,39511.06,5000.0,668.0,668.0,0.0,0.0,0.0,0.6,0.6,0.6425925925925926,43.0
S1_Late_one_factory,142,23672.99224748237,144800.0,86880.0,57368.0,43278.08,5000.0,724.0,724.0,0.0,0.0,0.0,0.6,0.6,0.6848148148148148,61.0
S1_Late_one_factory,143,20301.676986321752,115400.0,69240.0,45314.0,33466.84,5000.0,577.0,577.0,0.0,0.0,0.0,0.6,0.6,0.562962962962963,21.0
S1_Late_one_factory,144,22583.36813256005,128600.0,77160.0,50726.0,37850.56,5000.0,643.0,643.0,0.0,0.0,0.0,0.6,0.6,0.6174074074074074,31.0
S1_Late_one_factory,145,24743.773181450142,155800.0,93480.0,61878.0,46931.18000000001,5000.0,799.0,779.0,20.0,0.0,0.012939001848428836,0.6,0.6,0.7322222222222223,103.0
S1_Late_one_factory,146,23748.80114376992,149200.0,89520.0,59172.0,44739.32,5000.0,746.0,746.0,0.0,0.0,0.0,0.6,0.6,0.7011111111111111,81.0
S1_Late_one_factory,147,22483.7183385195,123400.0,74040.0,48594.0,36123.64,5000.0,617.0,617.0,0.0,0.0,0.0,0.6,0.6,0.6059259259259259,22.0
S1_Late_one_factory,148,21490.814183587263,128600.0,77160.0,50726.0,37898.06,5000.0,643.0,643.0,0.0,0.0,0.0,0.6,0.6,0.6085185185185185,23.0
S1_Late_one_factory,149,24521.881938016966,150600.0,90360.0,59746.0,45204.259999999995,5000.0,753.0,753.0,0.0,0.0,0.0,0.6,0.6,0.7114814814814816,82.0
S1_Late_one_factory,150,24279.17814811702,153400.0,92040.0,60894.0,46134.14000000001,5000.0,796.0,767.0,29.0,0.0,0.05225225225225225,0.6,0.6,0.7203703703703703,105.0
S1_Late_one_factory,151,24325.637651450328,146200.0,87720.0,57942.0,43743.020000000004,5000.0,731.0,731.0,0.0,0.0,0.0,0.6,0.6,0.6940740740740741,67.0
S1_Late_one_factory,152,23380.305570398432,138800.0,83280.0,54908.0,41285.48,5000.0,694.0,694.0,0.0,0.0,0.0,0.6,0.6,0.6603703703703705,60.0
S1_Late_one_factory,153,23077.767985494265,136400.0,81840.0,53924.0,40488.439999999995,5000.0,682.0,682.0,0.0,0.0,0.0,0.6,0.6,0.6492592592592594,66.0
S1_Late_one_factory,154,23997.93878746757,137000.0,82200.0,54170.0,40687.700000000004,5000.0,685.0,685.0,0.0,0.0,0.0,0.6,0.6,0.657037037037037,40.0
S1_Late_one_factory,155,23823.43254399024,150800.0,90480.0,59828.0,45270.68,5000.0,768.0,754.0,14.0,0.0,0.0260707635009311,0.6,0.6,0.7077777777777778,98.0
S1_Late_one_factory,156,22223.940252317254,138600.0,83160.0,54826.0,41219.06,5000.0,693.0,693.0,0.0,0.0,0.0,0.6,0.6,0.6511111111111111,66.0
S1_Late_one_factory,157,23411.69198400235,129800.0,77880.0,51218.0,38249.079999999994,5000.0,649.0,649.0,0.0,0.0,0.0,0.6,0.6,0.6325925925925926,20.0
S1_Late_one_factory,158,22503.882239741408,123200.0,73920.0,48512.0,36057.22,5000.0,616.0,616.0,0.0,0.0,0.0,0.6,0.6,0.6070370370370369,22.0
S1_Late_one_factory,159,24576.88739218878,146200.0,87720.0,57942.0,43743.020000000004,5000.0,731.0,731.0,0.0,0.0,0.0,0.6,0.6,0.6955555555555556,57.0
S1_Late_one_factory,160,22332.887749980073,140600.0,84360.0,55646.0,41883.26,5000.0,703.0,703.0,0.0,0.0,0.0,0.6,0.6,0.6588888888888889,60.0
S1_Late_one_factory,161,23330.887152978634,147200.0,88320.0,58352.0,44075.119999999995,5000.0,736.0,736.0,0.0,0.0,0.0,0.6,0.6,0.6907407407407409,77.0
S1_Late_one_factory,162,22980.45880981375,128400.0,77040.0,50644.0,37784.14,5000.0,642.0,642.0,0.0,0.0,0.0,0.6,0.6,0.6225925925925927,29.0
S1_Late_one_factory,163,23878.741476529896,152800.0,91680.0,60648.0,45934.880000000005,5000.0,817.0,764.0,53.0,0.0,0.077834179357022,0.6,0.6,0.7155555555555556,111.0
S1_Late_one_factory,164,24330.062366053502,153200.0,91920.0,60812.0,46067.72,5000.0,766.0,766.0,0.0,0.0,0.0,0.6,0.6,0.7200000000000001,86.0
S1_Late_one_factory,165,24504.83859287882,142600.0,85560.0,56466.0,42547.46,5000.0,713.0,713.0,0.0,0.0,0.0,0.6,0.6,0.6818518518518518,53.0
S1_Late_one_factory,166,22314.65780442366,133200.0,79920.0,52612.0,39425.72,5000.0,666.0,666.0,0.0,0.0,0.0,0.6,0.6,0.6318518518518519,38.0
S1_Late_one_factory,167,24137.83309829345,151200.0,90720.0,59992.0,45403.520000000004,5000.0,756.0,756.0,0.0,0.0,0.0,0.6,0.6,0.7111111111111111,78.0
S1_Late_one_factory,168,24803.506828592974,153200.0,91920.0,60812.0,46067.72,5000.0,769.0,766.0,3.0,0.0,0.006,0.6,0.6,0.722962962962963,85.0
S1_Late_one_factory,169,23345.071731891687,141800.0,85080.0,56138.0,42281.77999999999,5000.0,709.0,709.0,0.0,0.0,0.0,0.6,0.6,0.6707407407407407,59.0
S1_Late_one_factory,170,23997.55325754101,141800.0,85080.0,56138.0,42281.78,5000.0,709.0,709.0,0.0,0.0,0.0,0.6,0.6,0.6755555555555556,53.0
S1_Late_one_factory,171,23533.204041685844,139400.0,83640.0,55154.0,41484.74,5000.0,697.0,697.0,0.0,0.0,0.0,0.6,0.6,0.6633333333333334,50.0
S1_Late_one_factory,172,23312.605616099685,142800.0,85680.0,56548.0,42613.88,5000.0,714.0,714.0,0.0,0.0,0.0,0.6,0.6,0.6744444444444445,57.0
S1_Late_one_factory,173,24385.371298593163,144800.0,86880.0,57368.0,43278.08,5000.0,724.0,724.0,0.0,0.0,0.0,0.6,0.6,0.6892592592592592,70.0
S1_Late_one_factory,174,24099.977206688527,149200.0,89520.0,59172.0,44739.31999999999,5000.0,746.0,746.0,0.0,0.0,0.0,0.6,0.6,0.7037037037037038,83.0
S1_Late_one_factory,175,24632.827559733552,154200.0,92520.0,61222.0,46399.82,5000.0,771.0,771.0,0.0,0.0,0.0,0.6,0.6,0.7255555555555555,84.0
S1_Late_one_factory,176,23320.717592872166,144400.0,86640.0,57204.0,43145.24,5000.0,722.0,722.0,0.0,0.0,0.0,0.6,0.6,0.6799999999999999,60.0
S1_Late_one_factory,177,24104.401921291697,137600.0,82560.0,54416.0,40886.96,5000.0,688.0,688.0,0.0,0.0,0.0,0.6,0.6,0.6607407407407407,44.0
S1_Late_one_factory,178,22417.548997858255,134600.0,80760.0,53186.0,39890.659999999996,5000.0,673.0,673.0,0.0,0.0,0.0,0.6,0.6,0.6381481481481482,41.0
S1_Late_one_factory,179,22803.041158219363,148600.0,89160.0,58926.0,44540.060000000005,5000.0,749.0,743.0,6.0,0.0,0.0018315018315018315,0.6,0.6,0.6922222222222222,95.0
S1_Late_one_factory,180,24445.10494573599,147200.0,88320.0,58352.0,44075.119999999995,5000.0,736.0,736.0,0.0,0.0,0.0,0.6,0.6,0.6985185185185185,69.0
S1_Late_one_factory,181,23390.39926091294,151000.0,90600.0,59910.0,45337.100000000006,5000.0,799.0,755.0,44.0,0.0,0.07363013698630137,0.6,0.6,0.7055555555555555,120.0
S1_Late_one_factory,182,22223.251356422246,128200.0,76920.0,50562.0,37717.72,5000.0,641.0,641.0,0.0,0.0,0.0,0.6,0.6,0.6122222222222222,19.0
S1_Late_one_factory,183,21851.591957103672,125000.0,75000.0,49250.0,36655.0,5000.0,625.0,625.0,0.0,0.0,0.0,0.6,0.6,0.6037037037037037,9.0
S1_Late_one_factory,184,24206.17035716467,152600.0,91560.0,60566.0,45868.45999999999,5000.0,830.0,763.0,67.0,0.0,0.11492281303602059,0.6,0.6,0.7170370370370371,109.0
S1_Late_one_factory,185,24743.773181450142,148600.0,89160.0,58926.0,44540.06,5000.0,753.0,743.0,10.0,0.0,0.020202020202020204,0.6,0.6,0.7055555555555556,86.0
S1_Late_one_factory,186,24002.915342359414,134800.0,80880.0,53268.0,39940.740000000005,5000.0,674.0,674.0,0.0,0.0,0.0,0.6,0.6,0.6518518518518519,12.0
S1_Late_one_factory,187,22515.34366550279,146600.0,87960.0,58106.0,43875.86,5000.0,733.0,733.0,0.0,0.0,0.0,0.6,0.6,0.6825925925925926,86.0
S1_Late_one_factory,188,22093.479847554314,140600.0,84360.0,55646.0,41883.259999999995,5000.0,703.0,703.0,0.0,0.0,0.0,0.6,0.6,0.657037037037037,65.0
S1_Late_one_factory,189,24155.286139228185,139000.0,83400.0,54990.0,41351.899999999994,5000.0,695.0,695.0,0.0,0.0,0.0,0.6,0.6,0.6662962962962963,32.0
S1_Late_one_factory,190,24684.03953430731,155400.0,93240.0,61714.0,46798.34,5000.0,796.0,777.0,19.0,0.0,0.03473491773308958,0.6,0.6,0.7303703703703703,100.0
S1_Late_one_factory,191,24624.305887164483,154400.0,92640.0,61304.0,46466.24,5000.0,772.0,772.0,0.0,0.0,0.0,0.6,0.6,0.7262962962962962,85.0
S1_Late_one_factory,192,24206.17035716467,153000.0,91800.0,60730.0,46001.299999999996,5000.0,788.0,765.0,23.0,0.0,0.041666666666666664,0.6,0.6,0.7185185185185186,100.0
S1_Late_one_factory,193,22690.908936084503,148000.0,88800.0,58680.0,44340.8,5000.0,743.0,740.0,3.0,0.0,0.005545286506469501,0.6,0.6,0.6896296296296297,93.0
S1_Late_one_factory,194,23507.14750142211,151200.0,90720.0,59992.0,45403.520000000004,5000.0,757.0,756.0,1.0,0.0,0.0,0.6,0.6,0.7066666666666667,91.0
S1_Late_one_factory,195,21504.718479725943,119600.0,71760.0,47036.0,34861.66,5000.0,598.0,598.0,0.0,0.0,0.0,0.6,0.6,0.5851851851851853,27.0
S1_Late_one_factory,196,23186.510354260303,139400.0,83640.0,55154.0,41484.74,5000.0,697.0,697.0,0.0,0.0,0.0,0.6,0.6,0.6611111111111111,36.0
S1_Late_one_factory,197,24462.14829087414,146000.0,87600.0,57860.0,43676.59999999999,5000.0,730.0,730.0,0.0,0.0,0.0,0.6,0.6,0.6940740740740741,58.0
S1_Late_one_factory,198,23285.84736640986,146200.0,87720.0,57942.0,43743.01999999999,5000.0,731.0,731.0,0.0,0.0,0.0,0.6,0.6,0.6870370370370371,71.0
S1_Late_one_factory,199,24314.147960443737,146400.0,87840.0,58024.0,43809.44,5000.0,732.0,732.0,0.0,0.0,0.0,0.6,0.6,0.6940740740740741,59.0
S1_Late_one_factory,200,23565.75816620452,145200.0,87120.0,57532.0,43410.92,5000.0,726.0,726.0,0.0,0.0,0.0,0.6,0.6,0.6851851851851851,70.0
S1_Late_one_factory,201,24521.881938016966,155000.0,93000.0,61550.0,46665.50000000001,5000.0,856.0,775.0,81.0,0.0,0.10327868852459017,0.6,0.6,0.7277777777777779,120.0
S1_Late_one_factory,202,23061.05239699339,147400.0,88440.0,58434.0,44141.54000000001,5000.0,737.0,737.0,0.0,0.0,0.0,0.6,0.6,0.6900000000000001,78.0
S1_Late_one_factory,203,24803.506828592974,145400.0,87240.0,57614.0,43477.340000000004,5000.0,727.0,727.0,0.0,0.0,0.0,0.6,0.6,0.6940740740740741,50.0
S1_Late_one_factory,204,23750.980118451047,135800.0,81480.0,53678.0,40289.17999999999,5000.0,679.0,679.0,0.0,0.0,0.0,0.6,0.6,0.6514814814814814,69.0
S1_Late_one_factory,205,23491.135701426963,132400.0,79440.0,52284.0,39112.53999999999,5000.0,662.0,662.0,0.0,0.0,0.0,0.6,0.6,0.6381481481481482,34.0
S1_Late_one_factory,206,24564.57224002165,155000.0,93000.0,61550.0,46665.5,5000.0,775.0,775.0,0.0,0.0,0.0,0.6,0.6,0.7281481481481482,89.0
S1_Late_one_factory,207,24564.57224002165,144000.0,86400.0,57040.0,43012.4,5000.0,720.0,720.0,0.0,0.0,0.0,0.6,0.6,0.6874074074074075,76.0
S1_Late_one_factory,208,21027.97405831037,117800.0,70680.0,46298.0,34263.88,5000.0,589.0,589.0,0.0,0.0,0.0,0.6,0.6,0.5748148148148148,0.0
S1_Late_one_factory,209,23937.819610398183,151800.0,91080.0,60238.0,45602.78,5000.0,763.0,759.0,4.0,0.0,0.007434944237918215,0.6,0.6,0.7122222222222222,94.0
S1_Late_one_factory,210,24385.371298593163,153800.0,92280.0,61058.0,46266.98,5000.0,789.0,769.0,20.0,0.0,0.03683241252302026,0.6,0.6,0.7225925925925926,108.0
S1_Late_one_factory,211,23103.93995993717,148000.0,88800.0,58680.0,44340.799999999996,5000.0,740.0,740.0,0.0,0.0,0.0,0.6,0.6,0.6922222222222223,81.0
S1_Late_one_factory,212,23303.053826317253,130200.0,78120.0,51382.0,38381.92,5000.0,651.0,651.0,0.0,0.0,0.0,0.6,0.6,0.6303703703703705,35.0
S1_Late_one_factory,213,24803.506828592974,153200.0,91920.0,60812.0,46067.72,5000.0,766.0,766.0,0.0,0.0,0.0,0.6,0.6,0.722962962962963,79.0
S1_Late_one_factory,214,24334.159324019405,141200.0,84720.0,55892.0,42082.52,5000.0,706.0,706.0,0.0,0.0,0.0,0.6,0.6,0.6755555555555557,35.0
S1_Late_one_factory,215,23207.708318254237,134600.0,80760.0,53186.0,39890.66,5000.0,673.0,673.0,0.0,0.0,0.0,0.6,0.6,0.6437037037037037,45.0
S1_Late_one_factory,216,24265.9040043075,137800.0,82680.0,54498.0,40953.380000000005,5000.0,689.0,689.0,0.0,0.0,0.0,0.6,0.6,0.6625925925925925,39.0
S1_Late_one_factory,217,24385.371298593163,152400.0,91440.0,60484.0,45802.04,5000.0,779.0,762.0,17.0,0.0,0.032692307692307694,0.6,0.6,0.7174074074074074,93.0
S1_Late_one_factory,218,22785.37815521384,133000.0,79800.0,52530.0,39359.3,5000.0,665.0,665.0,0.0,0.0,0.0,0.6,0.6,0.6340740740740741,36.0
S1_Late_one_factory,219,24223.213702302815,137200.0,82320.0,54252.0,40754.119999999995,5000.0,686.0,686.0,0.0,0.0,0.0,0.6,0.6,0.66,49.0
S1_Late_one_factory,220,23413.39129570997,132200.0,79320.0,52202.0,39046.12,5000.0,661.0,661.0,0.0,0.0,0.0,0.6,0.6,0.635925925925926,39.0
S1_Late_one_factory,221,23419.1265232131,145000.0,87000.0,57450.0,43344.5,5000.0,725.0,725.0,0.0,0.0,0.0,0.6,0.6,0.6833333333333333,60.0
S1_Late_one_factory,222,22752.788175287995,139400.0,83640.0,55154.0,41484.74,5000.0,697.0,697.0,0.0,0.0,0.0,0.6,0.6,0.6577777777777778,51.0
S1_Late_one_factory,223,23683.855616413108,132200.0,79320.0,52202.0,39046.119999999995,5000.0,661.0,661.0,0.0,0.0,0.0,0.6,0.6,0.638888888888889,45.0
S1_Late_one_factory,224,24172.00172772906,147600.0,88560.0,58516.0,44207.96,5000.0,738.0,738.0,0.0,0.0,0.0,0.6,0.6,0.6981481481481481,59.0
S1_Late_one_factory,225,24202.974729951267,153800.0,92280.0,61058.0,46266.98,5000.0,777.0,769.0,8.0,0.0,0.014652014652014652,0.6,0.6,0.7211111111111111,98.0
S1_Late_one_factory,226,23847.735091687224,144200.0,86520.0,57122.0,43078.82,5000.0,721.0,721.0,0.0,0.0,0.0,0.6,0.6,0.6833333333333333,67.0
S1_Late_one_factory,227,24044.66827414887,152000.0,91200.0,60320.0,45669.2,5000.0,795.0,760.0,35.0,0.0,0.062388591800356503,0.6,0.6,0.7137037037037037,105.0
S1_Late_one_factory,228,23373.65467336803,149400.0,89640.0,59254.0,44805.740000000005,5000.0,747.0,747.0,0.0,0.0,0.0,0.6,0.6,0.6981481481481481,86.0
S1_Late_one_factory,229,23620.460142008487,150200.0,90120.0,59582.0,45071.420000000006,5000.0,751.0,751.0,0.0,0.0,0.0,0.6,0.6,0.7040740740740741,82.0
S1_Late_one_factory,230,22677.3198491688,144200.0,86520.0,57122.0,43078.82,5000.0,721.0,721.0,0.0,0.0,0.0,0.6,0.6,0.6748148148148149,85.0
S1_Late_one_factory,231,21762.509988952035,122200.0,73320.0,48102.0,35725.12,5000.0,611.0,611.0,0.0,0.0,0.0,0.6,0.6,0.5988888888888889,7.0
S1_Late_one_factory,232,24278.850391479747,154200.0,92520.0,61222.0,46399.82000000001,5000.0,823.0,771.0,52.0,0.0,0.07863247863247863,0.6,0.6,0.7233333333333333,115.0
S1_Late_one_factory,233,23420.692471591177,141400.0,84840.0,55974.0,42148.939999999995,5000.0,707.0,707.0,0.0,0.0,0.0,0.6,0.6,0.67,53.0
S1_Late_one_factory,234,24743.773181450142,155600.0,93360.0,61796.0,46864.76,5000.0,778.0,778.0,0.0,0.0,0.0,0.6,0.6,0.7314814814814815,89.0
S1_Late_one_factory,235,22759.02806960348,125200.0,75120.0,49332.0,36721.42,5000.0,626.0,626.0,0.0,0.0,0.0,0.6,0.6,0.6129629629629629,32.0
S1_Late_one_factory,236,23950.43824093316,150200.0,90120.0,59582.0,45071.42,5000.0,751.0,751.0,0.0,0.0,0.0,0.6,0.6,0.7062962962962963,76.0
S1_Late_one_factory,237,24385.371298593163,153600.0,92160.0,60976.0,46200.56,5000.0,793.0,768.0,25.0,0.0,0.04621072088724584,0.6,0.6,0.7218518518518519,108.0
S1_Late_one_factory,238,23282.61817134565,130800.0,78480.0,51628.0,38581.18,5000.0,654.0,654.0,0.0,0.0,0.0,0.6,0.6,0.6314814814814815,36.0
S1_Late_one_factory,239,24325.637651450328,140000.0,84000.0,55400.0,41684.0,5000.0,700.0,700.0,0.0,0.0,0.0,0.6,0.6,0.6711111111111111,62.0
S1_Late_one_factory,240,24385.371298593163,143200.0,85920.0,56712.0,42746.72,5000.0,716.0,716.0,0.0,0.0,0.0,0.6,0.6,0.6833333333333333,70.0
S1_Late_one_factory,241,22840.526809683863,129000.0,77400.0,50890.0,37983.4,5000.0,645.0,645.0,0.0,0.0,0.0,0.6,0.6,0.6211111111111112,35.0
S1_Late_one_factory,242,24573.093912590724,143200.0,85920.0,56712.0,42746.72,5000.0,716.0,716.0,0.0,0.0,0.0,0.6,0.6,0.6844444444444445,69.0
S1_Late_one_factory,243,22802.87121033337,140600.0,84360.0,55646.0,41883.259999999995,5000.0,703.0,703.0,0.0,0.0,0.0,0.6,0.6,0.6633333333333334,55.0
S1_Late_one_factory,244,23574.753939423805,142000.0,85200.0,56220.0,42348.19999999999,5000.0,710.0,710.0,0.0,0.0,0.0,0.6,0.6,0.6733333333333333,62.0
S1_Late_one_factory,245,24803.506828592974,156000.0,93600.0,61960.0,46997.600000000006,5000.0,843.0,780.0,63.0,0.0,0.08419243986254296,0.6,0.6,0.7333333333333333,109.0
S1_Late_one_factory,246,24684.03953430731,153200.0,91920.0,60812.0,46067.72,5000.0,782.0,766.0,16.0,0.0,0.030828516377649325,0.6,0.6,0.7222222222222222,92.0
S1_Late_one_factory,247,24445.10494573599,150600.0,90360.0,59746.0,45204.259999999995,5000.0,753.0,753.0,0.0,0.0,0.0,0.6,0.6,0.7111111111111111,84.0
S1_Late_one_factory,248,24538.318326419423,148800.0,89280.0,59008.0,44606.48,5000.0,744.0,744.0,0.0,0.0,0.0,0.6,0.6,0.7048148148148149,62.0
S1_Late_one_factory,249,23912.82816680619,139400.0,83640.0,55154.0,41484.74,5000.0,697.0,697.0,0.0,0.0,0.0,0.6,0.6,0.665925925925926,53.0
S1_Late_one_factory,250,24336.06584256584,149800.0,89880.0,59418.0,44938.579999999994,5000.0,749.0,749.0,0.0,0.0,0.0,0.6,0.6,0.7066666666666668,70.0
S1_Late_one_factory,251,24743.773181450142,155800.0,93480.0,61878.0,46931.18000000001,5000.0,838.0,779.0,59.0,0.0,0.07094594594594594,0.6,0.6,0.7322222222222223,115.0
S1_Late_one_factory,252,23267.08797043633,132400.0,79440.0,52284.0,39128.12,5000.0,662.0,662.0,0.0,0.0,0.0,0.6,0.6,0.635925925925926,12.0
S1_Late_one_factory,253,24325.637651450328,154400.0,92640.0,61304.0,46466.240000000005,5000.0,789.0,772.0,17.0,0.0,0.0,0.6,0.6,0.7244444444444444,107.0
S1_Late_one_factory,254,24564.57224002165,138800.0,83280.0,54908.0,41285.479999999996,5000.0,694.0,694.0,0.0,0.0,0.0,0.6,0.6,0.6681481481481482,51.0
S1_Late_one_factory,255,24564.57224002165,154800.0,92880.0,61468.0,46599.08,5000.0,783.0,774.0,9.0,0.0,0.016697588126159554,0.6,0.6,0.7274074074074074,99.0
S1_Late_one_factory,256,23214.275424100884,128400.0,77040.0,50644.0,37784.14,5000.0,642.0,642.0,0.0,0.0,0.0,0.6,0.6,0.6248148148148148,44.0
S1_Late_one_factory,257,23524.764308276084,150400.0,90240.0,59664.0,45137.840000000004,5000.0,780.0,752.0,28.0,0.0,0.05063291139240506,0.6,0.6,0.7044444444444444,109.0
S1_Late_one_factory,258,24743.773181450142,152200.0,91320.0,60402.0,45735.619999999995,5000.0,761.0,761.0,0.0,0.0,0.0,0.6,0.6,0.718888888888889,72.0
S1_Late_one_factory,259,23963.712384742674,143400.0,86040.0,56794.0,42813.13999999999,5000.0,717.0,717.0,0.0,0.0,0.0,0.6,0.6,0.6811111111111111,60.0
S1_Late_one_factory,260,24035.81884494252,143800.0,86280.0,56958.0,42945.979999999996,5000.0,719.0,719.0,0.0,0.0,0.0,0.6,0.6,0.6833333333333333,53.0
S1_Late_one_factory,261,23707.734451033204,147000.0,88200.0,58270.0,44008.7,5000.0,735.0,735.0,0.0,0.0,0.0,0.6,0.6,0.6929629629629629,64.0
S1_Late_one_factory,262,23705.15185012285,135200.0,81120.0,53432.0,40089.92,5000.0,676.0,676.0,0.0,0.0,0.0,0.6,0.6,0.6488888888888888,27.0
S1_Late_one_factory,263,24150.861424625007,151800.0,91080.0,60238.0,45602.78,5000.0,759.0,759.0,0.0,0.0,0.0,0.6,0.6,0.7137037037037037,80.0
S1_Late_one_factory,264,24803.506828592974,147600.0,88560.0,58516.0,44207.96,5000.0,738.0,738.0,0.0,0.0,0.0,0.6,0.6,0.7022222222222222,61.0
S1_Late_one_factory,265,22750.186344905323,129200.0,77520.0,50972.0,38049.82000000001,5000.0,646.0,646.0,0.0,0.0,0.0,0.6,0.6,0.6218518518518519,6.0
S1_Late_one_factory,266,23848.342048422914,140000.0,84000.0,55400.0,41684.0,5000.0,700.0,700.0,0.0,0.0,0.0,0.6,0.6,0.6677777777777778,49.0
S1_Late_one_factory,267,22232.322212437724,142000.0,85200.0,56220.0,42348.200000000004,5000.0,710.0,710.0,0.0,0.0,0.0,0.6,0.6,0.6640740740740741,67.0
S1_Late_one_factory,268,23500.65418834419,137800.0,82680.0,54498.0,40953.38,5000.0,689.0,689.0,0.0,0.0,0.0,0.6,0.6,0.657037037037037,38.0
S1_Late_one_factory,269,22632.84327368688,129800.0,77880.0,51218.0,38296.58,5000.0,649.0,649.0,0.0,0.0,0.0,0.6,0.6,0.6255555555555555,10.0
S1_Late_one_factory,270,22901.151555765853,136000.0,81600.0,53760.0,40355.6,5000.0,680.0,680.0,0.0,0.0,0.0,0.6,0.6,0.645925925925926,36.0
S1_Late_one_factory,271,23571.2238116094,150200.0,90120.0,59582.0,45071.420000000006,5000.0,758.0,751.0,7.0,0.0,0.012987012987012988,0.6,0.6,0.7040740740740741,97.0
S1_Late_one_factory,272,22837.314319092788,139400.0,83640.0,55154.0,41484.740000000005,5000.0,697.0,697.0,0.0,0.0,0.0,0.6,0.6,0.6577777777777778,50.0
S1_Late_one_factory,273,24325.637651450328,151000.0,90600.0,59910.0,45337.1,5000.0,755.0,755.0,0.0,0.0,0.0,0.6,0.6,0.711851851851852,73.0
S1_Late_one_factory,274,24743.773181450142,145400.0,87240.0,57614.0,43477.340000000004,5000.0,727.0,727.0,0.0,0.0,0.0,0.6,0.6,0.6937037037037038,55.0
S1_Late_one_factory,275,23072.86995703665,149600.0,89760.0,59336.0,44872.16,5000.0,761.0,748.0,13.0,0.0,0.0,0.6,0.6,0.6977777777777778,103.0
S1_Late_one_factory,276,23929.215998669788,142200.0,85320.0,56302.0,42414.62,5000.0,711.0,711.0,0.0,0.0,0.0,0.6,0.6,0.6762962962962964,61.0
S1_Late_one_factory,277,24624.305887164483,150400.0,90240.0,59664.0,45137.84,5000.0,752.0,752.0,0.0,0.0,0.0,0.6,0.6,0.7114814814814814,76.0
S1_Late_one_factory,278,24325.637651450328,152000.0,91200.0,60320.0,45669.2,5000.0,760.0,760.0,0.0,0.0,0.0,0.6,0.6,0.7155555555555556,83.0
S1_Late_one_factory,279,22850.131896557792,138400.0,83040.0,54744.0,41152.63999999999,5000.0,692.0,692.0,0.0,0.0,0.0,0.6,0.6,0.6548148148148148,54.0
S1_Late_one_factory,280,24296.221493255165,144000.0,86400.0,57040.0,43012.4,5000.0,720.0,720.0,0.0,0.0,0.0,0.6,0.6,0.6855555555555556,39.0
S1_Late_one_factory,281,24325.637651450328,154400.0,92640.0,61304.0,46466.240000000005,5000.0,780.0,772.0,8.0,0.0,0.0,0.6,0.6,0.7244444444444444,98.0
S1_Late_one_factory,282,22409.319338918685,134600.0,80760.0,53186.0,39890.659999999996,5000.0,673.0,673.0,0.0,0.0,0.0,0.6,0.6,0.6374074074074074,33.0
S1_Late_one_factory,283,22841.721386990866,134600.0,80760.0,53186.0,39890.659999999996,5000.0,673.0,673.0,0.0,0.0,0.0,0.6,0.6,0.6403703703703703,26.0
S1_Late_one_factory,284,24265.9040043075,152600.0,91560.0,60566.0,45868.46000000001,5000.0,763.0,763.0,0.0,0.0,0.0,0.6,0.6,0.7174074074074074,82.0
S1_Late_one_factory,285,24026.969415736177,143000.0,85800.0,56630.0,42680.299999999996,5000.0,715.0,715.0,0.0,0.0,0.0,0.6,0.6,0.6803703703703704,57.0
S1_Late_one_factory,286,21247.016954935403,119800.0,71880.0,47118.0,34928.08,5000.0,599.0,599.0,0.0,0.0,0.0,0.6,0.6,0.5855555555555555,22.0
S1_Late_one_factory,287,24402.414643731307,144600.0,86760.0,57286.0,43211.659999999996,5000.0,723.0,723.0,0.0,0.0,0.0,0.6,0.6,0.6885185185185185,50.0
S1_Late_one_factory,288,23624.909134881087,151400.0,90840.0,60074.0,45469.94,5000.0,769.0,757.0,12.0,0.0,0.02181818181818182,0.6,0.6,0.7085185185185185,96.0
S1_Late_one_factory,289,24445.10494573599,144800.0,86880.0,57368.0,43278.079999999994,5000.0,724.0,724.0,0.0,0.0,0.0,0.6,0.6,0.6896296296296297,50.0
S1_Late_one_factory,290,23878.004024096033,137600.0,82560.0,54416.0,40886.96000000001,5000.0,688.0,688.0,0.0,0.0,0.0,0.6,0.6,0.6588888888888889,51.0
S1_Late_one_factory,291,24803.506828592974,149000.0,89400.0,59090.0,44672.9,5000.0,745.0,745.0,0.0,0.0,0.0,0.6,0.6,0.7074074074074074,64.0
S1_Late_one_factory,292,24504.83859287882,146200.0,87720.0,57942.0,43743.02,5000.0,734.0,731.0,3.0,0.0,0.00631578947368421,0.6,0.6,0.6951851851851851,78.0
S1_Late_one_factory,293,22099.89839733744,129000.0,77400.0,50890.0,38030.9,5000.0,645.0,645.0,0.0,0.0,0.0,0.6,0.6,0.6159259259259259,15.0
S1_Late_one_factory,294,24624.305887164483,145200.0,87120.0,57532.0,43410.92,5000.0,726.0,726.0,0.0,0.0,0.0,0.6,0.6,0.6922222222222222,70.0
S1_Late_one_factory,295,22622.343506440422,143400.0,86040.0,56794.0,42813.14,5000.0,717.0,717.0,0.0,0.0,0.0,0.6,0.6,0.6718518518518519,83.0
S1_Late_one_factory,296,23538.54717174963,136000.0,81600.0,53760.0,40355.6,5000.0,680.0,680.0,0.0,0.0,0.0,0.6,0.6,0.6496296296296296,42.0
S1_Late_one_factory,297,22377.73510878376,132000.0,79200.0,52120.0,39027.200000000004,5000.0,660.0,660.0,0.0,0.0,0.0,0.6,0.6,0.6277777777777778,29.0
S1_Late_one_factory,298,21771.719718032084,140200.0,84120.0,55482.0,41750.42,5000.0,701.0,701.0,0.0,0.0,0.0,0.6,0.6,0.654074074074074,74.0
S1_Late_one_factory,299,22793.79096865919,129600.0,77760.0,51136.0,38182.659999999996,5000.0,648.0,648.0,0.0,0.0,0.0,0.6,0.6,0.6225925925925927,43.0
S1_Late_one_factory,300,24803.506828592974,147400.0,88440.0,58434.0,44141.54,5000.0,739.0,737.0,2.0,0.0,0.004319654427645789,0.6,0.6,0.7014814814814815,76.0
S2_Balanced_one_factory,1,25187.265104610706,147000.0,88200.0,57770.0,44103.7,5000.0,735.0,735.0,0.0,0.0,0.0,0.6,0.6,0.6485185185185185,16.0
S2_Balanced_one_factory,2,25203.30995935744,141200.0,84720.0,55392.0,42130.020000000004,5000.0,706.0,706.0,0.0,0.0,0.0,0.6,0.6,0.6292592592592593,20.0
S2_Balanced_one_factory,3,24727.14754843218,142600.0,85560.0,55966.0,42594.96,5000.0,713.0,713.0,0.0,0.0,0.0,0.6,0.6,0.625925925925926,11.0
S2_Balanced_one_factory,4,24285.741957927406,138600.0,83160.0,54326.0,41266.560000000005,5000.0,693.0,693.0,0.0,0.0,0.0,0.6,0.6,0.6148148148148149,0.0
S2_Balanced_one_factory,5,24626.42152631416,139400.0,83640.0,54654.0,41532.23999999999,5000.0,697.0,697.0,0.0,0.0,0.0,0.6,0.6,0.6181481481481481,15.0
S2_Balanced_one_factory,6,24143.58501604568,138600.0,83160.0,54326.0,41266.56,5000.0,693.0,693.0,0.0,0.0,0.0,0.6,0.6,0.6096296296296297,4.0
S2_Balanced_one_factory,7,23372.732057790017,136200.0,81720.0,53342.0,40469.520000000004,5000.0,681.0,681.0,0.0,0.0,0.0,0.6,0.6,0.5985185185185186,0.0
S2_Balanced_one_factory,8,25793.12030124615,157200.0,94320.0,61952.0,47491.12,5000.0,786.0,786.0,0.0,0.0,0.0,0.6,0.6,0.6877777777777777,51.0
S2_Balanced_one_factory,9,23690.777942355202,134600.0,80760.0,52686.0,39938.159999999996,5000.0,673.0,673.0,0.0,0.0,0.0,0.6,0.6,0.6014814814814815,1.0
S2_Balanced_one_factory,10,25921.59769167163,146800.0,88080.0,57688.0,44037.280000000006,5000.0,734.0,734.0,0.0,0.0,0.0,0.6,0.6,0.6540740740740741,5.0
S2_Balanced_one_factory,11,23705.340709463886,143600.0,86160.0,56376.0,42974.560000000005,5000.0,718.0,718.0,0.0,0.0,0.0,0.6,0.6,0.625925925925926,26.0
S2_Balanced_one_factory,12,24623.61785421857,152000.0,91200.0,59820.0,45764.200000000004,5000.0,760.0,760.0,0.0,0.0,0.0,0.6,0.6,0.6603703703703704,55.0
S2_Balanced_one_factory,13,24349.931957745375,146600.0,87960.0,57606.0,43970.86000000001,5000.0,733.0,733.0,0.0,0.0,0.0,0.6,0.6,0.6385185185185186,37.0
S2_Balanced_one_factory,14,23470.841054211345,135000.0,81000.0,52850.0,40071.0,5000.0,675.0,675.0,0.0,0.0,0.0,0.6,0.6,0.5981481481481482,6.0
S2_Balanced_one_factory,15,23722.266325492892,135200.0,81120.0,52932.0,40137.42,5000.0,676.0,676.0,0.0,0.0,0.0,0.6,0.6,0.6077777777777779,3.0
S2_Balanced_one_factory,16,25453.233767476137,141600.0,84960.0,55556.0,42262.86,5000.0,708.0,708.0,0.0,0.0,0.0,0.6,0.6,0.6351851851851852,14.0
S2_Balanced_one_factory,17,25713.328987218934,147600.0,88560.0,58016.0,44302.96000000001,5000.0,738.0,738.0,0.0,0.0,0.0,0.6,0.6,0.6518518518518519,10.0
S2_Balanced_one_factory,18,26526.96741209826,163600.0,98160.0,64576.0,49616.560000000005,5000.0,818.0,818.0,0.0,0.0,0.0,0.6,0.6,0.715925925925926,71.0
S2_Balanced_one_factory,19,24220.694213616192,138800.0,83280.0,54408.0,41332.98,5000.0,694.0,694.0,0.0,0.0,0.0,0.6,0.6,0.6103703703703705,9.0
S2_Balanced_one_factory,20,26279.838907595138,149600.0,89760.0,58836.0,44967.16,5000.0,748.0,748.0,0.0,0.0,0.0,0.6,0.6,0.6625925925925925,17.0
S2_Balanced_one_factory,21,24942.285718178908,148800.0,89280.0,58508.0,44701.48,5000.0,744.0,744.0,0.0,0.0,0.0,0.6,0.6,0.6544444444444444,29.0
S2_Balanced_one_factory,22,23344.541839363526,133600.0,80160.0,52276.0,39606.06,5000.0,668.0,668.0,0.0,0.0,0.0,0.6,0.6,0.5944444444444444,0.0
S2_Balanced_one_factory,23,25797.545015849326,158800.0,95280.0,62608.0,48022.48,5000.0,794.0,794.0,0.0,0.0,0.0,0.6,0.6,0.6937037037037037,59.0
S2_Balanced_one_factory,24,23645.7137034345,136400.0,81840.0,53424.0,40535.939999999995,5000.0,682.0,682.0,0.0,0.0,0.0,0.6,0.6,0.6022222222222222,1.0
S2_Balanced_one_factory,25,24805.138565229317,140800.0,84480.0,55228.0,42043.92,5000.0,704.0,704.0,0.0,0.0,0.0,0.6,0.6,0.6288888888888888,3.0
S2_Balanced_one_factory,26,24643.29335524185,141000.0,84600.0,55310.0,42063.59999999999,5000.0,705.0,705.0,0.0,0.0,0.0,0.6,0.6,0.624074074074074,8.0
S2_Balanced_one_factory,27,24368.307604830854,136600.0,81960.0,53506.0,40602.36,5000.0,683.0,683.0,0.0,0.0,0.0,0.6,0.6,0.6070370370370369,3.0
S2_Balanced_one_factory,28,22191.227679774445,132000.0,79200.0,51620.0,39122.2,5000.0,660.0,660.0,0.0,0.0,0.0,0.6,0.6,0.5855555555555555,12.0
S2_Balanced_one_factory,29,23701.841354568754,144600.0,86760.0,56786.0,43306.66,5000.0,723.0,723.0,0.0,0.0,0.0,0.6,0.6,0.6307407407407408,35.0
S2_Balanced_one_factory,30,24236.356644476466,137000.0,82200.0,53670.0,40735.2,5000.0,685.0,685.0,0.0,0.0,0.0,0.6,0.6,0.6096296296296297,11.0
S2_Balanced_one_factory,31,25048.132858602643,146200.0,87720.0,57442.0,43838.02,5000.0,731.0,731.0,0.0,0.0,0.0,0.6,0.6,0.6466666666666666,16.0
S2_Balanced_one_factory,32,23258.98501698151,140400.0,84240.0,55064.0,41911.840000000004,5000.0,702.0,702.0,0.0,0.0,0.0,0.6,0.6,0.6088888888888887,21.0
S2_Balanced_one_factory,33,24209.47506777371,140200.0,84120.0,54982.0,41845.420000000006,5000.0,701.0,701.0,0.0,0.0,0.0,0.6,0.6,0.6259259259259259,11.0
S2_Balanced_one_factory,34,25681.251822982274,147800.0,88680.0,58098.0,44369.380000000005,5000.0,739.0,739.0,0.0,0.0,0.0,0.6,0.6,0.6555555555555556,17.0
S2_Balanced_one_factory,35,25476.336451688498,142800.0,85680.0,56048.0,42661.38,5000.0,714.0,714.0,0.0,0.0,0.0,0.6,0.6,0.6374074074074074,18.0
S2_Balanced_one_factory,36,23848.421660694876,133000.0,79800.0,52030.0,39406.799999999996,5000.0,665.0,665.0,0.0,0.0,0.0,0.6,0.6,0.6014814814814815,4.0
S2_Balanced_one_factory,37,24265.165120998085,136800.0,82080.0,53588.0,40668.78,5000.0,684.0,684.0,0.0,0.0,0.0,0.6,0.6,0.6103703703703705,12.0
S2_Balanced_one_factory,38,24239.372273366327,137000.0,82200.0,53670.0,40735.2,5000.0,685.0,685.0,0.0,0.0,0.0,0.6,0.6,0.6114814814814815,6.0
S2_Balanced_one_factory,39,23824.346363956833,138200.0,82920.0,54162.0,41181.22,5000.0,691.0,691.0,0.0,0.0,0.0,0.6,0.6,0.614074074074074,20.0
S2_Balanced_one_factory,40,25477.047581136118,152600.0,91560.0,60066.0,45963.46,5000.0,763.0,763.0,0.0,0.0,0.0,0.6,0.6,0.6685185185185186,34.0
S2_Balanced_one_factory,41,23248.910107107997,134400.0,80640.0,52604.0,39919.240000000005,5000.0,672.0,672.0,0.0,0.0,0.0,0.6,0.6,0.6033333333333333,7.0
S2_Balanced_one_factory,42,25066.687166920485,154800.0,92880.0,60968.0,46694.08,5000.0,774.0,774.0,0.0,0.0,0.0,0.6,0.6,0.6733333333333333,54.0
S2_Balanced_one_factory,43,26505.499352356943,152800.0,91680.0,60148.0,46029.880000000005,5000.0,764.0,764.0,0.0,0.0,0.0,0.6,0.6,0.6759259259259258,30.0
S2_Balanced_one_factory,44,24202.536023147015,138400.0,83040.0,54244.0,41200.14,5000.0,692.0,692.0,0.0,0.0,0.0,0.6,0.6,0.6162962962962963,7.0
S2_Balanced_one_factory,45,26386.032058071283,150800.0,90480.0,59328.0,45365.68000000001,5000.0,754.0,754.0,0.0,0.0,0.0,0.6,0.6,0.6677777777777777,30.0
S2_Balanced_one_factory,46,25243.757568636745,142200.0,85320.0,55802.0,42462.12,5000.0,711.0,711.0,0.0,0.0,0.0,0.6,0.6,0.6370370370370371,9.0
S2_Balanced_one_factory,47,23635.34196679082,134800.0,80880.0,52768.0,40004.579999999994,5000.0,674.0,674.0,0.0,0.0,0.0,0.6,0.6,0.6007407407407407,3.0
S2_Balanced_one_factory,48,24233.093758429895,136400.0,81840.0,53424.0,40535.94,5000.0,682.0,682.0,0.0,0.0,0.0,0.6,0.6,0.6133333333333334,6.0
S2_Balanced_one_factory,49,26386.032058071283,157000.0,94200.0,61870.0,47424.700000000004,5000.0,785.0,785.0,0.0,0.0,0.0,0.6,0.6,0.6907407407407408,40.0
S2_Balanced_one_factory,50,24934.589214769127,142600.0,85560.0,55966.0,42594.96,5000.0,713.0,713.0,0.0,0.0,0.0,0.6,0.6,0.63,9.0
S2_Balanced_one_factory,51,24653.215983487207,139800.0,83880.0,54818.0,41665.08,5000.0,699.0,699.0,0.0,0.0,0.0,0.6,0.6,0.6203703703703703,5.0
S2_Balanced_one_factory,52,26445.76570521411,166600.0,99960.0,65806.0,50612.86,5000.0,833.0,833.0,0.0,0.0,0.0,0.6,0.6,0.7266666666666667,87.0
S2_Balanced_one_factory,53,20924.26374865529,120800.0,72480.0,47028.0,35355.17999999999,5000.0,604.0,604.0,0.0,0.0,0.0,0.6,0.6,0.5466666666666667,4.0
S2_Balanced_one_factory,54,24804.462855503723,141600.0,84960.0,55556.0,42262.86,5000.0,708.0,708.0,0.0,0.0,0.0,0.6,0.6,0.6266666666666667,7.0
S2_Balanced_one_factory,55,24362.15050553649,139800.0,83880.0,54818.0,41696.240000000005,5000.0,699.0,699.0,0.0,0.0,0.0,0.6,0.6,0.6218518518518519,9.0
S2_Balanced_one_factory,56,25918.892476399258,145800.0,87480.0,57278.0,43657.67999999999,5000.0,729.0,729.0,0.0,0.0,0.0,0.6,0.6,0.6503703703703704,8.0
S2_Balanced_one_factory,57,23616.19358893865,135000.0,81000.0,52850.0,40071.0,5000.0,675.0,675.0,0.0,0.0,0.0,0.6,0.6,0.6048148148148148,14.0
S2_Balanced_one_factory,58,25362.485970374597,143800.0,86280.0,56458.0,42993.479999999996,5000.0,719.0,719.0,0.0,0.0,0.0,0.6,0.6,0.6385185185185185,7.0
S2_Balanced_one_factory,59,24910.243434912954,142200.0,85320.0,55802.0,42508.86000000001,5000.0,711.0,711.0,0.0,0.0,0.0,0.6,0.6,0.6340740740740741,5.0
S2_Balanced_one_factory,60,25456.841991405032,152000.0,91200.0,59820.0,45764.200000000004,5000.0,760.0,760.0,0.0,0.0,0.0,0.6,0.6,0.6662962962962964,32.0
S2_Balanced_one_factory,61,25967.89652807147,150400.0,90240.0,59164.0,45232.840000000004,5000.0,752.0,752.0,0.0,0.0,0.0,0.6,0.6,0.6637037037037037,41.0
S2_Balanced_one_factory,62,25882.5159240621,157800.0,94680.0,62198.0,47690.380000000005,5000.0,789.0,789.0,0.0,0.0,0.0,0.6,0.6,0.6903703703703703,53.0
S2_Balanced_one_factory,63,23764.83709993077,135800.0,81480.0,53178.0,40336.68,5000.0,679.0,679.0,0.0,0.0,0.0,0.6,0.6,0.6081481481481482,4.0
S2_Balanced_one_factory,64,20691.939990779883,118800.0,71280.0,46208.0,34690.979999999996,5000.0,594.0,594.0,0.0,0.0,0.0,0.6,0.6,0.5325925925925926,0.0
S2_Balanced_one_factory,65,21963.73079784403,127000.0,76200.0,49570.0,37414.2,5000.0,635.0,635.0,0.0,0.0,0.0,0.6,0.6,0.5651851851851852,0.0
S2_Balanced_one_factory,66,26091.788536960303,160400.0,96240.0,63264.0,48553.84,5000.0,802.0,802.0,0.0,0.0,0.0,0.6,0.6,0.7014814814814814,62.0
S2_Balanced_one_factory,67,23847.473191278394,137400.0,82440.0,53834.0,40868.04,5000.0,687.0,687.0,0.0,0.0,0.0,0.6,0.6,0.6066666666666667,7.0
S2_Balanced_one_factory,68,23537.74696183286,134200.0,80520.0,52522.0,39805.31999999999,5000.0,671.0,671.0,0.0,0.0,0.0,0.6,0.6,0.5981481481481482,2.0
S2_Balanced_one_factory,69,24650.463992890378,137600.0,82560.0,53916.0,40934.45999999999,5000.0,688.0,688.0,0.0,0.0,0.0,0.6,0.6,0.6162962962962962,14.0
S2_Balanced_one_factory,70,24193.120857170197,136400.0,81840.0,53424.0,40535.94,5000.0,682.0,682.0,0.0,0.0,0.0,0.6,0.6,0.6096296296296297,13.0
S2_Balanced_one_factory,71,25180.2755856398,141800.0,85080.0,55638.0,42329.28,5000.0,709.0,709.0,0.0,0.0,0.0,0.6,0.6,0.6322222222222222,5.0
S2_Balanced_one_factory,72,25605.365830999697,145000.0,87000.0,56950.0,43407.58,5000.0,725.0,725.0,0.0,0.0,0.0,0.6,0.6,0.6466666666666667,10.0
S2_Balanced_one_factory,73,23867.432771201886,143000.0,85800.0,56130.0,42775.3,5000.0,715.0,715.0,0.0,0.0,0.0,0.6,0.6,0.6255555555555556,25.0
S2_Balanced_one_factory,74,26087.36382235713,150600.0,90360.0,59246.0,45299.26,5000.0,753.0,753.0,0.0,0.0,0.0,0.6,0.6,0.6651851851851852,26.0
S2_Balanced_one_factory,75,22564.026705772598,127400.0,76440.0,49734.0,37547.03999999999,5000.0,637.0,637.0,0.0,0.0,0.0,0.6,0.6,0.5774074074074075,0.0
S2_Balanced_one_factory,76,25115.974200445733,141200.0,84720.0,55392.0,42130.020000000004,5000.0,706.0,706.0,0.0,0.0,0.0,0.6,0.6,0.6296296296296297,19.0
S2_Balanced_one_factory,77,22677.244555896825,129000.0,77400.0,50390.0,38078.4,5000.0,645.0,645.0,0.0,0.0,0.0,0.6,0.6,0.5807407407407408,2.0
S2_Balanced_one_factory,78,24374.374005923626,141800.0,85080.0,55638.0,42376.780000000006,5000.0,709.0,709.0,0.0,0.0,0.0,0.6,0.6,0.6292592592592592,9.0
S2_Balanced_one_factory,79,25392.68362965903,148000.0,88800.0,58180.0,44435.799999999996,5000.0,740.0,740.0,0.0,0.0,0.0,0.6,0.6,0.6511111111111111,21.0
S2_Balanced_one_factory,80,25276.239858481316,143400.0,86040.0,56294.0,42860.64,5000.0,717.0,717.0,0.0,0.0,0.0,0.6,0.6,0.638148148148148,20.0
S2_Balanced_one_factory,81,22486.97059035156,131600.0,78960.0,51456.0,38989.36000000001,5000.0,658.0,658.0,0.0,0.0,0.0,0.6,0.6,0.5837037037037036,7.0
S2_Balanced_one_factory,82,23870.728462863684,139400.0,83640.0,54654.0,41579.740000000005,5000.0,697.0,697.0,0.0,0.0,0.0,0.6,0.6,0.6177777777777779,9.0
S2_Balanced_one_factory,83,26505.499352356943,158200.0,94920.0,62362.0,47823.22,5000.0,791.0,791.0,0.0,0.0,0.0,0.6,0.6,0.6959259259259258,50.0
S2_Balanced_one_factory,84,25575.574192318873,141600.0,84960.0,55556.0,42262.86,5000.0,708.0,708.0,0.0,0.0,0.0,0.6,0.6,0.6351851851851852,11.0
S2_Balanced_one_factory,85,22567.52902435968,131800.0,79080.0,51538.0,39008.28,5000.0,659.0,659.0,0.0,0.0,0.0,0.6,0.6,0.5792592592592593,1.0
S2_Balanced_one_factory,86,25712.773281385613,146200.0,87720.0,57442.0,43838.020000000004,5000.0,731.0,731.0,0.0,0.0,0.0,0.6,0.6,0.65,18.0
S2_Balanced_one_factory,87,25594.53151315529,150800.0,90480.0,59328.0,45365.68,5000.0,754.0,754.0,0.0,0.0,0.0,0.6,0.6,0.6674074074074074,28.0
S2_Balanced_one_factory,88,22502.386396446083,126200.0,75720.0,49242.0,37148.520000000004,5000.0,631.0,631.0,0.0,0.0,0.0,0.6,0.6,0.5770370370370371,12.0
S2_Balanced_one_factory,89,24988.372113714115,139800.0,83880.0,54818.0,41665.079999999994,5000.0,699.0,699.0,0.0,0.0,0.0,0.6,0.6,0.6255555555555556,17.0
S2_Balanced_one_factory,90,21331.46617483439,124000.0,74400.0,48340.0,36417.9,5000.0,620.0,620.0,0.0,0.0,0.0,0.6,0.6,0.5455555555555556,3.0
S2_Balanced_one_factory,91,25948.277388430804,149000.0,89400.0,58590.0,44767.90000000001,5000.0,745.0,745.0,0.0,0.0,0.0,0.6,0.6,0.6588888888888889,11.0
S2_Balanced_one_factory,92,24818.760006018336,142600.0,85560.0,55966.0,42642.46,5000.0,713.0,713.0,0.0,0.0,0.0,0.6,0.6,0.6340740740740741,6.0
S2_Balanced_one_factory,93,26275.086436354693,166600.0,99960.0,65806.0,50612.86000000001,5000.0,859.0,833.0,26.0,0.0,0.01938610662358643,0.6,0.6,0.7255555555555555,104.0
S2_Balanced_one_factory,94,24614.00889712123,151000.0,90600.0,59410.0,45432.100000000006,5000.0,755.0,755.0,0.0,0.0,0.0,0.6,0.6,0.6592592592592592,48.0
S2_Balanced_one_factory,95,23625.688004428248,135600.0,81360.0,53096.0,40270.259999999995,5000.0,678.0,678.0,0.0,0.0,0.0,0.6,0.6,0.6033333333333333,2.0
S2_Balanced_one_factory,96,25170.310197898958,144400.0,86640.0,56704.0,43240.23999999999,5000.0,722.0,722.0,0.0,0.0,0.0,0.6,0.6,0.6437037037037037,8.0
S2_Balanced_one_factory,97,22774.681534698233,130000.0,78000.0,50800.0,38410.5,5000.0,650.0,650.0,0.0,0.0,0.0,0.6,0.6,0.5803703703703704,10.0
S2_Balanced_one_factory,98,23342.47059734467,134000.0,80400.0,52440.0,39738.9,5000.0,670.0,670.0,0.0,0.0,0.0,0.6,0.6,0.5951851851851853,3.0
S2_Balanced_one_factory,99,23281.934950988743,129600.0,77760.0,50636.0,38277.66,5000.0,648.0,648.0,0.0,0.0,0.0,0.6,0.6,0.5888888888888888,1.0
S2_Balanced_one_factory,100,25524.60749770165,145200.0,87120.0,57032.0,43489.58,5000.0,726.0,726.0,0.0,0.0,0.0,0.6,0.6,0.6451851851851852,17.0
S2_Balanced_one_factory,101,24564.158467972175,140200.0,84120.0,54982.0,41845.42,5000.0,701.0,701.0,0.0,0.0,0.0,0.6,0.6,0.6296296296296297,10.0
S2_Balanced_one_factory,102,25860.942138119026,153800.0,92280.0,60558.0,46361.98,5000.0,769.0,769.0,0.0,0.0,0.0,0.6,0.6,0.6759259259259259,34.0
S2_Balanced_one_factory,103,25967.89652807147,158200.0,94920.0,62362.0,47823.22,5000.0,791.0,791.0,0.0,0.0,0.0,0.6,0.6,0.6925925925925926,58.0
S2_Balanced_one_factory,104,25315.822553850823,143000.0,85800.0,56130.0,42727.799999999996,5000.0,715.0,715.0,0.0,0.0,0.0,0.6,0.6,0.6340740740740741,16.0
S2_Balanced_one_factory,105,24917.885653598973,151600.0,90960.0,59656.0,45631.36,5000.0,758.0,758.0,0.0,0.0,0.0,0.6,0.6,0.6607407407407407,42.0
S2_Balanced_one_factory,106,26091.788536960303,152600.0,91560.0,60066.0,45963.46,5000.0,763.0,763.0,0.0,0.0,0.0,0.6,0.6,0.6725925925925925,38.0
S2_Balanced_one_factory,107,21425.29458376367,120400.0,72240.0,46864.0,35222.340000000004,5000.0,602.0,602.0,0.0,0.0,0.0,0.6,0.6,0.5448148148148149,0.0
S2_Balanced_one_factory,108,26330.723125531622,159000.0,95400.0,62690.0,48088.9,5000.0,795.0,795.0,0.0,0.0,0.0,0.6,0.6,0.6977777777777778,51.0
S2_Balanced_one_factory,109,26471.050535093094,148600.0,89160.0,58426.0,44587.56,5000.0,743.0,743.0,0.0,0.0,0.0,0.6,0.6,0.6607407407407407,31.0
S2_Balanced_one_factory,110,23089.62768860003,130200.0,78120.0,50882.0,38476.92,5000.0,651.0,651.0,0.0,0.0,0.0,0.6,0.6,0.5885185185185186,9.0
S2_Balanced_one_factory,111,23488.533665742103,133000.0,79800.0,52030.0,39406.8,5000.0,665.0,665.0,0.0,0.0,0.0,0.6,0.6,0.5977777777777777,0.0
S2_Balanced_one_factory,112,25953.89810815174,147000.0,88200.0,57770.0,44071.780000000006,5000.0,735.0,735.0,0.0,0.0,0.0,0.6,0.6,0.6537037037037037,12.0
S2_Balanced_one_factory,113,23869.093418653778,136800.0,82080.0,53588.0,40668.78,5000.0,684.0,684.0,0.0,0.0,0.0,0.6,0.6,0.6107407407407408,1.0
S2_Balanced_one_factory,114,24590.42540940461,140400.0,84240.0,55064.0,41895.50000000001,5000.0,702.0,702.0,0.0,0.0,0.0,0.6,0.6,0.6274074074074074,3.0
S2_Balanced_one_factory,115,26139.61590347036,152200.0,91320.0,59902.0,45830.62,5000.0,761.0,761.0,0.0,0.0,0.0,0.6,0.6,0.6737037037037036,23.0
S2_Balanced_one_factory,116,26351.176474987362,147600.0,88560.0,58016.0,44255.46000000001,5000.0,738.0,738.0,0.0,0.0,0.0,0.6,0.6,0.6577777777777778,21.0
S2_Balanced_one_factory,117,25271.285143078152,147800.0,88680.0,58098.0,44369.380000000005,5000.0,739.0,739.0,0.0,0.0,0.0,0.6,0.6,0.6514814814814814,16.0
S2_Balanced_one_factory,118,23081.099375136575,133000.0,79800.0,52030.0,39406.8,5000.0,665.0,665.0,0.0,0.0,0.0,0.6,0.6,0.5918518518518519,2.0
S2_Balanced_one_factory,119,22059.395077001485,128800.0,77280.0,50308.0,38011.98,5000.0,644.0,644.0,0.0,0.0,0.0,0.6,0.6,0.5725925925925925,0.0
S2_Balanced_one_factory,120,26505.499352356943,152200.0,91320.0,59902.0,45830.62,5000.0,761.0,761.0,0.0,0.0,0.0,0.6,0.6,0.6737037037037036,22.0
S2_Balanced_one_factory,121,25477.047581136118,154800.0,92880.0,60968.0,46694.08000000001,5000.0,774.0,774.0,0.0,0.0,0.0,0.6,0.6,0.6766666666666666,45.0
S2_Balanced_one_factory,122,25316.48021149328,149800.0,89880.0,58918.0,45033.58000000001,5000.0,749.0,749.0,0.0,0.0,0.0,0.6,0.6,0.657037037037037,49.0
S2_Balanced_one_factory,123,25607.49439605665,149600.0,89760.0,58836.0,44967.16,5000.0,748.0,748.0,0.0,0.0,0.0,0.6,0.6,0.6592592592592593,19.0
S2_Balanced_one_factory,124,26326.29841092845,165000.0,99000.0,65150.0,50081.5,5000.0,825.0,825.0,0.0,0.0,0.0,0.6,0.6,0.7200000000000001,81.0
S2_Balanced_one_factory,125,24832.571776507495,144400.0,86640.0,56704.0,43240.24000000001,5000.0,722.0,722.0,0.0,0.0,0.0,0.6,0.6,0.638888888888889,11.0
S2_Balanced_one_factory,126,26565.23299949977,152400.0,91440.0,59984.0,45897.04,5000.0,762.0,762.0,0.0,0.0,0.0,0.6,0.6,0.6748148148148148,35.0
S2_Balanced_one_factory,127,26386.032058071283,167000.0,100200.0,65970.0,50745.70000000001,5000.0,864.0,835.0,29.0,0.0,0.03776683087027915,0.6,0.6,0.7277777777777777,105.0
S2_Balanced_one_factory,128,24665.19537306724,145200.0,87120.0,57032.0,43505.920000000006,5000.0,726.0,726.0,0.0,0.0,0.0,0.6,0.6,0.6366666666666666,26.0
S2_Balanced_one_factory,129,22434.614461082045,125600.0,75360.0,48996.0,36949.259999999995,5000.0,628.0,628.0,0.0,0.0,0.0,0.6,0.6,0.5733333333333334,5.0
S2_Balanced_one_factory,130,25762.20594236781,151200.0,90720.0,59492.0,45498.520000000004,5000.0,756.0,756.0,0.0,0.0,0.0,0.6,0.6,0.6659259259259259,24.0
S2_Balanced_one_factory,131,24500.6084483443,138200.0,82920.0,54162.0,41133.72,5000.0,691.0,691.0,0.0,0.0,0.0,0.6,0.6,0.6166666666666667,2.0
S2_Balanced_one_factory,132,26260.624944899584,146800.0,88080.0,57688.0,43989.78,5000.0,734.0,734.0,0.0,0.0,0.0,0.6,0.6,0.6537037037037037,30.0
S2_Balanced_one_factory,133,22335.619430225885,129200.0,77520.0,50472.0,38144.81999999999,5000.0,646.0,646.0,0.0,0.0,0.0,0.6,0.6,0.5751851851851852,0.0
S2_Balanced_one_factory,134,26198.28772506646,147200.0,88320.0,57852.0,44122.62,5000.0,736.0,736.0,0.0,0.0,0.0,0.6,0.6,0.6548148148148148,14.0
S2_Balanced_one_factory,135,21922.86806969639,127400.0,76440.0,49734.0,37547.04,5000.0,637.0,637.0,0.0,0.0,0.0,0.6,0.6,0.5625925925925926,0.0
S2_Balanced_one_factory,136,24707.998217703414,144800.0,86880.0,56868.0,43373.08000000001,5000.0,724.0,724.0,0.0,0.0,0.0,0.6,0.6,0.6385185185185185,15.0
S2_Balanced_one_factory,137,25921.43702473816,153000.0,91800.0,60230.0,46096.3,5000.0,765.0,765.0,0.0,0.0,0.0,0.6,0.6,0.672962962962963,44.0
S2_Balanced_one_factory,138,23894.981303416596,137800.0,82680.0,53998.0,41048.38,5000.0,689.0,689.0,0.0,0.0,0.0,0.6,0.6,0.6125925925925926,6.0
S2_Balanced_one_factory,139,26505.499352356943,162800.0,97680.0,64248.0,49350.880000000005,5000.0,814.0,814.0,0.0,0.0,0.0,0.6,0.6,0.7129629629629629,69.0
S2_Balanced_one_factory,140,23301.56131693621,132800.0,79680.0,51948.0,39340.380000000005,5000.0,664.0,664.0,0.0,0.0,0.0,0.6,0.6,0.5940740740740741,3.0
S2_Balanced_one_factory,141,23558.14877822573,133600.0,80160.0,52276.0,39606.06,5000.0,668.0,668.0,0.0,0.0,0.0,0.6,0.6,0.5981481481481481,3.0
S2_Balanced_one_factory,142,25326.225163502582,144800.0,86880.0,56868.0,43325.58,5000.0,724.0,724.0,0.0,0.0,0.0,0.6,0.6,0.6403703703703704,13.0
S2_Balanced_one_factory,143,19950.206260137413,115400.0,69240.0,44814.0,33561.84,5000.0,577.0,577.0,0.0,0.0,0.0,0.6,0.6,0.5185185185185186,3.0
S2_Balanced_one_factory,144,22450.5882269649,128600.0,77160.0,50226.0,37945.56,5000.0,643.0,643.0,0.0,0.0,0.0,0.6,0.6,0.572962962962963,0.0
S2_Balanced_one_factory,145,26624.966646642602,159800.0,95880.0,63018.0,48354.579999999994,5000.0,799.0,799.0,0.0,0.0,0.0,0.6,0.6,0.7025925925925927,50.0
S2_Balanced_one_factory,146,25629.994608962385,149200.0,89520.0,58672.0,44834.32000000001,5000.0,746.0,746.0,0.0,0.0,0.0,0.6,0.6,0.6566666666666666,21.0
S2_Balanced_one_factory,147,22116.525614147642,123400.0,74040.0,48094.0,36218.64,5000.0,617.0,617.0,0.0,0.0,0.0,0.6,0.6,0.5614814814814815,1.0
S2_Balanced_one_factory,148,21594.564703136988,128600.0,77160.0,50226.0,37992.3,5000.0,643.0,643.0,0.0,0.0,0.0,0.6,0.6,0.5640740740740741,3.0
S2_Balanced_one_factory,149,26403.075403209426,150600.0,90360.0,59246.0,45299.26000000001,5000.0,753.0,753.0,0.0,0.0,0.0,0.6,0.6,0.6670370370370371,22.0
S2_Balanced_one_factory,150,26160.37161330948,159200.0,95520.0,62772.0,48155.32000000001,5000.0,796.0,796.0,0.0,0.0,0.0,0.6,0.6,0.6974074074074074,59.0
S2_Balanced_one_factory,151,25932.45100480932,146200.0,87720.0,57442.0,43790.520000000004,5000.0,731.0,731.0,0.0,0.0,0.0,0.6,0.6,0.6496296296296297,31.0
S2_Balanced_one_factory,152,24467.650200219297,138800.0,83280.0,54408.0,41332.979999999996,5000.0,694.0,694.0,0.0,0.0,0.0,0.6,0.6,0.6159259259259261,2.0
S2_Balanced_one_factory,153,24073.910881688735,136400.0,81840.0,53424.0,40535.94,5000.0,682.0,682.0,0.0,0.0,0.0,0.6,0.6,0.6048148148148148,6.0
S2_Balanced_one_factory,154,24321.611771005017,137000.0,82200.0,53670.0,40735.200000000004,5000.0,685.0,685.0,0.0,0.0,0.0,0.6,0.6,0.6125925925925927,3.0
S2_Balanced_one_factory,155,25704.6260091827,153600.0,92160.0,60476.0,46295.560000000005,5000.0,768.0,768.0,0.0,0.0,0.0,0.6,0.6,0.6737037037037037,44.0
S2_Balanced_one_factory,156,23922.169543549942,138600.0,83160.0,54326.0,41266.560000000005,5000.0,693.0,693.0,0.0,0.0,0.0,0.6,0.6,0.6066666666666667,10.0
S2_Balanced_one_factory,157,23057.850152468654,129800.0,77880.0,50718.0,38344.079999999994,5000.0,649.0,649.0,0.0,0.0,0.0,0.6,0.6,0.5881481481481482,9.0
S2_Balanced_one_factory,158,22165.514555661855,123200.0,73920.0,48012.0,36152.22,5000.0,616.0,616.0,0.0,0.0,0.0,0.6,0.6,0.5625925925925925,1.0
S2_Balanced_one_factory,159,25950.60093593636,146200.0,87720.0,57442.0,43790.520000000004,5000.0,731.0,731.0,0.0,0.0,0.0,0.6,0.6,0.6511111111111112,8.0
S2_Balanced_one_factory,160,22824.326386685643,140600.0,84360.0,55146.0,41978.26,5000.0,703.0,703.0,0.0,0.0,0.0,0.6,0.6,0.6144444444444445,35.0
S2_Balanced_one_factory,161,24724.236019655655,147200.0,88320.0,57852.0,44170.12,5000.0,736.0,736.0,0.0,0.0,0.0,0.6,0.6,0.6462962962962963,29.0
S2_Balanced_one_factory,162,22678.38473479241,128400.0,77040.0,50144.0,37879.14,5000.0,642.0,642.0,0.0,0.0,0.0,0.6,0.6,0.5781481481481483,0.0
S2_Balanced_one_factory,163,25759.934941722357,163400.0,98040.0,64494.0,49550.14,5000.0,817.0,817.0,0.0,0.0,0.0,0.6,0.6,0.7103703703703704,83.0
S2_Balanced_one_factory,164,26211.255831245966,153200.0,91920.0,60312.0,46162.72,5000.0,766.0,766.0,0.0,0.0,0.0,0.6,0.6,0.6755555555555557,26.0
S2_Balanced_one_factory,165,25335.91393722857,142600.0,85560.0,55966.0,42594.96000000001,5000.0,713.0,713.0,0.0,0.0,0.0,0.6,0.6,0.6374074074074074,16.0
S2_Balanced_one_factory,166,22951.07248562079,133200.0,79920.0,52112.0,39473.22,5000.0,666.0,666.0,0.0,0.0,0.0,0.6,0.6,0.5874074074074075,2.0
S2_Balanced_one_factory,167,26019.02656348591,151200.0,90720.0,59492.0,45498.520000000004,5000.0,756.0,756.0,0.0,0.0,0.0,0.6,0.6,0.6666666666666666,18.0
S2_Balanced_one_factory,168,26684.700293785434,153800.0,92280.0,60558.0,46361.98000000001,5000.0,769.0,769.0,0.0,0.0,0.0,0.6,0.6,0.6807407407407406,39.0
S2_Balanced_one_factory,169,24817.124347809742,141800.0,85080.0,55638.0,42329.28,5000.0,709.0,709.0,0.0,0.0,0.0,0.6,0.6,0.6262962962962962,7.0
S2_Balanced_one_factory,170,25090.395065663295,141800.0,85080.0,55638.0,42329.28,5000.0,709.0,709.0,0.0,0.0,0.0,0.6,0.6,0.6311111111111111,9.0
S2_Balanced_one_factory,171,24197.60531268192,139400.0,83640.0,54654.0,41579.74,5000.0,697.0,697.0,0.0,0.0,0.0,0.6,0.6,0.6188888888888889,14.0
S2_Balanced_one_factory,172,24905.412849032775,142800.0,85680.0,56048.0,42661.38,5000.0,714.0,714.0,0.0,0.0,0.0,0.6,0.6,0.6300000000000001,3.0
S2_Balanced_one_factory,173,25841.49270890147,144800.0,86880.0,56868.0,43325.58,5000.0,724.0,724.0,0.0,0.0,0.0,0.6,0.6,0.6448148148148148,14.0
S2_Balanced_one_factory,174,25981.170671880987,149200.0,89520.0,58672.0,44834.32000000001,5000.0,746.0,746.0,0.0,0.0,0.0,0.6,0.6,0.6592592592592593,23.0
S2_Balanced_one_factory,175,26514.021024926013,154200.0,92520.0,60722.0,46494.82,5000.0,771.0,771.0,0.0,0.0,0.0,0.6,0.6,0.6811111111111111,24.0
S2_Balanced_one_factory,176,24429.490443748513,144400.0,86640.0,56704.0,43240.24000000001,5000.0,722.0,722.0,0.0,0.0,0.0,0.6,0.6,0.6355555555555555,19.0
S2_Balanced_one_factory,177,24387.383359253447,137600.0,82560.0,53916.0,40934.46,5000.0,688.0,688.0,0.0,0.0,0.0,0.6,0.6,0.6162962962962963,18.0
S2_Balanced_one_factory,178,23241.8532866195,134600.0,80760.0,52686.0,39938.16,5000.0,673.0,673.0,0.0,0.0,0.0,0.6,0.6,0.5937037037037037,1.0
S2_Balanced_one_factory,179,24684.234623411823,149800.0,89880.0,58918.0,45033.58,5000.0,749.0,749.0,0.0,0.0,0.0,0.6,0.6,0.6522222222222223,36.0
S2_Balanced_one_factory,180,26175.60646787777,147200.0,88320.0,57852.0,44122.62,5000.0,736.0,736.0,0.0,0.0,0.0,0.6,0.6,0.6540740740740741,15.0
S2_Balanced_one_factory,181,25271.592726105402,159800.0,95880.0,63018.0,48354.58,5000.0,799.0,799.0,0.0,0.0,0.0,0.6,0.6,0.6937037037037037,74.0
S2_Balanced_one_factory,182,21975.829670957068,128200.0,76920.0,50062.0,37812.72000000001,5000.0,641.0,641.0,0.0,0.0,0.0,0.6,0.6,0.5677777777777778,3.0
S2_Balanced_one_factory,183,21427.73642423517,125000.0,75000.0,48750.0,36750.0,5000.0,625.0,625.0,0.0,0.0,0.0,0.6,0.6,0.5592592592592592,0.0
S2_Balanced_one_factory,184,26087.36382235713,164600.0,98760.0,64986.0,49948.659999999996,5000.0,830.0,823.0,7.0,0.0,0.012006861063464836,0.6,0.6,0.7170370370370371,97.0
S2_Balanced_one_factory,185,26624.966646642602,150600.0,90360.0,59246.0,45299.26,5000.0,753.0,753.0,0.0,0.0,0.0,0.6,0.6,0.6685185185185186,40.0
S2_Balanced_one_factory,186,23568.687256298886,134800.0,80880.0,52768.0,40035.740000000005,5000.0,674.0,674.0,0.0,0.0,0.0,0.6,0.6,0.6074074074074074,4.0
S2_Balanced_one_factory,187,24274.57598106639,146600.0,87960.0,57606.0,43970.86,5000.0,733.0,733.0,0.0,0.0,0.0,0.6,0.6,0.6381481481481482,29.0
S2_Balanced_one_factory,188,22890.128073614596,140600.0,84360.0,55146.0,41978.26,5000.0,703.0,703.0,0.0,0.0,0.0,0.6,0.6,0.6125925925925927,33.0
S2_Balanced_one_factory,189,24540.924796966854,139000.0,83400.0,54490.0,41399.40000000001,5000.0,695.0,695.0,0.0,0.0,0.0,0.6,0.6,0.6218518518518519,6.0
S2_Balanced_one_factory,190,26565.23299949977,159200.0,95520.0,62772.0,48155.32,5000.0,796.0,796.0,0.0,0.0,0.0,0.6,0.6,0.7,49.0
S2_Balanced_one_factory,191,26505.499352356943,154400.0,92640.0,60804.0,46561.240000000005,5000.0,772.0,772.0,0.0,0.0,0.0,0.6,0.6,0.6818518518518518,25.0
S2_Balanced_one_factory,192,26087.36382235713,157600.0,94560.0,62116.0,47623.96,5000.0,788.0,788.0,0.0,0.0,0.0,0.6,0.6,0.6911111111111111,53.0
S2_Balanced_one_factory,193,24572.102401276967,148600.0,89160.0,58426.0,44635.060000000005,5000.0,743.0,743.0,0.0,0.0,0.0,0.6,0.6,0.6474074074074074,33.0
S2_Balanced_one_factory,194,25388.340966614574,151400.0,90840.0,59574.0,45564.94,5000.0,757.0,757.0,0.0,0.0,0.0,0.6,0.6,0.662962962962963,31.0
S2_Balanced_one_factory,195,21159.208563679436,119600.0,71760.0,46536.0,34956.66,5000.0,598.0,598.0,0.0,0.0,0.0,0.6,0.6,0.5407407407407407,0.0
S2_Balanced_one_factory,196,23823.722399804392,139400.0,83640.0,54654.0,41579.74,5000.0,697.0,697.0,0.0,0.0,0.0,0.6,0.6,0.6166666666666667,9.0
S2_Balanced_one_factory,197,25761.824038292278,146000.0,87600.0,57360.0,43770.840000000004,5000.0,730.0,730.0,0.0,0.0,0.0,0.6,0.6,0.6496296296296297,5.0
S2_Balanced_one_factory,198,24828.259860411043,146200.0,87720.0,57442.0,43838.020000000004,5000.0,731.0,731.0,0.0,0.0,0.0,0.6,0.6,0.6425925925925925,20.0
S2_Balanced_one_factory,199,25906.985849007135,146400.0,87840.0,57524.0,43856.94,5000.0,732.0,732.0,0.0,0.0,0.0,0.6,0.6,0.6496296296296297,6.0
S2_Balanced_one_factory,200,25409.278645634313,145200.0,87120.0,57032.0,43458.420000000006,5000.0,726.0,726.0,0.0,0.0,0.0,0.6,0.6,0.6407407407407407,10.0
S2_Balanced_one_factory,201,26403.075403209426,167000.0,100200.0,65970.0,50745.70000000001,5000.0,856.0,835.0,21.0,0.0,0.004918032786885246,0.6,0.6,0.7277777777777779,108.0
S2_Balanced_one_factory,202,24800.04150390803,147400.0,88440.0,57934.0,44236.54,5000.0,737.0,737.0,0.0,0.0,0.0,0.6,0.6,0.6455555555555555,22.0
S2_Balanced_one_factory,203,25969.37339874929,145400.0,87240.0,57114.0,43524.840000000004,5000.0,727.0,727.0,0.0,0.0,0.0,0.6,0.6,0.6496296296296297,25.0
S2_Balanced_one_factory,204,24336.43548942162,135800.0,81480.0,53178.0,40336.67999999999,5000.0,679.0,679.0,0.0,0.0,0.0,0.6,0.6,0.607037037037037,20.0
S2_Balanced_one_factory,205,23230.211207271026,132400.0,79440.0,51784.0,39207.54,5000.0,662.0,662.0,0.0,0.0,0.0,0.6,0.6,0.5937037037037036,0.0
S2_Balanced_one_factory,206,26445.76570521411,155000.0,93000.0,61050.0,46760.50000000001,5000.0,775.0,775.0,0.0,0.0,0.0,0.6,0.6,0.6837037037037038,29.0
S2_Balanced_one_factory,207,25741.045081855296,144000.0,86400.0,56540.0,43059.899999999994,5000.0,720.0,720.0,0.0,0.0,0.0,0.6,0.6,0.6429629629629631,22.0
S2_Balanced_one_factory,208,20560.28612324329,117800.0,70680.0,45798.0,34358.88,5000.0,589.0,589.0,0.0,0.0,0.0,0.6,0.6,0.5355555555555556,0.0
S2_Balanced_one_factory,209,25819.013075590643,152600.0,91560.0,60066.0,45963.46,5000.0,763.0,763.0,0.0,0.0,0.0,0.6,0.6,0.6707407407407407,34.0
S2_Balanced_one_factory,210,26266.564763785624,157800.0,94680.0,62198.0,47690.38,5000.0,789.0,789.0,0.0,0.0,0.0,0.6,0.6,0.6929629629629629,50.0
S2_Balanced_one_factory,211,24985.133425129636,148000.0,88800.0,58180.0,44435.8,5000.0,740.0,740.0,0.0,0.0,0.0,0.6,0.6,0.6477777777777778,21.0
S2_Balanced_one_factory,212,23148.99908897273,130200.0,78120.0,50882.0,38476.92,5000.0,651.0,651.0,0.0,0.0,0.0,0.6,0.6,0.585925925925926,6.0
S2_Balanced_one_factory,213,26684.700293785434,153200.0,91920.0,60312.0,46162.72,5000.0,766.0,766.0,0.0,0.0,0.0,0.6,0.6,0.6785185185185185,32.0
S2_Balanced_one_factory,214,24735.57237809236,141200.0,84720.0,55392.0,42177.52,5000.0,706.0,706.0,0.0,0.0,0.0,0.6,0.6,0.6311111111111111,7.0
S2_Balanced_one_factory,215,23701.083773505216,134600.0,80760.0,52686.0,39938.16,5000.0,673.0,673.0,0.0,0.0,0.0,0.6,0.6,0.5992592592592592,1.0
S2_Balanced_one_factory,216,24398.685343850037,137800.0,82680.0,53998.0,41000.88,5000.0,689.0,689.0,0.0,0.0,0.0,0.6,0.6,0.6181481481481481,10.0
S2_Balanced_one_factory,217,26266.564763785624,155800.0,93480.0,61378.0,47026.18,5000.0,779.0,779.0,0.0,0.0,0.0,0.6,0.6,0.6855555555555556,47.0
S2_Balanced_one_factory,218,23079.00652188575,133000.0,79800.0,52030.0,39406.799999999996,5000.0,665.0,665.0,0.0,0.0,0.0,0.6,0.6,0.5896296296296296,0.0
S2_Balanced_one_factory,219,24293.228420472136,137200.0,82320.0,53752.0,40801.619999999995,5000.0,686.0,686.0,0.0,0.0,0.0,0.6,0.6,0.6155555555555556,6.0
S2_Balanced_one_factory,220,23386.25205751754,132200.0,79320.0,51702.0,39141.119999999995,5000.0,661.0,661.0,0.0,0.0,0.0,0.6,0.6,0.5914814814814816,0.0
S2_Balanced_one_factory,221,24940.62661158519,145000.0,87000.0,56950.0,43439.5,5000.0,725.0,725.0,0.0,0.0,0.0,0.6,0.6,0.6388888888888888,10.0
S2_Balanced_one_factory,222,24135.53587826734,139400.0,83640.0,54654.0,41532.240000000005,5000.0,697.0,697.0,0.0,0.0,0.0,0.6,0.6,0.6133333333333333,2.0
S2_Balanced_one_factory,223,23506.95252087361,132200.0,79320.0,51702.0,39141.119999999995,5000.0,661.0,661.0,0.0,0.0,0.0,0.6,0.6,0.5944444444444444,11.0
S2_Balanced_one_factory,224,25698.25228849097,147600.0,88560.0,58016.0,44302.96000000001,5000.0,738.0,738.0,0.0,0.0,0.0,0.6,0.6,0.6537037037037037,11.0
S2_Balanced_one_factory,225,26084.168195143728,155400.0,93240.0,61214.0,46893.340000000004,5000.0,777.0,777.0,0.0,0.0,0.0,0.6,0.6,0.6825925925925926,38.0
S2_Balanced_one_factory,226,25502.89064230366,144200.0,86520.0,56622.0,43126.32000000001,5000.0,721.0,721.0,0.0,0.0,0.0,0.6,0.6,0.638888888888889,15.0
S2_Balanced_one_factory,227,25925.86173934133,159000.0,95400.0,62690.0,48088.9,5000.0,795.0,795.0,0.0,0.0,0.0,0.6,0.6,0.6951851851851851,65.0
S2_Balanced_one_factory,228,24596.860207846763,149400.0,89640.0,58754.0,44900.740000000005,5000.0,747.0,747.0,0.0,0.0,0.0,0.6,0.6,0.6537037037037037,43.0
S2_Balanced_one_factory,229,24934.007268804897,150200.0,90120.0,59082.0,45166.420000000006,5000.0,751.0,751.0,0.0,0.0,0.0,0.6,0.6,0.6596296296296297,37.0
S2_Balanced_one_factory,230,24558.513314361262,144200.0,86520.0,56622.0,43173.820000000014,5000.0,721.0,721.0,0.0,0.0,0.0,0.6,0.6,0.6303703703703704,25.0
S2_Balanced_one_factory,231,21315.901758759086,122200.0,73320.0,47602.0,35820.12,5000.0,611.0,611.0,0.0,0.0,0.0,0.6,0.6,0.5544444444444444,2.0
S2_Balanced_one_factory,232,26160.043856672208,164600.0,98760.0,64986.0,49948.66000000001,5000.0,823.0,823.0,0.0,0.0,0.0,0.6,0.6,0.7174074074074074,82.0
S2_Balanced_one_factory,233,24645.52969006468,141400.0,84840.0,55474.0,42212.020000000004,5000.0,707.0,707.0,0.0,0.0,0.0,0.6,0.6,0.6255555555555556,2.0
S2_Balanced_one_factory,234,26624.966646642602,155600.0,93360.0,61296.0,46959.76,5000.0,778.0,778.0,0.0,0.0,0.0,0.6,0.6,0.6870370370370371,29.0
S2_Balanced_one_factory,235,22496.725775598807,125200.0,75120.0,48832.0,36816.42,5000.0,626.0,626.0,0.0,0.0,0.0,0.6,0.6,0.5685185185185185,9.0
S2_Balanced_one_factory,236,25628.36312341085,150200.0,90120.0,59082.0,45166.420000000006,5000.0,751.0,751.0,0.0,0.0,0.0,0.6,0.6,0.6618518518518518,21.0
S2_Balanced_one_factory,237,26266.564763785624,158600.0,95160.0,62526.0,47956.06,5000.0,793.0,793.0,0.0,0.0,0.0,0.6,0.6,0.6959259259259258,55.0
S2_Balanced_one_factory,238,23182.28192675018,130800.0,78480.0,51128.0,38676.17999999999,5000.0,654.0,654.0,0.0,0.0,0.0,0.6,0.6,0.587037037037037,2.0
S2_Balanced_one_factory,239,25169.218419845765,140000.0,84000.0,54900.0,41731.5,5000.0,700.0,700.0,0.0,0.0,0.0,0.6,0.6,0.6266666666666667,6.0
S2_Balanced_one_factory,240,25535.78915779141,143200.0,85920.0,56212.0,42794.22,5000.0,716.0,716.0,0.0,0.0,0.0,0.6,0.6,0.638888888888889,28.0
S2_Balanced_one_factory,241,22565.080165118845,129000.0,77400.0,50390.0,38078.4,5000.0,645.0,645.0,0.0,0.0,0.0,0.6,0.6,0.5766666666666667,0.0
S2_Balanced_one_factory,242,25727.963735010053,143200.0,85920.0,56212.0,42794.22,5000.0,716.0,716.0,0.0,0.0,0.0,0.6,0.6,0.6400000000000001,11.0
S2_Balanced_one_factory,243,24125.00636504146,140600.0,84360.0,55146.0,41977.50000000001,5000.0,703.0,703.0,0.0,0.0,0.0,0.6,0.6,0.6188888888888889,10.0
S2_Balanced_one_factory,244,24956.715367747394,142000.0,85200.0,55720.0,42395.70000000001,5000.0,710.0,710.0,0.0,0.0,0.0,0.6,0.6,0.6288888888888889,6.0
S2_Balanced_one_factory,245,26684.700293785434,168000.0,100800.0,66380.0,51077.80000000001,5000.0,843.0,840.0,3.0,0.0,0.0,0.6,0.6,0.7333333333333333,93.0
S2_Balanced_one_factory,246,26565.23299949977,156400.0,93840.0,61624.0,47225.439999999995,5000.0,782.0,782.0,0.0,0.0,0.0,0.6,0.6,0.6896296296296297,46.0
S2_Balanced_one_factory,247,26326.29841092845,150600.0,90360.0,59246.0,45299.26,5000.0,753.0,753.0,0.0,0.0,0.0,0.6,0.6,0.6666666666666666,24.0
S2_Balanced_one_factory,248,26057.030094040972,148800.0,89280.0,58508.0,44701.48,5000.0,744.0,744.0,0.0,0.0,0.0,0.6,0.6,0.6603703703703704,12.0
S2_Balanced_one_factory,249,24640.253148734075,139400.0,83640.0,54654.0,41532.23999999999,5000.0,697.0,697.0,0.0,0.0,0.0,0.6,0.6,0.6214814814814815,5.0
S2_Balanced_one_factory,250,26020.01349786471,149800.0,89880.0,58918.0,45033.58000000001,5000.0,749.0,749.0,0.0,0.0,0.0,0.6,0.6,0.6622222222222223,15.0
S2_Balanced_one_factory,251,26624.966646642602,167600.0,100560.0,66216.0,50944.96,5000.0,838.0,838.0,0.0,0.0,0.0,0.6,0.6,0.7314814814814815,89.0
S2_Balanced_one_factory,252,22863.419879801775,132400.0,79440.0,51784.0,39223.12,5000.0,662.0,662.0,0.0,0.0,0.0,0.6,0.6,0.5914814814814815,3.0
S2_Balanced_one_factory,253,26206.831116642792,157800.0,94680.0,62198.0,47690.380000000005,5000.0,789.0,789.0,0.0,0.0,0.0,0.6,0.6,0.6925925925925926,47.0
S2_Balanced_one_factory,254,24916.705009731024,138800.0,83280.0,54408.0,41332.98,5000.0,694.0,694.0,0.0,0.0,0.0,0.6,0.6,0.6237037037037038,28.0
S2_Balanced_one_factory,255,26445.76570521411,156600.0,93960.0,61706.0,47291.86000000001,5000.0,783.0,783.0,0.0,0.0,0.0,0.6,0.6,0.6896296296296297,39.0
S2_Balanced_one_factory,256,23024.16378703923,128400.0,77040.0,50144.0,37879.14,5000.0,642.0,642.0,0.0,0.0,0.0,0.6,0.6,0.5803703703703704,14.0
S2_Balanced_one_factory,257,25405.957773468548,156000.0,93600.0,61460.0,47092.6,5000.0,780.0,780.0,0.0,0.0,0.0,0.6,0.6,0.6807407407407406,58.0
S2_Balanced_one_factory,258,26520.198076219334,152200.0,91320.0,59902.0,45830.62,5000.0,761.0,761.0,0.0,0.0,0.0,0.6,0.6,0.6744444444444444,16.0
S2_Balanced_one_factory,259,25363.446938928202,143400.0,86040.0,56294.0,42860.64,5000.0,717.0,717.0,0.0,0.0,0.0,0.6,0.6,0.6366666666666667,12.0
S2_Balanced_one_factory,260,25235.26788662661,143800.0,86280.0,56458.0,43009.06,5000.0,719.0,719.0,0.0,0.0,0.0,0.6,0.6,0.638888888888889,7.0
S2_Balanced_one_factory,261,25469.978153007396,147000.0,88200.0,57770.0,44103.70000000001,5000.0,735.0,735.0,0.0,0.0,0.0,0.6,0.6,0.6485185185185185,8.0
S2_Balanced_one_factory,262,23592.095103502503,135200.0,81120.0,52932.0,40137.42,5000.0,676.0,676.0,0.0,0.0,0.0,0.6,0.6,0.6044444444444445,6.0
S2_Balanced_one_factory,263,25637.563270030292,151800.0,91080.0,59738.0,45697.780000000006,5000.0,759.0,759.0,0.0,0.0,0.0,0.6,0.6,0.6692592592592593,30.0
S2_Balanced_one_factory,264,26340.43627654082,147600.0,88560.0,58016.0,44255.46000000001,5000.0,738.0,738.0,0.0,0.0,0.0,0.6,0.6,0.6577777777777778,10.0
S2_Balanced_one_factory,265,22299.228334341526,129200.0,77520.0,50472.0,38144.82000000001,5000.0,646.0,646.0,0.0,0.0,0.0,0.6,0.6,0.5774074074074075,0.0
S2_Balanced_one_factory,266,24537.497411415497,140000.0,84000.0,54900.0,41747.08,5000.0,700.0,700.0,0.0,0.0,0.0,0.6,0.6,0.6233333333333333,6.0
S2_Balanced_one_factory,267,23348.62352934054,142000.0,85200.0,55720.0,42443.2,5000.0,710.0,710.0,0.0,0.0,0.0,0.6,0.6,0.6196296296296296,27.0
S2_Balanced_one_factory,268,23963.364859628033,137800.0,82680.0,53998.0,41016.46000000001,5000.0,689.0,689.0,0.0,0.0,0.0,0.6,0.6,0.6125925925925927,1.0
S2_Balanced_one_factory,269,22173.52030087144,129800.0,77880.0,50718.0,38391.58,5000.0,649.0,649.0,0.0,0.0,0.0,0.6,0.6,0.5833333333333334,10.0
S2_Balanced_one_factory,270,23583.3741087705,136000.0,81600.0,53260.0,40403.1,5000.0,680.0,680.0,0.0,0.0,0.0,0.6,0.6,0.6014814814814815,0.0
S2_Balanced_one_factory,271,25452.41727680186,151600.0,90960.0,59656.0,45631.36000000001,5000.0,758.0,758.0,0.0,0.0,0.0,0.6,0.6,0.6648148148148149,37.0
S2_Balanced_one_factory,272,24022.654457779114,139400.0,83640.0,54654.0,41578.98,5000.0,697.0,697.0,0.0,0.0,0.0,0.6,0.6,0.6133333333333334,8.0
S2_Balanced_one_factory,273,26206.831116642792,151000.0,90600.0,59410.0,45432.100000000006,5000.0,755.0,755.0,0.0,0.0,0.0,0.6,0.6,0.6674074074074074,21.0
S2_Balanced_one_factory,274,25686.7483496535,145400.0,87240.0,57114.0,43572.33999999999,5000.0,727.0,727.0,0.0,0.0,0.0,0.6,0.6,0.6492592592592593,16.0
S2_Balanced_one_factory,275,24728.209441434927,152200.0,91320.0,59902.0,45830.62000000001,5000.0,761.0,761.0,0.0,0.0,0.0,0.6,0.6,0.6629629629629629,49.0
S2_Balanced_one_factory,276,25183.16078349026,142200.0,85320.0,55802.0,42462.119999999995,5000.0,711.0,711.0,0.0,0.0,0.0,0.6,0.6,0.6318518518518519,8.0
S2_Balanced_one_factory,277,26505.499352356943,150400.0,90240.0,59164.0,45232.840000000004,5000.0,752.0,752.0,0.0,0.0,0.0,0.6,0.6,0.667037037037037,16.0
S2_Balanced_one_factory,278,26206.831116642792,152000.0,91200.0,59820.0,45764.200000000004,5000.0,760.0,760.0,0.0,0.0,0.0,0.6,0.6,0.6711111111111111,23.0
S2_Balanced_one_factory,279,23947.807230846967,138400.0,83040.0,54244.0,41200.14000000001,5000.0,692.0,692.0,0.0,0.0,0.0,0.6,0.6,0.6103703703703703,13.0
S2_Balanced_one_factory,280,25135.452540733222,144000.0,86400.0,56540.0,43107.4,5000.0,720.0,720.0,0.0,0.0,0.0,0.6,0.6,0.6411111111111112,10.0
S2_Balanced_one_factory,281,26206.831116642792,156000.0,93600.0,61460.0,47092.6,5000.0,780.0,780.0,0.0,0.0,0.0,0.6,0.6,0.6859259259259259,38.0
S2_Balanced_one_factory,282,23017.5328486571,134600.0,80760.0,52686.0,39953.740000000005,5000.0,673.0,673.0,0.0,0.0,0.0,0.6,0.6,0.5929629629629629,6.0
S2_Balanced_one_factory,283,23165.97231149373,134600.0,80760.0,52686.0,39953.740000000005,5000.0,673.0,673.0,0.0,0.0,0.0,0.6,0.6,0.5959259259259259,5.0
S2_Balanced_one_factory,284,26147.09746949996,152600.0,91560.0,60066.0,45963.46000000001,5000.0,763.0,763.0,0.0,0.0,0.0,0.6,0.6,0.6729629629629629,25.0
S2_Balanced_one_factory,285,25247.7141062531,143000.0,85800.0,56130.0,42727.799999999996,5000.0,715.0,715.0,0.0,0.0,0.0,0.6,0.6,0.635925925925926,8.0
S2_Balanced_one_factory,286,20901.3459359122,119800.0,71880.0,46618.0,35023.08,5000.0,599.0,599.0,0.0,0.0,0.0,0.6,0.6,0.5411111111111111,0.0
S2_Balanced_one_factory,287,25560.3714072245,144600.0,86760.0,56786.0,43259.16,5000.0,723.0,723.0,0.0,0.0,0.0,0.6,0.6,0.6440740740740741,2.0
S2_Balanced_one_factory,288,25506.10260007355,153800.0,92280.0,60558.0,46361.98,5000.0,769.0,769.0,0.0,0.0,0.0,0.6,0.6,0.672962962962963,42.0
S2_Balanced_one_factory,289,25617.352532287103,144800.0,86880.0,56868.0,43325.58,5000.0,724.0,724.0,0.0,0.0,0.0,0.6,0.6,0.6451851851851852,13.0
S2_Balanced_one_factory,290,24479.278416423596,137600.0,82560.0,53916.0,40934.46,5000.0,688.0,688.0,0.0,0.0,0.0,0.6,0.6,0.6144444444444446,4.0
S2_Balanced_one_factory,291,26458.794677421793,149000.0,89400.0,58590.0,44751.56,5000.0,745.0,745.0,0.0,0.0,0.0,0.6,0.6,0.662962962962963,36.0
S2_Balanced_one_factory,292,26178.830636376595,146800.0,88080.0,57688.0,43989.780000000006,5000.0,734.0,734.0,0.0,0.0,0.0,0.6,0.6,0.652962962962963,33.0
S2_Balanced_one_factory,293,21692.103591992083,129000.0,77400.0,50390.0,38125.9,5000.0,645.0,645.0,0.0,0.0,0.0,0.6,0.6,0.5714814814814815,5.0
S2_Balanced_one_factory,294,25881.525455377046,145200.0,87120.0,57032.0,43458.42,5000.0,726.0,726.0,0.0,0.0,0.0,0.6,0.6,0.6477777777777778,22.0
S2_Balanced_one_factory,295,24503.536971632886,143400.0,86040.0,56294.0,42908.14000000001,5000.0,717.0,717.0,0.0,0.0,0.0,0.6,0.6,0.6274074074074074,23.0
S2_Balanced_one_factory,296,23870.931894008656,136000.0,81600.0,53260.0,40403.1,5000.0,680.0,680.0,0.0,0.0,0.0,0.6,0.6,0.6051851851851853,0.0
S2_Balanced_one_factory,297,22738.762677264665,132000.0,79200.0,51620.0,39074.700000000004,5000.0,660.0,660.0,0.0,0.0,0.0,0.6,0.6,0.5833333333333334,3.0
S2_Balanced_one_factory,298,23652.913183224544,140200.0,84120.0,54982.0,41845.42000000001,5000.0,701.0,701.0,0.0,0.0,0.0,0.6,0.6,0.6096296296296296,14.0
S2_Balanced_one_factory,299,22792.43646842958,129600.0,77760.0,50636.0,38277.659999999996,5000.0,648.0,648.0,0.0,0.0,0.0,0.6,0.6,0.5781481481481482,0.0
S2_Balanced_one_factory,300,26423.75591997972,147800.0,88680.0,58098.0,44321.88,5000.0,739.0,739.0,0.0,0.0,0.0,0.6,0.6,0.6585185185185185,46.0
S3_Early_one_factory,1,24654.76308644221,147000.0,88200.0,57270.0,44198.7,5000.0,735.0,735.0,0.0,0.0,0.0,0.6,0.6,0.6062962962962962,16.0
S3_Early_one_factory,2,24813.658866022604,141200.0,84720.0,54892.0,42225.020000000004,5000.0,706.0,706.0,0.0,0.0,0.0,0.6,0.6,0.5848148148148148,8.0
S3_Early_one_factory,3,24181.636340969944,142600.0,85560.0,55466.0,42689.96000000001,5000.0,713.0,713.0,0.0,0.0,0.0,0.6,0.6,0.5851851851851853,11.0
S3_Early_one_factory,4,23740.23075046517,138600.0,83160.0,53826.0,41361.560000000005,5000.0,693.0,693.0,0.0,0.0,0.0,0.6,0.6,0.5733333333333334,0.0
S3_Early_one_factory,5,24142.17307172631,139400.0,83640.0,54154.0,41627.240000000005,5000.0,697.0,697.0,0.0,0.0,0.0,0.6,0.6,0.5748148148148149,7.0
S3_Early_one_factory,6,23607.830700553754,138600.0,83160.0,53826.0,41361.56,5000.0,693.0,693.0,0.0,0.0,0.0,0.6,0.6,0.5674074074074074,4.0
S3_Early_one_factory,7,22827.220850327772,136200.0,81720.0,52842.0,40564.520000000004,5000.0,681.0,681.0,0.0,0.0,0.0,0.6,0.6,0.5585185185185185,0.0
S3_Early_one_factory,8,25656.81314301867,157200.0,94320.0,61452.0,47586.119999999995,5000.0,786.0,786.0,0.0,0.0,0.0,0.6,0.6,0.6433333333333333,42.0
S3_Early_one_factory,9,23145.266734892964,134600.0,80760.0,52186.0,40033.16,5000.0,673.0,673.0,0.0,0.0,0.0,0.6,0.6,0.56,1.0
S3_Early_one_factory,10,25399.3729330452,146800.0,88080.0,57188.0,44132.280000000006,5000.0,734.0,734.0,0.0,0.0,0.0,0.6,0.6,0.6096296296296296,4.0
S3_Early_one_factory,11,23159.829502001652,143600.0,86160.0,55876.0,43069.560000000005,5000.0,718.0,718.0,0.0,0.0,0.0,0.6,0.6,0.5844444444444445,26.0
S3_Early_one_factory,12,24385.448743821064,152000.0,91200.0,59320.0,45859.200000000004,5000.0,760.0,760.0,0.0,0.0,0.0,0.6,0.6,0.6174074074074074,48.0
S3_Early_one_factory,13,23892.232778015918,146600.0,87960.0,57106.0,44065.86000000001,5000.0,733.0,733.0,0.0,0.0,0.0,0.6,0.6,0.5966666666666666,35.0
S3_Early_one_factory,14,22925.329846749108,135000.0,81000.0,52350.0,40166.0,5000.0,675.0,675.0,0.0,0.0,0.0,0.6,0.6,0.5596296296296296,6.0
S3_Early_one_factory,15,23190.544858682028,135200.0,81120.0,52432.0,40232.420000000006,5000.0,676.0,676.0,0.0,0.0,0.0,0.6,0.6,0.5633333333333332,0.0
S3_Early_one_factory,16,25019.387266453934,141600.0,84960.0,55056.0,42357.86,5000.0,708.0,708.0,0.0,0.0,0.0,0.6,0.6,0.5907407407407408,4.0
S3_Early_one_factory,17,25222.92374196135,147600.0,88560.0,57516.0,44397.96,5000.0,738.0,738.0,0.0,0.0,0.0,0.6,0.6,0.6074074074074074,7.0
S3_Early_one_factory,18,26566.024125550462,163600.0,98160.0,64076.0,49711.56,5000.0,818.0,818.0,0.0,0.0,0.0,0.6,0.6,0.6714814814814815,58.0
S3_Early_one_factory,19,23675.183006153955,138800.0,83280.0,53908.0,41427.98,5000.0,694.0,694.0,0.0,0.0,0.0,0.6,0.6,0.5688888888888889,9.0
S3_Early_one_factory,20,26082.206130181654,149600.0,89760.0,58336.0,45014.66,5000.0,748.0,748.0,0.0,0.0,0.0,0.6,0.6,0.6181481481481481,10.0
S3_Early_one_factory,21,24416.28829465729,148800.0,89280.0,58008.0,44796.48,5000.0,744.0,744.0,0.0,0.0,0.0,0.6,0.6,0.6103703703703703,29.0
S3_Early_one_factory,22,22799.03063190129,133600.0,80160.0,51776.0,39701.06,5000.0,668.0,668.0,0.0,0.0,0.0,0.6,0.6,0.5559259259259259,0.0
S3_Early_one_factory,23,26256.603405650087,158800.0,95280.0,62108.0,48117.48,5000.0,794.0,794.0,0.0,0.0,0.0,0.6,0.6,0.6492592592592593,37.0
S3_Early_one_factory,24,23103.4547932957,136400.0,81840.0,52924.0,40630.94,5000.0,682.0,682.0,0.0,0.0,0.0,0.6,0.6,0.5603703703703704,0.0
S3_Early_one_factory,25,24266.131952413954,140800.0,84480.0,54728.0,42138.92,5000.0,704.0,704.0,0.0,0.0,0.0,0.6,0.6,0.5848148148148148,3.0
S3_Early_one_factory,26,24097.782147779617,141000.0,84600.0,54810.0,42158.6,5000.0,705.0,705.0,0.0,0.0,0.0,0.6,0.6,0.5803703703703704,8.0
S3_Early_one_factory,27,23822.796397368616,136600.0,81960.0,53006.0,40697.36,5000.0,683.0,683.0,0.0,0.0,0.0,0.6,0.6,0.5666666666666667,3.0
S3_Early_one_factory,28,21645.716472312208,132000.0,79200.0,51120.0,39217.2,5000.0,660.0,660.0,0.0,0.0,0.0,0.6,0.6,0.5451851851851851,12.0
S3_Early_one_factory,29,23156.33014710652,144600.0,86760.0,56286.0,43401.66,5000.0,723.0,723.0,0.0,0.0,0.0,0.6,0.6,0.592962962962963,35.0
S3_Early_one_factory,30,23709.636488216307,137000.0,82200.0,53170.0,40830.2,5000.0,685.0,685.0,0.0,0.0,0.0,0.6,0.6,0.5655555555555556,8.0
S3_Early_one_factory,31,24509.12624578728,146200.0,87720.0,56942.0,43933.020000000004,5000.0,731.0,731.0,0.0,0.0,0.0,0.6,0.6,0.6025925925925926,16.0
S3_Early_one_factory,32,22713.473809519273,140400.0,84240.0,54564.0,42006.840000000004,5000.0,702.0,702.0,0.0,0.0,0.0,0.6,0.6,0.5725925925925924,21.0
S3_Early_one_factory,33,23677.233233391096,140200.0,84120.0,54482.0,41940.420000000006,5000.0,701.0,701.0,0.0,0.0,0.0,0.6,0.6,0.5814814814814816,11.0
S3_Early_one_factory,34,25233.179443330187,147800.0,88680.0,57598.0,44464.38000000001,5000.0,739.0,739.0,0.0,0.0,0.0,0.6,0.6,0.611111111111111,16.0
S3_Early_one_factory,35,25077.689354916125,142800.0,85680.0,55548.0,42756.38,5000.0,714.0,714.0,0.0,0.0,0.0,0.6,0.6,0.592962962962963,14.0
S3_Early_one_factory,36,23318.931028936975,133000.0,79800.0,51530.0,39501.8,5000.0,665.0,665.0,0.0,0.0,0.0,0.6,0.6,0.5574074074074074,1.0
S3_Early_one_factory,37,23776.02706714208,136800.0,82080.0,53088.0,40763.78,5000.0,684.0,684.0,0.0,0.0,0.0,0.6,0.6,0.5662962962962962,3.0
S3_Early_one_factory,38,23693.86106590409,137000.0,82200.0,53170.0,40830.2,5000.0,685.0,685.0,0.0,0.0,0.0,0.6,0.6,0.5674074074074074,6.0
S3_Early_one_factory,39,23278.8351564946,138200.0,82920.0,53662.0,41276.22,5000.0,691.0,691.0,0.0,0.0,0.0,0.6,0.6,0.5707407407407408,20.0
S3_Early_one_factory,40,25063.25441527305,152600.0,91560.0,59566.0,46058.46000000001,5000.0,763.0,763.0,0.0,0.0,0.0,0.6,0.6,0.6248148148148149,31.0
S3_Early_one_factory,41,22703.39889964576,134400.0,80640.0,52104.0,40014.240000000005,5000.0,672.0,672.0,0.0,0.0,0.0,0.6,0.6,0.5614814814814815,7.0
S3_Early_one_factory,42,24703.30460957068,154800.0,92880.0,60468.0,46789.08,5000.0,774.0,774.0,0.0,0.0,0.0,0.6,0.6,0.6307407407407407,50.0
S3_Early_one_factory,43,26598.376343642834,152800.0,91680.0,59648.0,46124.88000000001,5000.0,764.0,764.0,0.0,0.0,0.0,0.6,0.6,0.6314814814814814,13.0
S3_Early_one_factory,44,23700.865783604702,138400.0,83040.0,53744.0,41295.14,5000.0,692.0,692.0,0.0,0.0,0.0,0.6,0.6,0.5718518518518518,0.0
S3_Early_one_factory,45,26387.599540842937,150800.0,90480.0,58828.0,45413.18000000001,5000.0,754.0,754.0,0.0,0.0,0.0,0.6,0.6,0.6233333333333333,17.0
S3_Early_one_factory,46,24755.877069745802,142200.0,85320.0,55302.0,42557.119999999995,5000.0,711.0,711.0,0.0,0.0,0.0,0.6,0.6,0.5925925925925927,6.0
S3_Early_one_factory,47,23089.830759328583,134800.0,80880.0,52268.0,40099.579999999994,5000.0,674.0,674.0,0.0,0.0,0.0,0.6,0.6,0.562962962962963,3.0
S3_Early_one_factory,48,23713.398564388357,136400.0,81840.0,52924.0,40630.94,5000.0,682.0,682.0,0.0,0.0,0.0,0.6,0.6,0.5688888888888889,6.0
S3_Early_one_factory,49,26425.348955309357,157000.0,94200.0,61370.0,47519.700000000004,5000.0,785.0,785.0,0.0,0.0,0.0,0.6,0.6,0.6462962962962963,27.0
S3_Early_one_factory,50,24446.212439397717,142600.0,85560.0,55466.0,42689.96000000001,5000.0,713.0,713.0,0.0,0.0,0.0,0.6,0.6,0.5855555555555555,9.0
S3_Early_one_factory,51,24107.70477602497,139800.0,83880.0,54318.0,41760.08,5000.0,699.0,699.0,0.0,0.0,0.0,0.6,0.6,0.5796296296296296,5.0
S3_Early_one_factory,52,27572.195505784002,166600.0,99960.0,65306.0,50707.86000000001,5000.0,833.0,833.0,0.0,0.0,0.0,0.6,0.6,0.6822222222222223,51.0
S3_Early_one_factory,53,20378.752541193055,120800.0,72480.0,46528.0,35450.17999999999,5000.0,604.0,604.0,0.0,0.0,0.0,0.6,0.6,0.5077777777777778,4.0
S3_Early_one_factory,54,24291.252983236034,141600.0,84960.0,55056.0,42357.86,5000.0,708.0,708.0,0.0,0.0,0.0,0.6,0.6,0.5822222222222222,0.0
S3_Early_one_factory,55,23898.100914144383,139800.0,83880.0,54318.0,41791.240000000005,5000.0,699.0,699.0,0.0,0.0,0.0,0.6,0.6,0.5774074074074075,2.0
S3_Early_one_factory,56,25423.987015289695,145800.0,87480.0,56778.0,43752.68,5000.0,729.0,729.0,0.0,0.0,0.0,0.6,0.6,0.6059259259259259,5.0
S3_Early_one_factory,57,23140.8019117697,135000.0,81000.0,52350.0,40166.0,5000.0,675.0,675.0,0.0,0.0,0.0,0.6,0.6,0.5603703703703703,1.0
S3_Early_one_factory,58,24823.479357559234,143800.0,86280.0,55958.0,43088.48,5000.0,719.0,719.0,0.0,0.0,0.0,0.6,0.6,0.5951851851851853,7.0
S3_Early_one_factory,59,24371.75718966934,142200.0,85320.0,55302.0,42603.86000000001,5000.0,711.0,711.0,0.0,0.0,0.0,0.6,0.6,0.5903703703703704,5.0
S3_Early_one_factory,60,25689.345349655225,152000.0,91200.0,59320.0,45859.200000000004,5000.0,760.0,760.0,0.0,0.0,0.0,0.6,0.6,0.6218518518518519,15.0
S3_Early_one_factory,61,26479.96837099684,150400.0,90240.0,58664.0,45280.340000000004,5000.0,752.0,752.0,0.0,0.0,0.0,0.6,0.6,0.6192592592592593,14.0
S3_Early_one_factory,62,25834.020793567397,157800.0,94680.0,61698.0,47785.380000000005,5000.0,789.0,789.0,0.0,0.0,0.0,0.6,0.6,0.6459259259259259,42.0
S3_Early_one_factory,63,23246.38500619952,135800.0,81480.0,52678.0,40431.68,5000.0,679.0,679.0,0.0,0.0,0.0,0.6,0.6,0.5637037037037037,2.0
S3_Early_one_factory,64,20146.428783317646,118800.0,71280.0,45708.0,34785.979999999996,5000.0,594.0,594.0,0.0,0.0,0.0,0.6,0.6,0.4955555555555556,0.0
S3_Early_one_factory,65,21418.219590381792,127000.0,76200.0,49070.0,37509.200000000004,5000.0,635.0,635.0,0.0,0.0,0.0,0.6,0.6,0.5274074074074073,0.0
S3_Early_one_factory,66,26696.61489279748,160400.0,96240.0,62764.0,48648.840000000004,5000.0,802.0,802.0,0.0,0.0,0.0,0.6,0.6,0.6570370370370371,37.0
S3_Early_one_factory,67,23301.961983816156,137400.0,82440.0,53334.0,40963.04,5000.0,687.0,687.0,0.0,0.0,0.0,0.6,0.6,0.5659259259259259,7.0
S3_Early_one_factory,68,22998.7403490175,134200.0,80520.0,52022.0,39900.31999999999,5000.0,671.0,671.0,0.0,0.0,0.0,0.6,0.6,0.5551851851851851,0.0
S3_Early_one_factory,69,24159.336014894256,137600.0,82560.0,53416.0,41029.46000000001,5000.0,688.0,688.0,0.0,0.0,0.0,0.6,0.6,0.5718518518518518,7.0
S3_Early_one_factory,70,23736.82377895351,136400.0,81840.0,52924.0,40630.94,5000.0,682.0,682.0,0.0,0.0,0.0,0.6,0.6,0.5651851851851853,2.0
S3_Early_one_factory,71,24658.050827013365,141800.0,85080.0,55138.0,42424.28,5000.0,709.0,709.0,0.0,0.0,0.0,0.6,0.6,0.5877777777777777,2.0
S3_Early_one_factory,72,25120.737629432188,145000.0,87000.0,56450.0,43502.58,5000.0,725.0,725.0,0.0,0.0,0.0,0.6,0.6,0.6022222222222222,10.0
S3_Early_one_factory,73,23321.92156373965,143000.0,85800.0,55630.0,42870.3,5000.0,715.0,715.0,0.0,0.0,0.0,0.6,0.6,0.5888888888888889,25.0
S3_Early_one_factory,74,26176.901543844906,150600.0,90360.0,58746.0,45346.76,5000.0,753.0,753.0,0.0,0.0,0.0,0.6,0.6,0.6207407407407408,8.0
S3_Early_one_factory,75,22018.51549831036,127400.0,76440.0,49234.0,37642.03999999999,5000.0,637.0,637.0,0.0,0.0,0.0,0.6,0.6,0.5337037037037038,0.0
S3_Early_one_factory,76,24714.83608483453,141200.0,84720.0,54892.0,42225.020000000004,5000.0,706.0,706.0,0.0,0.0,0.0,0.6,0.6,0.5851851851851853,19.0
S3_Early_one_factory,77,22131.733348434587,129000.0,77400.0,49890.0,38173.4,5000.0,645.0,645.0,0.0,0.0,0.0,0.6,0.6,0.5374074074074074,2.0
S3_Early_one_factory,78,23856.702463550002,141800.0,85080.0,55138.0,42471.780000000006,5000.0,709.0,709.0,0.0,0.0,0.0,0.6,0.6,0.5848148148148148,9.0
S3_Early_one_factory,79,25172.431063849966,148000.0,88800.0,57680.0,44530.8,5000.0,740.0,740.0,0.0,0.0,0.0,0.6,0.6,0.6066666666666667,17.0
S3_Early_one_factory,80,24866.534950809262,143400.0,86040.0,55794.0,42955.64,5000.0,717.0,717.0,0.0,0.0,0.0,0.6,0.6,0.5937037037037036,6.0
S3_Early_one_factory,81,21941.459382889323,131600.0,78960.0,50956.0,39084.36000000001,5000.0,658.0,658.0,0.0,0.0,0.0,0.6,0.6,0.5474074074074073,7.0
S3_Early_one_factory,82,23325.217255401447,139400.0,83640.0,54154.0,41674.74,5000.0,697.0,697.0,0.0,0.0,0.0,0.6,0.6,0.5755555555555555,9.0
S3_Early_one_factory,83,27581.37257024564,158200.0,94920.0,61862.0,47918.22000000001,5000.0,791.0,791.0,0.0,0.0,0.0,0.6,0.6,0.6514814814814814,20.0
S3_Early_one_factory,84,25100.963066507542,141600.0,84960.0,55056.0,42357.86,5000.0,708.0,708.0,0.0,0.0,0.0,0.6,0.6,0.5907407407407408,10.0
S3_Early_one_factory,85,22022.01781689744,131800.0,79080.0,51038.0,39103.28,5000.0,659.0,659.0,0.0,0.0,0.0,0.6,0.6,0.5407407407407407,1.0
S3_Early_one_factory,86,25313.07063790992,146200.0,87720.0,56942.0,43933.020000000004,5000.0,731.0,731.0,0.0,0.0,0.0,0.6,0.6,0.6055555555555556,5.0
S3_Early_one_factory,87,25065.802159881983,150800.0,90480.0,58828.0,45460.68,5000.0,754.0,754.0,0.0,0.0,0.0,0.6,0.6,0.622962962962963,28.0
S3_Early_one_factory,88,21983.934302714835,126200.0,75720.0,48742.0,37243.520000000004,5000.0,631.0,631.0,0.0,0.0,0.0,0.6,0.6,0.5325925925925926,12.0
S3_Early_one_factory,89,24555.90112477801,139800.0,83880.0,54318.0,41760.08,5000.0,699.0,699.0,0.0,0.0,0.0,0.6,0.6,0.5811111111111111,7.0
S3_Early_one_factory,90,20785.954967372152,124000.0,74400.0,47840.0,36512.899999999994,5000.0,620.0,620.0,0.0,0.0,0.0,0.6,0.6,0.5066666666666667,3.0
S3_Early_one_factory,91,25459.616338182237,149000.0,89400.0,58090.0,44862.90000000001,5000.0,745.0,745.0,0.0,0.0,0.0,0.6,0.6,0.6144444444444445,9.0
S3_Early_one_factory,92,24293.022766282596,142600.0,85560.0,55466.0,42737.46,5000.0,713.0,713.0,0.0,0.0,0.0,0.6,0.6,0.5896296296296296,6.0
S3_Early_one_factory,93,26544.470846252654,170200.0,102120.0,66782.0,51903.420000000006,5000.0,859.0,851.0,8.0,0.0,0.0,0.6,0.6,0.6944444444444444,98.0
S3_Early_one_factory,94,24068.497689658994,151000.0,90600.0,58910.0,45527.100000000006,5000.0,755.0,755.0,0.0,0.0,0.0,0.6,0.6,0.6203703703703703,48.0
S3_Early_one_factory,95,23080.176796966007,135600.0,81360.0,52596.0,40365.259999999995,5000.0,678.0,678.0,0.0,0.0,0.0,0.6,0.6,0.5622222222222223,2.0
S3_Early_one_factory,96,24651.85810416771,144400.0,86640.0,56204.0,43335.23999999999,5000.0,722.0,722.0,0.0,0.0,0.0,0.6,0.6,0.5992592592592593,8.0
S3_Early_one_factory,97,22247.96137843807,130000.0,78000.0,50300.0,38505.5,5000.0,650.0,650.0,0.0,0.0,0.0,0.6,0.6,0.5362962962962963,7.0
S3_Early_one_factory,98,22796.95938988243,134000.0,80400.0,51940.0,39833.9,5000.0,670.0,670.0,0.0,0.0,0.0,0.6,0.6,0.5559259259259259,3.0
S3_Early_one_factory,99,22739.676040849943,129600.0,77760.0,50136.0,38372.66,5000.0,648.0,648.0,0.0,0.0,0.0,0.6,0.6,0.5451851851851851,0.0
S3_Early_one_factory,100,25102.1343116487,145200.0,87120.0,56532.0,43584.58,5000.0,726.0,726.0,0.0,0.0,0.0,0.6,0.6,0.6007407407407407,10.0
S3_Early_one_factory,101,24076.538152867102,140200.0,84120.0,54482.0,41940.42,5000.0,701.0,701.0,0.0,0.0,0.0,0.6,0.6,0.5851851851851851,10.0
S3_Early_one_factory,102,25361.743644542523,153800.0,92280.0,60058.0,46456.98,5000.0,769.0,769.0,0.0,0.0,0.0,0.6,0.6,0.6314814814814815,34.0
S3_Early_one_factory,103,27018.807984791165,158200.0,94920.0,61862.0,47918.22,5000.0,791.0,791.0,0.0,0.0,0.0,0.6,0.6,0.6481481481481481,23.0
S3_Early_one_factory,104,24849.03239045306,143000.0,85800.0,55630.0,42822.8,5000.0,715.0,715.0,0.0,0.0,0.0,0.6,0.6,0.5896296296296296,13.0
S3_Early_one_factory,105,24635.810529335075,151600.0,90960.0,59156.0,45726.36000000001,5000.0,758.0,758.0,0.0,0.0,0.0,0.6,0.6,0.6181481481481482,36.0
S3_Early_one_factory,106,25958.733676056254,152600.0,91560.0,59566.0,46058.46,5000.0,763.0,763.0,0.0,0.0,0.0,0.6,0.6,0.628148148148148,29.0
S3_Early_one_factory,107,20879.783376301435,120400.0,72240.0,46364.0,35317.340000000004,5000.0,602.0,602.0,0.0,0.0,0.0,0.6,0.6,0.5051851851851852,0.0
S3_Early_one_factory,108,26099.57897735274,159000.0,95400.0,62190.0,48183.9,5000.0,795.0,795.0,0.0,0.0,0.0,0.6,0.6,0.6533333333333332,44.0
S3_Early_one_factory,109,26380.823826200092,148600.0,89160.0,57926.0,44682.56,5000.0,743.0,743.0,0.0,0.0,0.0,0.6,0.6,0.6162962962962963,9.0
S3_Early_one_factory,110,22590.949562595277,130200.0,78120.0,50382.0,38571.92,5000.0,651.0,651.0,0.0,0.0,0.0,0.6,0.6,0.544074074074074,4.0
S3_Early_one_factory,111,22943.02245827987,133000.0,79800.0,51530.0,39501.8,5000.0,665.0,665.0,0.0,0.0,0.0,0.6,0.6,0.5548148148148148,0.0
S3_Early_one_factory,112,25468.489355226608,147000.0,88200.0,57270.0,44166.780000000006,5000.0,735.0,735.0,0.0,0.0,0.0,0.6,0.6,0.6092592592592593,8.0
S3_Early_one_factory,113,23323.582211191544,136800.0,82080.0,53088.0,40763.780000000006,5000.0,684.0,684.0,0.0,0.0,0.0,0.6,0.6,0.5666666666666667,1.0
S3_Early_one_factory,114,24058.18357502199,140400.0,84240.0,54564.0,41990.50000000001,5000.0,702.0,702.0,0.0,0.0,0.0,0.6,0.6,0.5829629629629629,2.0
S3_Early_one_factory,115,25607.894436659495,152200.0,91320.0,59402.0,45925.62,5000.0,761.0,761.0,0.0,0.0,0.0,0.6,0.6,0.6292592592592593,23.0
S3_Early_one_factory,116,26015.35867991141,147600.0,88560.0,57516.0,44350.46,5000.0,738.0,738.0,0.0,0.0,0.0,0.6,0.6,0.6133333333333334,4.0
S3_Early_one_factory,117,24732.27853026279,147800.0,88680.0,57598.0,44464.38,5000.0,739.0,739.0,0.0,0.0,0.0,0.6,0.6,0.6077777777777776,16.0
S3_Early_one_factory,118,22535.588167674337,133000.0,79800.0,51530.0,39501.8,5000.0,665.0,665.0,0.0,0.0,0.0,0.6,0.6,0.5492592592592592,2.0
S3_Early_one_factory,119,21513.883869539248,128800.0,77280.0,49808.0,38106.98,5000.0,644.0,644.0,0.0,0.0,0.0,0.6,0.6,0.5303703703703704,0.0
S3_Early_one_factory,120,26640.8361121285,152200.0,91320.0,59402.0,45878.12,5000.0,761.0,761.0,0.0,0.0,0.0,0.6,0.6,0.6292592592592593,8.0
S3_Early_one_factory,121,25370.596512337783,154800.0,92880.0,60468.0,46789.08,5000.0,774.0,774.0,0.0,0.0,0.0,0.6,0.6,0.632962962962963,35.0
S3_Early_one_factory,122,25183.16516680336,149800.0,89880.0,58418.0,45128.58000000001,5000.0,749.0,749.0,0.0,0.0,0.0,0.6,0.6,0.6125925925925926,40.0
S3_Early_one_factory,123,25065.495669703723,149600.0,89760.0,58336.0,45062.16,5000.0,748.0,748.0,0.0,0.0,0.0,0.6,0.6,0.6151851851851852,19.0
S3_Early_one_factory,124,26704.569735215056,165000.0,99000.0,64650.0,50176.5,5000.0,825.0,825.0,0.0,0.0,0.0,0.6,0.6,0.6755555555555556,61.0
S3_Early_one_factory,125,24324.136758532433,144400.0,86640.0,56204.0,43335.24000000001,5000.0,722.0,722.0,0.0,0.0,0.0,0.6,0.6,0.5944444444444444,11.0
S3_Early_one_factory,126,26913.39244804558,152400.0,91440.0,59484.0,45944.54,5000.0,762.0,762.0,0.0,0.0,0.0,0.6,0.6,0.6303703703703704,7.0
S3_Early_one_factory,127,27667.011027450862,172800.0,103680.0,67848.0,52766.88000000001,5000.0,864.0,864.0,0.0,0.0,0.0,0.6,0.6,0.7048148148148149,79.0
S3_Early_one_factory,128,24129.441057575314,145200.0,87120.0,56532.0,43600.920000000006,5000.0,726.0,726.0,0.0,0.0,0.0,0.6,0.6,0.5937037037037036,26.0
S3_Early_one_factory,129,21922.927145783546,125600.0,75360.0,48496.0,37044.26,5000.0,628.0,628.0,0.0,0.0,0.0,0.6,0.6,0.5288888888888889,0.0
S3_Early_one_factory,130,25226.45162687588,151200.0,90720.0,58992.0,45593.520000000004,5000.0,756.0,756.0,0.0,0.0,0.0,0.6,0.6,0.6218518518518519,24.0
S3_Early_one_factory,131,23955.09724088206,138200.0,82920.0,53662.0,41228.72,5000.0,691.0,691.0,0.0,0.0,0.0,0.6,0.6,0.5740740740740742,2.0
S3_Early_one_factory,132,26094.398901657558,146800.0,88080.0,57188.0,44084.78,5000.0,734.0,734.0,0.0,0.0,0.0,0.6,0.6,0.6092592592592593,11.0
S3_Early_one_factory,133,21790.108222763654,129200.0,77520.0,49972.0,38239.81999999999,5000.0,646.0,646.0,0.0,0.0,0.0,0.6,0.6,0.537037037037037,0.0
S3_Early_one_factory,134,25742.467650457213,147200.0,88320.0,57352.0,44217.62,5000.0,736.0,736.0,0.0,0.0,0.0,0.6,0.6,0.6103703703703705,9.0
S3_Early_one_factory,135,21377.35686223415,127400.0,76440.0,49234.0,37642.04,5000.0,637.0,637.0,0.0,0.0,0.0,0.6,0.6,0.5225925925925926,0.0
S3_Early_one_factory,136,24168.991604888048,144800.0,86880.0,56368.0,43468.08000000001,5000.0,724.0,724.0,0.0,0.0,0.0,0.6,0.6,0.5955555555555555,15.0
S3_Early_one_factory,137,26011.684898061245,153000.0,91800.0,59730.0,46191.3,5000.0,765.0,765.0,0.0,0.0,0.0,0.6,0.6,0.6285185185185185,30.0
S3_Early_one_factory,138,23376.0088421136,137800.0,82680.0,53498.0,41143.380000000005,5000.0,689.0,689.0,0.0,0.0,0.0,0.6,0.6,0.5681481481481482,5.0
S3_Early_one_factory,139,27668.810204574598,162800.0,97680.0,63748.0,49445.880000000005,5000.0,814.0,814.0,0.0,0.0,0.0,0.6,0.6,0.6685185185185186,32.0
S3_Early_one_factory,140,22765.807001444286,132800.0,79680.0,51448.0,39435.380000000005,5000.0,664.0,664.0,0.0,0.0,0.0,0.6,0.6,0.5514814814814815,0.0
S3_Early_one_factory,141,23022.394462733806,133600.0,80160.0,51776.0,39701.06,5000.0,668.0,668.0,0.0,0.0,0.0,0.6,0.6,0.5551851851851851,0.0
S3_Early_one_factory,142,24821.084379195043,144800.0,86880.0,56368.0,43420.58,5000.0,724.0,724.0,0.0,0.0,0.0,0.6,0.6,0.5959259259259259,7.0
S3_Early_one_factory,143,19414.451944645487,115400.0,69240.0,44314.0,33656.840000000004,5000.0,577.0,577.0,0.0,0.0,0.0,0.6,0.6,0.47814814814814816,0.0
S3_Early_one_factory,144,21905.077019502663,128600.0,77160.0,49726.0,38040.56,5000.0,643.0,643.0,0.0,0.0,0.0,0.6,0.6,0.5348148148148149,0.0
S3_Early_one_factory,145,27243.842926917023,159800.0,95880.0,62518.0,48449.58000000001,5000.0,799.0,799.0,0.0,0.0,0.0,0.6,0.6,0.6581481481481483,25.0
S3_Early_one_factory,146,25128.38941536654,149200.0,89520.0,58172.0,44929.32000000001,5000.0,746.0,746.0,0.0,0.0,0.0,0.6,0.6,0.6137037037037038,20.0
S3_Early_one_factory,147,21571.014406685405,123400.0,74040.0,47594.0,36313.64,5000.0,617.0,617.0,0.0,0.0,0.0,0.6,0.6,0.5196296296296297,1.0
S3_Early_one_factory,148,21049.05349567475,128600.0,77160.0,49726.0,38087.3,5000.0,643.0,643.0,0.0,0.0,0.0,0.6,0.6,0.5285185185185185,3.0
S3_Early_one_factory,149,26151.24664405349,150600.0,90360.0,58746.0,45393.50000000001,5000.0,753.0,753.0,0.0,0.0,0.0,0.6,0.6,0.6225925925925926,17.0
S3_Early_one_factory,150,26308.575424936203,159200.0,95520.0,62272.0,48250.32000000001,5000.0,796.0,796.0,0.0,0.0,0.0,0.6,0.6,0.652962962962963,44.0
S3_Early_one_factory,151,25668.87679437433,146200.0,87720.0,56942.0,43885.520000000004,5000.0,731.0,731.0,0.0,0.0,0.0,0.6,0.6,0.6051851851851852,11.0
S3_Early_one_factory,152,23928.643587403934,138800.0,83280.0,53908.0,41427.979999999996,5000.0,694.0,694.0,0.0,0.0,0.0,0.6,0.6,0.5714814814814814,1.0
S3_Early_one_factory,153,23546.50368319564,136400.0,81840.0,52924.0,40630.94,5000.0,682.0,682.0,0.0,0.0,0.0,0.6,0.6,0.5625925925925925,4.0
S3_Early_one_factory,154,23776.10056354278,137000.0,82200.0,53170.0,40830.200000000004,5000.0,685.0,685.0,0.0,0.0,0.0,0.6,0.6,0.5711111111111112,3.0
S3_Early_one_factory,155,25845.8048585908,153600.0,92160.0,59976.0,46390.560000000005,5000.0,768.0,768.0,0.0,0.0,0.0,0.6,0.6,0.6292592592592592,29.0
S3_Early_one_factory,156,23376.658336087705,138600.0,83160.0,53826.0,41361.56,5000.0,693.0,693.0,0.0,0.0,0.0,0.6,0.6,0.5677777777777778,10.0
S3_Early_one_factory,157,22536.666128985722,129800.0,77880.0,50218.0,38439.079999999994,5000.0,649.0,649.0,0.0,0.0,0.0,0.6,0.6,0.5437037037037037,9.0
S3_Early_one_factory,158,21626.76812663237,123200.0,73920.0,47512.0,36247.22,5000.0,616.0,616.0,0.0,0.0,0.0,0.6,0.6,0.5181481481481482,0.0
S3_Early_one_factory,159,25405.089728474122,146200.0,87720.0,56942.0,43885.520000000004,5000.0,731.0,731.0,0.0,0.0,0.0,0.6,0.6,0.6070370370370369,8.0
S3_Early_one_factory,160,22278.81517922341,140600.0,84360.0,54646.0,42073.26,5000.0,703.0,703.0,0.0,0.0,0.0,0.6,0.6,0.5774074074074075,35.0
S3_Early_one_factory,161,24181.977109516854,147200.0,88320.0,57352.0,44265.12000000001,5000.0,736.0,736.0,0.0,0.0,0.0,0.6,0.6,0.6029629629629629,29.0
S3_Early_one_factory,162,22132.873527330175,128400.0,77040.0,49644.0,37974.14,5000.0,642.0,642.0,0.0,0.0,0.0,0.6,0.6,0.5351851851851852,0.0
S3_Early_one_factory,163,25748.320862875422,163400.0,98040.0,63994.0,49645.14000000001,5000.0,817.0,817.0,0.0,0.0,0.0,0.6,0.6,0.6659259259259259,71.0
S3_Early_one_factory,164,26230.733714811082,153200.0,91920.0,59812.0,46257.72,5000.0,766.0,766.0,0.0,0.0,0.0,0.6,0.6,0.6311111111111111,14.0
S3_Early_one_factory,165,24870.539335815803,142600.0,85560.0,55466.0,42689.96,5000.0,713.0,713.0,0.0,0.0,0.0,0.6,0.6,0.5929629629629629,4.0
S3_Early_one_factory,166,22405.561278158555,133200.0,79920.0,51612.0,39568.22,5000.0,666.0,666.0,0.0,0.0,0.0,0.6,0.6,0.5485185185185185,2.0
S3_Early_one_factory,167,25753.99347719682,151200.0,90720.0,58992.0,45593.52,5000.0,756.0,756.0,0.0,0.0,0.0,0.6,0.6,0.6222222222222221,12.0
S3_Early_one_factory,168,27244.237289208817,153800.0,92280.0,60058.0,46409.48,5000.0,769.0,769.0,0.0,0.0,0.0,0.6,0.6,0.6362962962962962,23.0
S3_Early_one_factory,169,24294.37922161156,141800.0,85080.0,55138.0,42424.28,5000.0,709.0,709.0,0.0,0.0,0.0,0.6,0.6,0.5818518518518518,1.0
S3_Early_one_factory,170,24584.69197743992,141800.0,85080.0,55138.0,42424.28,5000.0,709.0,709.0,0.0,0.0,0.0,0.6,0.6,0.5866666666666667,0.0
S3_Early_one_factory,171,23740.281953976508,139400.0,83640.0,54154.0,41674.74,5000.0,697.0,697.0,0.0,0.0,0.0,0.6,0.6,0.5744444444444444,5.0
S3_Early_one_factory,172,24363.15393889398,142800.0,85680.0,55548.0,42756.38,5000.0,714.0,714.0,0.0,0.0,0.0,0.6,0.6,0.5877777777777777,3.0
S3_Early_one_factory,173,25414.233987841624,144800.0,86880.0,56368.0,43420.58,5000.0,724.0,724.0,0.0,0.0,0.0,0.6,0.6,0.6003703703703704,3.0
S3_Early_one_factory,174,25727.19539649158,149200.0,89520.0,58172.0,44912.98000000001,5000.0,746.0,746.0,0.0,0.0,0.0,0.6,0.6,0.6148148148148148,17.0
S3_Early_one_factory,175,26233.1287732442,154200.0,92520.0,60222.0,46589.820000000014,5000.0,771.0,771.0,0.0,0.0,0.0,0.6,0.6,0.6366666666666666,19.0
S3_Early_one_factory,176,23883.979236286275,144400.0,86640.0,56204.0,43335.240000000005,5000.0,722.0,722.0,0.0,0.0,0.0,0.6,0.6,0.5933333333333334,19.0
S3_Early_one_factory,177,23946.07575803411,137600.0,82560.0,53416.0,41029.46,5000.0,688.0,688.0,0.0,0.0,0.0,0.6,0.6,0.5718518518518518,9.0
S3_Early_one_factory,178,22696.34207915726,134600.0,80760.0,52186.0,40033.16,5000.0,673.0,673.0,0.0,0.0,0.0,0.6,0.6,0.5511111111111112,1.0
S3_Early_one_factory,179,24226.53544368237,149800.0,89880.0,58418.0,45128.579999999994,5000.0,749.0,749.0,0.0,0.0,0.0,0.6,0.6,0.6114814814814815,34.0
S3_Early_one_factory,180,25867.042003170434,147200.0,88320.0,57352.0,44217.619999999995,5000.0,736.0,736.0,0.0,0.0,0.0,0.6,0.6,0.6096296296296297,8.0
S3_Early_one_factory,181,24857.799560242333,159800.0,95880.0,62518.0,48449.58000000001,5000.0,799.0,799.0,0.0,0.0,0.0,0.6,0.6,0.6507407407407407,71.0
S3_Early_one_factory,182,21430.31846349483,128200.0,76920.0,49562.0,37907.72000000001,5000.0,641.0,641.0,0.0,0.0,0.0,0.6,0.6,0.5296296296296297,3.0
S3_Early_one_factory,183,20882.22521677293,125000.0,75000.0,48250.0,36845.0,5000.0,625.0,625.0,0.0,0.0,0.0,0.6,0.6,0.5185185185185186,0.0
S3_Early_one_factory,184,26874.83919587849,166000.0,99600.0,65060.0,50508.6,5000.0,830.0,830.0,0.0,0.0,0.0,0.6,0.6,0.6777777777777777,68.0
S3_Early_one_factory,185,26649.3960732577,150600.0,90360.0,58746.0,45346.759999999995,5000.0,753.0,753.0,0.0,0.0,0.0,0.6,0.6,0.6240740740740741,8.0
S3_Early_one_factory,186,23043.47038413489,134800.0,80880.0,52268.0,40130.740000000005,5000.0,674.0,674.0,0.0,0.0,0.0,0.6,0.6,0.562962962962963,4.0
S3_Early_one_factory,187,23735.56936825103,146600.0,87960.0,57106.0,44065.86000000001,5000.0,733.0,733.0,0.0,0.0,0.0,0.6,0.6,0.5985185185185186,29.0
S3_Early_one_factory,188,22344.616866152355,140600.0,84360.0,54646.0,42073.26,5000.0,703.0,703.0,0.0,0.0,0.0,0.6,0.6,0.5766666666666667,33.0
S3_Early_one_factory,189,24032.489778991796,139000.0,83400.0,53990.0,41494.40000000001,5000.0,695.0,695.0,0.0,0.0,0.0,0.6,0.6,0.5774074074074075,5.0
S3_Early_one_factory,190,27199.91544476609,159200.0,95520.0,62272.0,48250.32,5000.0,796.0,796.0,0.0,0.0,0.0,0.6,0.6,0.6555555555555554,23.0
S3_Early_one_factory,191,26639.39305576055,154400.0,92640.0,60304.0,46656.240000000005,5000.0,772.0,772.0,0.0,0.0,0.0,0.6,0.6,0.6374074074074073,10.0
S3_Early_one_factory,192,26177.611695680218,157600.0,94560.0,61616.0,47718.96,5000.0,788.0,788.0,0.0,0.0,0.0,0.6,0.6,0.6466666666666667,39.0
S3_Early_one_factory,193,24333.93329087946,148600.0,89160.0,57926.0,44730.06,5000.0,743.0,743.0,0.0,0.0,0.0,0.6,0.6,0.6048148148148148,26.0
S3_Early_one_factory,194,24842.829759152337,151400.0,90840.0,59074.0,45659.94,5000.0,757.0,757.0,0.0,0.0,0.0,0.6,0.6,0.621851851851852,31.0
S3_Early_one_factory,195,20613.6973562172,119600.0,71760.0,46036.0,35051.66,5000.0,598.0,598.0,0.0,0.0,0.0,0.6,0.6,0.5003703703703705,0.0
S3_Early_one_factory,196,23281.46348966559,139400.0,83640.0,54154.0,41674.740000000005,5000.0,697.0,697.0,0.0,0.0,0.0,0.6,0.6,0.5733333333333334,9.0
S3_Early_one_factory,197,25239.599279665847,146000.0,87600.0,56860.0,43865.840000000004,5000.0,730.0,730.0,0.0,0.0,0.0,0.6,0.6,0.6051851851851852,3.0
S3_Early_one_factory,198,24282.748652948805,146200.0,87720.0,56942.0,43933.02000000001,5000.0,731.0,731.0,0.0,0.0,0.0,0.6,0.6,0.5999999999999999,20.0
S3_Early_one_factory,199,25380.988425485517,146400.0,87840.0,57024.0,43951.94,5000.0,732.0,732.0,0.0,0.0,0.0,0.6,0.6,0.6074074074074074,6.0
S3_Early_one_factory,200,24936.265675497074,145200.0,87120.0,56532.0,43553.42,5000.0,726.0,726.0,0.0,0.0,0.0,0.6,0.6,0.5966666666666666,6.0
S3_Early_one_factory,201,26818.227779143803,171200.0,102720.0,67192.0,52235.52000000001,5000.0,856.0,856.0,0.0,0.0,0.0,0.6,0.6,0.698888888888889,90.0
S3_Early_one_factory,202,24254.530296445795,147400.0,88440.0,57434.0,44331.54,5000.0,737.0,737.0,0.0,0.0,0.0,0.6,0.6,0.6033333333333333,22.0
S3_Early_one_factory,203,25601.01362194006,145400.0,87240.0,56614.0,43619.840000000004,5000.0,727.0,727.0,0.0,0.0,0.0,0.6,0.6,0.6051851851851853,21.0
S3_Early_one_factory,204,23854.288313351375,135800.0,81480.0,52678.0,40431.67999999999,5000.0,679.0,679.0,0.0,0.0,0.0,0.6,0.6,0.5648148148148148,13.0
S3_Early_one_factory,205,22684.699999808785,132400.0,79440.0,51284.0,39302.54,5000.0,662.0,662.0,0.0,0.0,0.0,0.6,0.6,0.5514814814814815,0.0
S3_Early_one_factory,206,26112.95474270461,155000.0,93000.0,60550.0,46855.50000000001,5000.0,775.0,775.0,0.0,0.0,0.0,0.6,0.6,0.6392592592592593,25.0
S3_Early_one_factory,207,25450.210998595277,144000.0,86400.0,56040.0,43154.90000000001,5000.0,720.0,720.0,0.0,0.0,0.0,0.6,0.6,0.5985185185185186,13.0
S3_Early_one_factory,208,20014.774915781054,117800.0,70680.0,45298.0,34453.88,5000.0,589.0,589.0,0.0,0.0,0.0,0.6,0.6,0.4948148148148148,0.0
S3_Early_one_factory,209,25361.31389586119,152600.0,91560.0,59566.0,46058.46000000001,5000.0,763.0,763.0,0.0,0.0,0.0,0.6,0.6,0.6262962962962964,32.0
S3_Early_one_factory,210,26491.978113870722,157800.0,94680.0,61698.0,47785.380000000005,5000.0,789.0,789.0,0.0,0.0,0.0,0.6,0.6,0.6485185185185186,34.0
S3_Early_one_factory,211,24571.340259266566,148000.0,88800.0,57680.0,44530.80000000001,5000.0,740.0,740.0,0.0,0.0,0.0,0.6,0.6,0.6048148148148148,18.0
S3_Early_one_factory,212,22630.026627669737,130200.0,78120.0,50382.0,38571.92,5000.0,651.0,651.0,0.0,0.0,0.0,0.6,0.6,0.5414814814814815,0.0
S3_Early_one_factory,213,26897.96789052433,153200.0,91920.0,59812.0,46256.96,5000.0,766.0,766.0,0.0,0.0,0.0,0.6,0.6,0.6340740740740741,16.0
S3_Early_one_factory,214,24223.364695222113,141200.0,84720.0,54892.0,42272.52,5000.0,706.0,706.0,0.0,0.0,0.0,0.6,0.6,0.5866666666666667,4.0
S3_Early_one_factory,215,23158.824863366415,134600.0,80760.0,52186.0,40033.16,5000.0,673.0,673.0,0.0,0.0,0.0,0.6,0.6,0.5555555555555555,0.0
S3_Early_one_factory,216,23917.56962339184,137800.0,82680.0,53498.0,41095.88,5000.0,689.0,689.0,0.0,0.0,0.0,0.6,0.6,0.5737037037037037,10.0
S3_Early_one_factory,217,27248.52542869296,155800.0,93480.0,60878.0,47121.18000000001,5000.0,779.0,779.0,0.0,0.0,0.0,0.6,0.6,0.6411111111111112,13.0
S3_Early_one_factory,218,22533.49531442351,133000.0,79800.0,51530.0,39501.799999999996,5000.0,665.0,665.0,0.0,0.0,0.0,0.6,0.6,0.5485185185185185,0.0
S3_Early_one_factory,219,23781.801288959505,137200.0,82320.0,53252.0,40896.619999999995,5000.0,686.0,686.0,0.0,0.0,0.0,0.6,0.6,0.5711111111111111,1.0
S3_Early_one_factory,220,22840.740850055303,132200.0,79320.0,51202.0,39236.119999999995,5000.0,661.0,661.0,0.0,0.0,0.0,0.6,0.6,0.5518518518518518,0.0
S3_Early_one_factory,221,24401.379087856978,145000.0,87000.0,56450.0,43534.5,5000.0,725.0,725.0,0.0,0.0,0.0,0.6,0.6,0.5966666666666666,10.0
S3_Early_one_factory,222,23593.276968128543,139400.0,83640.0,54154.0,41627.24000000001,5000.0,697.0,697.0,0.0,0.0,0.0,0.6,0.6,0.5722222222222222,2.0
S3_Early_one_factory,223,22997.21658396917,132200.0,79320.0,51202.0,39236.119999999995,5000.0,661.0,661.0,0.0,0.0,0.0,0.6,0.6,0.5514814814814815,0.0
S3_Early_one_factory,224,25202.566276023776,147600.0,88560.0,57516.0,44397.96000000001,5000.0,738.0,738.0,0.0,0.0,0.0,0.6,0.6,0.6092592592592592,9.0
S3_Early_one_factory,225,25940.836074697625,155400.0,93240.0,60714.0,46988.34000000001,5000.0,777.0,777.0,0.0,0.0,0.0,0.6,0.6,0.6381481481481482,29.0
S3_Early_one_factory,226,25075.059699468904,144200.0,86520.0,56122.0,43221.32,5000.0,721.0,721.0,0.0,0.0,0.0,0.6,0.6,0.5951851851851853,7.0
S3_Early_one_factory,227,26063.52810764012,159000.0,95400.0,62190.0,48183.9,5000.0,795.0,795.0,0.0,0.0,0.0,0.6,0.6,0.6507407407407407,50.0
S3_Early_one_factory,228,24051.34900038452,149400.0,89640.0,58254.0,44995.740000000005,5000.0,747.0,747.0,0.0,0.0,0.0,0.6,0.6,0.6162962962962962,43.0
S3_Early_one_factory,229,24401.505250636405,150200.0,90120.0,58582.0,45261.420000000006,5000.0,751.0,751.0,0.0,0.0,0.0,0.6,0.6,0.6162962962962962,37.0
S3_Early_one_factory,230,24013.002106899028,144200.0,86520.0,56122.0,43268.82000000001,5000.0,721.0,721.0,0.0,0.0,0.0,0.6,0.6,0.5922222222222222,25.0
S3_Early_one_factory,231,20777.415513515472,122200.0,73320.0,47102.0,35915.12,5000.0,611.0,611.0,0.0,0.0,0.0,0.6,0.6,0.51,0.0
S3_Early_one_factory,232,26432.680563893602,164600.0,98760.0,64486.0,50043.66,5000.0,823.0,823.0,0.0,0.0,0.0,0.6,0.6,0.6729629629629629,64.0
S3_Early_one_factory,233,24106.523077249312,141400.0,84840.0,54974.0,42307.020000000004,5000.0,707.0,707.0,0.0,0.0,0.0,0.6,0.6,0.5822222222222222,1.0
S3_Early_one_factory,234,26390.24497140794,155600.0,93360.0,60796.0,47054.76,5000.0,778.0,778.0,0.0,0.0,0.0,0.6,0.6,0.6425925925925926,23.0
S3_Early_one_factory,235,21998.047649594053,125200.0,75120.0,48332.0,36911.42,5000.0,626.0,626.0,0.0,0.0,0.0,0.6,0.6,0.524074074074074,6.0
S3_Early_one_factory,236,25109.911029679606,150200.0,90120.0,58582.0,45261.420000000006,5000.0,751.0,751.0,0.0,0.0,0.0,0.6,0.6,0.6174074074074074,21.0
S3_Early_one_factory,237,27061.0650995256,158600.0,95160.0,62026.0,48051.060000000005,5000.0,793.0,793.0,0.0,0.0,0.0,0.6,0.6,0.6514814814814813,26.0
S3_Early_one_factory,238,22643.275313934817,130800.0,78480.0,50628.0,38771.17999999999,5000.0,654.0,654.0,0.0,0.0,0.0,0.6,0.6,0.542962962962963,0.0
S3_Early_one_factory,239,24658.612348414626,140000.0,84000.0,54400.0,41826.5,5000.0,700.0,700.0,0.0,0.0,0.0,0.6,0.6,0.5822222222222222,3.0
S3_Early_one_factory,240,25189.85836542078,143200.0,85920.0,55712.0,42889.22,5000.0,716.0,716.0,0.0,0.0,0.0,0.6,0.6,0.5944444444444446,10.0
S3_Early_one_factory,241,22019.56895765661,129000.0,77400.0,49890.0,38173.4,5000.0,645.0,645.0,0.0,0.0,0.0,0.6,0.6,0.5366666666666667,0.0
S3_Early_one_factory,242,25265.80366507831,143200.0,85920.0,55712.0,42889.22,5000.0,716.0,716.0,0.0,0.0,0.0,0.6,0.6,0.5955555555555557,5.0
S3_Early_one_factory,243,23592.022525047276,140600.0,84360.0,54646.0,42072.50000000001,5000.0,703.0,703.0,0.0,0.0,0.0,0.6,0.6,0.5755555555555555,10.0
S3_Early_one_factory,244,24411.20416028516,142000.0,85200.0,55220.0,42490.70000000001,5000.0,710.0,710.0,0.0,0.0,0.0,0.6,0.6,0.5862962962962963,6.0
S3_Early_one_factory,245,27661.849647209598,168600.0,101160.0,66126.0,51372.06000000001,5000.0,843.0,843.0,0.0,0.0,0.0,0.6,0.6,0.691111111111111,60.0
S3_Early_one_factory,246,27473.87848555401,156400.0,93840.0,61124.0,47320.44000000001,5000.0,782.0,782.0,0.0,0.0,0.0,0.6,0.6,0.6451851851851852,15.0
S3_Early_one_factory,247,26238.607406307703,150600.0,90360.0,58746.0,45346.76,5000.0,753.0,753.0,0.0,0.0,0.0,0.6,0.6,0.6222222222222222,14.0
S3_Early_one_factory,248,25524.046254046785,148800.0,89280.0,58008.0,44796.48,5000.0,744.0,744.0,0.0,0.0,0.0,0.6,0.6,0.6166666666666666,12.0
S3_Early_one_factory,249,24114.515908998335,139400.0,83640.0,54154.0,41627.240000000005,5000.0,697.0,697.0,0.0,0.0,0.0,0.6,0.6,0.5770370370370371,0.0
S3_Early_one_factory,250,25474.502290402474,149800.0,89880.0,58418.0,45128.58,5000.0,749.0,749.0,0.0,0.0,0.0,0.6,0.6,0.6211111111111111,15.0
S3_Early_one_factory,251,26587.008959475832,167600.0,100560.0,65716.0,51039.96000000001,5000.0,838.0,838.0,0.0,0.0,0.0,0.6,0.6,0.6870370370370371,78.0
S3_Early_one_factory,252,22317.90867233954,132400.0,79440.0,51284.0,39318.12,5000.0,662.0,662.0,0.0,0.0,0.0,0.6,0.6,0.5503703703703704,3.0
S3_Early_one_factory,253,26019.267752597952,157800.0,94680.0,61698.0,47785.380000000005,5000.0,789.0,789.0,0.0,0.0,0.0,0.6,0.6,0.6481481481481483,40.0
S3_Early_one_factory,254,24554.5896437828,138800.0,83280.0,53908.0,41427.979999999996,5000.0,694.0,694.0,0.0,0.0,0.0,0.6,0.6,0.5792592592592593,12.0
S3_Early_one_factory,255,26508.88941885974,156600.0,93960.0,61206.0,47386.86,5000.0,783.0,783.0,0.0,0.0,0.0,0.6,0.6,0.6451851851851853,26.0
S3_Early_one_factory,256,22552.284590979587,128400.0,77040.0,49644.0,37974.14,5000.0,642.0,642.0,0.0,0.0,0.0,0.6,0.6,0.5359259259259258,0.0
S3_Early_one_factory,257,25594.55511785235,156000.0,93600.0,60960.0,47187.6,5000.0,780.0,780.0,0.0,0.0,0.0,0.6,0.6,0.6362962962962962,42.0
S3_Early_one_factory,258,26070.381501558233,152200.0,91320.0,59402.0,45925.62,5000.0,761.0,761.0,0.0,0.0,0.0,0.6,0.6,0.63,15.0
S3_Early_one_factory,259,24902.630371986506,143400.0,86040.0,55794.0,42955.64,5000.0,717.0,717.0,0.0,0.0,0.0,0.6,0.6,0.5922222222222222,4.0
S3_Early_one_factory,260,24732.595457686853,143800.0,86280.0,55958.0,43104.06000000001,5000.0,719.0,719.0,0.0,0.0,0.0,0.6,0.6,0.5944444444444444,5.0
S3_Early_one_factory,261,24953.99780524196,147000.0,88200.0,57270.0,44198.70000000001,5000.0,735.0,735.0,0.0,0.0,0.0,0.6,0.6,0.6040740740740741,7.0
S3_Early_one_factory,262,23046.58389604027,135200.0,81120.0,52432.0,40232.42,5000.0,676.0,676.0,0.0,0.0,0.0,0.6,0.6,0.5618518518518518,6.0
S3_Early_one_factory,263,25095.56454367737,151800.0,91080.0,59238.0,45792.780000000006,5000.0,759.0,759.0,0.0,0.0,0.0,0.6,0.6,0.6248148148148149,30.0
S3_Early_one_factory,264,25847.019644872646,147600.0,88560.0,57516.0,44350.46,5000.0,738.0,738.0,0.0,0.0,0.0,0.6,0.6,0.6133333333333334,7.0
S3_Early_one_factory,265,21753.717126879288,129200.0,77520.0,49972.0,38239.82000000001,5000.0,646.0,646.0,0.0,0.0,0.0,0.6,0.6,0.535925925925926,0.0
S3_Early_one_factory,266,24018.5249501125,140000.0,84000.0,54400.0,41842.08,5000.0,700.0,700.0,0.0,0.0,0.0,0.6,0.6,0.5788888888888889,1.0
S3_Early_one_factory,267,22803.112321878303,142000.0,85200.0,55220.0,42538.2,5000.0,710.0,710.0,0.0,0.0,0.0,0.6,0.6,0.5777777777777778,27.0
S3_Early_one_factory,268,23417.8536521658,137800.0,82680.0,53498.0,41111.46,5000.0,689.0,689.0,0.0,0.0,0.0,0.6,0.6,0.5692592592592594,1.0
S3_Early_one_factory,269,21628.009093409204,129800.0,77880.0,50218.0,38486.58,5000.0,649.0,649.0,0.0,0.0,0.0,0.6,0.6,0.5422222222222222,10.0
S3_Early_one_factory,270,23037.86290130826,136000.0,81600.0,52760.0,40498.1,5000.0,680.0,680.0,0.0,0.0,0.0,0.6,0.6,0.5618518518518518,0.0
S3_Early_one_factory,271,25038.624110938792,151600.0,90960.0,59156.0,45726.36000000001,5000.0,758.0,758.0,0.0,0.0,0.0,0.6,0.6,0.6203703703703703,34.0
S3_Early_one_factory,272,23477.14325031688,139400.0,83640.0,54154.0,41673.98,5000.0,697.0,697.0,0.0,0.0,0.0,0.6,0.6,0.5751851851851852,8.0
S3_Early_one_factory,273,25977.544391601958,151000.0,90600.0,58910.0,45527.100000000006,5000.0,755.0,755.0,0.0,0.0,0.0,0.6,0.6,0.6229629629629628,10.0
S3_Early_one_factory,274,25206.822729104766,145400.0,87240.0,56614.0,43667.340000000004,5000.0,727.0,727.0,0.0,0.0,0.0,0.6,0.6,0.6048148148148148,6.0
S3_Early_one_factory,275,24182.69823397269,152200.0,91320.0,59402.0,45925.62000000001,5000.0,761.0,761.0,0.0,0.0,0.0,0.6,0.6,0.6218518518518519,49.0
S3_Early_one_factory,276,24670.692916834138,142200.0,85320.0,55302.0,42557.119999999995,5000.0,711.0,711.0,0.0,0.0,0.0,0.6,0.6,0.5874074074074075,3.0
S3_Early_one_factory,277,26139.124681469577,150400.0,90240.0,58664.0,45295.920000000006,5000.0,752.0,752.0,0.0,0.0,0.0,0.6,0.6,0.6225925925925926,12.0
S3_Early_one_factory,278,25945.657423177512,152000.0,91200.0,59320.0,45859.200000000004,5000.0,760.0,760.0,0.0,0.0,0.0,0.6,0.6,0.6266666666666666,21.0
S3_Early_one_factory,279,23402.29602338473,138400.0,83040.0,53744.0,41295.14,5000.0,692.0,692.0,0.0,0.0,0.0,0.6,0.6,0.5692592592592592,13.0
S3_Early_one_factory,280,24647.05167427053,144000.0,86400.0,56040.0,43202.40000000001,5000.0,720.0,720.0,0.0,0.0,0.0,0.6,0.6,0.5966666666666666,6.0
S3_Early_one_factory,281,26029.54501214001,156000.0,93600.0,60960.0,47187.6,5000.0,780.0,780.0,0.0,0.0,0.0,0.6,0.6,0.6414814814814815,31.0
S3_Early_one_factory,282,22472.021641194864,134600.0,80760.0,52186.0,40048.740000000005,5000.0,673.0,673.0,0.0,0.0,0.0,0.6,0.6,0.5540740740740742,6.0
S3_Early_one_factory,283,22620.461104031492,134600.0,80760.0,52186.0,40048.740000000005,5000.0,673.0,673.0,0.0,0.0,0.0,0.6,0.6,0.555925925925926,5.0
S3_Early_one_factory,284,26525.846778882908,152600.0,91560.0,59566.0,46057.700000000004,5000.0,763.0,763.0,0.0,0.0,0.0,0.6,0.6,0.6285185185185186,3.0
S3_Early_one_factory,285,24737.7950770549,143000.0,85800.0,55630.0,42822.799999999996,5000.0,715.0,715.0,0.0,0.0,0.0,0.6,0.6,0.5914814814814815,5.0
S3_Early_one_factory,286,20355.834728449965,119800.0,71880.0,46118.0,35118.08,5000.0,599.0,599.0,0.0,0.0,0.0,0.6,0.6,0.49962962962962965,0.0
S3_Early_one_factory,287,25025.13745930432,144600.0,86760.0,56286.0,43354.16,5000.0,723.0,723.0,0.0,0.0,0.0,0.6,0.6,0.5996296296296296,0.0
S3_Early_one_factory,288,25267.933489676045,153800.0,92280.0,60058.0,46456.98000000001,5000.0,769.0,769.0,0.0,0.0,0.0,0.6,0.6,0.6300000000000001,35.0
S3_Early_one_factory,289,25165.811035490024,144800.0,86880.0,56368.0,43420.58,5000.0,724.0,724.0,0.0,0.0,0.0,0.6,0.6,0.6007407407407407,6.0
S3_Early_one_factory,290,23946.776398255108,137600.0,82560.0,53416.0,41029.46,5000.0,688.0,688.0,0.0,0.0,0.0,0.6,0.6,0.57,0.0
S3_Early_one_factory,291,26209.70339656929,149000.0,89400.0,58090.0,44846.560000000005,5000.0,745.0,745.0,0.0,0.0,0.0,0.6,0.6,0.6185185185185185,25.0
S3_Early_one_factory,292,26050.625258223205,146800.0,88080.0,57188.0,44084.78,5000.0,734.0,734.0,0.0,0.0,0.0,0.6,0.6,0.6085185185185186,17.0
S3_Early_one_factory,293,21153.09697917672,129000.0,77400.0,49890.0,38220.9,5000.0,645.0,645.0,0.0,0.0,0.0,0.6,0.6,0.5292592592592593,5.0
S3_Early_one_factory,294,25545.073869624393,145200.0,87120.0,56532.0,43553.42,5000.0,726.0,726.0,0.0,0.0,0.0,0.6,0.6,0.6033333333333334,3.0
S3_Early_one_factory,295,23958.02576417065,143400.0,86040.0,55794.0,43003.14000000001,5000.0,717.0,717.0,0.0,0.0,0.0,0.6,0.6,0.5866666666666666,23.0
S3_Early_one_factory,296,23325.42068654642,136000.0,81600.0,52760.0,40498.1,5000.0,680.0,680.0,0.0,0.0,0.0,0.6,0.6,0.5666666666666667,0.0
S3_Early_one_factory,297,22193.251469802428,132000.0,79200.0,51120.0,39169.7,5000.0,660.0,660.0,0.0,0.0,0.0,0.6,0.6,0.5437037037037037,3.0
S3_Early_one_factory,298,23107.401975762306,140200.0,84120.0,54482.0,41940.42000000001,5000.0,701.0,701.0,0.0,0.0,0.0,0.6,0.6,0.5685185185185184,14.0
S3_Early_one_factory,299,22246.925260967346,129600.0,77760.0,50136.0,38372.66,5000.0,648.0,648.0,0.0,0.0,0.0,0.6,0.6,0.5377777777777778,0.0
S3_Early_one_factory,300,26305.596746050833,147800.0,88680.0,57598.0,44416.88,5000.0,739.0,739.0,0.0,0.0,0.0,0.6,0.6,0.6140740740740741,29.0
S4_Staged_two_factories,1,22063.238272885126,147000.0,88200.0,55270.0,39293.7,10000.0,735.0,735.0,0.0,0.0,0.0,0.6,0.6,0.5533333333333332,1.0
S4_Staged_two_factories,2,21730.594901166955,141200.0,84720.0,52892.0,37367.520000000004,10000.0,706.0,706.0,0.0,0.0,0.0,0.6,0.6,0.5409259259259259,8.0
S4_Staged_two_factories,3,21181.768582753564,142600.0,85560.0,53466.0,37832.46,10000.0,713.0,713.0,0.0,0.0,0.0,0.6,0.6,0.5353703703703704,11.0
S4_Staged_two_factories,4,20654.585007136793,138600.0,83160.0,51826.0,36504.060000000005,10000.0,693.0,693.0,0.0,0.0,0.0,0.6,0.6,0.5264814814814814,0.0
S4_Staged_two_factories,5,21056.527328397937,139400.0,83640.0,52154.0,36769.740000000005,10000.0,697.0,697.0,0.0,0.0,0.0,0.6,0.6,0.5307407407407407,7.0
S4_Staged_two_factories,6,20532.51207111629,138600.0,83160.0,51826.0,36504.06,10000.0,693.0,693.0,0.0,0.0,0.0,0.6,0.6,0.5205555555555554,1.0
S4_Staged_two_factories,7,19741.575106999397,136200.0,81720.0,50842.0,35707.020000000004,10000.0,681.0,681.0,0.0,0.0,0.0,0.6,0.6,0.5101851851851852,0.0
S4_Staged_two_factories,8,23930.184117825233,157200.0,94320.0,59452.0,42681.12,10000.0,786.0,786.0,0.0,0.0,0.0,0.6,0.6,0.5855555555555555,5.0
S4_Staged_two_factories,9,20059.62099156459,134600.0,80760.0,50186.0,35175.66,10000.0,673.0,673.0,0.0,0.0,0.0,0.6,0.6,0.5155555555555555,1.0
S4_Staged_two_factories,10,22396.818496660348,146800.0,88080.0,55188.0,39227.28,10000.0,734.0,734.0,0.0,0.0,0.0,0.6,0.6,0.5603703703703704,4.0
S4_Staged_two_factories,11,20848.138004979486,143600.0,86160.0,53876.0,38164.560000000005,10000.0,718.0,718.0,0.0,0.0,0.0,0.6,0.6,0.5296296296296296,0.0
S4_Staged_two_factories,12,22721.888543149194,152000.0,91200.0,57320.0,40954.200000000004,10000.0,760.0,760.0,0.0,0.0,0.0,0.6,0.6,0.56,32.0
S4_Staged_two_factories,13,21774.62166374791,146600.0,87960.0,55106.0,39160.86,10000.0,733.0,733.0,0.0,0.0,0.0,0.6,0.6,0.5424074074074074,20.0
S4_Staged_two_factories,14,19920.298531587272,135000.0,81000.0,50350.0,35308.5,10000.0,675.0,675.0,0.0,0.0,0.0,0.6,0.6,0.5125925925925926,0.0
S4_Staged_two_factories,15,20104.899115353648,135200.0,81120.0,50432.0,35374.920000000006,10000.0,676.0,676.0,0.0,0.0,0.0,0.6,0.6,0.5175925925925926,0.0
S4_Staged_two_factories,16,21933.741523125558,141600.0,84960.0,53056.0,37500.36,10000.0,708.0,708.0,0.0,0.0,0.0,0.6,0.6,0.5492592592592592,4.0
S4_Staged_two_factories,17,22348.983833396618,147600.0,88560.0,55516.0,39492.96,10000.0,738.0,738.0,0.0,0.0,0.0,0.6,0.6,0.5562962962962963,0.0
S4_Staged_two_factories,18,25198.631804186636,163600.0,98160.0,62076.0,44806.56,10000.0,818.0,818.0,0.0,0.0,0.0,0.6,0.6,0.6107407407407408,6.0
S4_Staged_two_factories,19,20639.644745135636,138800.0,83280.0,51908.0,36570.48,10000.0,694.0,694.0,0.0,0.0,0.0,0.6,0.6,0.5216666666666666,2.0
S4_Staged_two_factories,20,23074.066190882975,149600.0,89760.0,56336.0,40157.159999999996,10000.0,748.0,748.0,0.0,0.0,0.0,0.6,0.6,0.5685185185185184,10.0
S4_Staged_two_factories,21,22152.307249532707,148800.0,89280.0,56008.0,39891.479999999996,10000.0,744.0,744.0,0.0,0.0,0.0,0.6,0.6,0.5549999999999999,4.0
S4_Staged_two_factories,22,19713.384888572917,133600.0,80160.0,49776.0,34843.56,10000.0,668.0,668.0,0.0,0.0,0.0,0.6,0.6,0.5112962962962962,0.0
S4_Staged_two_factories,23,24375.83171566526,158800.0,95280.0,60108.0,43212.479999999996,10000.0,794.0,794.0,0.0,0.0,0.0,0.6,0.6,0.5924074074074074,10.0
S4_Staged_two_factories,24,20017.809049967324,136400.0,81840.0,50924.0,35773.439999999995,10000.0,682.0,682.0,0.0,0.0,0.0,0.6,0.6,0.5133333333333333,0.0
S4_Staged_two_factories,25,21236.99568772959,140800.0,84480.0,52728.0,37234.68,10000.0,704.0,704.0,0.0,0.0,0.0,0.6,0.6,0.5398148148148147,0.0
S4_Staged_two_factories,26,21025.045296814882,141000.0,84600.0,52810.0,37301.1,10000.0,705.0,705.0,0.0,0.0,0.0,0.6,0.6,0.5322222222222222,8.0
S4_Staged_two_factories,27,20737.15065404024,136600.0,81960.0,51006.0,35839.86,10000.0,683.0,683.0,0.0,0.0,0.0,0.6,0.6,0.5238888888888888,3.0
S4_Staged_two_factories,28,18880.158809754153,132000.0,79200.0,49120.0,34312.2,10000.0,660.0,660.0,0.0,0.0,0.0,0.6,0.6,0.49518518518518523,0.0
S4_Staged_two_factories,29,21107.163560882425,144600.0,86760.0,54286.0,38496.659999999996,10000.0,723.0,723.0,0.0,0.0,0.0,0.6,0.6,0.5364814814814814,0.0
S4_Staged_two_factories,30,20623.99074488793,137000.0,82200.0,51170.0,35972.7,10000.0,685.0,685.0,0.0,0.0,0.0,0.6,0.6,0.522962962962963,8.0
S4_Staged_two_factories,31,21812.69730648087,146200.0,87720.0,54942.0,39028.02,10000.0,731.0,731.0,0.0,0.0,0.0,0.6,0.6,0.5496296296296296,0.0
S4_Staged_two_factories,32,20298.853271191878,140400.0,84240.0,52564.0,37101.840000000004,10000.0,702.0,702.0,0.0,0.0,0.0,0.6,0.6,0.5190740740740741,0.0
S4_Staged_two_factories,33,20798.78891175741,140200.0,84120.0,52482.0,37035.42,10000.0,701.0,701.0,0.0,0.0,0.0,0.6,0.6,0.5311111111111111,0.0
S4_Staged_two_factories,34,22577.452265558783,147800.0,88680.0,55598.0,39559.380000000005,10000.0,739.0,739.0,0.0,0.0,0.0,0.6,0.6,0.5590740740740741,7.0
S4_Staged_two_factories,35,21992.04361158775,142800.0,85680.0,53548.0,37898.88,10000.0,714.0,714.0,0.0,0.0,0.0,0.6,0.6,0.5468518518518518,14.0
S4_Staged_two_factories,36,20233.285285608596,133000.0,79800.0,49530.0,34644.3,10000.0,665.0,665.0,0.0,0.0,0.0,0.6,0.6,0.519074074074074,1.0
S4_Staged_two_factories,37,20690.381323813708,136800.0,82080.0,51088.0,35906.28,10000.0,684.0,684.0,0.0,0.0,0.0,0.6,0.6,0.5235185185185185,3.0
S4_Staged_two_factories,38,20608.215322575714,137000.0,82200.0,51170.0,35972.7,10000.0,685.0,685.0,0.0,0.0,0.0,0.6,0.6,0.5249999999999999,6.0
S4_Staged_two_factories,39,20574.92313100936,138200.0,82920.0,51662.0,36371.22,10000.0,691.0,691.0,0.0,0.0,0.0,0.6,0.6,0.5220370370370372,0.0
S4_Staged_two_factories,40,22836.946355911143,152600.0,91560.0,57566.0,41153.46,10000.0,763.0,763.0,0.0,0.0,0.0,0.6,0.6,0.5690740740740741,12.0
S4_Staged_two_factories,41,19805.98578691836,134400.0,80640.0,50104.0,35109.240000000005,10000.0,672.0,672.0,0.0,0.0,0.0,0.6,0.6,0.5109259259259259,0.0
S4_Staged_two_factories,42,23021.93655601449,154800.0,92880.0,58468.0,41884.08,10000.0,774.0,774.0,0.0,0.0,0.0,0.6,0.6,0.5714814814814815,13.0
S4_Staged_two_factories,43,23621.639691985263,152800.0,91680.0,57648.0,41219.880000000005,10000.0,764.0,764.0,0.0,0.0,0.0,0.6,0.6,0.5814814814814816,10.0
S4_Staged_two_factories,44,20615.220040276326,138400.0,83040.0,51744.0,36437.64000000001,10000.0,692.0,692.0,0.0,0.0,0.0,0.6,0.6,0.5255555555555556,0.0
S4_Staged_two_factories,45,23520.50862591176,150800.0,90480.0,56828.0,40555.68,10000.0,754.0,754.0,0.0,0.0,0.0,0.6,0.6,0.5740740740740741,7.0
S4_Staged_two_factories,46,21670.231326417426,142200.0,85320.0,53302.0,37699.62,10000.0,711.0,711.0,0.0,0.0,0.0,0.6,0.6,0.5448148148148149,6.0
S4_Staged_two_factories,47,20004.185016000207,134800.0,80880.0,50268.0,35242.079999999994,10000.0,674.0,674.0,0.0,0.0,0.0,0.6,0.6,0.5155555555555555,3.0
S4_Staged_two_factories,48,20627.752821059978,136400.0,81840.0,50924.0,35773.44,10000.0,682.0,682.0,0.0,0.0,0.0,0.6,0.6,0.5274074074074074,6.0
S4_Staged_two_factories,49,24275.59790834464,157000.0,94200.0,59370.0,42614.700000000004,10000.0,785.0,785.0,0.0,0.0,0.0,0.6,0.6,0.5912962962962963,11.0
S4_Staged_two_factories,50,21491.81545221006,142600.0,85560.0,53466.0,37832.46,10000.0,713.0,713.0,0.0,0.0,0.0,0.6,0.6,0.5366666666666667,0.0
S4_Staged_two_factories,51,21061.839401115747,139800.0,83880.0,52318.0,36902.58,10000.0,699.0,699.0,0.0,0.0,0.0,0.6,0.6,0.5322222222222222,1.0
S4_Staged_two_factories,52,25781.523813105276,166600.0,99960.0,63306.0,45802.85999999999,10000.0,833.0,833.0,0.0,0.0,0.0,0.6,0.6,0.6227777777777778,18.0
S4_Staged_two_factories,53,17293.10679786468,120800.0,72480.0,44528.0,30592.68,10000.0,604.0,604.0,0.0,0.0,0.0,0.6,0.6,0.46499999999999997,4.0
S4_Staged_two_factories,54,21205.60723990766,141600.0,84960.0,53056.0,37500.36,10000.0,708.0,708.0,0.0,0.0,0.0,0.6,0.6,0.5346296296296296,0.0
S4_Staged_two_factories,55,20850.128156578678,139800.0,83880.0,52318.0,36902.58,10000.0,699.0,699.0,0.0,0.0,0.0,0.6,0.6,0.5303703703703704,2.0
S4_Staged_two_factories,56,22351.250164324956,145800.0,87480.0,54778.0,38895.17999999999,10000.0,729.0,729.0,0.0,0.0,0.0,0.6,0.6,0.5572222222222223,4.0
S4_Staged_two_factories,57,20055.156168441325,135000.0,81000.0,50350.0,35308.5,10000.0,675.0,675.0,0.0,0.0,0.0,0.6,0.6,0.5151851851851852,1.0
S4_Staged_two_factories,58,21755.90606353995,143800.0,86280.0,53958.0,38230.979999999996,10000.0,719.0,719.0,0.0,0.0,0.0,0.6,0.6,0.5472222222222223,7.0
S4_Staged_two_factories,59,21409.799615123753,142200.0,85320.0,53302.0,37699.62000000001,10000.0,711.0,711.0,0.0,0.0,0.0,0.6,0.6,0.5398148148148147,0.0
S4_Staged_two_factories,60,23084.437247918257,152000.0,91200.0,57320.0,40954.2,10000.0,760.0,760.0,0.0,0.0,0.0,0.6,0.6,0.5692592592592592,9.0
S4_Staged_two_factories,61,23421.194103723978,150400.0,90240.0,56664.0,40422.840000000004,10000.0,752.0,752.0,0.0,0.0,0.0,0.6,0.6,0.5724074074074075,14.0
S4_Staged_two_factories,62,24167.826364574936,157800.0,94680.0,59698.0,42880.38,10000.0,789.0,789.0,0.0,0.0,0.0,0.6,0.6,0.5881481481481481,9.0
S4_Staged_two_factories,63,20160.739262871142,135800.0,81480.0,50678.0,35574.18,10000.0,679.0,679.0,0.0,0.0,0.0,0.6,0.6,0.5172222222222222,2.0
S4_Staged_two_factories,64,17060.78303998927,118800.0,71280.0,43708.0,29928.48,10000.0,594.0,594.0,0.0,0.0,0.0,0.6,0.6,0.4557407407407407,0.0
S4_Staged_two_factories,65,18332.573847053416,127000.0,76200.0,47070.0,32651.699999999997,10000.0,635.0,635.0,0.0,0.0,0.0,0.6,0.6,0.48129629629629633,0.0
S4_Staged_two_factories,66,24718.68441248151,160400.0,96240.0,60764.0,43743.84,10000.0,802.0,802.0,0.0,0.0,0.0,0.6,0.6,0.6001851851851853,23.0
S4_Staged_two_factories,67,20310.36640668208,137400.0,82440.0,51334.0,36105.54000000001,10000.0,687.0,687.0,0.0,0.0,0.0,0.6,0.6,0.5192592592592593,0.0
S4_Staged_two_factories,68,19913.094605689123,134200.0,80520.0,50022.0,35042.81999999999,10000.0,671.0,671.0,0.0,0.0,0.0,0.6,0.6,0.5111111111111112,0.0
S4_Staged_two_factories,69,21073.690271565883,137600.0,82560.0,51416.0,36171.95999999999,10000.0,688.0,688.0,0.0,0.0,0.0,0.6,0.6,0.5303703703703704,7.0
S4_Staged_two_factories,70,20651.178035625133,136400.0,81840.0,50924.0,35773.44,10000.0,682.0,682.0,0.0,0.0,0.0,0.6,0.6,0.5231481481481481,2.0
S4_Staged_two_factories,71,21572.405083684993,141800.0,85080.0,53138.0,37566.78,10000.0,709.0,709.0,0.0,0.0,0.0,0.6,0.6,0.5431481481481482,2.0
S4_Staged_two_factories,72,22161.4142832072,145000.0,87000.0,54450.0,38629.49999999999,10000.0,725.0,725.0,0.0,0.0,0.0,0.6,0.6,0.5522222222222222,10.0
S4_Staged_two_factories,73,21029.408657202683,143000.0,85800.0,53630.0,37965.3,10000.0,715.0,715.0,0.0,0.0,0.0,0.6,0.6,0.5344444444444445,0.0
S4_Staged_two_factories,74,23185.305966710825,150600.0,90360.0,56746.0,40489.259999999995,10000.0,753.0,753.0,0.0,0.0,0.0,0.6,0.6,0.5712962962962963,8.0
S4_Staged_two_factories,75,18932.86975498199,127400.0,76440.0,47234.0,32784.53999999999,10000.0,637.0,637.0,0.0,0.0,0.0,0.6,0.6,0.49296296296296294,0.0
S4_Staged_two_factories,76,21629.19034150615,141200.0,84720.0,52892.0,37367.51999999999,10000.0,706.0,706.0,0.0,0.0,0.0,0.6,0.6,0.5405555555555556,19.0
S4_Staged_two_factories,77,19046.08760510622,129000.0,77400.0,47890.0,33315.899999999994,10000.0,645.0,645.0,0.0,0.0,0.0,0.6,0.6,0.4959259259259259,2.0
S4_Staged_two_factories,78,21021.199584320188,141800.0,85080.0,53138.0,37566.78,10000.0,709.0,709.0,0.0,0.0,0.0,0.6,0.6,0.5337037037037037,6.0
S4_Staged_two_factories,79,22489.120816298673,148000.0,88800.0,55680.0,39625.799999999996,10000.0,740.0,740.0,0.0,0.0,0.0,0.6,0.6,0.5551851851851851,10.0
S4_Staged_two_factories,80,21780.889207480886,143400.0,86040.0,53794.0,38098.13999999999,10000.0,717.0,717.0,0.0,0.0,0.0,0.6,0.6,0.5472222222222222,6.0
S4_Staged_two_factories,81,18987.669089730298,131600.0,78960.0,48956.0,34179.36,10000.0,658.0,658.0,0.0,0.0,0.0,0.6,0.6,0.500925925925926,0.0
S4_Staged_two_factories,82,20494.877933117084,139400.0,83640.0,52154.0,36769.74,10000.0,697.0,697.0,0.0,0.0,0.0,0.6,0.6,0.5238888888888888,4.0
S4_Staged_two_factories,83,24756.671200722976,158200.0,94920.0,59862.0,43013.22,10000.0,791.0,791.0,0.0,0.0,0.0,0.6,0.6,0.5996296296296297,20.0
S4_Staged_two_factories,84,22030.807994015533,141600.0,84960.0,53056.0,37500.36,10000.0,708.0,708.0,0.0,0.0,0.0,0.6,0.6,0.5481481481481482,10.0
S4_Staged_two_factories,85,18949.807811596824,131800.0,79080.0,49038.0,34245.78,10000.0,659.0,659.0,0.0,0.0,0.0,0.6,0.6,0.49407407407407417,0.0
S4_Staged_two_factories,86,22321.607358988218,146200.0,87720.0,54942.0,39028.02,10000.0,731.0,731.0,0.0,0.0,0.0,0.6,0.6,0.5590740740740741,3.0
S4_Staged_two_factories,87,22740.095629320065,150800.0,90480.0,56828.0,40555.68,10000.0,754.0,754.0,0.0,0.0,0.0,0.6,0.6,0.5677777777777777,3.0
S4_Staged_two_factories,88,18898.28855938646,126200.0,75720.0,46742.0,32386.02,10000.0,631.0,631.0,0.0,0.0,0.0,0.6,0.6,0.4948148148148148,12.0
S4_Staged_two_factories,89,21470.25538144963,139800.0,83880.0,52318.0,36902.58,10000.0,699.0,699.0,0.0,0.0,0.0,0.6,0.6,0.537962962962963,7.0
S4_Staged_two_factories,90,17700.30922404378,124000.0,74400.0,45840.0,31655.399999999998,10000.0,620.0,620.0,0.0,0.0,0.0,0.6,0.6,0.4653703703703703,3.0
S4_Staged_two_factories,91,22687.656679290238,149000.0,89400.0,56090.0,39957.90000000001,10000.0,745.0,745.0,0.0,0.0,0.0,0.6,0.6,0.5627777777777777,2.0
S4_Staged_two_factories,92,21328.14131566041,142600.0,85560.0,53466.0,37832.46,10000.0,713.0,713.0,0.0,0.0,0.0,0.6,0.6,0.5405555555555556,0.0
S4_Staged_two_factories,93,26037.70709809165,171800.0,103080.0,65438.0,47624.78,10000.0,859.0,859.0,0.0,0.0,0.0,0.6,0.6,0.6322222222222221,49.0
S4_Staged_two_factories,94,22412.525474861697,151000.0,90600.0,56910.0,40622.1,10000.0,755.0,755.0,0.0,0.0,0.0,0.6,0.6,0.5614814814814815,0.0
S4_Staged_two_factories,95,20021.402529693147,135600.0,81360.0,50596.0,35507.759999999995,10000.0,678.0,678.0,0.0,0.0,0.0,0.6,0.6,0.5144444444444445,1.0
S4_Staged_two_factories,96,21716.90430389002,144400.0,86640.0,54204.0,38430.24,10000.0,722.0,722.0,0.0,0.0,0.0,0.6,0.6,0.5488888888888889,6.0
S4_Staged_two_factories,97,19162.3156351097,130000.0,78000.0,48300.0,33648.0,10000.0,650.0,650.0,0.0,0.0,0.0,0.6,0.6,0.4972222222222222,7.0
S4_Staged_two_factories,98,19751.620860637322,134000.0,80400.0,49940.0,34976.399999999994,10000.0,670.0,670.0,0.0,0.0,0.0,0.6,0.6,0.5088888888888888,0.0
S4_Staged_two_factories,99,19654.03029752157,129600.0,77760.0,48136.0,33515.16,10000.0,648.0,648.0,0.0,0.0,0.0,0.6,0.6,0.5062962962962964,0.0
S4_Staged_two_factories,100,22188.518934360556,145200.0,87120.0,54532.0,38695.92,10000.0,726.0,726.0,0.0,0.0,0.0,0.6,0.6,0.5524074074074073,8.0
S4_Staged_two_factories,101,21141.584352589405,140200.0,84120.0,52482.0,37035.420000000006,10000.0,701.0,701.0,0.0,0.0,0.0,0.6,0.6,0.5390740740740741,10.0
S4_Staged_two_factories,102,23224.506942489705,153800.0,92280.0,58058.0,41551.98,10000.0,769.0,769.0,0.0,0.0,0.0,0.6,0.6,0.5751851851851852,3.0
S4_Staged_two_factories,103,24600.314778754684,158200.0,94920.0,59862.0,43013.22000000001,10000.0,791.0,791.0,0.0,0.0,0.0,0.6,0.6,0.5948148148148148,17.0
S4_Staged_two_factories,104,21958.17862360322,143000.0,85800.0,53630.0,37965.299999999996,10000.0,715.0,715.0,0.0,0.0,0.0,0.6,0.6,0.5433333333333333,5.0
S4_Staged_two_factories,105,22751.74546715315,151600.0,90960.0,57156.0,40821.36,10000.0,758.0,758.0,0.0,0.0,0.0,0.6,0.6,0.5618518518518518,29.0
S4_Staged_two_factories,106,23520.69238341406,152600.0,91560.0,57566.0,41153.45999999999,10000.0,763.0,763.0,0.0,0.0,0.0,0.6,0.6,0.5755555555555555,15.0
S4_Staged_two_factories,107,17794.13763297306,120400.0,72240.0,44364.0,30459.84,10000.0,602.0,602.0,0.0,0.0,0.0,0.6,0.6,0.46925925925925926,0.0
S4_Staged_two_factories,108,24359.461764283675,159000.0,95400.0,60190.0,43278.899999999994,10000.0,795.0,795.0,0.0,0.0,0.0,0.6,0.6,0.5951851851851852,11.0
S4_Staged_two_factories,109,23295.178082871713,148600.0,89160.0,55926.0,39825.06,10000.0,743.0,743.0,0.0,0.0,0.0,0.6,0.6,0.5725925925925925,9.0
S4_Staged_two_factories,110,19505.303819266905,130200.0,78120.0,48382.0,33714.42,10000.0,651.0,651.0,0.0,0.0,0.0,0.6,0.6,0.5027777777777778,4.0
S4_Staged_two_factories,111,19857.376714951497,133000.0,79800.0,49530.0,34644.3,10000.0,665.0,665.0,0.0,0.0,0.0,0.6,0.6,0.5122222222222221,0.0
S4_Staged_two_factories,112,22489.51302270017,147000.0,88200.0,55270.0,39293.700000000004,10000.0,735.0,735.0,0.0,0.0,0.0,0.6,0.6,0.5590740740740741,4.0
S4_Staged_two_factories,113,20240.518246335894,136800.0,82080.0,51088.0,35906.28,10000.0,684.0,684.0,0.0,0.0,0.0,0.6,0.6,0.519074074074074,0.0
S4_Staged_two_factories,114,21010.210817456285,140400.0,84240.0,52564.0,37101.840000000004,10000.0,702.0,702.0,0.0,0.0,0.0,0.6,0.6,0.5348148148148149,0.0
S4_Staged_two_factories,115,23244.33017227466,152200.0,91320.0,57402.0,41020.62,10000.0,761.0,761.0,0.0,0.0,0.0,0.6,0.6,0.575,7.0
S4_Staged_two_factories,116,22932.29471505576,147600.0,88560.0,55516.0,39492.96000000001,10000.0,738.0,738.0,0.0,0.0,0.0,0.6,0.6,0.5675925925925925,4.0
S4_Staged_two_factories,117,22138.171938232976,147800.0,88680.0,55598.0,39559.38,10000.0,739.0,739.0,0.0,0.0,0.0,0.6,0.6,0.5548148148148149,0.0
S4_Staged_two_factories,118,19449.942424345965,133000.0,79800.0,49530.0,34644.3,10000.0,665.0,665.0,0.0,0.0,0.0,0.6,0.6,0.5042592592592592,2.0
S4_Staged_two_factories,119,18428.238126210876,128800.0,77280.0,47808.0,33249.479999999996,10000.0,644.0,644.0,0.0,0.0,0.0,0.6,0.6,0.4837037037037037,0.0
S4_Staged_two_factories,120,23616.151810665215,152200.0,91320.0,57402.0,41020.619999999995,10000.0,761.0,761.0,0.0,0.0,0.0,0.6,0.6,0.5792592592592593,5.0
S4_Staged_two_factories,121,23249.61452469357,154800.0,92880.0,58468.0,41884.08,10000.0,774.0,774.0,0.0,0.0,0.0,0.6,0.6,0.5764814814814815,9.0
S4_Staged_two_factories,122,22908.934508966966,149800.0,89880.0,56418.0,40223.579999999994,10000.0,749.0,749.0,0.0,0.0,0.0,0.6,0.6,0.56,20.0
S4_Staged_two_factories,123,22589.67649160312,149600.0,89760.0,56336.0,40157.16,10000.0,748.0,748.0,0.0,0.0,0.0,0.6,0.6,0.5618518518518518,2.0
S4_Staged_two_factories,124,25490.31883716226,165000.0,99000.0,62650.0,45271.49999999999,10000.0,825.0,825.0,0.0,0.0,0.0,0.6,0.6,0.6142592592592593,11.0
S4_Staged_two_factories,125,21580.04981717631,144400.0,86640.0,54204.0,38430.24,10000.0,722.0,722.0,0.0,0.0,0.0,0.6,0.6,0.5435185185185186,6.0
S4_Staged_two_factories,126,23886.126368109562,152400.0,91440.0,57484.0,41087.04,10000.0,762.0,762.0,0.0,0.0,0.0,0.6,0.6,0.5814814814814816,5.0
S4_Staged_two_factories,127,26953.04585759517,172800.0,103680.0,65848.0,47861.88,10000.0,864.0,864.0,0.0,0.0,0.0,0.6,0.6,0.6401851851851852,44.0
S4_Staged_two_factories,128,21681.889144462326,145200.0,87120.0,54532.0,38695.920000000006,10000.0,726.0,726.0,0.0,0.0,0.0,0.6,0.6,0.5412962962962964,1.0
S4_Staged_two_factories,129,18837.281402455174,125600.0,75360.0,46496.0,32186.76,10000.0,628.0,628.0,0.0,0.0,0.0,0.6,0.6,0.4924074074074074,0.0
S4_Staged_two_factories,130,22835.726238679537,151200.0,90720.0,56992.0,40688.52,10000.0,756.0,756.0,0.0,0.0,0.0,0.6,0.6,0.5674074074074074,9.0
S4_Staged_two_factories,131,20896.322973609203,138200.0,82920.0,51662.0,36371.22,10000.0,691.0,691.0,0.0,0.0,0.0,0.6,0.6,0.527962962962963,0.0
S4_Staged_two_factories,132,23037.15272152918,146800.0,88080.0,55188.0,39227.28,10000.0,734.0,734.0,0.0,0.0,0.0,0.6,0.6,0.5651851851851852,5.0
S4_Staged_two_factories,133,18704.46247943528,129200.0,77520.0,47972.0,33382.32,10000.0,646.0,646.0,0.0,0.0,0.0,0.6,0.6,0.4918518518518518,0.0
S4_Staged_two_factories,134,22659.403685601566,147200.0,88320.0,55352.0,39360.12,10000.0,736.0,736.0,0.0,0.0,0.0,0.6,0.6,0.562037037037037,9.0
S4_Staged_two_factories,135,18291.71111890578,127400.0,76440.0,47234.0,32784.53999999999,10000.0,637.0,637.0,0.0,0.0,0.0,0.6,0.6,0.478888888888889,0.0
S4_Staged_two_factories,136,21489.396675502237,144800.0,86880.0,54368.0,38563.08,10000.0,724.0,724.0,0.0,0.0,0.0,0.6,0.6,0.5427777777777778,0.0
S4_Staged_two_factories,137,23644.457765358802,153000.0,91800.0,57730.0,41286.3,10000.0,765.0,765.0,0.0,0.0,0.0,0.6,0.6,0.575925925925926,19.0
S4_Staged_two_factories,138,20384.5455631919,137800.0,82680.0,51498.0,36238.38,10000.0,689.0,689.0,0.0,0.0,0.0,0.6,0.6,0.5227777777777778,0.0
S4_Staged_two_factories,139,25647.910883338125,162800.0,97680.0,61748.0,44540.880000000005,10000.0,814.0,814.0,0.0,0.0,0.0,0.6,0.6,0.6129629629629628,19.0
S4_Staged_two_factories,140,19680.161258115906,132800.0,79680.0,49448.0,34577.880000000005,10000.0,664.0,664.0,0.0,0.0,0.0,0.6,0.6,0.5081481481481481,0.0
S4_Staged_two_factories,141,19936.74871940543,133600.0,80160.0,49776.0,34843.56,10000.0,668.0,668.0,0.0,0.0,0.0,0.6,0.6,0.5133333333333333,0.0
S4_Staged_two_factories,142,21775.745849949937,144800.0,86880.0,54368.0,38563.08,10000.0,724.0,724.0,0.0,0.0,0.0,0.6,0.6,0.5474074074074073,7.0
S4_Staged_two_factories,143,16328.806201317113,115400.0,69240.0,42314.0,28799.340000000004,10000.0,577.0,577.0,0.0,0.0,0.0,0.6,0.6,0.44259259259259254,0.0
S4_Staged_two_factories,144,18819.431276174288,128600.0,77160.0,47726.0,33183.06,10000.0,643.0,643.0,0.0,0.0,0.0,0.6,0.6,0.49203703703703705,0.0
S4_Staged_two_factories,145,24821.319703627836,159800.0,95880.0,60518.0,43544.58,10000.0,799.0,799.0,0.0,0.0,0.0,0.6,0.6,0.6035185185185185,11.0
S4_Staged_two_factories,146,22603.568896131987,149200.0,89520.0,56172.0,40024.32000000001,10000.0,746.0,746.0,0.0,0.0,0.0,0.6,0.6,0.5611111111111112,5.0
S4_Staged_two_factories,147,18485.36866335703,123400.0,74040.0,45594.0,31456.14,10000.0,617.0,617.0,0.0,0.0,0.0,0.6,0.6,0.4838888888888889,1.0
S4_Staged_two_factories,148,18046.788707045893,128600.0,77160.0,47726.0,33183.060000000005,10000.0,643.0,643.0,0.0,0.0,0.0,0.6,0.6,0.47981481481481486,0.0
S4_Staged_two_factories,149,23327.229469738562,150600.0,90360.0,56746.0,40489.26000000001,10000.0,753.0,753.0,0.0,0.0,0.0,0.6,0.6,0.572037037037037,7.0
S4_Staged_two_factories,150,24645.015224264338,159200.0,95520.0,60272.0,43345.32,10000.0,796.0,796.0,0.0,0.0,0.0,0.6,0.6,0.5955555555555556,16.0
S4_Staged_two_factories,151,22583.23105104595,146200.0,87720.0,54942.0,39028.020000000004,10000.0,731.0,731.0,0.0,0.0,0.0,0.6,0.6,0.5585185185185185,11.0
S4_Staged_two_factories,152,20842.997844075555,138800.0,83280.0,51908.0,36570.479999999996,10000.0,694.0,694.0,0.0,0.0,0.0,0.6,0.6,0.527037037037037,1.0
S4_Staged_two_factories,153,20460.857939867263,136400.0,81840.0,50924.0,35773.44,10000.0,682.0,682.0,0.0,0.0,0.0,0.6,0.6,0.5198148148148148,4.0
S4_Staged_two_factories,154,20698.20015563258,137000.0,82200.0,51170.0,35972.7,10000.0,685.0,685.0,0.0,0.0,0.0,0.6,0.6,0.5259259259259259,0.0
S4_Staged_two_factories,155,23596.2333944577,153600.0,92160.0,57976.0,41485.56,10000.0,768.0,768.0,0.0,0.0,0.0,0.6,0.6,0.5755555555555555,19.0
S4_Staged_two_factories,156,20296.17614970479,138600.0,83160.0,51826.0,36504.060000000005,10000.0,693.0,693.0,0.0,0.0,0.0,0.6,0.6,0.5194444444444444,10.0
S4_Staged_two_factories,157,19451.020385657346,129800.0,77880.0,48218.0,33581.58,10000.0,649.0,649.0,0.0,0.0,0.0,0.6,0.6,0.5031481481481481,9.0
S4_Staged_two_factories,158,18541.12238330399,123200.0,73920.0,45512.0,31389.719999999998,10000.0,616.0,616.0,0.0,0.0,0.0,0.6,0.6,0.48351851851851857,0.0
S4_Staged_two_factories,159,22340.09821292757,146200.0,87720.0,54942.0,39028.020000000004,10000.0,731.0,731.0,0.0,0.0,0.0,0.6,0.6,0.5577777777777778,5.0
S4_Staged_two_factories,160,20273.591276883548,140600.0,84360.0,52646.0,37168.259999999995,10000.0,703.0,703.0,0.0,0.0,0.0,0.6,0.6,0.5209259259259259,0.0
S4_Staged_two_factories,161,21937.701500541596,147200.0,88320.0,55352.0,39360.119999999995,10000.0,736.0,736.0,0.0,0.0,0.0,0.6,0.6,0.5483333333333333,6.0
S4_Staged_two_factories,162,19047.2277840018,128400.0,77040.0,47644.0,33116.64,10000.0,642.0,642.0,0.0,0.0,0.0,0.6,0.6,0.4951851851851853,0.0
S4_Staged_two_factories,163,24883.663749969048,163400.0,98040.0,61994.0,44740.14,10000.0,817.0,817.0,0.0,0.0,0.0,0.6,0.6,0.6027777777777777,34.0
S4_Staged_two_factories,164,23528.19242692672,153200.0,91920.0,57812.0,41352.719999999994,10000.0,766.0,766.0,0.0,0.0,0.0,0.6,0.6,0.5788888888888888,2.0
S4_Staged_two_factories,165,21784.893592487428,142600.0,85560.0,53466.0,37832.45999999999,10000.0,713.0,713.0,0.0,0.0,0.0,0.6,0.6,0.5475925925925925,4.0
S4_Staged_two_factories,166,19346.78701088569,133200.0,79920.0,49612.0,34710.72,10000.0,666.0,666.0,0.0,0.0,0.0,0.6,0.6,0.5014814814814815,2.0
S4_Staged_two_factories,167,22990.490747447373,151200.0,90720.0,56992.0,40688.520000000004,10000.0,756.0,756.0,0.0,0.0,0.0,0.6,0.6,0.5700000000000001,5.0
S4_Staged_two_factories,168,24158.591545880437,153800.0,92280.0,58058.0,41551.979999999996,10000.0,769.0,769.0,0.0,0.0,0.0,0.6,0.6,0.587962962962963,23.0
S4_Staged_two_factories,169,21208.733478283186,141800.0,85080.0,53138.0,37566.77999999999,10000.0,709.0,709.0,0.0,0.0,0.0,0.6,0.6,0.534074074074074,1.0
S4_Staged_two_factories,170,21499.04623411155,141800.0,85080.0,53138.0,37566.78,10000.0,709.0,709.0,0.0,0.0,0.0,0.6,0.6,0.5403703703703703,0.0
S4_Staged_two_factories,171,20748.818675054805,139400.0,83640.0,52154.0,36769.74,10000.0,697.0,697.0,0.0,0.0,0.0,0.6,0.6,0.5281481481481483,0.0
S4_Staged_two_factories,172,21317.81540964887,142800.0,85680.0,53548.0,37898.880000000005,10000.0,714.0,714.0,0.0,0.0,0.0,0.6,0.6,0.5383333333333333,0.0
S4_Staged_two_factories,173,22333.7518014587,144800.0,86880.0,54368.0,38563.08,10000.0,724.0,724.0,0.0,0.0,0.0,0.6,0.6,0.5551851851851851,3.0
S4_Staged_two_factories,174,22930.86619165228,149200.0,89520.0,56172.0,40024.32,10000.0,746.0,746.0,0.0,0.0,0.0,0.6,0.6,0.5644444444444443,10.0
S4_Staged_two_factories,175,23618.0258558287,154200.0,92520.0,58222.0,41684.82,10000.0,771.0,771.0,0.0,0.0,0.0,0.6,0.6,0.5831481481481481,1.0
S4_Staged_two_factories,176,21431.10641668422,144400.0,86640.0,54204.0,38430.24,10000.0,722.0,722.0,0.0,0.0,0.0,0.6,0.6,0.5398148148148149,2.0
S4_Staged_two_factories,177,20860.430014705737,137600.0,82560.0,51416.0,36171.96,10000.0,688.0,688.0,0.0,0.0,0.0,0.6,0.6,0.5281481481481481,9.0
S4_Staged_two_factories,178,19624.132073856643,134600.0,80760.0,50186.0,35175.66,10000.0,673.0,673.0,0.0,0.0,0.0,0.6,0.6,0.5038888888888889,0.0
S4_Staged_two_factories,179,22194.202867378874,149800.0,89880.0,56418.0,40223.579999999994,10000.0,749.0,749.0,0.0,0.0,0.0,0.6,0.6,0.5551851851851851,1.0
S4_Staged_two_factories,180,22794.831997869813,147200.0,88320.0,55352.0,39360.12,10000.0,736.0,736.0,0.0,0.0,0.0,0.6,0.6,0.5627777777777777,8.0
S4_Staged_two_factories,181,23993.14244733596,159800.0,95880.0,60518.0,43544.58,10000.0,799.0,799.0,0.0,0.0,0.0,0.6,0.6,0.5875925925925926,23.0
S4_Staged_two_factories,182,18384.97993424972,128200.0,76920.0,47562.0,33050.22,10000.0,641.0,641.0,0.0,0.0,0.0,0.6,0.6,0.4831481481481481,0.0
S4_Staged_two_factories,183,17796.57947344456,125000.0,75000.0,46250.0,31987.499999999996,10000.0,625.0,625.0,0.0,0.0,0.0,0.6,0.6,0.47425925925925927,0.0
S4_Staged_two_factories,184,25821.817154158765,166000.0,99600.0,63060.0,45603.6,10000.0,830.0,830.0,0.0,0.0,0.0,0.6,0.6,0.6164814814814814,44.0
S4_Staged_two_factories,185,23563.750329929328,150600.0,90360.0,56746.0,40489.259999999995,10000.0,753.0,753.0,0.0,0.0,0.0,0.6,0.6,0.5794444444444444,8.0
S4_Staged_two_factories,186,19995.497626569188,134800.0,80880.0,50268.0,35242.08,10000.0,674.0,674.0,0.0,0.0,0.0,0.6,0.6,0.5166666666666667,4.0
S4_Staged_two_factories,187,21615.745971630793,146600.0,87960.0,55106.0,39160.85999999999,10000.0,733.0,733.0,0.0,0.0,0.0,0.6,0.6,0.5431481481481482,10.0
S4_Staged_two_factories,188,20176.161624518685,140600.0,84360.0,52646.0,37168.26,10000.0,703.0,703.0,0.0,0.0,0.0,0.6,0.6,0.5209259259259259,0.0
S4_Staged_two_factories,189,20987.151249746687,139000.0,83400.0,51990.0,36636.9,10000.0,695.0,695.0,0.0,0.0,0.0,0.6,0.6,0.5303703703703704,5.0
S4_Staged_two_factories,190,24856.76821025495,159200.0,95520.0,60272.0,43345.32,10000.0,796.0,796.0,0.0,0.0,0.0,0.6,0.6,0.6014814814814816,13.0
S4_Staged_two_factories,191,23816.50942113837,154400.0,92640.0,58304.0,41751.240000000005,10000.0,772.0,772.0,0.0,0.0,0.0,0.6,0.6,0.5855555555555555,7.0
S4_Staged_two_factories,192,24331.272069108833,157600.0,94560.0,59616.0,42813.96,10000.0,788.0,788.0,0.0,0.0,0.0,0.6,0.6,0.5903703703703704,19.0
S4_Staged_two_factories,193,22070.346793206612,148600.0,89160.0,55926.0,39825.06,10000.0,743.0,743.0,0.0,0.0,0.0,0.6,0.6,0.5503703703703703,18.0
S4_Staged_two_factories,194,22670.79149756557,151400.0,90840.0,57074.0,40754.94,10000.0,757.0,757.0,0.0,0.0,0.0,0.6,0.6,0.5661111111111111,3.0
S4_Staged_two_factories,195,17528.051612888823,119600.0,71760.0,44036.0,30194.160000000003,10000.0,598.0,598.0,0.0,0.0,0.0,0.6,0.6,0.46574074074074073,0.0
S4_Staged_two_factories,196,20445.960610435774,139400.0,83640.0,52154.0,36769.74,10000.0,697.0,697.0,0.0,0.0,0.0,0.6,0.6,0.5231481481481481,0.0
S4_Staged_two_factories,197,22210.463014981473,146000.0,87600.0,54860.0,38961.6,10000.0,730.0,730.0,0.0,0.0,0.0,0.6,0.6,0.5572222222222222,2.0
S4_Staged_two_factories,198,21809.274055412803,146200.0,87720.0,54942.0,39028.02,10000.0,731.0,731.0,0.0,0.0,0.0,0.6,0.6,0.5468518518518518,2.0
S4_Staged_two_factories,199,22310.833352993504,146400.0,87840.0,55024.0,39094.439999999995,10000.0,732.0,732.0,0.0,0.0,0.0,0.6,0.6,0.5575925925925926,3.0
S4_Staged_two_factories,200,21866.11060300506,145200.0,87120.0,54532.0,38695.92,10000.0,726.0,726.0,0.0,0.0,0.0,0.6,0.6,0.5477777777777778,0.0
S4_Staged_two_factories,201,26311.4640309828,171200.0,102720.0,65192.0,47330.520000000004,10000.0,856.0,856.0,0.0,0.0,0.0,0.6,0.6,0.6322222222222222,29.0
S4_Staged_two_factories,202,21731.080514812118,147400.0,88440.0,55434.0,39426.53999999999,10000.0,737.0,737.0,0.0,0.0,0.0,0.6,0.6,0.5498148148148148,4.0
S4_Staged_two_factories,203,22595.4554611141,145400.0,87240.0,54614.0,38762.34,10000.0,727.0,727.0,0.0,0.0,0.0,0.6,0.6,0.5566666666666668,21.0
S4_Staged_two_factories,204,20768.642570023,135800.0,81480.0,50678.0,35574.17999999999,10000.0,679.0,679.0,0.0,0.0,0.0,0.6,0.6,0.5257407407407407,13.0
S4_Staged_two_factories,205,19599.054256480413,132400.0,79440.0,49284.0,34445.04,10000.0,662.0,662.0,0.0,0.0,0.0,0.6,0.6,0.5090740740740741,0.0
S4_Staged_two_factories,206,23676.468935723547,155000.0,93000.0,58550.0,41950.5,10000.0,775.0,775.0,0.0,0.0,0.0,0.6,0.6,0.5846296296296296,6.0
S4_Staged_two_factories,207,22364.565255266898,144000.0,86400.0,54040.0,38297.399999999994,10000.0,720.0,720.0,0.0,0.0,0.0,0.6,0.6,0.5562962962962963,13.0
S4_Staged_two_factories,208,16929.129172452678,117800.0,70680.0,43298.0,29596.379999999997,10000.0,589.0,589.0,0.0,0.0,0.0,0.6,0.6,0.455,0.0
S4_Staged_two_factories,209,23265.068603099367,152600.0,91560.0,57566.0,41153.46000000001,10000.0,763.0,763.0,0.0,0.0,0.0,0.6,0.6,0.5714814814814815,13.0
S4_Staged_two_factories,210,24505.69560410794,157800.0,94680.0,59698.0,42880.380000000005,10000.0,789.0,789.0,0.0,0.0,0.0,0.6,0.6,0.592962962962963,13.0
S4_Staged_two_factories,211,22091.885611364996,148000.0,88800.0,55680.0,39625.8,10000.0,740.0,740.0,0.0,0.0,0.0,0.6,0.6,0.5514814814814815,13.0
S4_Staged_two_factories,212,19544.38088434136,130200.0,78120.0,48382.0,33714.42,10000.0,651.0,651.0,0.0,0.0,0.0,0.6,0.6,0.5014814814814815,0.0
S4_Staged_two_factories,213,23868.831625839965,153200.0,91920.0,57812.0,41352.719999999994,10000.0,766.0,766.0,0.0,0.0,0.0,0.6,0.6,0.5844444444444444,16.0
S4_Staged_two_factories,214,21213.06492341908,141200.0,84720.0,52892.0,37367.520000000004,10000.0,706.0,706.0,0.0,0.0,0.0,0.6,0.6,0.5387037037037037,3.0
S4_Staged_two_factories,215,20073.179120038043,134600.0,80760.0,50186.0,35175.65999999999,10000.0,673.0,673.0,0.0,0.0,0.0,0.6,0.6,0.5118518518518519,0.0
S4_Staged_two_factories,216,20831.92388006346,137800.0,82680.0,51498.0,36238.38,10000.0,689.0,689.0,0.0,0.0,0.0,0.6,0.6,0.5294444444444445,10.0
S4_Staged_two_factories,217,24302.480470952112,155800.0,93480.0,58878.0,42216.18,10000.0,779.0,779.0,0.0,0.0,0.0,0.6,0.6,0.5924074074074074,13.0
S4_Staged_two_factories,218,19447.849571095136,133000.0,79800.0,49530.0,34644.3,10000.0,665.0,665.0,0.0,0.0,0.0,0.6,0.6,0.5027777777777778,0.0
S4_Staged_two_factories,219,20696.155545631133,137200.0,82320.0,51252.0,36039.12,10000.0,686.0,686.0,0.0,0.0,0.0,0.6,0.6,0.529074074074074,1.0
S4_Staged_two_factories,220,19755.09510672693,132200.0,79320.0,49202.0,34378.619999999995,10000.0,661.0,661.0,0.0,0.0,0.0,0.6,0.6,0.5098148148148148,0.0
S4_Staged_two_factories,221,21557.841225452983,145000.0,87000.0,54450.0,38629.5,10000.0,725.0,725.0,0.0,0.0,0.0,0.6,0.6,0.5459259259259259,5.0
S4_Staged_two_factories,222,20537.084479328405,139400.0,83640.0,52154.0,36769.740000000005,10000.0,697.0,697.0,0.0,0.0,0.0,0.6,0.6,0.522962962962963,0.0
S4_Staged_two_factories,223,19911.570840640798,132200.0,79320.0,49202.0,34378.619999999995,10000.0,661.0,661.0,0.0,0.0,0.0,0.6,0.6,0.5120370370370371,0.0
S4_Staged_two_factories,224,22291.612525572873,147600.0,88560.0,55516.0,39492.95999999999,10000.0,738.0,738.0,0.0,0.0,0.0,0.6,0.6,0.5583333333333333,1.0
S4_Staged_two_factories,225,23812.213651330974,155400.0,93240.0,58714.0,42083.34,10000.0,777.0,777.0,0.0,0.0,0.0,0.6,0.6,0.5827777777777778,17.0
S4_Staged_two_factories,226,22016.28543219604,144200.0,86520.0,54122.0,38363.82,10000.0,721.0,721.0,0.0,0.0,0.0,0.6,0.6,0.5487037037037037,7.0
S4_Staged_two_factories,227,24537.0918137788,159000.0,95400.0,60190.0,43278.89999999999,10000.0,795.0,795.0,0.0,0.0,0.0,0.6,0.6,0.5927777777777777,22.0
S4_Staged_two_factories,228,22098.130163619717,149400.0,89640.0,56254.0,40090.74,10000.0,747.0,747.0,0.0,0.0,0.0,0.6,0.6,0.5583333333333333,0.0
S4_Staged_two_factories,229,22388.48356303049,150200.0,90120.0,56582.0,40356.42,10000.0,751.0,751.0,0.0,0.0,0.0,0.6,0.6,0.5594444444444445,0.0
S4_Staged_two_factories,230,21506.596134577434,144200.0,86520.0,54122.0,38363.81999999999,10000.0,721.0,721.0,0.0,0.0,0.0,0.6,0.6,0.5401851851851852,11.0
S4_Staged_two_factories,231,17691.769770187093,122200.0,73320.0,45102.0,31057.620000000003,10000.0,611.0,611.0,0.0,0.0,0.0,0.6,0.6,0.47,0.0
S4_Staged_two_factories,232,25409.29652476237,164600.0,98760.0,62486.0,45138.659999999996,10000.0,823.0,823.0,0.0,0.0,0.0,0.6,0.6,0.611111111111111,26.0
S4_Staged_two_factories,233,21039.71382680227,141400.0,84840.0,52974.0,37433.939999999995,10000.0,707.0,707.0,0.0,0.0,0.0,0.6,0.6,0.5342592592592593,0.0
S4_Staged_two_factories,234,24026.153861358984,155600.0,93360.0,58796.0,42149.759999999995,10000.0,778.0,778.0,0.0,0.0,0.0,0.6,0.6,0.5883333333333333,4.0
S4_Staged_two_factories,235,18912.401906265677,125200.0,75120.0,46332.0,32053.92,10000.0,626.0,626.0,0.0,0.0,0.0,0.6,0.6,0.4887037037037037,6.0
S4_Staged_two_factories,236,22619.78717028326,150200.0,90120.0,56582.0,40356.42,10000.0,751.0,751.0,0.0,0.0,0.0,0.6,0.6,0.5635185185185185,5.0
S4_Staged_two_factories,237,24740.96912320875,158600.0,95160.0,60026.0,43146.06,10000.0,793.0,793.0,0.0,0.0,0.0,0.6,0.6,0.5975925925925926,13.0
S4_Staged_two_factories,238,19557.629570606445,130800.0,78480.0,48628.0,33913.68,10000.0,654.0,654.0,0.0,0.0,0.0,0.6,0.6,0.502037037037037,0.0
S4_Staged_two_factories,239,21572.966605086254,140000.0,84000.0,52400.0,36969.0,10000.0,700.0,700.0,0.0,0.0,0.0,0.6,0.6,0.5403703703703704,3.0
S4_Staged_two_factories,240,22104.212622092404,143200.0,85920.0,53712.0,38031.72,10000.0,716.0,716.0,0.0,0.0,0.0,0.6,0.6,0.5512962962962963,10.0
S4_Staged_two_factories,241,18933.923214328235,129000.0,77400.0,47890.0,33315.90000000001,10000.0,645.0,645.0,0.0,0.0,0.0,0.6,0.6,0.49537037037037035,0.0
S4_Staged_two_factories,242,22185.321478695387,143200.0,85920.0,53712.0,38031.72,10000.0,716.0,716.0,0.0,0.0,0.0,0.6,0.6,0.5518518518518518,5.0
S4_Staged_two_factories,243,20697.243640640467,140600.0,84360.0,52646.0,37168.259999999995,10000.0,703.0,703.0,0.0,0.0,0.0,0.6,0.6,0.5253703703703704,2.0
S4_Staged_two_factories,244,21406.172845123325,142000.0,85200.0,53220.0,37633.2,10000.0,710.0,710.0,0.0,0.0,0.0,0.6,0.6,0.5396296296296297,5.0
S4_Staged_two_factories,245,26401.89078021995,168600.0,101160.0,64126.0,46467.060000000005,10000.0,843.0,843.0,0.0,0.0,0.0,0.6,0.6,0.63,22.0
S4_Staged_two_factories,246,24492.74232052322,156400.0,93840.0,59124.0,42415.439999999995,10000.0,782.0,782.0,0.0,0.0,0.0,0.6,0.6,0.5957407407407407,15.0
S4_Staged_two_factories,247,23202.542299625267,150600.0,90360.0,56746.0,40489.26,10000.0,753.0,753.0,0.0,0.0,0.0,0.6,0.6,0.5724074074074074,7.0
S4_Staged_two_factories,248,22769.1578029835,148800.0,89280.0,56008.0,39891.479999999996,10000.0,744.0,744.0,0.0,0.0,0.0,0.6,0.6,0.5659259259259259,3.0
S4_Staged_two_factories,249,21028.870165669956,139400.0,83640.0,52154.0,36769.740000000005,10000.0,697.0,697.0,0.0,0.0,0.0,0.6,0.6,0.5325925925925926,0.0
S4_Staged_two_factories,250,22885.084859501865,149800.0,89880.0,56418.0,40223.579999999994,10000.0,749.0,749.0,0.0,0.0,0.0,0.6,0.6,0.5685185185185185,7.0
S4_Staged_two_factories,251,25854.207296738805,167600.0,100560.0,63716.0,46134.96,10000.0,838.0,838.0,0.0,0.0,0.0,0.6,0.6,0.6225925925925927,17.0
S4_Staged_two_factories,252,19264.535159920255,132400.0,79440.0,49284.0,34445.04,10000.0,662.0,662.0,0.0,0.0,0.0,0.6,0.6,0.5024074074074074,3.0
S4_Staged_two_factories,253,23969.706618922122,157800.0,94680.0,59698.0,42880.37999999999,10000.0,789.0,789.0,0.0,0.0,0.0,0.6,0.6,0.5907407407407407,9.0
S4_Staged_two_factories,254,21468.943900454426,138800.0,83280.0,51908.0,36570.479999999996,10000.0,694.0,694.0,0.0,0.0,0.0,0.6,0.6,0.5372222222222222,12.0
S4_Staged_two_factories,255,24184.28902947394,156600.0,93960.0,59206.0,42481.86,10000.0,783.0,783.0,0.0,0.0,0.0,0.6,0.6,0.5907407407407408,7.0
S4_Staged_two_factories,256,19466.638847651215,128400.0,77040.0,47644.0,33116.64,10000.0,642.0,642.0,0.0,0.0,0.0,0.6,0.6,0.49981481481481477,0.0
S4_Staged_two_factories,257,23810.705020290538,156000.0,93600.0,58960.0,42282.6,10000.0,780.0,780.0,0.0,0.0,0.0,0.6,0.6,0.5796296296296295,12.0
S4_Staged_two_factories,258,23267.283151449883,152200.0,91320.0,57402.0,41020.62,10000.0,761.0,761.0,0.0,0.0,0.0,0.6,0.6,0.5775925925925927,9.0
S4_Staged_two_factories,259,21827.311742549038,143400.0,86040.0,53794.0,38098.14,10000.0,717.0,717.0,0.0,0.0,0.0,0.6,0.6,0.5448148148148149,0.0
S4_Staged_two_factories,260,21732.96489737859,143800.0,86280.0,53958.0,38230.98,10000.0,719.0,719.0,0.0,0.0,0.0,0.6,0.6,0.5464814814814816,0.0
S4_Staged_two_factories,261,22032.242545083904,147000.0,88200.0,55270.0,39293.7,10000.0,735.0,735.0,0.0,0.0,0.0,0.6,0.6,0.5527777777777777,0.0
S4_Staged_two_factories,262,20041.552580878433,135200.0,81120.0,50432.0,35374.91999999999,10000.0,676.0,676.0,0.0,0.0,0.0,0.6,0.6,0.5157407407407407,0.0
S4_Staged_two_factories,263,22918.125527237025,151800.0,91080.0,57238.0,40887.78,10000.0,759.0,759.0,0.0,0.0,0.0,0.6,0.6,0.5692592592592594,5.0
S4_Staged_two_factories,264,22769.119236962448,147600.0,88560.0,55516.0,39492.96,10000.0,738.0,738.0,0.0,0.0,0.0,0.6,0.6,0.5651851851851852,7.0
S4_Staged_two_factories,265,18668.071383550912,129200.0,77520.0,47972.0,33382.32,10000.0,646.0,646.0,0.0,0.0,0.0,0.6,0.6,0.4890740740740741,0.0
S4_Staged_two_factories,266,20951.715699665463,140000.0,84000.0,52400.0,36969.0,10000.0,700.0,700.0,0.0,0.0,0.0,0.6,0.6,0.532962962962963,0.0
S4_Staged_two_factories,267,20379.00856159676,142000.0,85200.0,53220.0,37633.200000000004,10000.0,710.0,710.0,0.0,0.0,0.0,0.6,0.6,0.5227777777777778,0.0
S4_Staged_two_factories,268,20351.044401718755,137800.0,82680.0,51498.0,36238.38,10000.0,689.0,689.0,0.0,0.0,0.0,0.6,0.6,0.5220370370370371,0.0
S4_Staged_two_factories,269,18730.72827889418,129800.0,77880.0,48218.0,33581.58,10000.0,649.0,649.0,0.0,0.0,0.0,0.6,0.6,0.495,0.0
S4_Staged_two_factories,270,19952.21715797989,136000.0,81600.0,50760.0,35640.6,10000.0,680.0,680.0,0.0,0.0,0.0,0.6,0.6,0.5137037037037037,0.0
S4_Staged_two_factories,271,22953.759623396127,151600.0,90960.0,57156.0,40821.36,10000.0,758.0,758.0,0.0,0.0,0.0,0.6,0.6,0.5655555555555555,21.0
S4_Staged_two_factories,272,20555.49288985456,139400.0,83640.0,52154.0,36769.74,10000.0,697.0,697.0,0.0,0.0,0.0,0.6,0.6,0.5248148148148147,0.0
S4_Staged_two_factories,273,23149.78684779032,151000.0,90600.0,56910.0,40622.09999999999,10000.0,755.0,755.0,0.0,0.0,0.0,0.6,0.6,0.5712962962962963,10.0
S4_Staged_two_factories,274,22234.1959430644,145400.0,87240.0,54614.0,38762.34,10000.0,727.0,727.0,0.0,0.0,0.0,0.6,0.6,0.5579629629629629,3.0
S4_Staged_two_factories,275,22422.585936998315,152200.0,91320.0,57402.0,41020.62,10000.0,761.0,761.0,0.0,0.0,0.0,0.6,0.6,0.5627777777777777,3.0
S4_Staged_two_factories,276,21585.047173505765,142200.0,85320.0,53302.0,37699.619999999995,10000.0,711.0,711.0,0.0,0.0,0.0,0.6,0.6,0.5412962962962964,3.0
S4_Staged_two_factories,277,23237.654152972824,150400.0,90240.0,56664.0,40422.84,10000.0,752.0,752.0,0.0,0.0,0.0,0.6,0.6,0.5724074074074074,5.0
S4_Staged_two_factories,278,23456.45495689702,152000.0,91200.0,57320.0,40954.2,10000.0,760.0,760.0,0.0,0.0,0.0,0.6,0.6,0.5737037037037037,19.0
S4_Staged_two_factories,279,20491.314874417185,138400.0,83040.0,51744.0,36437.64,10000.0,692.0,692.0,0.0,0.0,0.0,0.6,0.6,0.5222222222222223,5.0
S4_Staged_two_factories,280,21674.42488823016,144000.0,86400.0,54040.0,38297.4,10000.0,720.0,720.0,0.0,0.0,0.0,0.6,0.6,0.5461111111111111,0.0
S4_Staged_two_factories,281,23763.456584358948,156000.0,93600.0,58960.0,42282.6,10000.0,780.0,780.0,0.0,0.0,0.0,0.6,0.6,0.5857407407407408,2.0
S4_Staged_two_factories,282,19485.826818914364,134600.0,80760.0,50186.0,35175.66,10000.0,673.0,673.0,0.0,0.0,0.0,0.6,0.6,0.5044444444444445,0.0
S4_Staged_two_factories,283,19620.830543723234,134600.0,80760.0,50186.0,35175.66,10000.0,673.0,673.0,0.0,0.0,0.0,0.6,0.6,0.5070370370370371,0.0
S4_Staged_two_factories,284,23496.710514198538,152600.0,91560.0,57566.0,41153.46,10000.0,763.0,763.0,0.0,0.0,0.0,0.6,0.6,0.5781481481481482,3.0
S4_Staged_two_factories,285,21652.149333726524,143000.0,85800.0,53630.0,37965.299999999996,10000.0,715.0,715.0,0.0,0.0,0.0,0.6,0.6,0.545,5.0
S4_Staged_two_factories,286,17270.188985121586,119800.0,71880.0,44118.0,30260.579999999998,10000.0,599.0,599.0,0.0,0.0,0.0,0.6,0.6,0.4633333333333332,0.0
S4_Staged_two_factories,287,21939.491715975942,144600.0,86760.0,54286.0,38496.66,10000.0,723.0,723.0,0.0,0.0,0.0,0.6,0.6,0.5514814814814815,0.0
S4_Staged_two_factories,288,23349.014418112296,153800.0,92280.0,58058.0,41551.98,10000.0,769.0,769.0,0.0,0.0,0.0,0.6,0.6,0.5738888888888888,23.0
S4_Staged_two_factories,289,22120.472506244914,144800.0,86880.0,54368.0,38563.079999999994,10000.0,724.0,724.0,0.0,0.0,0.0,0.6,0.6,0.5525925925925926,6.0
S4_Staged_two_factories,290,20861.13065492673,137600.0,82560.0,51416.0,36171.96,10000.0,688.0,688.0,0.0,0.0,0.0,0.6,0.6,0.5266666666666667,0.0
S4_Staged_two_factories,291,23161.730639003585,149000.0,89400.0,56090.0,39957.9,10000.0,745.0,745.0,0.0,0.0,0.0,0.6,0.6,0.5701851851851852,25.0
S4_Staged_two_factories,292,22964.979514894836,146800.0,88080.0,55188.0,39227.28,10000.0,734.0,734.0,0.0,0.0,0.0,0.6,0.6,0.5644444444444444,17.0
S4_Staged_two_factories,293,18201.94091433829,129000.0,77400.0,47890.0,33315.899999999994,10000.0,645.0,645.0,0.0,0.0,0.0,0.6,0.6,0.4816666666666667,0.0
S4_Staged_two_factories,294,22459.428126296025,145200.0,87120.0,54532.0,38695.92,10000.0,726.0,726.0,0.0,0.0,0.0,0.6,0.6,0.5590740740740741,3.0
S4_Staged_two_factories,295,21344.238787322745,143400.0,86040.0,53794.0,38098.14,10000.0,717.0,717.0,0.0,0.0,0.0,0.6,0.6,0.5353703703703705,2.0
S4_Staged_two_factories,296,20239.774943218046,136000.0,81600.0,50760.0,35640.6,10000.0,680.0,680.0,0.0,0.0,0.0,0.6,0.6,0.5214814814814815,0.0
S4_Staged_two_factories,297,19155.658275975504,132000.0,79200.0,49120.0,34312.2,10000.0,660.0,660.0,0.0,0.0,0.0,0.6,0.6,0.49574074074074065,0.0
S4_Staged_two_factories,298,20367.52979971914,140200.0,84120.0,52482.0,37035.42,10000.0,701.0,701.0,0.0,0.0,0.0,0.6,0.6,0.5172222222222221,10.0
S4_Staged_two_factories,299,19161.27951763897,129600.0,77760.0,48136.0,33515.16,10000.0,648.0,648.0,0.0,0.0,0.0,0.6,0.6,0.49703703703703705,0.0
S4_Staged_two_factories,300,23219.951002722457,147800.0,88680.0,55598.0,39559.38,10000.0,739.0,739.0,0.0,0.0,0.0,0.6,0.6,0.5694444444444444,29.0
S5_Aggressive_two_factories,1,21598.338658568595,147000.0,88200.0,54770.0,39388.7,10000.0,735.0,735.0,0.0,0.0,0.0,0.6,0.6,0.522962962962963,0.0
S5_Aggressive_two_factories,2,21271.94112533165,141200.0,84720.0,52392.0,37462.520000000004,10000.0,706.0,706.0,0.0,0.0,0.0,0.6,0.6,0.5103703703703704,8.0
S5_Aggressive_two_factories,3,20755.57086045461,142600.0,85560.0,52966.0,37927.46,10000.0,713.0,713.0,0.0,0.0,0.0,0.6,0.6,0.502037037037037,0.0
S5_Aggressive_two_factories,4,20186.897072069718,138600.0,83160.0,51326.0,36599.060000000005,10000.0,693.0,693.0,0.0,0.0,0.0,0.6,0.6,0.4957407407407407,0.0
S5_Aggressive_two_factories,5,20609.919098204984,139400.0,83640.0,51654.0,36864.73999999999,10000.0,697.0,697.0,0.0,0.0,0.0,0.6,0.6,0.4981481481481482,0.0
S5_Aggressive_two_factories,6,20067.612456799754,138600.0,83160.0,51326.0,36599.06,10000.0,693.0,693.0,0.0,0.0,0.0,0.6,0.6,0.48777777777777775,0.0
S5_Aggressive_two_factories,7,19273.887171932325,136200.0,81720.0,50342.0,35802.020000000004,10000.0,681.0,681.0,0.0,0.0,0.0,0.6,0.6,0.47944444444444445,0.0
S5_Aggressive_two_factories,8,23488.70639781329,157200.0,94320.0,58952.0,42776.119999999995,10000.0,786.0,786.0,0.0,0.0,0.0,0.6,0.6,0.5522222222222222,0.0
S5_Aggressive_two_factories,9,19591.933056497513,134600.0,80760.0,49686.0,35270.659999999996,10000.0,673.0,673.0,0.0,0.0,0.0,0.6,0.6,0.48685185185185187,1.0
S5_Aggressive_two_factories,10,21929.13056159327,146800.0,88080.0,54688.0,39322.28,10000.0,734.0,734.0,0.0,0.0,0.0,0.6,0.6,0.5298148148148148,4.0
S5_Aggressive_two_factories,11,20380.45006991241,143600.0,86160.0,53376.0,38259.560000000005,10000.0,718.0,718.0,0.0,0.0,0.0,0.6,0.6,0.4985185185185186,0.0
S5_Aggressive_two_factories,12,22453.137999231036,152000.0,91200.0,56820.0,41049.200000000004,10000.0,760.0,760.0,0.0,0.0,0.0,0.6,0.6,0.5266666666666667,0.0
S5_Aggressive_two_factories,13,21398.836780618814,146600.0,87960.0,54606.0,39255.86,10000.0,733.0,733.0,0.0,0.0,0.0,0.6,0.6,0.5090740740740741,0.0
S5_Aggressive_two_factories,14,19452.610596520197,135000.0,81000.0,49850.0,35403.5,10000.0,675.0,675.0,0.0,0.0,0.0,0.6,0.6,0.4837037037037037,0.0
S5_Aggressive_two_factories,15,19637.211180286573,135200.0,81120.0,49932.0,35469.920000000006,10000.0,676.0,676.0,0.0,0.0,0.0,0.6,0.6,0.4918518518518518,0.0
S5_Aggressive_two_factories,16,21466.053588058487,141600.0,84960.0,52556.0,37595.36,10000.0,708.0,708.0,0.0,0.0,0.0,0.6,0.6,0.5175925925925926,4.0
S5_Aggressive_two_factories,17,21881.295898329543,147600.0,88560.0,55016.0,39587.96000000001,10000.0,738.0,738.0,0.0,0.0,0.0,0.6,0.6,0.5251851851851852,0.0
S5_Aggressive_two_factories,18,24747.673793622835,163600.0,98160.0,61576.0,44901.56,10000.0,818.0,818.0,0.0,0.0,0.0,0.6,0.6,0.5775925925925927,0.0
S5_Aggressive_two_factories,19,20177.533451569652,138800.0,83280.0,51408.0,36665.479999999996,10000.0,694.0,694.0,0.0,0.0,0.0,0.6,0.6,0.4885185185185185,0.0
S5_Aggressive_two_factories,20,22612.401028637076,149600.0,89760.0,55836.0,40252.159999999996,10000.0,748.0,748.0,0.0,0.0,0.0,0.6,0.6,0.5366666666666666,10.0
S5_Aggressive_two_factories,21,21695.772597467814,148800.0,89280.0,55508.0,39986.479999999996,10000.0,744.0,744.0,0.0,0.0,0.0,0.6,0.6,0.5253703703703704,0.0
S5_Aggressive_two_factories,22,19245.69695350584,133600.0,80160.0,49276.0,34938.56,10000.0,668.0,668.0,0.0,0.0,0.0,0.6,0.6,0.482037037037037,0.0
S5_Aggressive_two_factories,23,23945.061147335404,158800.0,95280.0,59608.0,43307.479999999996,10000.0,794.0,794.0,0.0,0.0,0.0,0.6,0.6,0.5590740740740741,1.0
S5_Aggressive_two_factories,24,19550.12111490025,136400.0,81840.0,50424.0,35868.439999999995,10000.0,682.0,682.0,0.0,0.0,0.0,0.6,0.6,0.4827777777777778,0.0
S5_Aggressive_two_factories,25,20769.307752662513,140800.0,84480.0,52228.0,37329.68,10000.0,704.0,704.0,0.0,0.0,0.0,0.6,0.6,0.5085185185185186,0.0
S5_Aggressive_two_factories,26,20579.663927752168,141000.0,84600.0,52310.0,37396.1,10000.0,705.0,705.0,0.0,0.0,0.0,0.6,0.6,0.5007407407407407,0.0
S5_Aggressive_two_factories,27,20278.496878204933,136600.0,81960.0,50506.0,35934.86,10000.0,683.0,683.0,0.0,0.0,0.0,0.6,0.6,0.4907407407407407,0.0
S5_Aggressive_two_factories,28,18412.470874687075,132000.0,79200.0,48620.0,34407.2,10000.0,660.0,660.0,0.0,0.0,0.0,0.6,0.6,0.4712962962962964,0.0
S5_Aggressive_two_factories,29,20639.475625815347,144600.0,86760.0,53786.0,38591.659999999996,10000.0,723.0,723.0,0.0,0.0,0.0,0.6,0.6,0.5066666666666666,0.0
S5_Aggressive_two_factories,30,20180.393901105566,137000.0,82200.0,50670.0,36067.7,10000.0,685.0,685.0,0.0,0.0,0.0,0.6,0.6,0.49037037037037035,4.0
S5_Aggressive_two_factories,31,21345.009371413795,146200.0,87720.0,54442.0,39123.02,10000.0,731.0,731.0,0.0,0.0,0.0,0.6,0.6,0.5201851851851852,0.0
S5_Aggressive_two_factories,32,19831.165336124803,140400.0,84240.0,52064.0,37196.840000000004,10000.0,702.0,702.0,0.0,0.0,0.0,0.6,0.6,0.48703703703703705,0.0
S5_Aggressive_two_factories,33,20331.100976690333,140200.0,84120.0,51982.0,37130.42,10000.0,701.0,701.0,0.0,0.0,0.0,0.6,0.6,0.5055555555555555,0.0
S5_Aggressive_two_factories,34,22109.76433049171,147800.0,88680.0,55098.0,39654.380000000005,10000.0,739.0,739.0,0.0,0.0,0.0,0.6,0.6,0.5314814814814814,7.0
S5_Aggressive_two_factories,35,21524.355676520678,142800.0,85680.0,53048.0,37993.880000000005,10000.0,714.0,714.0,0.0,0.0,0.0,0.6,0.6,0.5183333333333333,14.0
S5_Aggressive_two_factories,36,19765.597350541517,133000.0,79800.0,49030.0,34739.3,10000.0,665.0,665.0,0.0,0.0,0.0,0.6,0.6,0.48944444444444446,1.0
S5_Aggressive_two_factories,37,20231.7275479784,136800.0,82080.0,50588.0,36001.28,10000.0,684.0,684.0,0.0,0.0,0.0,0.6,0.6,0.49314814814814806,0.0
S5_Aggressive_two_factories,38,20158.595705972177,137000.0,82200.0,50670.0,36067.700000000004,10000.0,685.0,685.0,0.0,0.0,0.0,0.6,0.6,0.4925925925925926,2.0
S5_Aggressive_two_factories,39,20107.235195942285,138200.0,82920.0,51162.0,36466.22,10000.0,691.0,691.0,0.0,0.0,0.0,0.6,0.6,0.493888888888889,0.0
S5_Aggressive_two_factories,40,22420.78658831415,152600.0,91560.0,57066.0,41248.46,10000.0,763.0,763.0,0.0,0.0,0.0,0.6,0.6,0.5357407407407407,1.0
S5_Aggressive_two_factories,41,19338.297851851283,134400.0,80640.0,49604.0,35204.240000000005,10000.0,672.0,672.0,0.0,0.0,0.0,0.6,0.6,0.4898148148148148,0.0
S5_Aggressive_two_factories,42,22590.496790704507,154800.0,92880.0,57968.0,41979.08,10000.0,774.0,774.0,0.0,0.0,0.0,0.6,0.6,0.5385185185185185,0.0
S5_Aggressive_two_factories,43,23196.891896476583,152800.0,91680.0,57148.0,41314.88,10000.0,764.0,764.0,0.0,0.0,0.0,0.6,0.6,0.5481481481481482,4.0
S5_Aggressive_two_factories,44,20147.532105209248,138400.0,83040.0,51244.0,36532.64,10000.0,692.0,692.0,0.0,0.0,0.0,0.6,0.6,0.4968518518518518,0.0
S5_Aggressive_two_factories,45,23066.762294597414,150800.0,90480.0,56328.0,40650.68,10000.0,754.0,754.0,0.0,0.0,0.0,0.6,0.6,0.5414814814814815,7.0
S5_Aggressive_two_factories,46,21202.543391350355,142200.0,85320.0,52802.0,37794.62,10000.0,711.0,711.0,0.0,0.0,0.0,0.6,0.6,0.5175925925925926,6.0
S5_Aggressive_two_factories,47,19536.497080933135,134800.0,80880.0,49768.0,35337.079999999994,10000.0,674.0,674.0,0.0,0.0,0.0,0.6,0.6,0.4888888888888889,3.0
S5_Aggressive_two_factories,48,20166.08765881408,136400.0,81840.0,50424.0,35868.44,10000.0,682.0,682.0,0.0,0.0,0.0,0.6,0.6,0.4972222222222223,6.0
S5_Aggressive_two_factories,49,23844.604274354744,157000.0,94200.0,58870.0,42709.700000000004,10000.0,785.0,785.0,0.0,0.0,0.0,0.6,0.6,0.5579629629629629,4.0
S5_Aggressive_two_factories,50,21024.12751714298,142600.0,85560.0,52966.0,37927.46,10000.0,713.0,713.0,0.0,0.0,0.0,0.6,0.6,0.505925925925926,0.0
S5_Aggressive_two_factories,51,20594.151466048672,139800.0,83880.0,51818.0,36997.58,10000.0,699.0,699.0,0.0,0.0,0.0,0.6,0.6,0.5014814814814815,1.0
S5_Aggressive_two_factories,52,25322.20084028984,166600.0,99960.0,62806.0,45897.85999999999,10000.0,833.0,833.0,0.0,0.0,0.0,0.6,0.6,0.5894444444444444,18.0
S5_Aggressive_two_factories,53,16825.418862797604,120800.0,72480.0,44028.0,30687.68,10000.0,604.0,604.0,0.0,0.0,0.0,0.6,0.6,0.4455555555555556,4.0
S5_Aggressive_two_factories,54,20737.919304840583,141600.0,84960.0,52556.0,37595.36,10000.0,708.0,708.0,0.0,0.0,0.0,0.6,0.6,0.5035185185185186,0.0
S5_Aggressive_two_factories,55,20382.440221511602,139800.0,83880.0,51818.0,36997.579999999994,10000.0,699.0,699.0,0.0,0.0,0.0,0.6,0.6,0.5016666666666667,2.0
S5_Aggressive_two_factories,56,21883.56222925788,145800.0,87480.0,54278.0,38990.17999999999,10000.0,729.0,729.0,0.0,0.0,0.0,0.6,0.6,0.5275925925925926,4.0
S5_Aggressive_two_factories,57,19587.468233374246,135000.0,81000.0,49850.0,35403.5,10000.0,675.0,675.0,0.0,0.0,0.0,0.6,0.6,0.4903703703703704,1.0
S5_Aggressive_two_factories,58,21307.736373726697,143800.0,86280.0,53458.0,38325.979999999996,10000.0,719.0,719.0,0.0,0.0,0.0,0.6,0.6,0.5153703703703704,0.0
S5_Aggressive_two_factories,59,20942.111680056674,142200.0,85320.0,52802.0,37794.62,10000.0,711.0,711.0,0.0,0.0,0.0,0.6,0.6,0.5124074074074074,0.0
S5_Aggressive_two_factories,60,22659.91251806962,152000.0,91200.0,56820.0,41049.2,10000.0,760.0,760.0,0.0,0.0,0.0,0.6,0.6,0.5359259259259258,8.0
S5_Aggressive_two_factories,61,22986.40835351334,150400.0,90240.0,56164.0,40517.840000000004,10000.0,752.0,752.0,0.0,0.0,0.0,0.6,0.6,0.5390740740740741,14.0
S5_Aggressive_two_factories,62,23734.267475494533,157800.0,94680.0,59198.0,42975.38,10000.0,789.0,789.0,0.0,0.0,0.0,0.6,0.6,0.5548148148148149,0.0
S5_Aggressive_two_factories,63,19693.051327804067,135800.0,81480.0,50178.0,35669.18,10000.0,679.0,679.0,0.0,0.0,0.0,0.6,0.6,0.4912962962962963,2.0
S5_Aggressive_two_factories,64,16593.0951049222,118800.0,71280.0,43208.0,30023.479999999996,10000.0,594.0,594.0,0.0,0.0,0.0,0.6,0.6,0.4318518518518519,0.0
S5_Aggressive_two_factories,65,17864.88591198634,127000.0,76200.0,46570.0,32746.699999999997,10000.0,635.0,635.0,0.0,0.0,0.0,0.6,0.6,0.45722222222222225,0.0
S5_Aggressive_two_factories,66,24336.207559551105,160400.0,96240.0,60264.0,43838.84,10000.0,802.0,802.0,0.0,0.0,0.0,0.6,0.6,0.5668518518518518,1.0
S5_Aggressive_two_factories,67,19842.678471615,137400.0,82440.0,50834.0,36200.54000000001,10000.0,687.0,687.0,0.0,0.0,0.0,0.6,0.6,0.4875925925925927,0.0
S5_Aggressive_two_factories,68,19445.40667062205,134200.0,80520.0,49522.0,35137.81999999999,10000.0,671.0,671.0,0.0,0.0,0.0,0.6,0.6,0.48185185185185186,0.0
S5_Aggressive_two_factories,69,20627.08204137293,137600.0,82560.0,50916.0,36266.95999999999,10000.0,688.0,688.0,0.0,0.0,0.0,0.6,0.6,0.49907407407407406,2.0
S5_Aggressive_two_factories,70,20186.501486968646,136400.0,81840.0,50424.0,35868.44,10000.0,682.0,682.0,0.0,0.0,0.0,0.6,0.6,0.49333333333333335,2.0
S5_Aggressive_two_factories,71,21110.29379011901,141800.0,85080.0,52638.0,37661.78,10000.0,709.0,709.0,0.0,0.0,0.0,0.6,0.6,0.510925925925926,2.0
S5_Aggressive_two_factories,72,21693.726348140124,145000.0,87000.0,53950.0,38724.49999999999,10000.0,725.0,725.0,0.0,0.0,0.0,0.6,0.6,0.5244444444444444,10.0
S5_Aggressive_two_factories,73,20561.72072213561,143000.0,85800.0,53130.0,38060.299999999996,10000.0,715.0,715.0,0.0,0.0,0.0,0.6,0.6,0.5044444444444445,0.0
S5_Aggressive_two_factories,74,22741.709122928463,150600.0,90360.0,56246.0,40584.259999999995,10000.0,753.0,753.0,0.0,0.0,0.0,0.6,0.6,0.5383333333333334,3.0
S5_Aggressive_two_factories,75,18465.181819914913,127400.0,76440.0,46734.0,32879.53999999999,10000.0,637.0,637.0,0.0,0.0,0.0,0.6,0.6,0.4685185185185185,0.0
S5_Aggressive_two_factories,76,21161.502406439075,141200.0,84720.0,52392.0,37462.51999999999,10000.0,706.0,706.0,0.0,0.0,0.0,0.6,0.6,0.5107407407407407,19.0
S5_Aggressive_two_factories,77,18578.399670039144,129000.0,77400.0,47390.0,33410.899999999994,10000.0,645.0,645.0,0.0,0.0,0.0,0.6,0.6,0.46944444444444444,2.0
S5_Aggressive_two_factories,78,20553.511649253112,141800.0,85080.0,52638.0,37661.78,10000.0,709.0,709.0,0.0,0.0,0.0,0.6,0.6,0.5057407407407407,6.0
S5_Aggressive_two_factories,79,22021.432881231598,148000.0,88800.0,55180.0,39720.799999999996,10000.0,740.0,740.0,0.0,0.0,0.0,0.6,0.6,0.525,10.0
S5_Aggressive_two_factories,80,21313.201272413815,143400.0,86040.0,53294.0,38193.14,10000.0,717.0,717.0,0.0,0.0,0.0,0.6,0.6,0.5181481481481481,6.0
S5_Aggressive_two_factories,81,18519.981154663223,131600.0,78960.0,48456.0,34274.36,10000.0,658.0,658.0,0.0,0.0,0.0,0.6,0.6,0.47370370370370374,0.0
S5_Aggressive_two_factories,82,20027.189998050006,139400.0,83640.0,51654.0,36864.74,10000.0,697.0,697.0,0.0,0.0,0.0,0.6,0.6,0.4972222222222223,4.0
S5_Aggressive_two_factories,83,24288.9832656559,158200.0,94920.0,59362.0,43108.22,10000.0,791.0,791.0,0.0,0.0,0.0,0.6,0.6,0.5692592592592594,20.0
S5_Aggressive_two_factories,84,21563.120058948458,141600.0,84960.0,52556.0,37595.36,10000.0,708.0,708.0,0.0,0.0,0.0,0.6,0.6,0.5170370370370371,10.0
S5_Aggressive_two_factories,85,18482.11987652975,131800.0,79080.0,48538.0,34340.78,10000.0,659.0,659.0,0.0,0.0,0.0,0.6,0.6,0.4642592592592593,0.0
S5_Aggressive_two_factories,86,21853.919423921143,146200.0,87720.0,54442.0,39123.02,10000.0,731.0,731.0,0.0,0.0,0.0,0.6,0.6,0.5277777777777778,3.0
S5_Aggressive_two_factories,87,22280.772656504632,150800.0,90480.0,56328.0,40650.68,10000.0,754.0,754.0,0.0,0.0,0.0,0.6,0.6,0.5383333333333333,2.0
S5_Aggressive_two_factories,88,18430.600624319384,126200.0,75720.0,46242.0,32481.02,10000.0,631.0,631.0,0.0,0.0,0.0,0.6,0.6,0.4712962962962963,12.0
S5_Aggressive_two_factories,89,21014.61299202491,139800.0,83880.0,51818.0,36997.579999999994,10000.0,699.0,699.0,0.0,0.0,0.0,0.6,0.6,0.5079629629629631,7.0
S5_Aggressive_two_factories,90,17241.655448208472,124000.0,74400.0,45340.0,31750.399999999998,10000.0,620.0,620.0,0.0,0.0,0.0,0.6,0.6,0.43499999999999994,0.0
S5_Aggressive_two_factories,91,22219.96874422316,149000.0,89400.0,55590.0,40052.9,10000.0,745.0,745.0,0.0,0.0,0.0,0.6,0.6,0.532037037037037,2.0
S5_Aggressive_two_factories,92,20860.453380593335,142600.0,85560.0,52966.0,37927.46000000001,10000.0,713.0,713.0,0.0,0.0,0.0,0.6,0.6,0.5114814814814814,0.0
S5_Aggressive_two_factories,93,26353.192908592064,171800.0,103080.0,64938.0,47624.77999999999,10000.0,859.0,859.0,0.0,0.0,0.0,0.6,0.6,0.5988888888888888,0.0
S5_Aggressive_two_factories,94,21944.837539794622,151000.0,90600.0,56410.0,40717.1,10000.0,755.0,755.0,0.0,0.0,0.0,0.6,0.6,0.5305555555555556,0.0
S5_Aggressive_two_factories,95,19553.71459462607,135600.0,81360.0,50096.0,35602.759999999995,10000.0,678.0,678.0,0.0,0.0,0.0,0.6,0.6,0.4872222222222222,1.0
S5_Aggressive_two_factories,96,21249.21636882295,144400.0,86640.0,53704.0,38525.240000000005,10000.0,722.0,722.0,0.0,0.0,0.0,0.6,0.6,0.5207407407407406,6.0
S5_Aggressive_two_factories,97,18715.707404916746,130000.0,78000.0,47800.0,33743.0,10000.0,650.0,650.0,0.0,0.0,0.0,0.6,0.6,0.4659259259259259,0.0
S5_Aggressive_two_factories,98,19283.932925570247,134000.0,80400.0,49440.0,35071.399999999994,10000.0,670.0,670.0,0.0,0.0,0.0,0.6,0.6,0.48129629629629633,0.0
S5_Aggressive_two_factories,99,19186.342362454496,129600.0,77760.0,47636.0,33610.16,10000.0,648.0,648.0,0.0,0.0,0.0,0.6,0.6,0.47981481481481486,0.0
S5_Aggressive_two_factories,100,21720.83099929348,145200.0,87120.0,54032.0,38790.92,10000.0,726.0,726.0,0.0,0.0,0.0,0.6,0.6,0.5231481481481481,8.0
S5_Aggressive_two_factories,101,20673.896417522334,140200.0,84120.0,51982.0,37130.420000000006,10000.0,701.0,701.0,0.0,0.0,0.0,0.6,0.6,0.5118518518518518,10.0
S5_Aggressive_two_factories,102,22759.607328173173,153800.0,92280.0,57558.0,41646.98,10000.0,769.0,769.0,0.0,0.0,0.0,0.6,0.6,0.5442592592592592,3.0
S5_Aggressive_two_factories,103,24231.221865426898,158200.0,94920.0,59362.0,43108.22000000001,10000.0,791.0,791.0,0.0,0.0,0.0,0.6,0.6,0.5614814814814815,10.0
S5_Aggressive_two_factories,104,21516.700903591274,143000.0,85800.0,53130.0,38060.299999999996,10000.0,715.0,715.0,0.0,0.0,0.0,0.6,0.6,0.5100000000000001,1.0
S5_Aggressive_two_factories,105,22420.8463518395,151600.0,90960.0,56656.0,40916.36,10000.0,758.0,758.0,0.0,0.0,0.0,0.6,0.6,0.5285185185185185,0.0
S5_Aggressive_two_factories,106,23094.829259605172,152600.0,91560.0,57066.0,41248.46,10000.0,763.0,763.0,0.0,0.0,0.0,0.6,0.6,0.5424074074074074,0.0
S5_Aggressive_two_factories,107,17326.449697905984,120400.0,72240.0,43864.0,30554.840000000004,10000.0,602.0,602.0,0.0,0.0,0.0,0.6,0.6,0.4431481481481481,0.0
S5_Aggressive_two_factories,108,23946.536448757317,159000.0,95400.0,59690.0,43373.9,10000.0,795.0,795.0,0.0,0.0,0.0,0.6,0.6,0.5618518518518518,4.0
S5_Aggressive_two_factories,109,22830.278468555185,148600.0,89160.0,55426.0,39920.06,10000.0,743.0,743.0,0.0,0.0,0.0,0.6,0.6,0.5396296296296296,9.0
S5_Aggressive_two_factories,110,19037.615884199826,130200.0,78120.0,47882.0,33809.42,10000.0,651.0,651.0,0.0,0.0,0.0,0.6,0.6,0.47833333333333333,4.0
S5_Aggressive_two_factories,111,19389.68877988442,133000.0,79800.0,49030.0,34739.3,10000.0,665.0,665.0,0.0,0.0,0.0,0.6,0.6,0.4842592592592592,0.0
S5_Aggressive_two_factories,112,22021.825087633093,147000.0,88200.0,54770.0,39388.700000000004,10000.0,735.0,735.0,0.0,0.0,0.0,0.6,0.6,0.5299999999999999,4.0
S5_Aggressive_two_factories,113,19772.83031126882,136800.0,82080.0,50588.0,36001.28,10000.0,684.0,684.0,0.0,0.0,0.0,0.6,0.6,0.492037037037037,0.0
S5_Aggressive_two_factories,114,20542.522882389207,140400.0,84240.0,52064.0,37196.840000000004,10000.0,702.0,702.0,0.0,0.0,0.0,0.6,0.6,0.5072222222222222,0.0
S5_Aggressive_two_factories,115,22796.1604824614,152200.0,91320.0,56902.0,41115.619999999995,10000.0,761.0,761.0,0.0,0.0,0.0,0.6,0.6,0.5435185185185186,6.0
S5_Aggressive_two_factories,116,22470.629552809864,147600.0,88560.0,55016.0,39587.96,10000.0,738.0,738.0,0.0,0.0,0.0,0.6,0.6,0.5357407407407406,4.0
S5_Aggressive_two_factories,117,21670.484003165897,147800.0,88680.0,55098.0,39654.38,10000.0,739.0,739.0,0.0,0.0,0.0,0.6,0.6,0.5233333333333334,0.0
S5_Aggressive_two_factories,118,18982.25448927889,133000.0,79800.0,49030.0,34739.3,10000.0,665.0,665.0,0.0,0.0,0.0,0.6,0.6,0.47574074074074074,2.0
S5_Aggressive_two_factories,119,17960.550191143797,128800.0,77280.0,47308.0,33344.48,10000.0,644.0,644.0,0.0,0.0,0.0,0.6,0.6,0.4588888888888889,0.0
S5_Aggressive_two_factories,120,23148.463875598143,152200.0,91320.0,56902.0,41115.62,10000.0,761.0,761.0,0.0,0.0,0.0,0.6,0.6,0.5474074074074073,5.0
S5_Aggressive_two_factories,121,22828.10118125553,154800.0,92880.0,57968.0,41979.08,10000.0,774.0,774.0,0.0,0.0,0.0,0.6,0.6,0.5431481481481482,3.0
S5_Aggressive_two_factories,122,22522.830773638074,149800.0,89880.0,55918.0,40318.58,10000.0,749.0,749.0,0.0,0.0,0.0,0.6,0.6,0.527037037037037,0.0
S5_Aggressive_two_factories,123,22124.999942946633,149600.0,89760.0,55836.0,40252.16,10000.0,748.0,748.0,0.0,0.0,0.0,0.6,0.6,0.5292592592592592,2.0
S5_Aggressive_two_factories,124,25088.15437431022,165000.0,99000.0,62150.0,45366.5,10000.0,825.0,825.0,0.0,0.0,0.0,0.6,0.6,0.580925925925926,7.0
S5_Aggressive_two_factories,125,21112.361882109235,144400.0,86640.0,53704.0,38525.24,10000.0,722.0,722.0,0.0,0.0,0.0,0.6,0.6,0.513888888888889,6.0
S5_Aggressive_two_factories,126,23418.43843304249,152400.0,91440.0,56984.0,41182.03999999999,10000.0,762.0,762.0,0.0,0.0,0.0,0.6,0.6,0.5509259259259259,5.0
S5_Aggressive_two_factories,127,26924.260314592844,172800.0,103680.0,65348.0,47956.88,10000.0,864.0,864.0,0.0,0.0,0.0,0.6,0.6,0.6068518518518519,7.0
S5_Aggressive_two_factories,128,21216.989530145795,145200.0,87120.0,54032.0,38790.92,10000.0,726.0,726.0,0.0,0.0,0.0,0.6,0.6,0.5092592592592593,0.0
S5_Aggressive_two_factories,129,18369.5934673881,125600.0,75360.0,45996.0,32281.759999999995,10000.0,628.0,628.0,0.0,0.0,0.0,0.6,0.6,0.4675925925925926,0.0
S5_Aggressive_two_factories,130,22393.13319036737,151200.0,90720.0,56492.0,40783.52,10000.0,756.0,756.0,0.0,0.0,0.0,0.6,0.6,0.5353703703703704,0.0
S5_Aggressive_two_factories,131,20428.635038542125,138200.0,82920.0,51162.0,36466.21999999999,10000.0,691.0,691.0,0.0,0.0,0.0,0.6,0.6,0.4985185185185185,0.0
S5_Aggressive_two_factories,132,22569.464786462104,146800.0,88080.0,54688.0,39322.28,10000.0,734.0,734.0,0.0,0.0,0.0,0.6,0.6,0.5325925925925926,5.0
S5_Aggressive_two_factories,133,18236.7745443682,129200.0,77520.0,47472.0,33477.32,10000.0,646.0,646.0,0.0,0.0,0.0,0.6,0.6,0.46574074074074073,0.0
S5_Aggressive_two_factories,134,22191.71575053449,147200.0,88320.0,54852.0,39455.12,10000.0,736.0,736.0,0.0,0.0,0.0,0.6,0.6,0.5314814814814814,9.0
S5_Aggressive_two_factories,135,17824.023183838704,127400.0,76440.0,46734.0,32879.53999999999,10000.0,637.0,637.0,0.0,0.0,0.0,0.6,0.6,0.45000000000000007,0.0
S5_Aggressive_two_factories,136,21021.708740435162,144800.0,86880.0,53868.0,38658.08,10000.0,724.0,724.0,0.0,0.0,0.0,0.6,0.6,0.512962962962963,0.0
S5_Aggressive_two_factories,137,23280.941493532107,153000.0,91800.0,57230.0,41381.3,10000.0,765.0,765.0,0.0,0.0,0.0,0.6,0.6,0.5425925925925925,3.0
S5_Aggressive_two_factories,138,19916.857628124824,137800.0,82680.0,50998.0,36333.38,10000.0,689.0,689.0,0.0,0.0,0.0,0.6,0.6,0.49277777777777776,0.0
S5_Aggressive_two_factories,139,25239.22381535259,162800.0,97680.0,61248.0,44635.88,10000.0,814.0,814.0,0.0,0.0,0.0,0.6,0.6,0.5796296296296296,14.0
S5_Aggressive_two_factories,140,19212.47332304883,132800.0,79680.0,48948.0,34672.880000000005,10000.0,664.0,664.0,0.0,0.0,0.0,0.6,0.6,0.48018518518518516,0.0
S5_Aggressive_two_factories,141,19469.060784338355,133600.0,80160.0,49276.0,34938.56,10000.0,668.0,668.0,0.0,0.0,0.0,0.6,0.6,0.48370370370370364,0.0
S5_Aggressive_two_factories,142,21329.137619756988,144800.0,86880.0,53868.0,38658.08,10000.0,724.0,724.0,0.0,0.0,0.0,0.6,0.6,0.515,4.0
S5_Aggressive_two_factories,143,15861.118266250038,115400.0,69240.0,41814.0,28894.34,10000.0,577.0,577.0,0.0,0.0,0.0,0.6,0.6,0.41740740740740745,0.0
S5_Aggressive_two_factories,144,18351.743341107212,128600.0,77160.0,47226.0,33278.06,10000.0,643.0,643.0,0.0,0.0,0.0,0.6,0.6,0.46407407407407403,0.0
S5_Aggressive_two_factories,145,24387.314683227356,159800.0,95880.0,60018.0,43639.579999999994,10000.0,799.0,799.0,0.0,0.0,0.0,0.6,0.6,0.5701851851851851,7.0
S5_Aggressive_two_factories,146,22156.51453461895,149200.0,89520.0,55672.0,40119.32000000001,10000.0,746.0,746.0,0.0,0.0,0.0,0.6,0.6,0.5277777777777778,0.0
S5_Aggressive_two_factories,147,18017.680728289954,123400.0,74040.0,45094.0,31551.14,10000.0,617.0,617.0,0.0,0.0,0.0,0.6,0.6,0.45759259259259266,1.0
S5_Aggressive_two_factories,148,17579.100771978818,128600.0,77160.0,47226.0,33278.060000000005,10000.0,643.0,643.0,0.0,0.0,0.0,0.6,0.6,0.45333333333333325,0.0
S5_Aggressive_two_factories,149,22879.059779925305,150600.0,90360.0,56246.0,40584.259999999995,10000.0,753.0,753.0,0.0,0.0,0.0,0.6,0.6,0.5409259259259259,1.0
S5_Aggressive_two_factories,150,24272.704382248143,159200.0,95520.0,59772.0,43440.32,10000.0,796.0,796.0,0.0,0.0,0.0,0.6,0.6,0.5622222222222223,6.0
S5_Aggressive_two_factories,151,22115.54311597888,146200.0,87720.0,54442.0,39123.02,10000.0,731.0,731.0,0.0,0.0,0.0,0.6,0.6,0.5296296296296297,11.0
S5_Aggressive_two_factories,152,20378.098229759027,138800.0,83280.0,51408.0,36665.479999999996,10000.0,694.0,694.0,0.0,0.0,0.0,0.6,0.6,0.4942592592592593,0.0
S5_Aggressive_two_factories,153,20007.33467421296,136400.0,81840.0,50424.0,35868.439999999995,10000.0,682.0,682.0,0.0,0.0,0.0,0.6,0.6,0.4864814814814815,0.0
S5_Aggressive_two_factories,154,20230.512220565506,137000.0,82200.0,50670.0,36067.700000000004,10000.0,685.0,685.0,0.0,0.0,0.0,0.6,0.6,0.4968518518518518,0.0
S5_Aggressive_two_factories,155,23217.660190578063,153600.0,92160.0,57476.0,41580.56,10000.0,768.0,768.0,0.0,0.0,0.0,0.6,0.6,0.5422222222222222,8.0
S5_Aggressive_two_factories,156,19875.332003246876,138600.0,83160.0,51326.0,36599.060000000005,10000.0,693.0,693.0,0.0,0.0,0.0,0.6,0.6,0.48611111111111105,0.0
S5_Aggressive_two_factories,157,18983.33245059027,129800.0,77880.0,47718.0,33676.58,10000.0,649.0,649.0,0.0,0.0,0.0,0.6,0.6,0.4774074074074074,9.0
S5_Aggressive_two_factories,158,18073.434448236916,123200.0,73920.0,45012.0,31484.719999999998,10000.0,616.0,616.0,0.0,0.0,0.0,0.6,0.6,0.4574074074074074,0.0
S5_Aggressive_two_factories,159,21872.41027786049,146200.0,87720.0,54442.0,39123.020000000004,10000.0,731.0,731.0,0.0,0.0,0.0,0.6,0.6,0.5264814814814814,5.0
S5_Aggressive_two_factories,160,19805.903341816473,140600.0,84360.0,52146.0,37263.26,10000.0,703.0,703.0,0.0,0.0,0.0,0.6,0.6,0.49407407407407405,0.0
S5_Aggressive_two_factories,161,21486.743489977795,147200.0,88320.0,54852.0,39455.119999999995,10000.0,736.0,736.0,0.0,0.0,0.0,0.6,0.6,0.5174074074074074,0.0
S5_Aggressive_two_factories,162,18579.53984893472,128400.0,77040.0,47144.0,33211.64,10000.0,642.0,642.0,0.0,0.0,0.0,0.6,0.6,0.4675925925925926,0.0
S5_Aggressive_two_factories,163,24670.358066531146,163400.0,98040.0,61494.0,44835.14,10000.0,817.0,817.0,0.0,0.0,0.0,0.6,0.6,0.5694444444444444,3.0
S5_Aggressive_two_factories,164,23066.081133360734,153200.0,91920.0,57312.0,41447.719999999994,10000.0,766.0,766.0,0.0,0.0,0.0,0.6,0.6,0.5459259259259259,2.0
S5_Aggressive_two_factories,165,21317.205657420353,142600.0,85560.0,52966.0,37927.46,10000.0,713.0,713.0,0.0,0.0,0.0,0.6,0.6,0.5185185185185185,4.0
S5_Aggressive_two_factories,166,18879.099075818616,133200.0,79920.0,49112.0,34805.72,10000.0,666.0,666.0,0.0,0.0,0.0,0.6,0.6,0.47222222222222227,2.0
S5_Aggressive_two_factories,167,22536.744416133024,151200.0,90720.0,56492.0,40783.520000000004,10000.0,756.0,756.0,0.0,0.0,0.0,0.6,0.6,0.537037037037037,0.0
S5_Aggressive_two_factories,168,23690.903610813366,153800.0,92280.0,57558.0,41646.979999999996,10000.0,769.0,769.0,0.0,0.0,0.0,0.6,0.6,0.5566666666666668,23.0
S5_Aggressive_two_factories,169,20743.833863966654,141800.0,85080.0,52638.0,37661.78,10000.0,709.0,709.0,0.0,0.0,0.0,0.6,0.6,0.5024074074074074,0.0
S5_Aggressive_two_factories,170,21031.35829904447,141800.0,85080.0,52638.0,37661.78,10000.0,709.0,709.0,0.0,0.0,0.0,0.6,0.6,0.51,0.0
S5_Aggressive_two_factories,171,20281.130739987726,139400.0,83640.0,51654.0,36864.74,10000.0,697.0,697.0,0.0,0.0,0.0,0.6,0.6,0.49925925925925935,0.0
S5_Aggressive_two_factories,172,20850.127474581797,142800.0,85680.0,53048.0,37993.880000000005,10000.0,714.0,714.0,0.0,0.0,0.0,0.6,0.6,0.5062962962962964,0.0
S5_Aggressive_two_factories,173,21874.42882864326,144800.0,86880.0,53868.0,38658.08,10000.0,724.0,724.0,0.0,0.0,0.0,0.6,0.6,0.5231481481481481,3.0
S5_Aggressive_two_factories,174,22504.445403693277,149200.0,89520.0,55672.0,40119.32,10000.0,746.0,746.0,0.0,0.0,0.0,0.6,0.6,0.5311111111111111,7.0
S5_Aggressive_two_factories,175,23150.337920761624,154200.0,92520.0,57722.0,41779.82,10000.0,771.0,771.0,0.0,0.0,0.0,0.6,0.6,0.5512962962962963,1.0
S5_Aggressive_two_factories,176,20968.995123118235,144400.0,86640.0,53704.0,38525.24,10000.0,722.0,722.0,0.0,0.0,0.0,0.6,0.6,0.51,0.0
S5_Aggressive_two_factories,177,20392.74207963866,137600.0,82560.0,50916.0,36266.96,10000.0,688.0,688.0,0.0,0.0,0.0,0.6,0.6,0.5011111111111111,9.0
S5_Aggressive_two_factories,178,19156.444138789568,134600.0,80760.0,49686.0,35270.66,10000.0,673.0,673.0,0.0,0.0,0.0,0.6,0.6,0.47407407407407404,0.0
S5_Aggressive_two_factories,179,21729.526318722386,149800.0,89880.0,55918.0,40318.579999999994,10000.0,749.0,749.0,0.0,0.0,0.0,0.6,0.6,0.5218518518518519,0.0
S5_Aggressive_two_factories,180,22342.200994855684,147200.0,88320.0,54852.0,39455.12,10000.0,736.0,736.0,0.0,0.0,0.0,0.6,0.6,0.5296296296296296,8.0
S5_Aggressive_two_factories,181,23794.93185069511,159800.0,95880.0,60018.0,43639.579999999994,10000.0,799.0,799.0,0.0,0.0,0.0,0.6,0.6,0.5542592592592592,0.0
S5_Aggressive_two_factories,182,17917.291999182646,128200.0,76920.0,47062.0,33145.22,10000.0,641.0,641.0,0.0,0.0,0.0,0.6,0.6,0.45740740740740743,0.0
S5_Aggressive_two_factories,183,17328.891538377484,125000.0,75000.0,45750.0,32082.499999999996,10000.0,625.0,625.0,0.0,0.0,0.0,0.6,0.6,0.45092592592592595,0.0
S5_Aggressive_two_factories,184,25729.29391536611,166000.0,99600.0,62560.0,45698.6,10000.0,830.0,830.0,0.0,0.0,0.0,0.6,0.6,0.5831481481481481,12.0
S5_Aggressive_two_factories,185,23125.507061988013,150600.0,90360.0,56246.0,40584.259999999995,10000.0,753.0,753.0,0.0,0.0,0.0,0.6,0.6,0.5461111111111111,8.0
S5_Aggressive_two_factories,186,19527.809691502112,134800.0,80880.0,49768.0,35337.08,10000.0,674.0,674.0,0.0,0.0,0.0,0.6,0.6,0.49277777777777776,4.0
S5_Aggressive_two_factories,187,21175.941244069174,146600.0,87960.0,54606.0,39255.85999999999,10000.0,733.0,733.0,0.0,0.0,0.0,0.6,0.6,0.5107407407407407,0.0
S5_Aggressive_two_factories,188,19708.47368945161,140600.0,84360.0,52146.0,37263.259999999995,10000.0,703.0,703.0,0.0,0.0,0.0,0.6,0.6,0.4924074074074074,0.0
S5_Aggressive_two_factories,189,20519.46331467961,139000.0,83400.0,51490.0,36731.9,10000.0,695.0,695.0,0.0,0.0,0.0,0.6,0.6,0.5033333333333334,5.0
S5_Aggressive_two_factories,190,24428.33983135556,159200.0,95520.0,59772.0,43440.32,10000.0,796.0,796.0,0.0,0.0,0.0,0.6,0.6,0.5681481481481482,3.0
S5_Aggressive_two_factories,191,23354.39812757238,154400.0,92640.0,57804.0,41846.24,10000.0,772.0,772.0,0.0,0.0,0.0,0.6,0.6,0.5524074074074075,7.0
S5_Aggressive_two_factories,192,23952.698865229188,157600.0,94560.0,59116.0,42908.96,10000.0,788.0,788.0,0.0,0.0,0.0,0.6,0.6,0.5570370370370371,6.0
S5_Aggressive_two_factories,193,21687.535341786144,148600.0,89160.0,55426.0,39920.06,10000.0,743.0,743.0,0.0,0.0,0.0,0.6,0.6,0.5170370370370371,0.0
S5_Aggressive_two_factories,194,22214.47991116072,151400.0,90840.0,56574.0,40849.94,10000.0,757.0,757.0,0.0,0.0,0.0,0.6,0.6,0.5327777777777778,3.0
S5_Aggressive_two_factories,195,17060.36367782175,119600.0,71760.0,43536.0,30289.160000000003,10000.0,598.0,598.0,0.0,0.0,0.0,0.6,0.6,0.4385185185185185,0.0
S5_Aggressive_two_factories,196,19978.272675368695,139400.0,83640.0,51654.0,36864.74,10000.0,697.0,697.0,0.0,0.0,0.0,0.6,0.6,0.4946296296296297,0.0
S5_Aggressive_two_factories,197,21745.563400664945,146000.0,87600.0,54360.0,39056.6,10000.0,730.0,730.0,0.0,0.0,0.0,0.6,0.6,0.5253703703703704,2.0
S5_Aggressive_two_factories,198,21347.608893166904,146200.0,87720.0,54442.0,39123.02,10000.0,731.0,731.0,0.0,0.0,0.0,0.6,0.6,0.5151851851851852,1.0
S5_Aggressive_two_factories,199,21843.14541792643,146400.0,87840.0,54524.0,39189.44,10000.0,732.0,732.0,0.0,0.0,0.0,0.6,0.6,0.5266666666666667,3.0
S5_Aggressive_two_factories,200,21398.42266793799,145200.0,87120.0,54032.0,38790.92,10000.0,726.0,726.0,0.0,0.0,0.0,0.6,0.6,0.5148148148148147,0.0
S5_Aggressive_two_factories,201,26160.737829723712,171200.0,102720.0,64692.0,47425.52,10000.0,856.0,856.0,0.0,0.0,0.0,0.6,0.6,0.5988888888888888,1.0
S5_Aggressive_two_factories,202,21275.438125387398,147400.0,88440.0,54934.0,39521.53999999999,10000.0,737.0,737.0,0.0,0.0,0.0,0.6,0.6,0.5166666666666667,0.0
S5_Aggressive_two_factories,203,22127.767526047028,145400.0,87240.0,54114.0,38857.34,10000.0,727.0,727.0,0.0,0.0,0.0,0.6,0.6,0.5307407407407407,21.0
S5_Aggressive_two_factories,204,20345.679299794672,135800.0,81480.0,50178.0,35669.17999999999,10000.0,679.0,679.0,0.0,0.0,0.0,0.6,0.6,0.4924074074074074,4.0
S5_Aggressive_two_factories,205,19131.366321413338,132400.0,79440.0,48784.0,34540.04,10000.0,662.0,662.0,0.0,0.0,0.0,0.6,0.6,0.48055555555555557,0.0
S5_Aggressive_two_factories,206,23219.934283658655,155000.0,93000.0,58050.0,42045.5,10000.0,775.0,775.0,0.0,0.0,0.0,0.6,0.6,0.5524074074074075,6.0
S5_Aggressive_two_factories,207,21896.87732019982,144000.0,86400.0,53540.0,38392.40000000001,10000.0,720.0,720.0,0.0,0.0,0.0,0.6,0.6,0.5240740740740741,13.0
S5_Aggressive_two_factories,208,16461.441237385603,117800.0,70680.0,42798.0,29691.379999999997,10000.0,589.0,589.0,0.0,0.0,0.0,0.6,0.6,0.4353703703703704,0.0
S5_Aggressive_two_factories,209,22872.776861127044,152600.0,91560.0,57066.0,41248.46000000001,10000.0,763.0,763.0,0.0,0.0,0.0,0.6,0.6,0.5381481481481482,0.0
S5_Aggressive_two_factories,210,24079.41939574341,157800.0,94680.0,59198.0,42975.380000000005,10000.0,789.0,789.0,0.0,0.0,0.0,0.6,0.6,0.5609259259259258,5.0
S5_Aggressive_two_factories,211,21666.468618876188,148000.0,88800.0,55180.0,39720.799999999996,10000.0,740.0,740.0,0.0,0.0,0.0,0.6,0.6,0.5181481481481481,0.0
S5_Aggressive_two_factories,212,19076.692949274286,130200.0,78120.0,47882.0,33809.42,10000.0,651.0,651.0,0.0,0.0,0.0,0.6,0.6,0.47388888888888886,0.0
S5_Aggressive_two_factories,213,23403.932011523433,153200.0,91920.0,57312.0,41447.719999999994,10000.0,766.0,766.0,0.0,0.0,0.0,0.6,0.6,0.5537037037037037,16.0
S5_Aggressive_two_factories,214,20745.376988352004,141200.0,84720.0,52392.0,37462.520000000004,10000.0,706.0,706.0,0.0,0.0,0.0,0.6,0.6,0.5112962962962962,3.0
S5_Aggressive_two_factories,215,19605.491184970968,134600.0,80760.0,49686.0,35270.65999999999,10000.0,673.0,673.0,0.0,0.0,0.0,0.6,0.6,0.4814814814814815,0.0
S5_Aggressive_two_factories,216,20364.235944996384,137800.0,82680.0,50998.0,36333.380000000005,10000.0,689.0,689.0,0.0,0.0,0.0,0.6,0.6,0.5016666666666667,10.0
S5_Aggressive_two_factories,217,23848.95720529781,155800.0,93480.0,58378.0,42311.18,10000.0,779.0,779.0,0.0,0.0,0.0,0.6,0.6,0.5590740740740741,13.0
S5_Aggressive_two_factories,218,18980.16163602806,133000.0,79800.0,49030.0,34739.3,10000.0,665.0,665.0,0.0,0.0,0.0,0.6,0.6,0.4738888888888889,0.0
S5_Aggressive_two_factories,219,20228.467610564057,137200.0,82320.0,50752.0,36134.12,10000.0,686.0,686.0,0.0,0.0,0.0,0.6,0.6,0.49851851851851847,1.0
S5_Aggressive_two_factories,220,19287.407171659852,132200.0,79320.0,48702.0,34473.619999999995,10000.0,661.0,661.0,0.0,0.0,0.0,0.6,0.6,0.4803703703703704,0.0
S5_Aggressive_two_factories,221,21105.210222438855,145000.0,87000.0,53950.0,38724.5,10000.0,725.0,725.0,0.0,0.0,0.0,0.6,0.6,0.5135185185185185,0.0
S5_Aggressive_two_factories,222,20069.396544261333,139400.0,83640.0,51654.0,36864.740000000005,10000.0,697.0,697.0,0.0,0.0,0.0,0.6,0.6,0.4918518518518518,0.0
S5_Aggressive_two_factories,223,19443.882905573722,132200.0,79320.0,48702.0,34473.619999999995,10000.0,661.0,661.0,0.0,0.0,0.0,0.6,0.6,0.48351851851851857,0.0
S5_Aggressive_two_factories,224,21823.924590505798,147600.0,88560.0,55016.0,39587.96,10000.0,738.0,738.0,0.0,0.0,0.0,0.6,0.6,0.5281481481481481,1.0
S5_Aggressive_two_factories,225,23400.961328254936,155400.0,93240.0,58214.0,42178.34,10000.0,777.0,777.0,0.0,0.0,0.0,0.6,0.6,0.5494444444444445,0.0
S5_Aggressive_two_factories,226,21569.677202003084,144200.0,86520.0,53622.0,38458.82,10000.0,721.0,721.0,0.0,0.0,0.0,0.6,0.6,0.5155555555555555,0.0
S5_Aggressive_two_factories,227,24179.79246451443,159000.0,95400.0,59690.0,43373.9,10000.0,795.0,795.0,0.0,0.0,0.0,0.6,0.6,0.5594444444444445,7.0
S5_Aggressive_two_factories,228,21630.442228552638,149400.0,89640.0,55754.0,40185.74,10000.0,747.0,747.0,0.0,0.0,0.0,0.6,0.6,0.5281481481481481,0.0
S5_Aggressive_two_factories,229,21920.795627963416,150200.0,90120.0,56082.0,40451.42,10000.0,751.0,751.0,0.0,0.0,0.0,0.6,0.6,0.5296296296296296,0.0
S5_Aggressive_two_factories,230,21087.648046229893,144200.0,86520.0,53622.0,38458.81999999999,10000.0,721.0,721.0,0.0,0.0,0.0,0.6,0.6,0.5068518518518519,0.0
S5_Aggressive_two_factories,231,17224.081835120018,122200.0,73320.0,44602.0,31152.620000000003,10000.0,611.0,611.0,0.0,0.0,0.0,0.6,0.6,0.4477777777777778,0.0
S5_Aggressive_two_factories,232,25068.322277136755,164600.0,98760.0,61986.0,45233.659999999996,10000.0,823.0,823.0,0.0,0.0,0.0,0.6,0.6,0.5779629629629631,0.0
S5_Aggressive_two_factories,233,20572.025891735197,141400.0,84840.0,52474.0,37528.939999999995,10000.0,707.0,707.0,0.0,0.0,0.0,0.6,0.6,0.5025925925925925,0.0
S5_Aggressive_two_factories,234,23569.61920929409,155600.0,93360.0,58296.0,42244.759999999995,10000.0,778.0,778.0,0.0,0.0,0.0,0.6,0.6,0.5562962962962962,1.0
S5_Aggressive_two_factories,235,18444.7139711986,125200.0,75120.0,45832.0,32148.92,10000.0,626.0,626.0,0.0,0.0,0.0,0.6,0.6,0.46222222222222226,6.0
S5_Aggressive_two_factories,236,22166.040838968907,150200.0,90120.0,56082.0,40451.42,10000.0,751.0,751.0,0.0,0.0,0.0,0.6,0.6,0.5318518518518519,0.0
S5_Aggressive_two_factories,237,24311.31388317912,158600.0,95160.0,59526.0,43241.06,10000.0,793.0,793.0,0.0,0.0,0.0,0.6,0.6,0.5642592592592593,13.0
S5_Aggressive_two_factories,238,19089.94163553937,130800.0,78480.0,48128.0,34008.68,10000.0,654.0,654.0,0.0,0.0,0.0,0.6,0.6,0.4735185185185185,0.0
S5_Aggressive_two_factories,239,21114.312829250946,140000.0,84000.0,51900.0,37064.0,10000.0,700.0,700.0,0.0,0.0,0.0,0.6,0.6,0.5072222222222222,1.0
S5_Aggressive_two_factories,240,21663.627164720638,143200.0,85920.0,53212.0,38126.72,10000.0,716.0,716.0,0.0,0.0,0.0,0.6,0.6,0.5196296296296297,10.0
S5_Aggressive_two_factories,241,18466.235279261156,129000.0,77400.0,47390.0,33410.899999999994,10000.0,645.0,645.0,0.0,0.0,0.0,0.6,0.6,0.4666666666666667,0.0
S5_Aggressive_two_factories,242,21731.57514738104,143200.0,85920.0,53212.0,38126.72,10000.0,716.0,716.0,0.0,0.0,0.0,0.6,0.6,0.5198148148148147,0.0
S5_Aggressive_two_factories,243,20235.578478394567,140600.0,84360.0,52146.0,37263.259999999995,10000.0,703.0,703.0,0.0,0.0,0.0,0.6,0.6,0.49481481481481476,0.0
S5_Aggressive_two_factories,244,20959.118483610284,142000.0,85200.0,52720.0,37728.2,10000.0,710.0,710.0,0.0,0.0,0.0,0.6,0.6,0.5062962962962964,1.0
S5_Aggressive_two_factories,245,26042.01378332841,168600.0,101160.0,63626.0,46562.060000000005,10000.0,843.0,843.0,0.0,0.0,0.0,0.6,0.6,0.5966666666666666,10.0
S5_Aggressive_two_factories,246,24071.22897708518,156400.0,93840.0,58624.0,42510.439999999995,10000.0,782.0,782.0,0.0,0.0,0.0,0.6,0.6,0.5624074074074075,15.0
S5_Aggressive_two_factories,247,22754.37260981201,150600.0,90360.0,56246.0,40584.26,10000.0,753.0,753.0,0.0,0.0,0.0,0.6,0.6,0.5398148148148147,4.0
S5_Aggressive_two_factories,248,22310.504027148196,148800.0,89280.0,55508.0,39986.479999999996,10000.0,744.0,744.0,0.0,0.0,0.0,0.6,0.6,0.5338888888888889,2.0
S5_Aggressive_two_factories,249,20561.18223060288,139400.0,83640.0,51654.0,36864.740000000005,10000.0,697.0,697.0,0.0,0.0,0.0,0.6,0.6,0.5014814814814815,0.0
S5_Aggressive_two_factories,250,22417.39692443479,149800.0,89880.0,55918.0,40318.579999999994,10000.0,749.0,749.0,0.0,0.0,0.0,0.6,0.6,0.5361111111111111,7.0
S5_Aggressive_two_factories,251,25492.53561030871,167600.0,100560.0,63216.0,46229.96,10000.0,838.0,838.0,0.0,0.0,0.0,0.6,0.6,0.5892592592592593,2.0
S5_Aggressive_two_factories,252,18796.847224853183,132400.0,79440.0,48784.0,34540.04,10000.0,662.0,662.0,0.0,0.0,0.0,0.6,0.6,0.4783333333333334,3.0
S5_Aggressive_two_factories,253,23527.113570609952,157800.0,94680.0,59198.0,42975.37999999999,10000.0,789.0,789.0,0.0,0.0,0.0,0.6,0.6,0.5588888888888889,2.0
S5_Aggressive_two_factories,254,21001.255965387347,138800.0,83280.0,51408.0,36665.479999999996,10000.0,694.0,694.0,0.0,0.0,0.0,0.6,0.6,0.5107407407407407,12.0
S5_Aggressive_two_factories,255,23730.54269815959,156600.0,93960.0,58706.0,42576.85999999999,10000.0,783.0,783.0,0.0,0.0,0.0,0.6,0.6,0.557962962962963,7.0
S5_Aggressive_two_factories,256,18998.950912584136,128400.0,77040.0,47144.0,33211.64,10000.0,642.0,642.0,0.0,0.0,0.0,0.6,0.6,0.47203703703703703,0.0
S5_Aggressive_two_factories,257,23406.590798335896,156000.0,93600.0,58460.0,42377.6,10000.0,780.0,780.0,0.0,0.0,0.0,0.6,0.6,0.5462962962962963,4.0
S5_Aggressive_two_factories,258,22799.595216382808,152200.0,91320.0,56902.0,41115.619999999995,10000.0,761.0,761.0,0.0,0.0,0.0,0.6,0.6,0.5474074074074075,9.0
S5_Aggressive_two_factories,259,21359.623807481963,143400.0,86040.0,53294.0,38193.14,10000.0,717.0,717.0,0.0,0.0,0.0,0.6,0.6,0.5144444444444445,0.0
S5_Aggressive_two_factories,260,21265.276962311516,143800.0,86280.0,53458.0,38325.98,10000.0,719.0,719.0,0.0,0.0,0.0,0.6,0.6,0.5157407407407407,0.0
S5_Aggressive_two_factories,261,21564.554610016825,147000.0,88200.0,54770.0,39388.7,10000.0,735.0,735.0,0.0,0.0,0.0,0.6,0.6,0.5214814814814814,0.0
S5_Aggressive_two_factories,262,19573.864645811358,135200.0,81120.0,49932.0,35469.920000000006,10000.0,676.0,676.0,0.0,0.0,0.0,0.6,0.6,0.48851851851851846,0.0
S5_Aggressive_two_factories,263,22450.43759216995,151800.0,91080.0,56738.0,40982.78,10000.0,759.0,759.0,0.0,0.0,0.0,0.6,0.6,0.5377777777777778,5.0
S5_Aggressive_two_factories,264,22301.431301895373,147600.0,88560.0,55016.0,39587.96,10000.0,738.0,738.0,0.0,0.0,0.0,0.6,0.6,0.534074074074074,7.0
S5_Aggressive_two_factories,265,18200.383448483837,129200.0,77520.0,47472.0,33477.32,10000.0,646.0,646.0,0.0,0.0,0.0,0.6,0.6,0.4657407407407408,0.0
S5_Aggressive_two_factories,266,20484.027764598388,140000.0,84000.0,51900.0,37064.0,10000.0,700.0,700.0,0.0,0.0,0.0,0.6,0.6,0.5027777777777778,0.0
S5_Aggressive_two_factories,267,19911.320626529683,142000.0,85200.0,52720.0,37728.2,10000.0,710.0,710.0,0.0,0.0,0.0,0.6,0.6,0.49314814814814817,0.0
S5_Aggressive_two_factories,268,19883.35646665168,137800.0,82680.0,50998.0,36333.38,10000.0,689.0,689.0,0.0,0.0,0.0,0.6,0.6,0.4927777777777778,0.0
S5_Aggressive_two_factories,269,18263.040343827106,129800.0,77880.0,47718.0,33676.58,10000.0,649.0,649.0,0.0,0.0,0.0,0.6,0.6,0.47333333333333333,0.0
S5_Aggressive_two_factories,270,19484.529222912814,136000.0,81600.0,50260.0,35735.6,10000.0,680.0,680.0,0.0,0.0,0.0,0.6,0.6,0.4848148148148148,0.0
S5_Aggressive_two_factories,271,22580.763061017577,151600.0,90960.0,56656.0,40916.36,10000.0,758.0,758.0,0.0,0.0,0.0,0.6,0.6,0.5322222222222223,2.0
S5_Aggressive_two_factories,272,20087.804954787483,139400.0,83640.0,51654.0,36864.74,10000.0,697.0,697.0,0.0,0.0,0.0,0.6,0.6,0.4946296296296296,0.0
S5_Aggressive_two_factories,273,22682.098912723246,151000.0,90600.0,56410.0,40717.09999999999,10000.0,755.0,755.0,0.0,0.0,0.0,0.6,0.6,0.5411111111111111,10.0
S5_Aggressive_two_factories,274,21766.50800799732,145400.0,87240.0,54114.0,38857.34,10000.0,727.0,727.0,0.0,0.0,0.0,0.6,0.6,0.5285185185185185,3.0
S5_Aggressive_two_factories,275,21963.932161163008,152200.0,91320.0,56902.0,41115.619999999995,10000.0,761.0,761.0,0.0,0.0,0.0,0.6,0.6,0.5305555555555556,0.0
S5_Aggressive_two_factories,276,21125.724200690325,142200.0,85320.0,52802.0,37794.62000000001,10000.0,711.0,711.0,0.0,0.0,0.0,0.6,0.6,0.5098148148148148,0.0
S5_Aggressive_two_factories,277,22796.17643296088,150400.0,90240.0,56164.0,40517.840000000004,10000.0,752.0,752.0,0.0,0.0,0.0,0.6,0.6,0.539074074074074,1.0
S5_Aggressive_two_factories,278,22988.767021829943,152000.0,91200.0,56820.0,41049.2,10000.0,760.0,760.0,0.0,0.0,0.0,0.6,0.6,0.544074074074074,19.0
S5_Aggressive_two_factories,279,20038.683871403056,138400.0,83040.0,51244.0,36532.64,10000.0,692.0,692.0,0.0,0.0,0.0,0.6,0.6,0.49,0.0
S5_Aggressive_two_factories,280,21206.73695316309,144000.0,86400.0,53540.0,38392.4,10000.0,720.0,720.0,0.0,0.0,0.0,0.6,0.6,0.5190740740740741,0.0
S5_Aggressive_two_factories,281,23295.768649291873,156000.0,93600.0,58460.0,42377.6,10000.0,780.0,780.0,0.0,0.0,0.0,0.6,0.6,0.554074074074074,2.0
S5_Aggressive_two_factories,282,19018.13888384729,134600.0,80760.0,49686.0,35270.66,10000.0,673.0,673.0,0.0,0.0,0.0,0.6,0.6,0.4766666666666666,0.0
S5_Aggressive_two_factories,283,19153.14260865616,134600.0,80760.0,49686.0,35270.659999999996,10000.0,673.0,673.0,0.0,0.0,0.0,0.6,0.6,0.48000000000000004,0.0
S5_Aggressive_two_factories,284,23029.022579131466,152600.0,91560.0,57066.0,41248.46,10000.0,763.0,763.0,0.0,0.0,0.0,0.6,0.6,0.5457407407407407,3.0
S5_Aggressive_two_factories,285,21196.506944301807,143000.0,85800.0,53130.0,38060.299999999996,10000.0,715.0,715.0,0.0,0.0,0.0,0.6,0.6,0.512962962962963,5.0
S5_Aggressive_two_factories,286,16802.50105005451,119800.0,71880.0,43618.0,30355.579999999998,10000.0,599.0,599.0,0.0,0.0,0.0,0.6,0.6,0.43740740740740736,0.0
S5_Aggressive_two_factories,287,21471.80378090887,144600.0,86760.0,53786.0,38591.66,10000.0,723.0,723.0,0.0,0.0,0.0,0.6,0.6,0.5201851851851852,0.0
S5_Aggressive_two_factories,288,23002.674202108963,153800.0,92280.0,57558.0,41646.979999999996,10000.0,769.0,769.0,0.0,0.0,0.0,0.6,0.6,0.5405555555555555,1.0
S5_Aggressive_two_factories,289,21652.78457117784,144800.0,86880.0,53868.0,38658.08,10000.0,724.0,724.0,0.0,0.0,0.0,0.6,0.6,0.5235185185185185,6.0
S5_Aggressive_two_factories,290,20393.442719859653,137600.0,82560.0,50916.0,36266.96000000001,10000.0,688.0,688.0,0.0,0.0,0.0,0.6,0.6,0.4957407407407407,0.0
S5_Aggressive_two_factories,291,22694.042703936513,149000.0,89400.0,55590.0,40052.9,10000.0,745.0,745.0,0.0,0.0,0.0,0.6,0.6,0.5427777777777778,25.0
S5_Aggressive_two_factories,292,22518.371284701883,146800.0,88080.0,54688.0,39322.280000000006,10000.0,734.0,734.0,0.0,0.0,0.0,0.6,0.6,0.5320370370370371,17.0
S5_Aggressive_two_factories,293,17734.252979271216,129000.0,77400.0,47390.0,33410.9,10000.0,645.0,645.0,0.0,0.0,0.0,0.6,0.6,0.4570370370370371,0.0
S5_Aggressive_two_factories,294,21991.740191228946,145200.0,87120.0,54032.0,38790.920000000006,10000.0,726.0,726.0,0.0,0.0,0.0,0.6,0.6,0.527962962962963,3.0
S5_Aggressive_two_factories,295,20888.150266577937,143400.0,86040.0,53294.0,38193.14,10000.0,717.0,717.0,0.0,0.0,0.0,0.6,0.6,0.5020370370370372,0.0
S5_Aggressive_two_factories,296,19772.087008150967,136000.0,81600.0,50260.0,35735.6,10000.0,680.0,680.0,0.0,0.0,0.0,0.6,0.6,0.49148148148148146,0.0
S5_Aggressive_two_factories,297,18687.97034090843,132000.0,79200.0,48620.0,34407.2,10000.0,660.0,660.0,0.0,0.0,0.0,0.6,0.6,0.4687037037037037,0.0
S5_Aggressive_two_factories,298,19955.050615512868,140200.0,84120.0,51982.0,37130.41999999999,10000.0,701.0,701.0,0.0,0.0,0.0,0.6,0.6,0.48388888888888887,0.0
S5_Aggressive_two_factories,299,18693.59158257189,129600.0,77760.0,47636.0,33610.159999999996,10000.0,648.0,648.0,0.0,0.0,0.0,0.6,0.6,0.4668518518518519,0.0
S5_Aggressive_two_factories,300,22752.263067655385,147800.0,88680.0,55098.0,39654.38,10000.0,739.0,739.0,0.0,0.0,0.0,0.6,0.6,0.5412962962962963,29.0
