delivery_year,market_cycle,delivery_demand_units,order_year,orders_placed_units,scenario_id,latest_historical_year,starting_historical_demand_units,is_extension_year
2026,upturn,54,2025,54,1,2025,48.0,False
2027,upturn,58,2026,58,1,2025,48.0,False
2028,downturn,55,2027,55,1,2025,48.0,False
2029,upturn,54,2028,54,1,2025,48.0,False
2030,upturn,64,2029,64,1,2025,48.0,False
2031,downturn,74,2030,74,1,2025,48.0,False
2032,upturn,91,2031,91,1,2025,48.0,False
2033,upturn,96,2032,96,1,2025,48.0,False
2034,downturn,96,2033,96,1,2025,48.0,False
2035,upturn,93,2034,93,1,2025,48.0,False
2026,downturn,47,2025,47,2,2025,48.0,False
2027,upturn,60,2026,60,2,2025,48.0,False
2028,upturn,68,2027,68,2,2025,48.0,False
2029,downturn,63,2028,63,2,2025,48.0,False
2030,upturn,66,2029,66,2,2025,48.0,False
2031,upturn,93,2030,93,2,2025,48.0,False
2032,downturn,72,2031,72,2,2025,48.0,False
2033,upturn,91,2032,91,2,2025,48.0,False
2034,upturn,78,2033,78,2,2025,48.0,False
2035,downturn,68,2034,68,2,2025,48.0,False
2026,downturn,47,2025,47,3,2025,48.0,False
2027,upturn,52,2026,52,3,2025,48.0,False
2028,upturn,55,2027,55,3,2025,48.0,False
2029,downturn,53,2028,53,3,2025,48.0,False
2030,upturn,57,2029,57,3,2025,48.0,False
2031,upturn,101,2030,101,3,2025,48.0,False
2032,downturn,82,2031,82,3,2025,48.0,False
2033,upturn,89,2032,89,3,2025,48.0,False
2034,upturn,94,2033,94,3,2025,48.0,False
2035,downturn,83,2034,83,3,2025,48.0,False
2026,upturn,53,2025,53,4,2025,48.0,False
2027,upturn,56,2026,56,4,2025,48.0,False
2028,downturn,53,2027,53,4,2025,48.0,False
2029,upturn,57,2028,57,4,2025,48.0,False
2030,upturn,55,2029,55,4,2025,48.0,False
2031,downturn,77,2030,77,4,2025,48.0,False
2032,upturn,89,2031,89,4,2025,48.0,False
2033,upturn,88,2032,88,4,2025,48.0,False
2034,downturn,81,2033,81,4,2025,48.0,False
2035,upturn,84,2034,84,4,2025,48.0,False
2026,downturn,49,2025,49,5,2025,48.0,False
2027,upturn,53,2026,53,5,2025,48.0,False
2028,upturn,56,2027,56,5,2025,48.0,False
2029,downturn,57,2028,57,5,2025,48.0,False
2030,upturn,68,2029,68,5,2025,48.0,False
2031,upturn,97,2030,97,5,2025,48.0,False
2032,downturn,79,2031,79,5,2025,48.0,False
2033,upturn,84,2032,84,5,2025,48.0,False
2034,upturn,82,2033,82,5,2025,48.0,False
2035,downturn,72,2034,72,5,2025,48.0,False
2026,downturn,43,2025,43,6,2025,48.0,False
2027,upturn,51,2026,51,6,2025,48.0,False
2028,upturn,52,2027,52,6,2025,48.0,False
2029,downturn,54,2028,54,6,2025,48.0,False
2030,upturn,63,2029,63,6,2025,48.0,False
2031,upturn,87,2030,87,6,2025,48.0,False
2032,downturn,91,2031,91,6,2025,48.0,False
2033,upturn,93,2032,93,6,2025,48.0,False
2034,upturn,85,2033,85,6,2025,48.0,False
2035,downturn,74,2034,74,6,2025,48.0,False
2026,downturn,40,2025,40,7,2025,48.0,False
2027,upturn,47,2026,47,7,2025,48.0,False
2028,upturn,59,2027,59,7,2025,48.0,False
2029,downturn,52,2028,52,7,2025,48.0,False
2030,upturn,56,2029,56,7,2025,48.0,False
2031,upturn,84,2030,84,7,2025,48.0,False
2032,downturn,82,2031,82,7,2025,48.0,False
2033,upturn,86,2032,86,7,2025,48.0,False
2034,upturn,89,2033,89,7,2025,48.0,False
2035,downturn,86,2034,86,7,2025,48.0,False
2026,downturn,46,2025,46,8,2025,48.0,False
2027,upturn,59,2026,59,8,2025,48.0,False
2028,upturn,60,2027,60,8,2025,48.0,False
2029,downturn,64,2028,64,8,2025,48.0,False
2030,upturn,65,2029,65,8,2025,48.0,False
2031,upturn,95,2030,95,8,2025,48.0,False
2032,downturn,89,2031,89,8,2025,48.0,False
2033,upturn,103,2032,103,8,2025,48.0,False
2034,upturn,112,2033,112,8,2025,48.0,False
2035,downturn,93,2034,93,8,2025,48.0,False
2026,downturn,50,2025,50,9,2025,48.0,False
2027,upturn,56,2026,56,9,2025,48.0,False
2028,upturn,61,2027,61,9,2025,48.0,False
2029,downturn,55,2028,55,9,2025,48.0,False
2030,upturn,56,2029,56,9,2025,48.0,False
2031,upturn,85,2030,85,9,2025,48.0,False
2032,downturn,70,2031,70,9,2025,48.0,False
2033,upturn,77,2032,77,9,2025,48.0,False
2034,upturn,84,2033,84,9,2025,48.0,False
2035,downturn,79,2034,79,9,2025,48.0,False
2026,upturn,58,2025,58,10,2025,48.0,False
2027,upturn,63,2026,63,10,2025,48.0,False
2028,downturn,61,2027,61,10,2025,48.0,False
2029,upturn,58,2028,58,10,2025,48.0,False
2030,upturn,63,2029,63,10,2025,48.0,False
2031,downturn,82,2030,82,10,2025,48.0,False
2032,upturn,83,2031,83,10,2025,48.0,False
2033,upturn,93,2032,93,10,2025,48.0,False
2034,downturn,79,2033,79,10,2025,48.0,False
2035,upturn,94,2034,94,10,2025,48.0,False
2026,downturn,45,2025,45,11,2025,48.0,False
2027,upturn,46,2026,46,11,2025,48.0,False
2028,upturn,51,2027,51,11,2025,48.0,False
2029,downturn,54,2028,54,11,2025,48.0,False
2030,upturn,58,2029,58,11,2025,48.0,False
2031,upturn,82,2030,82,11,2025,48.0,False
2032,downturn,86,2031,86,11,2025,48.0,False
2033,upturn,96,2032,96,11,2025,48.0,False
2034,upturn,104,2033,104,11,2025,48.0,False
2035,downturn,96,2034,96,11,2025,48.0,False
2026,downturn,44,2025,44,12,2025,48.0,False
2027,upturn,49,2026,49,12,2025,48.0,False
2028,upturn,54,2027,54,12,2025,48.0,False
2029,downturn,56,2028,56,12,2025,48.0,False
2030,upturn,67,2029,67,12,2025,48.0,False
2031,upturn,111,2030,111,12,2025,48.0,False
2032,downturn,101,2031,101,12,2025,48.0,False
2033,upturn,106,2032,106,12,2025,48.0,False
2034,upturn,86,2033,86,12,2025,48.0,False
2035,downturn,86,2034,86,12,2025,48.0,False
2026,downturn,43,2025,43,13,2025,48.0,False
2027,upturn,44,2026,44,13,2025,48.0,False
2028,upturn,58,2027,58,13,2025,48.0,False
2029,downturn,53,2028,53,13,2025,48.0,False
2030,upturn,62,2029,62,13,2025,48.0,False
2031,upturn,102,2030,102,13,2025,48.0,False
2032,downturn,98,2031,98,13,2025,48.0,False
2033,upturn,95,2032,95,13,2025,48.0,False
2034,upturn,100,2033,100,13,2025,48.0,False
2035,downturn,78,2034,78,13,2025,48.0,False
2026,downturn,49,2025,49,14,2025,48.0,False
2027,upturn,56,2026,56,14,2025,48.0,False
2028,upturn,56,2027,56,14,2025,48.0,False
2029,downturn,54,2028,54,14,2025,48.0,False
2030,upturn,50,2029,50,14,2025,48.0,False
2031,upturn,76,2030,76,14,2025,48.0,False
2032,downturn,80,2031,80,14,2025,48.0,False
2033,upturn,80,2032,80,14,2025,48.0,False
2034,upturn,96,2033,96,14,2025,48.0,False
2035,downturn,78,2034,78,14,2025,48.0,False
2026,downturn,51,2025,51,15,2025,48.0,False
2027,upturn,58,2026,58,15,2025,48.0,False
2028,upturn,60,2027,60,15,2025,48.0,False
2029,downturn,63,2028,63,15,2025,48.0,False
2030,upturn,58,2029,58,15,2025,48.0,False
2031,upturn,79,2030,79,15,2025,48.0,False
2032,downturn,60,2031,60,15,2025,48.0,False
2033,upturn,76,2032,76,15,2025,48.0,False
2034,upturn,81,2033,81,15,2025,48.0,False
2035,downturn,90,2034,90,15,2025,48.0,False
2026,upturn,59,2025,59,16,2025,48.0,False
2027,upturn,64,2026,64,16,2025,48.0,False
2028,downturn,60,2027,60,16,2025,48.0,False
2029,upturn,64,2028,64,16,2025,48.0,False
2030,upturn,66,2029,66,16,2025,48.0,False
2031,downturn,84,2030,84,16,2025,48.0,False
2032,upturn,87,2031,87,16,2025,48.0,False
2033,upturn,76,2032,76,16,2025,48.0,False
2034,downturn,71,2033,71,16,2025,48.0,False
2035,upturn,77,2034,77,16,2025,48.0,False
2026,upturn,51,2025,51,17,2025,48.0,False
2027,upturn,60,2026,60,17,2025,48.0,False
2028,downturn,53,2027,53,17,2025,48.0,False
2029,upturn,63,2028,63,17,2025,48.0,False
2030,upturn,67,2029,67,17,2025,48.0,False
2031,downturn,84,2030,84,17,2025,48.0,False
2032,upturn,84,2031,84,17,2025,48.0,False
2033,upturn,97,2032,97,17,2025,48.0,False
2034,downturn,89,2033,89,17,2025,48.0,False
2035,upturn,90,2034,90,17,2025,48.0,False
2026,upturn,60,2025,60,18,2025,48.0,False
2027,upturn,59,2026,59,18,2025,48.0,False
2028,downturn,58,2027,58,18,2025,48.0,False
2029,upturn,63,2028,63,18,2025,48.0,False
2030,upturn,71,2029,71,18,2025,48.0,False
2031,downturn,89,2030,89,18,2025,48.0,False
2032,upturn,96,2031,96,18,2025,48.0,False
2033,upturn,113,2032,113,18,2025,48.0,False
2034,downturn,102,2033,102,18,2025,48.0,False
2035,upturn,107,2034,107,18,2025,48.0,False
2026,downturn,50,2025,50,19,2025,48.0,False
2027,upturn,50,2026,50,19,2025,48.0,False
2028,upturn,48,2027,48,19,2025,48.0,False
2029,downturn,53,2028,53,19,2025,48.0,False
2030,upturn,59,2029,59,19,2025,48.0,False
2031,upturn,89,2030,89,19,2025,48.0,False
2032,downturn,92,2031,92,19,2025,48.0,False
2033,upturn,97,2032,97,19,2025,48.0,False
2034,upturn,83,2033,83,19,2025,48.0,False
2035,downturn,73,2034,73,19,2025,48.0,False
2026,downturn,56,2025,56,20,2025,48.0,False
2027,upturn,57,2026,57,20,2025,48.0,False
2028,upturn,70,2027,70,20,2025,48.0,False
2029,downturn,58,2028,58,20,2025,48.0,False
2030,upturn,67,2029,67,20,2025,48.0,False
2031,upturn,92,2030,92,20,2025,48.0,False
2032,downturn,80,2031,80,20,2025,48.0,False
2033,upturn,94,2032,94,20,2025,48.0,False
2034,upturn,91,2033,91,20,2025,48.0,False
2035,downturn,83,2034,83,20,2025,48.0,False
2026,upturn,50,2025,50,21,2025,48.0,False
2027,upturn,56,2026,56,21,2025,48.0,False
2028,downturn,54,2027,54,21,2025,48.0,False
2029,upturn,59,2028,59,21,2025,48.0,False
2030,upturn,66,2029,66,21,2025,48.0,False
2031,downturn,70,2030,70,21,2025,48.0,False
2032,upturn,94,2031,94,21,2025,48.0,False
2033,upturn,99,2032,99,21,2025,48.0,False
2034,downturn,95,2033,95,21,2025,48.0,False
2035,upturn,101,2034,101,21,2025,48.0,False
2026,upturn,55,2025,55,22,2025,48.0,False
2027,upturn,59,2026,59,22,2025,48.0,False
2028,downturn,51,2027,51,22,2025,48.0,False
2029,upturn,51,2028,51,22,2025,48.0,False
2030,upturn,53,2029,53,22,2025,48.0,False
2031,downturn,70,2030,70,22,2025,48.0,False
2032,upturn,88,2031,88,22,2025,48.0,False
2033,upturn,82,2032,82,22,2025,48.0,False
2034,downturn,73,2033,73,22,2025,48.0,False
2035,upturn,86,2034,86,22,2025,48.0,False
2026,upturn,47,2025,47,23,2025,48.0,False
2027,upturn,58,2026,58,23,2025,48.0,False
2028,downturn,61,2027,61,23,2025,48.0,False
2029,upturn,70,2028,70,23,2025,48.0,False
2030,upturn,71,2029,71,23,2025,48.0,False
2031,downturn,93,2030,93,23,2025,48.0,False
2032,upturn,97,2031,97,23,2025,48.0,False
2033,upturn,105,2032,105,23,2025,48.0,False
2034,downturn,98,2033,98,23,2025,48.0,False
2035,upturn,94,2034,94,23,2025,48.0,False
2026,upturn,54,2025,54,24,2025,48.0,False
2027,upturn,48,2026,48,24,2025,48.0,False
2028,downturn,47,2027,47,24,2025,48.0,False
2029,upturn,53,2028,53,24,2025,48.0,False
2030,upturn,61,2029,61,24,2025,48.0,False
2031,downturn,79,2030,79,24,2025,48.0,False
2032,upturn,86,2031,86,24,2025,48.0,False
2033,upturn,85,2032,85,24,2025,48.0,False
2034,downturn,84,2033,84,24,2025,48.0,False
2035,upturn,85,2034,85,24,2025,48.0,False
2026,upturn,57,2025,57,25,2025,48.0,False
2027,upturn,60,2026,60,25,2025,48.0,False
2028,downturn,54,2027,54,25,2025,48.0,False
2029,upturn,59,2028,59,25,2025,48.0,False
2030,upturn,62,2029,62,25,2025,48.0,False
2031,downturn,82,2030,82,25,2025,48.0,False
2032,upturn,87,2031,87,25,2025,48.0,False
2033,upturn,82,2032,82,25,2025,48.0,False
2034,downturn,68,2033,68,25,2025,48.0,False
2035,upturn,93,2034,93,25,2025,48.0,False
2026,upturn,49,2025,49,26,2025,48.0,False
2027,upturn,56,2026,56,26,2025,48.0,False
2028,downturn,52,2027,52,26,2025,48.0,False
2029,upturn,59,2028,59,26,2025,48.0,False
2030,upturn,59,2029,59,26,2025,48.0,False
2031,downturn,80,2030,80,26,2025,48.0,False
2032,upturn,98,2031,98,26,2025,48.0,False
2033,upturn,87,2032,87,26,2025,48.0,False
2034,downturn,80,2033,80,26,2025,48.0,False
2035,upturn,85,2034,85,26,2025,48.0,False
2026,downturn,50,2025,50,27,2025,48.0,False
2027,upturn,57,2026,57,27,2025,48.0,False
2028,upturn,57,2027,57,27,2025,48.0,False
2029,downturn,51,2028,51,27,2025,48.0,False
2030,upturn,58,2029,58,27,2025,48.0,False
2031,upturn,93,2030,93,27,2025,48.0,False
2032,downturn,86,2031,86,27,2025,48.0,False
2033,upturn,88,2032,88,27,2025,48.0,False
2034,upturn,84,2033,84,27,2025,48.0,False
2035,downturn,59,2034,59,27,2025,48.0,False
2026,downturn,46,2025,46,28,2025,48.0,False
2027,upturn,50,2026,50,28,2025,48.0,False
2028,upturn,56,2027,56,28,2025,48.0,False
2029,downturn,54,2028,54,28,2025,48.0,False
2030,upturn,55,2029,55,28,2025,48.0,False
2031,upturn,71,2030,71,28,2025,48.0,False
2032,downturn,58,2031,58,28,2025,48.0,False
2033,upturn,78,2032,78,28,2025,48.0,False
2034,upturn,97,2033,97,28,2025,48.0,False
2035,downturn,95,2034,95,28,2025,48.0,False
2026,upturn,51,2025,51,29,2025,48.0,False
2027,upturn,55,2026,55,29,2025,48.0,False
2028,downturn,49,2027,49,29,2025,48.0,False
2029,upturn,47,2028,47,29,2025,48.0,False
2030,upturn,55,2029,55,29,2025,48.0,False
2031,downturn,72,2030,72,29,2025,48.0,False
2032,upturn,89,2031,89,29,2025,48.0,False
2033,upturn,106,2032,106,29,2025,48.0,False
2034,downturn,99,2033,99,29,2025,48.0,False
2035,upturn,100,2034,100,29,2025,48.0,False
2026,downturn,43,2025,43,30,2025,48.0,False
2027,upturn,54,2026,54,30,2025,48.0,False
2028,upturn,64,2027,64,30,2025,48.0,False
2029,downturn,55,2028,55,30,2025,48.0,False
2030,upturn,63,2029,63,30,2025,48.0,False
2031,upturn,98,2030,98,30,2025,48.0,False
2032,downturn,78,2031,78,30,2025,48.0,False
2033,upturn,82,2032,82,30,2025,48.0,False
2034,upturn,80,2033,80,30,2025,48.0,False
2035,downturn,68,2034,68,30,2025,48.0,False
2026,upturn,56,2025,56,31,2025,48.0,False
2027,upturn,55,2026,55,31,2025,48.0,False
2028,downturn,54,2027,54,31,2025,48.0,False
2029,upturn,59,2028,59,31,2025,48.0,False
2030,upturn,62,2029,62,31,2025,48.0,False
2031,downturn,71,2030,71,31,2025,48.0,False
2032,upturn,88,2031,88,31,2025,48.0,False
2033,upturn,98,2032,98,31,2025,48.0,False
2034,downturn,87,2033,87,31,2025,48.0,False
2035,upturn,101,2034,101,31,2025,48.0,False
2026,downturn,43,2025,43,32,2025,48.0,False
2027,upturn,48,2026,48,32,2025,48.0,False
2028,upturn,51,2027,51,32,2025,48.0,False
2029,downturn,44,2028,44,32,2025,48.0,False
2030,upturn,54,2029,54,32,2025,48.0,False
2031,upturn,90,2030,90,32,2025,48.0,False
2032,downturn,83,2031,83,32,2025,48.0,False
2033,upturn,102,2032,102,32,2025,48.0,False
2034,upturn,99,2033,99,32,2025,48.0,False
2035,downturn,88,2034,88,32,2025,48.0,False
2026,upturn,57,2025,57,33,2025,48.0,False
2027,upturn,56,2026,56,33,2025,48.0,False
2028,downturn,55,2027,55,33,2025,48.0,False
2029,upturn,61,2028,61,33,2025,48.0,False
2030,upturn,62,2029,62,33,2025,48.0,False
2031,downturn,67,2030,67,33,2025,48.0,False
2032,upturn,71,2031,71,33,2025,48.0,False
2033,upturn,90,2032,90,33,2025,48.0,False
2034,downturn,81,2033,81,33,2025,48.0,False
2035,upturn,101,2034,101,33,2025,48.0,False
2026,downturn,53,2025,53,34,2025,48.0,False
2027,upturn,59,2026,59,34,2025,48.0,False
2028,upturn,67,2027,67,34,2025,48.0,False
2029,downturn,65,2028,65,34,2025,48.0,False
2030,upturn,65,2029,65,34,2025,48.0,False
2031,upturn,72,2030,72,34,2025,48.0,False
2032,downturn,77,2031,77,34,2025,48.0,False
2033,upturn,93,2032,93,34,2025,48.0,False
2034,upturn,103,2033,103,34,2025,48.0,False
2035,downturn,85,2034,85,34,2025,48.0,False
2026,downturn,53,2025,53,35,2025,48.0,False
2027,upturn,66,2026,66,35,2025,48.0,False
2028,upturn,68,2027,68,35,2025,48.0,False
2029,downturn,60,2028,60,35,2025,48.0,False
2030,upturn,64,2029,64,35,2025,48.0,False
2031,upturn,85,2030,85,35,2025,48.0,False
2032,downturn,69,2031,69,35,2025,48.0,False
2033,upturn,85,2032,85,35,2025,48.0,False
2034,upturn,89,2033,89,35,2025,48.0,False
2035,downturn,75,2034,75,35,2025,48.0,False
2026,upturn,57,2025,57,36,2025,48.0,False
2027,upturn,61,2026,61,36,2025,48.0,False
2028,downturn,57,2027,57,36,2025,48.0,False
2029,upturn,59,2028,59,36,2025,48.0,False
2030,upturn,64,2029,64,36,2025,48.0,False
2031,downturn,87,2030,87,36,2025,48.0,False
2032,upturn,73,2031,73,36,2025,48.0,False
2033,upturn,72,2032,72,36,2025,48.0,False
2034,downturn,58,2033,58,36,2025,48.0,False
2035,upturn,77,2034,77,36,2025,48.0,False
2026,downturn,47,2025,47,37,2025,48.0,False
2027,upturn,54,2026,54,37,2025,48.0,False
2028,upturn,60,2027,60,37,2025,48.0,False
2029,downturn,59,2028,59,37,2025,48.0,False
2030,upturn,69,2029,69,37,2025,48.0,False
2031,upturn,93,2030,93,37,2025,48.0,False
2032,downturn,71,2031,71,37,2025,48.0,False
2033,upturn,86,2032,86,37,2025,48.0,False
2034,upturn,75,2033,75,37,2025,48.0,False
2035,downturn,70,2034,70,37,2025,48.0,False
2026,downturn,51,2025,51,38,2025,48.0,False
2027,upturn,51,2026,51,38,2025,48.0,False
2028,upturn,62,2027,62,38,2025,48.0,False
2029,downturn,57,2028,57,38,2025,48.0,False
2030,upturn,60,2029,60,38,2025,48.0,False
2031,upturn,96,2030,96,38,2025,48.0,False
2032,downturn,79,2031,79,38,2025,48.0,False
2033,upturn,80,2032,80,38,2025,48.0,False
2034,upturn,72,2033,72,38,2025,48.0,False
2035,downturn,77,2034,77,38,2025,48.0,False
2026,downturn,50,2025,50,39,2025,48.0,False
2027,upturn,52,2026,52,39,2025,48.0,False
2028,upturn,57,2027,57,39,2025,48.0,False
2029,downturn,58,2028,58,39,2025,48.0,False
2030,upturn,59,2029,59,39,2025,48.0,False
2031,upturn,83,2030,83,39,2025,48.0,False
2032,downturn,69,2031,69,39,2025,48.0,False
2033,upturn,77,2032,77,39,2025,48.0,False
2034,upturn,110,2033,110,39,2025,48.0,False
2035,downturn,76,2034,76,39,2025,48.0,False
2026,downturn,46,2025,46,40,2025,48.0,False
2027,upturn,55,2026,55,40,2025,48.0,False
2028,upturn,61,2027,61,40,2025,48.0,False
2029,downturn,57,2028,57,40,2025,48.0,False
2030,upturn,63,2029,63,40,2025,48.0,False
2031,upturn,96,2030,96,40,2025,48.0,False
2032,downturn,96,2031,96,40,2025,48.0,False
2033,upturn,91,2032,91,40,2025,48.0,False
2034,upturn,95,2033,95,40,2025,48.0,False
2035,downturn,103,2034,103,40,2025,48.0,False
2026,upturn,55,2025,55,41,2025,48.0,False
2027,upturn,59,2026,59,41,2025,48.0,False
2028,downturn,58,2027,58,41,2025,48.0,False
2029,upturn,59,2028,59,41,2025,48.0,False
2030,upturn,54,2029,54,41,2025,48.0,False
2031,downturn,52,2030,52,41,2025,48.0,False
2032,upturn,62,2031,62,41,2025,48.0,False
2033,upturn,88,2032,88,41,2025,48.0,False
2034,downturn,97,2033,97,41,2025,48.0,False
2035,upturn,88,2034,88,41,2025,48.0,False
2026,upturn,53,2025,53,42,2025,48.0,False
2027,upturn,50,2026,50,42,2025,48.0,False
2028,downturn,52,2027,52,42,2025,48.0,False
2029,upturn,55,2028,55,42,2025,48.0,False
2030,upturn,66,2029,66,42,2025,48.0,False
2031,downturn,88,2030,88,42,2025,48.0,False
2032,upturn,103,2031,103,42,2025,48.0,False
2033,upturn,100,2032,100,42,2025,48.0,False
2034,downturn,97,2033,97,42,2025,48.0,False
2035,upturn,110,2034,110,42,2025,48.0,False
2026,upturn,57,2025,57,43,2025,48.0,False
2027,upturn,62,2026,62,43,2025,48.0,False
2028,downturn,62,2027,62,43,2025,48.0,False
2029,upturn,62,2028,62,43,2025,48.0,False
2030,upturn,71,2029,71,43,2025,48.0,False
2031,downturn,95,2030,95,43,2025,48.0,False
2032,upturn,95,2031,95,43,2025,48.0,False
2033,upturn,93,2032,93,43,2025,48.0,False
2034,downturn,73,2033,73,43,2025,48.0,False
2035,upturn,94,2034,94,43,2025,48.0,False
2026,upturn,50,2025,50,44,2025,48.0,False
2027,upturn,59,2026,59,44,2025,48.0,False
2028,downturn,51,2027,51,44,2025,48.0,False
2029,upturn,66,2028,66,44,2025,48.0,False
2030,upturn,61,2029,61,44,2025,48.0,False
2031,downturn,73,2030,73,44,2025,48.0,False
2032,upturn,82,2031,82,44,2025,48.0,False
2033,upturn,84,2032,84,44,2025,48.0,False
2034,downturn,76,2033,76,44,2025,48.0,False
2035,upturn,90,2034,90,44,2025,48.0,False
2026,upturn,55,2025,55,45,2025,48.0,False
2027,upturn,66,2026,66,45,2025,48.0,False
2028,downturn,61,2027,61,45,2025,48.0,False
2029,upturn,64,2028,64,45,2025,48.0,False
2030,upturn,66,2029,66,45,2025,48.0,False
2031,downturn,86,2030,86,45,2025,48.0,False
2032,upturn,95,2031,95,45,2025,48.0,False
2033,upturn,102,2032,102,45,2025,48.0,False
2034,downturn,86,2033,86,45,2025,48.0,False
2035,upturn,73,2034,73,45,2025,48.0,False
2026,upturn,58,2025,58,46,2025,48.0,False
2027,upturn,66,2026,66,46,2025,48.0,False
2028,downturn,60,2027,60,46,2025,48.0,False
2029,upturn,63,2028,63,46,2025,48.0,False
2030,upturn,59,2029,59,46,2025,48.0,False
2031,downturn,69,2030,69,46,2025,48.0,False
2032,upturn,78,2031,78,46,2025,48.0,False
2033,upturn,87,2032,87,46,2025,48.0,False
2034,downturn,85,2033,85,46,2025,48.0,False
2035,upturn,86,2034,86,46,2025,48.0,False
2026,downturn,54,2025,54,47,2025,48.0,False
2027,upturn,58,2026,58,47,2025,48.0,False
2028,upturn,63,2027,63,47,2025,48.0,False
2029,downturn,49,2028,49,47,2025,48.0,False
2030,upturn,50,2029,50,47,2025,48.0,False
2031,upturn,78,2030,78,47,2025,48.0,False
2032,downturn,66,2031,66,47,2025,48.0,False
2033,upturn,85,2032,85,47,2025,48.0,False
2034,upturn,88,2033,88,47,2025,48.0,False
2035,downturn,83,2034,83,47,2025,48.0,False
2026,downturn,52,2025,52,48,2025,48.0,False
2027,upturn,62,2026,62,48,2025,48.0,False
2028,upturn,64,2027,64,48,2025,48.0,False
2029,downturn,56,2028,56,48,2025,48.0,False
2030,upturn,61,2029,61,48,2025,48.0,False
2031,upturn,92,2030,92,48,2025,48.0,False
2032,downturn,71,2031,71,48,2025,48.0,False
2033,upturn,63,2032,63,48,2025,48.0,False
2034,upturn,79,2033,79,48,2025,48.0,False
2035,downturn,82,2034,82,48,2025,48.0,False
2026,upturn,55,2025,55,49,2025,48.0,False
2027,upturn,63,2026,63,49,2025,48.0,False
2028,downturn,61,2027,61,49,2025,48.0,False
2029,upturn,60,2028,60,49,2025,48.0,False
2030,upturn,69,2029,69,49,2025,48.0,False
2031,downturn,92,2030,92,49,2025,48.0,False
2032,upturn,99,2031,99,49,2025,48.0,False
2033,upturn,104,2032,104,49,2025,48.0,False
2034,downturn,92,2033,92,49,2025,48.0,False
2035,upturn,90,2034,90,49,2025,48.0,False
2026,downturn,48,2025,48,50,2025,48.0,False
2027,upturn,53,2026,53,50,2025,48.0,False
2028,upturn,54,2027,54,50,2025,48.0,False
2029,downturn,62,2028,62,50,2025,48.0,False
2030,upturn,66,2029,66,50,2025,48.0,False
2031,upturn,90,2030,90,50,2025,48.0,False
2032,downturn,76,2031,76,50,2025,48.0,False
2033,upturn,94,2032,94,50,2025,48.0,False
2034,upturn,95,2033,95,50,2025,48.0,False
2035,downturn,75,2034,75,50,2025,48.0,False
2026,downturn,48,2025,48,51,2025,48.0,False
2027,upturn,59,2026,59,51,2025,48.0,False
2028,upturn,61,2027,61,51,2025,48.0,False
2029,downturn,54,2028,54,51,2025,48.0,False
2030,upturn,55,2029,55,51,2025,48.0,False
2031,upturn,86,2030,86,51,2025,48.0,False
2032,downturn,80,2031,80,51,2025,48.0,False
2033,upturn,95,2032,95,51,2025,48.0,False
2034,upturn,87,2033,87,51,2025,48.0,False
2035,downturn,74,2034,74,51,2025,48.0,False
2026,upturn,56,2025,56,52,2025,48.0,False
2027,upturn,71,2026,71,52,2025,48.0,False
2028,downturn,67,2027,67,52,2025,48.0,False
2029,upturn,68,2028,68,52,2025,48.0,False
2030,upturn,70,2029,70,52,2025,48.0,False
2031,downturn,90,2030,90,52,2025,48.0,False
2032,upturn,93,2031,93,52,2025,48.0,False
2033,upturn,102,2032,102,52,2025,48.0,False
2034,downturn,97,2033,97,52,2025,48.0,False
2035,upturn,119,2034,119,52,2025,48.0,False
2026,downturn,48,2025,48,53,2025,48.0,False
2027,upturn,55,2026,55,53,2025,48.0,False
2028,upturn,64,2027,64,53,2025,48.0,False
2029,downturn,51,2028,51,53,2025,48.0,False
2030,upturn,50,2029,50,53,2025,48.0,False
2031,upturn,54,2030,54,53,2025,48.0,False
2032,downturn,51,2031,51,53,2025,48.0,False
2033,upturn,66,2032,66,53,2025,48.0,False
2034,upturn,87,2033,87,53,2025,48.0,False
2035,downturn,78,2034,78,53,2025,48.0,False
2026,upturn,53,2025,53,54,2025,48.0,False
2027,upturn,54,2026,54,54,2025,48.0,False
2028,downturn,49,2027,49,54,2025,48.0,False
2029,upturn,61,2028,61,54,2025,48.0,False
2030,upturn,66,2029,66,54,2025,48.0,False
2031,downturn,85,2030,85,54,2025,48.0,False
2032,upturn,83,2031,83,54,2025,48.0,False
2033,upturn,85,2032,85,54,2025,48.0,False
2034,downturn,86,2033,86,54,2025,48.0,False
2035,upturn,86,2034,86,54,2025,48.0,False
2026,downturn,47,2025,47,55,2025,48.0,False
2027,upturn,54,2026,54,55,2025,48.0,False
2028,upturn,62,2027,62,55,2025,48.0,False
2029,downturn,66,2028,66,55,2025,48.0,False
2030,upturn,61,2029,61,55,2025,48.0,False
2031,upturn,89,2030,89,55,2025,48.0,False
2032,downturn,66,2031,66,55,2025,48.0,False
2033,upturn,78,2032,78,55,2025,48.0,False
2034,upturn,84,2033,84,55,2025,48.0,False
2035,downturn,92,2034,92,55,2025,48.0,False
2026,upturn,58,2025,58,56,2025,48.0,False
2027,upturn,64,2026,64,56,2025,48.0,False
2028,downturn,59,2027,59,56,2025,48.0,False
2029,upturn,64,2028,64,56,2025,48.0,False
2030,upturn,61,2029,61,56,2025,48.0,False
2031,downturn,79,2030,79,56,2025,48.0,False
2032,upturn,81,2031,81,56,2025,48.0,False
2033,upturn,95,2032,95,56,2025,48.0,False
2034,downturn,81,2033,81,56,2025,48.0,False
2035,upturn,87,2034,87,56,2025,48.0,False
2026,downturn,49,2025,49,57,2025,48.0,False
2027,upturn,54,2026,54,57,2025,48.0,False
2028,upturn,61,2027,61,57,2025,48.0,False
2029,downturn,66,2028,66,57,2025,48.0,False
2030,upturn,67,2029,67,57,2025,48.0,False
2031,upturn,74,2030,74,57,2025,48.0,False
2032,downturn,60,2031,60,57,2025,48.0,False
2033,upturn,68,2032,68,57,2025,48.0,False
2034,upturn,88,2033,88,57,2025,48.0,False
2035,downturn,88,2034,88,57,2025,48.0,False
2026,upturn,51,2025,51,58,2025,48.0,False
2027,upturn,58,2026,58,58,2025,48.0,False
2028,downturn,60,2027,60,58,2025,48.0,False
2029,upturn,57,2028,57,58,2025,48.0,False
2030,upturn,62,2029,62,58,2025,48.0,False
2031,downturn,82,2030,82,58,2025,48.0,False
2032,upturn,97,2031,97,58,2025,48.0,False
2033,upturn,90,2032,90,58,2025,48.0,False
2034,downturn,77,2033,77,58,2025,48.0,False
2035,upturn,85,2034,85,58,2025,48.0,False
2026,downturn,56,2025,56,59,2025,48.0,False
2027,upturn,58,2026,58,59,2025,48.0,False
2028,upturn,58,2027,58,59,2025,48.0,False
2029,downturn,62,2028,62,59,2025,48.0,False
2030,upturn,56,2029,56,59,2025,48.0,False
2031,upturn,80,2030,80,59,2025,48.0,False
2032,downturn,68,2031,68,59,2025,48.0,False
2033,upturn,90,2032,90,59,2025,48.0,False
2034,upturn,95,2033,95,59,2025,48.0,False
2035,downturn,88,2034,88,59,2025,48.0,False
2026,downturn,45,2025,45,60,2025,48.0,False
2027,upturn,54,2026,54,60,2025,48.0,False
2028,upturn,68,2027,68,60,2025,48.0,False
2029,downturn,61,2028,61,60,2025,48.0,False
2030,upturn,68,2029,68,60,2025,48.0,False
2031,upturn,96,2030,96,60,2025,48.0,False
2032,downturn,93,2031,93,60,2025,48.0,False
2033,upturn,87,2032,87,60,2025,48.0,False
2034,upturn,99,2033,99,60,2025,48.0,False
2035,downturn,89,2034,89,60,2025,48.0,False
2026,downturn,48,2025,48,61,2025,48.0,False
2027,upturn,63,2026,63,61,2025,48.0,False
2028,upturn,71,2027,71,61,2025,48.0,False
2029,downturn,69,2028,69,61,2025,48.0,False
2030,upturn,68,2029,68,61,2025,48.0,False
2031,upturn,100,2030,100,61,2025,48.0,False
2032,downturn,81,2031,81,61,2025,48.0,False
2033,upturn,85,2032,85,61,2025,48.0,False
2034,upturn,92,2033,92,61,2025,48.0,False
2035,downturn,75,2034,75,61,2025,48.0,False
2026,upturn,50,2025,50,62,2025,48.0,False
2027,upturn,60,2026,60,62,2025,48.0,False
2028,downturn,56,2027,56,62,2025,48.0,False
2029,upturn,64,2028,64,62,2025,48.0,False
2030,upturn,67,2029,67,62,2025,48.0,False
2031,downturn,93,2030,93,62,2025,48.0,False
2032,upturn,96,2031,96,62,2025,48.0,False
2033,upturn,111,2032,111,62,2025,48.0,False
2034,downturn,101,2033,101,62,2025,48.0,False
2035,upturn,91,2034,91,62,2025,48.0,False
2026,upturn,48,2025,48,63,2025,48.0,False
2027,upturn,62,2026,62,63,2025,48.0,False
2028,downturn,54,2027,54,63,2025,48.0,False
2029,upturn,64,2028,64,63,2025,48.0,False
2030,upturn,60,2029,60,63,2025,48.0,False
2031,downturn,68,2030,68,63,2025,48.0,False
2032,upturn,72,2031,72,63,2025,48.0,False
2033,upturn,89,2032,89,63,2025,48.0,False
2034,downturn,74,2033,74,63,2025,48.0,False
2035,upturn,88,2034,88,63,2025,48.0,False
2026,downturn,49,2025,49,64,2025,48.0,False
2027,upturn,52,2026,52,64,2025,48.0,False
2028,upturn,49,2027,49,64,2025,48.0,False
2029,downturn,47,2028,47,64,2025,48.0,False
2030,upturn,53,2029,53,64,2025,48.0,False
2031,upturn,70,2030,70,64,2025,48.0,False
2032,downturn,59,2031,59,64,2025,48.0,False
2033,upturn,69,2032,69,64,2025,48.0,False
2034,upturn,86,2033,86,64,2025,48.0,False
2035,downturn,60,2034,60,64,2025,48.0,False
2026,downturn,45,2025,45,65,2025,48.0,False
2027,upturn,51,2026,51,65,2025,48.0,False
2028,upturn,58,2027,58,65,2025,48.0,False
2029,downturn,51,2028,51,65,2025,48.0,False
2030,upturn,51,2029,51,65,2025,48.0,False
2031,upturn,68,2030,68,65,2025,48.0,False
2032,downturn,62,2031,62,65,2025,48.0,False
2033,upturn,88,2032,88,65,2025,48.0,False
2034,upturn,88,2033,88,65,2025,48.0,False
2035,downturn,73,2034,73,65,2025,48.0,False
2026,upturn,51,2025,51,66,2025,48.0,False
2027,upturn,59,2026,59,66,2025,48.0,False
2028,downturn,61,2027,61,66,2025,48.0,False
2029,upturn,74,2028,74,66,2025,48.0,False
2030,upturn,70,2029,70,66,2025,48.0,False
2031,downturn,97,2030,97,66,2025,48.0,False
2032,upturn,106,2031,106,66,2025,48.0,False
2033,upturn,96,2032,96,66,2025,48.0,False
2034,downturn,86,2033,86,66,2025,48.0,False
2035,upturn,102,2034,102,66,2025,48.0,False
2026,downturn,45,2025,45,67,2025,48.0,False
2027,upturn,53,2026,53,67,2025,48.0,False
2028,upturn,56,2027,56,67,2025,48.0,False
2029,downturn,54,2028,54,67,2025,48.0,False
2030,upturn,56,2029,56,67,2025,48.0,False
2031,upturn,89,2030,89,67,2025,48.0,False
2032,downturn,82,2031,82,67,2025,48.0,False
2033,upturn,77,2032,77,67,2025,48.0,False
2034,upturn,97,2033,97,67,2025,48.0,False
2035,downturn,78,2034,78,67,2025,48.0,False
2026,upturn,49,2025,49,68,2025,48.0,False
2027,upturn,57,2026,57,68,2025,48.0,False
2028,downturn,51,2027,51,68,2025,48.0,False
2029,upturn,56,2028,56,68,2025,48.0,False
2030,upturn,62,2029,62,68,2025,48.0,False
2031,downturn,76,2030,76,68,2025,48.0,False
2032,upturn,82,2031,82,68,2025,48.0,False
2033,upturn,85,2032,85,68,2025,48.0,False
2034,downturn,75,2033,75,68,2025,48.0,False
2035,upturn,78,2034,78,68,2025,48.0,False
2026,downturn,51,2025,51,69,2025,48.0,False
2027,upturn,57,2026,57,69,2025,48.0,False
2028,upturn,62,2027,62,69,2025,48.0,False
2029,downturn,61,2028,61,69,2025,48.0,False
2030,upturn,64,2029,64,69,2025,48.0,False
2031,upturn,97,2030,97,69,2025,48.0,False
2032,downturn,72,2031,72,69,2025,48.0,False
2033,upturn,83,2032,83,69,2025,48.0,False
2034,upturn,75,2033,75,69,2025,48.0,False
2035,downturn,66,2034,66,69,2025,48.0,False
2026,downturn,48,2025,48,70,2025,48.0,False
2027,upturn,54,2026,54,70,2025,48.0,False
2028,upturn,62,2027,62,70,2025,48.0,False
2029,downturn,62,2028,62,70,2025,48.0,False
2030,upturn,68,2029,68,70,2025,48.0,False
2031,upturn,91,2030,91,70,2025,48.0,False
2032,downturn,70,2031,70,70,2025,48.0,False
2033,upturn,77,2032,77,70,2025,48.0,False
2034,upturn,78,2033,78,70,2025,48.0,False
2035,downturn,72,2034,72,70,2025,48.0,False
2026,upturn,49,2025,49,71,2025,48.0,False
2027,upturn,62,2026,62,71,2025,48.0,False
2028,downturn,58,2027,58,71,2025,48.0,False
2029,upturn,62,2028,62,71,2025,48.0,False
2030,upturn,63,2029,63,71,2025,48.0,False
2031,downturn,84,2030,84,71,2025,48.0,False
2032,upturn,92,2031,92,71,2025,48.0,False
2033,upturn,86,2032,86,71,2025,48.0,False
2034,downturn,73,2033,73,71,2025,48.0,False
2035,upturn,80,2034,80,71,2025,48.0,False
2026,downturn,56,2025,56,72,2025,48.0,False
2027,upturn,62,2026,62,72,2025,48.0,False
2028,upturn,68,2027,68,72,2025,48.0,False
2029,downturn,59,2028,59,72,2025,48.0,False
2030,upturn,60,2029,60,72,2025,48.0,False
2031,upturn,76,2030,76,72,2025,48.0,False
2032,downturn,74,2031,74,72,2025,48.0,False
2033,upturn,89,2032,89,72,2025,48.0,False
2034,upturn,98,2033,98,72,2025,48.0,False
2035,downturn,83,2034,83,72,2025,48.0,False
2026,downturn,50,2025,50,73,2025,48.0,False
2027,upturn,56,2026,56,73,2025,48.0,False
2028,upturn,54,2027,54,73,2025,48.0,False
2029,downturn,45,2028,45,73,2025,48.0,False
2030,upturn,54,2029,54,73,2025,48.0,False
2031,upturn,77,2030,77,73,2025,48.0,False
2032,downturn,85,2031,85,73,2025,48.0,False
2033,upturn,92,2032,92,73,2025,48.0,False
2034,upturn,113,2033,113,73,2025,48.0,False
2035,downturn,89,2034,89,73,2025,48.0,False
2026,downturn,50,2025,50,74,2025,48.0,False
2027,upturn,62,2026,62,74,2025,48.0,False
2028,upturn,61,2027,61,74,2025,48.0,False
2029,downturn,64,2028,64,74,2025,48.0,False
2030,upturn,71,2029,71,74,2025,48.0,False
2031,upturn,98,2030,98,74,2025,48.0,False
2032,downturn,80,2031,80,74,2025,48.0,False
2033,upturn,87,2032,87,74,2025,48.0,False
2034,upturn,97,2033,97,74,2025,48.0,False
2035,downturn,83,2034,83,74,2025,48.0,False
2026,downturn,54,2025,54,75,2025,48.0,False
2027,upturn,54,2026,54,75,2025,48.0,False
2028,upturn,59,2027,59,75,2025,48.0,False
2029,downturn,59,2028,59,75,2025,48.0,False
2030,upturn,59,2029,59,75,2025,48.0,False
2031,upturn,70,2030,70,75,2025,48.0,False
2032,downturn,62,2031,62,75,2025,48.0,False
2033,upturn,71,2032,71,75,2025,48.0,False
2034,upturn,77,2033,77,75,2025,48.0,False
2035,downturn,72,2034,72,75,2025,48.0,False
2026,downturn,48,2025,48,76,2025,48.0,False
2027,upturn,64,2026,64,76,2025,48.0,False
2028,upturn,75,2027,75,76,2025,48.0,False
2029,downturn,57,2028,57,76,2025,48.0,False
2030,upturn,60,2029,60,76,2025,48.0,False
2031,upturn,86,2030,86,76,2025,48.0,False
2032,downturn,75,2031,75,76,2025,48.0,False
2033,upturn,83,2032,83,76,2025,48.0,False
2034,upturn,84,2033,84,76,2025,48.0,False
2035,downturn,74,2034,74,76,2025,48.0,False
2026,downturn,48,2025,48,77,2025,48.0,False
2027,upturn,53,2026,53,77,2025,48.0,False
2028,upturn,62,2027,62,77,2025,48.0,False
2029,downturn,57,2028,57,77,2025,48.0,False
2030,upturn,58,2029,58,77,2025,48.0,False
2031,upturn,79,2030,79,77,2025,48.0,False
2032,downturn,64,2031,64,77,2025,48.0,False
2033,upturn,67,2032,67,77,2025,48.0,False
2034,upturn,82,2033,82,77,2025,48.0,False
2035,downturn,75,2034,75,77,2025,48.0,False
2026,downturn,44,2025,44,78,2025,48.0,False
2027,upturn,57,2026,57,78,2025,48.0,False
2028,upturn,66,2027,66,78,2025,48.0,False
2029,downturn,61,2028,61,78,2025,48.0,False
2030,upturn,54,2029,54,78,2025,48.0,False
2031,upturn,79,2030,79,78,2025,48.0,False
2032,downturn,72,2031,72,78,2025,48.0,False
2033,upturn,87,2032,87,78,2025,48.0,False
2034,upturn,96,2033,96,78,2025,48.0,False
2035,downturn,93,2034,93,78,2025,48.0,False
2026,downturn,43,2025,43,79,2025,48.0,False
2027,upturn,55,2026,55,79,2025,48.0,False
2028,upturn,70,2027,70,79,2025,48.0,False
2029,downturn,64,2028,64,79,2025,48.0,False
2030,upturn,67,2029,67,79,2025,48.0,False
2031,upturn,88,2030,88,79,2025,48.0,False
2032,downturn,75,2031,75,79,2025,48.0,False
2033,upturn,99,2032,99,79,2025,48.0,False
2034,upturn,98,2033,98,79,2025,48.0,False
2035,downturn,81,2034,81,79,2025,48.0,False
2026,downturn,49,2025,49,80,2025,48.0,False
2027,upturn,60,2026,60,80,2025,48.0,False
2028,upturn,66,2027,66,80,2025,48.0,False
2029,downturn,63,2028,63,80,2025,48.0,False
2030,upturn,71,2029,71,80,2025,48.0,False
2031,upturn,83,2030,83,80,2025,48.0,False
2032,downturn,74,2031,74,80,2025,48.0,False
2033,upturn,75,2032,75,80,2025,48.0,False
2034,upturn,87,2033,87,80,2025,48.0,False
2035,downturn,89,2034,89,80,2025,48.0,False
2026,downturn,52,2025,52,81,2025,48.0,False
2027,upturn,53,2026,53,81,2025,48.0,False
2028,upturn,57,2027,57,81,2025,48.0,False
2029,downturn,45,2028,45,81,2025,48.0,False
2030,upturn,53,2029,53,81,2025,48.0,False
2031,upturn,80,2030,80,81,2025,48.0,False
2032,downturn,67,2031,67,81,2025,48.0,False
2033,upturn,71,2032,71,81,2025,48.0,False
2034,upturn,83,2033,83,81,2025,48.0,False
2035,downturn,97,2034,97,81,2025,48.0,False
2026,downturn,48,2025,48,82,2025,48.0,False
2027,upturn,52,2026,52,82,2025,48.0,False
2028,upturn,64,2027,64,82,2025,48.0,False
2029,downturn,56,2028,56,82,2025,48.0,False
2030,upturn,54,2029,54,82,2025,48.0,False
2031,upturn,78,2030,78,82,2025,48.0,False
2032,downturn,66,2031,66,82,2025,48.0,False
2033,upturn,92,2032,92,82,2025,48.0,False
2034,upturn,94,2033,94,82,2025,48.0,False
2035,downturn,93,2034,93,82,2025,48.0,False
2026,upturn,57,2025,57,83,2025,48.0,False
2027,upturn,70,2026,70,83,2025,48.0,False
2028,downturn,70,2027,70,83,2025,48.0,False
2029,upturn,75,2028,75,83,2025,48.0,False
2030,upturn,75,2029,75,83,2025,48.0,False
2031,downturn,76,2030,76,83,2025,48.0,False
2032,upturn,88,2031,88,83,2025,48.0,False
2033,upturn,89,2032,89,83,2025,48.0,False
2034,downturn,94,2033,94,83,2025,48.0,False
2035,upturn,97,2034,97,83,2025,48.0,False
2026,upturn,59,2025,59,84,2025,48.0,False
2027,upturn,66,2026,66,84,2025,48.0,False
2028,downturn,64,2027,64,84,2025,48.0,False
2029,upturn,60,2028,60,84,2025,48.0,False
2030,upturn,61,2029,61,84,2025,48.0,False
2031,downturn,78,2030,78,84,2025,48.0,False
2032,upturn,90,2031,90,84,2025,48.0,False
2033,upturn,96,2032,96,84,2025,48.0,False
2034,downturn,65,2033,65,84,2025,48.0,False
2035,upturn,69,2034,69,84,2025,48.0,False
2026,downturn,40,2025,40,85,2025,48.0,False
2027,upturn,49,2026,49,85,2025,48.0,False
2028,upturn,53,2027,53,85,2025,48.0,False
2029,downturn,53,2028,53,85,2025,48.0,False
2030,upturn,51,2029,51,85,2025,48.0,False
2031,upturn,80,2030,80,85,2025,48.0,False
2032,downturn,81,2031,81,85,2025,48.0,False
2033,upturn,81,2032,81,85,2025,48.0,False
2034,upturn,91,2033,91,85,2025,48.0,False
2035,downturn,80,2034,80,85,2025,48.0,False
2026,upturn,53,2025,53,86,2025,48.0,False
2027,upturn,63,2026,63,86,2025,48.0,False
2028,downturn,59,2027,59,86,2025,48.0,False
2029,upturn,67,2028,67,86,2025,48.0,False
2030,upturn,69,2029,69,86,2025,48.0,False
2031,downturn,84,2030,84,86,2025,48.0,False
2032,upturn,85,2031,85,86,2025,48.0,False
2033,upturn,81,2032,81,86,2025,48.0,False
2034,downturn,75,2033,75,86,2025,48.0,False
2035,upturn,95,2034,95,86,2025,48.0,False
2026,upturn,54,2025,54,87,2025,48.0,False
2027,upturn,62,2026,62,87,2025,48.0,False
2028,downturn,59,2027,59,87,2025,48.0,False
2029,upturn,61,2028,61,87,2025,48.0,False
2030,upturn,61,2029,61,87,2025,48.0,False
2031,downturn,69,2030,69,87,2025,48.0,False
2032,upturn,93,2031,93,87,2025,48.0,False
2033,upturn,99,2032,99,87,2025,48.0,False
2034,downturn,93,2033,93,87,2025,48.0,False
2035,upturn,103,2034,103,87,2025,48.0,False
2026,upturn,56,2025,56,88,2025,48.0,False
2027,upturn,72,2026,72,88,2025,48.0,False
2028,downturn,58,2027,58,88,2025,48.0,False
2029,upturn,54,2028,54,88,2025,48.0,False
2030,upturn,60,2029,60,88,2025,48.0,False
2031,downturn,57,2030,57,88,2025,48.0,False
2032,upturn,70,2031,70,88,2025,48.0,False
2033,upturn,63,2032,63,88,2025,48.0,False
2034,downturn,65,2033,65,88,2025,48.0,False
2035,upturn,76,2034,76,88,2025,48.0,False
2026,downturn,52,2025,52,89,2025,48.0,False
2027,upturn,59,2026,59,89,2025,48.0,False
2028,upturn,67,2027,67,89,2025,48.0,False
2029,downturn,62,2028,62,89,2025,48.0,False
2030,upturn,64,2029,64,89,2025,48.0,False
2031,upturn,94,2030,94,89,2025,48.0,False
2032,downturn,68,2031,68,89,2025,48.0,False
2033,upturn,76,2032,76,89,2025,48.0,False
2034,upturn,86,2033,86,89,2025,48.0,False
2035,downturn,71,2034,71,89,2025,48.0,False
2026,downturn,42,2025,42,90,2025,48.0,False
2027,upturn,41,2026,41,90,2025,48.0,False
2028,upturn,45,2027,45,90,2025,48.0,False
2029,downturn,47,2028,47,90,2025,48.0,False
2030,upturn,58,2029,58,90,2025,48.0,False
2031,upturn,93,2030,93,90,2025,48.0,False
2032,downturn,71,2031,71,90,2025,48.0,False
2033,upturn,75,2032,75,90,2025,48.0,False
2034,upturn,88,2033,88,90,2025,48.0,False
2035,downturn,60,2034,60,90,2025,48.0,False
2026,upturn,54,2025,54,91,2025,48.0,False
2027,upturn,62,2026,62,91,2025,48.0,False
2028,downturn,53,2027,53,91,2025,48.0,False
2029,upturn,66,2028,66,91,2025,48.0,False
2030,upturn,65,2029,65,91,2025,48.0,False
2031,downturn,76,2030,76,91,2025,48.0,False
2032,upturn,90,2031,90,91,2025,48.0,False
2033,upturn,99,2032,99,91,2025,48.0,False
2034,downturn,90,2033,90,91,2025,48.0,False
2035,upturn,90,2034,90,91,2025,48.0,False
2026,upturn,50,2025,50,92,2025,48.0,False
2027,upturn,59,2026,59,92,2025,48.0,False
2028,downturn,57,2027,57,92,2025,48.0,False
2029,upturn,61,2028,61,92,2025,48.0,False
2030,upturn,64,2029,64,92,2025,48.0,False
2031,downturn,76,2030,76,92,2025,48.0,False
2032,upturn,81,2031,81,92,2025,48.0,False
2033,upturn,93,2032,93,92,2025,48.0,False
2034,downturn,76,2033,76,92,2025,48.0,False
2035,upturn,96,2034,96,92,2025,48.0,False
2026,upturn,54,2025,54,93,2025,48.0,False
2027,upturn,60,2026,60,93,2025,48.0,False
2028,downturn,59,2027,59,93,2025,48.0,False
2029,upturn,67,2028,67,93,2025,48.0,False
2030,upturn,71,2029,71,93,2025,48.0,False
2031,downturn,109,2030,109,93,2025,48.0,False
2032,upturn,120,2031,120,93,2025,48.0,False
2033,upturn,116,2032,116,93,2025,48.0,False
2034,downturn,99,2033,99,93,2025,48.0,False
2035,upturn,104,2034,104,93,2025,48.0,False
2026,downturn,53,2025,53,94,2025,48.0,False
2027,upturn,53,2026,53,94,2025,48.0,False
2028,upturn,59,2027,59,94,2025,48.0,False
2029,downturn,48,2028,48,94,2025,48.0,False
2030,upturn,57,2029,57,94,2025,48.0,False
2031,upturn,82,2030,82,94,2025,48.0,False
2032,downturn,85,2031,85,94,2025,48.0,False
2033,upturn,101,2032,101,94,2025,48.0,False
2034,upturn,116,2033,116,94,2025,48.0,False
2035,downturn,101,2034,101,94,2025,48.0,False
2026,downturn,44,2025,44,95,2025,48.0,False
2027,upturn,58,2026,58,95,2025,48.0,False
2028,upturn,61,2027,61,95,2025,48.0,False
2029,downturn,51,2028,51,95,2025,48.0,False
2030,upturn,59,2029,59,95,2025,48.0,False
2031,upturn,83,2030,83,95,2025,48.0,False
2032,downturn,64,2031,64,95,2025,48.0,False
2033,upturn,85,2032,85,95,2025,48.0,False
2034,upturn,92,2033,92,95,2025,48.0,False
2035,downturn,81,2034,81,95,2025,48.0,False
2026,upturn,54,2025,54,96,2025,48.0,False
2027,upturn,66,2026,66,96,2025,48.0,False
2028,downturn,60,2027,60,96,2025,48.0,False
2029,upturn,58,2028,58,96,2025,48.0,False
2030,upturn,60,2029,60,96,2025,48.0,False
2031,downturn,69,2030,69,96,2025,48.0,False
2032,upturn,83,2031,83,96,2025,48.0,False
2033,upturn,87,2032,87,96,2025,48.0,False
2034,downturn,87,2033,87,96,2025,48.0,False
2035,upturn,98,2034,98,96,2025,48.0,False
2026,downturn,44,2025,44,97,2025,48.0,False
2027,upturn,50,2026,50,97,2025,48.0,False
2028,upturn,54,2027,54,97,2025,48.0,False
2029,downturn,59,2028,59,97,2025,48.0,False
2030,upturn,63,2029,63,97,2025,48.0,False
2031,upturn,97,2030,97,97,2025,48.0,False
2032,downturn,72,2031,72,97,2025,48.0,False
2033,upturn,63,2032,63,97,2025,48.0,False
2034,upturn,75,2033,75,97,2025,48.0,False
2035,downturn,73,2034,73,97,2025,48.0,False
2026,downturn,47,2025,47,98,2025,48.0,False
2027,upturn,60,2026,60,98,2025,48.0,False
2028,upturn,54,2027,54,98,2025,48.0,False
2029,downturn,50,2028,50,98,2025,48.0,False
2030,upturn,56,2029,56,98,2025,48.0,False
2031,upturn,70,2030,70,98,2025,48.0,False
2032,downturn,79,2031,79,98,2025,48.0,False
2033,upturn,85,2032,85,98,2025,48.0,False
2034,upturn,93,2033,93,98,2025,48.0,False
2035,downturn,76,2034,76,98,2025,48.0,False
2026,upturn,57,2025,57,99,2025,48.0,False
2027,upturn,60,2026,60,99,2025,48.0,False
2028,downturn,59,2027,59,99,2025,48.0,False
2029,upturn,58,2028,58,99,2025,48.0,False
2030,upturn,61,2029,61,99,2025,48.0,False
2031,downturn,66,2030,66,99,2025,48.0,False
2032,upturn,77,2031,77,99,2025,48.0,False
2033,upturn,80,2032,80,99,2025,48.0,False
2034,downturn,63,2033,63,99,2025,48.0,False
2035,upturn,67,2034,67,99,2025,48.0,False
2026,downturn,52,2025,52,100,2025,48.0,False
2027,upturn,58,2026,58,100,2025,48.0,False
2028,upturn,68,2027,68,100,2025,48.0,False
2029,downturn,61,2028,61,100,2025,48.0,False
2030,upturn,68,2029,68,100,2025,48.0,False
2031,upturn,85,2030,85,100,2025,48.0,False
2032,downturn,73,2031,73,100,2025,48.0,False
2033,upturn,79,2032,79,100,2025,48.0,False
2034,upturn,100,2033,100,100,2025,48.0,False
2035,downturn,82,2034,82,100,2025,48.0,False
2026,upturn,58,2025,58,101,2025,48.0,False
2027,upturn,66,2026,66,101,2025,48.0,False
2028,downturn,64,2027,64,101,2025,48.0,False
2029,upturn,60,2028,60,101,2025,48.0,False
2030,upturn,57,2029,57,101,2025,48.0,False
2031,downturn,68,2030,68,101,2025,48.0,False
2032,upturn,79,2031,79,101,2025,48.0,False
2033,upturn,74,2032,74,101,2025,48.0,False
2034,downturn,77,2033,77,101,2025,48.0,False
2035,upturn,98,2034,98,101,2025,48.0,False
2026,upturn,51,2025,51,102,2025,48.0,False
2027,upturn,63,2026,63,102,2025,48.0,False
2028,downturn,53,2027,53,102,2025,48.0,False
2029,upturn,63,2028,63,102,2025,48.0,False
2030,upturn,68,2029,68,102,2025,48.0,False
2031,downturn,77,2030,77,102,2025,48.0,False
2032,upturn,91,2031,91,102,2025,48.0,False
2033,upturn,99,2032,99,102,2025,48.0,False
2034,downturn,101,2033,101,102,2025,48.0,False
2035,upturn,103,2034,103,102,2025,48.0,False
2026,downturn,48,2025,48,103,2025,48.0,False
2027,upturn,61,2026,61,103,2025,48.0,False
2028,upturn,69,2027,69,103,2025,48.0,False
2029,downturn,67,2028,67,103,2025,48.0,False
2030,upturn,78,2029,78,103,2025,48.0,False
2031,upturn,107,2030,107,103,2025,48.0,False
2032,downturn,90,2031,90,103,2025,48.0,False
2033,upturn,96,2032,96,103,2025,48.0,False
2034,upturn,87,2033,87,103,2025,48.0,False
2035,downturn,88,2034,88,103,2025,48.0,False
2026,downturn,48,2025,48,104,2025,48.0,False
2027,upturn,54,2026,54,104,2025,48.0,False
2028,upturn,61,2027,61,104,2025,48.0,False
2029,downturn,60,2028,60,104,2025,48.0,False
2030,upturn,62,2029,62,104,2025,48.0,False
2031,upturn,95,2030,95,104,2025,48.0,False
2032,downturn,89,2031,89,104,2025,48.0,False
2033,upturn,99,2032,99,104,2025,48.0,False
2034,upturn,89,2033,89,104,2025,48.0,False
2035,downturn,58,2034,58,104,2025,48.0,False
2026,downturn,49,2025,49,105,2025,48.0,False
2027,upturn,47,2026,47,105,2025,48.0,False
2028,upturn,57,2027,57,105,2025,48.0,False
2029,downturn,55,2028,55,105,2025,48.0,False
2030,upturn,66,2029,66,105,2025,48.0,False
2031,upturn,106,2030,106,105,2025,48.0,False
2032,downturn,103,2031,103,105,2025,48.0,False
2033,upturn,94,2032,94,105,2025,48.0,False
2034,upturn,93,2033,93,105,2025,48.0,False
2035,downturn,88,2034,88,105,2025,48.0,False
2026,upturn,51,2025,51,106,2025,48.0,False
2027,upturn,59,2026,59,106,2025,48.0,False
2028,downturn,60,2027,60,106,2025,48.0,False
2029,upturn,64,2028,64,106,2025,48.0,False
2030,upturn,66,2029,66,106,2025,48.0,False
2031,downturn,89,2030,89,106,2025,48.0,False
2032,upturn,105,2031,105,106,2025,48.0,False
2033,upturn,104,2032,104,106,2025,48.0,False
2034,downturn,84,2033,84,106,2025,48.0,False
2035,upturn,81,2034,81,106,2025,48.0,False
2026,downturn,46,2025,46,107,2025,48.0,False
2027,upturn,54,2026,54,107,2025,48.0,False
2028,upturn,60,2027,60,107,2025,48.0,False
2029,downturn,50,2028,50,107,2025,48.0,False
2030,upturn,57,2029,57,107,2025,48.0,False
2031,upturn,76,2030,76,107,2025,48.0,False
2032,downturn,65,2031,65,107,2025,48.0,False
2033,upturn,72,2032,72,107,2025,48.0,False
2034,upturn,71,2033,71,107,2025,48.0,False
2035,downturn,51,2034,51,107,2025,48.0,False
2026,downturn,55,2025,55,108,2025,48.0,False
2027,upturn,59,2026,59,108,2025,48.0,False
2028,upturn,64,2027,64,108,2025,48.0,False
2029,downturn,58,2028,58,108,2025,48.0,False
2030,upturn,65,2029,65,108,2025,48.0,False
2031,upturn,98,2030,98,108,2025,48.0,False
2032,downturn,93,2031,93,108,2025,48.0,False
2033,upturn,97,2032,97,108,2025,48.0,False
2034,upturn,107,2033,107,108,2025,48.0,False
2035,downturn,99,2034,99,108,2025,48.0,False
2026,upturn,58,2025,58,109,2025,48.0,False
2027,upturn,65,2026,65,109,2025,48.0,False
2028,downturn,64,2027,64,109,2025,48.0,False
2029,upturn,68,2028,68,109,2025,48.0,False
2030,upturn,74,2029,74,109,2025,48.0,False
2031,downturn,88,2030,88,109,2025,48.0,False
2032,upturn,91,2031,91,109,2025,48.0,False
2033,upturn,83,2032,83,109,2025,48.0,False
2034,downturn,72,2033,72,109,2025,48.0,False
2035,upturn,80,2034,80,109,2025,48.0,False
2026,downturn,51,2025,51,110,2025,48.0,False
2027,upturn,56,2026,56,110,2025,48.0,False
2028,upturn,64,2027,64,110,2025,48.0,False
2029,downturn,61,2028,61,110,2025,48.0,False
2030,upturn,64,2029,64,110,2025,48.0,False
2031,upturn,78,2030,78,110,2025,48.0,False
2032,downturn,54,2031,54,110,2025,48.0,False
2033,upturn,73,2032,73,110,2025,48.0,False
2034,upturn,75,2033,75,110,2025,48.0,False
2035,downturn,75,2034,75,110,2025,48.0,False
2026,upturn,57,2025,57,111,2025,48.0,False
2027,upturn,57,2026,57,111,2025,48.0,False
2028,downturn,54,2027,54,111,2025,48.0,False
2029,upturn,56,2028,56,111,2025,48.0,False
2030,upturn,60,2029,60,111,2025,48.0,False
2031,downturn,67,2030,67,111,2025,48.0,False
2032,upturn,84,2031,84,111,2025,48.0,False
2033,upturn,81,2032,81,111,2025,48.0,False
2034,downturn,68,2033,68,111,2025,48.0,False
2035,upturn,81,2034,81,111,2025,48.0,False
2026,upturn,55,2025,55,112,2025,48.0,False
2027,upturn,61,2026,61,112,2025,48.0,False
2028,downturn,63,2027,63,112,2025,48.0,False
2029,upturn,62,2028,62,112,2025,48.0,False
2030,upturn,66,2029,66,112,2025,48.0,False
2031,downturn,72,2030,72,112,2025,48.0,False
2032,upturn,85,2031,85,112,2025,48.0,False
2033,upturn,98,2032,98,112,2025,48.0,False
2034,downturn,87,2033,87,112,2025,48.0,False
2035,upturn,86,2034,86,112,2025,48.0,False
2026,upturn,52,2025,52,113,2025,48.0,False
2027,upturn,55,2026,55,113,2025,48.0,False
2028,downturn,55,2027,55,113,2025,48.0,False
2029,upturn,60,2028,60,113,2025,48.0,False
2030,upturn,59,2029,59,113,2025,48.0,False
2031,downturn,65,2030,65,113,2025,48.0,False
2032,upturn,81,2031,81,113,2025,48.0,False
2033,upturn,91,2032,91,113,2025,48.0,False
2034,downturn,77,2033,77,113,2025,48.0,False
2035,upturn,89,2034,89,113,2025,48.0,False
2026,upturn,57,2025,57,114,2025,48.0,False
2027,upturn,56,2026,56,114,2025,48.0,False
2028,downturn,57,2027,57,114,2025,48.0,False
2029,upturn,61,2028,61,114,2025,48.0,False
2030,upturn,62,2029,62,114,2025,48.0,False
2031,downturn,61,2030,61,114,2025,48.0,False
2032,upturn,88,2031,88,114,2025,48.0,False
2033,upturn,82,2032,82,114,2025,48.0,False
2034,downturn,86,2033,86,114,2025,48.0,False
2035,upturn,92,2034,92,114,2025,48.0,False
2026,upturn,57,2025,57,115,2025,48.0,False
2027,upturn,66,2026,66,115,2025,48.0,False
2028,downturn,57,2027,57,115,2025,48.0,False
2029,upturn,60,2028,60,115,2025,48.0,False
2030,upturn,58,2029,58,115,2025,48.0,False
2031,downturn,80,2030,80,115,2025,48.0,False
2032,upturn,97,2031,97,115,2025,48.0,False
2033,upturn,96,2032,96,115,2025,48.0,False
2034,downturn,96,2033,96,115,2025,48.0,False
2035,upturn,94,2034,94,115,2025,48.0,False
2026,upturn,61,2025,61,116,2025,48.0,False
2027,upturn,62,2026,62,116,2025,48.0,False
2028,downturn,61,2027,61,116,2025,48.0,False
2029,upturn,65,2028,65,116,2025,48.0,False
2030,upturn,70,2029,70,116,2025,48.0,False
2031,downturn,92,2030,92,116,2025,48.0,False
2032,upturn,80,2031,80,116,2025,48.0,False
2033,upturn,91,2032,91,116,2025,48.0,False
2034,downturn,70,2033,70,116,2025,48.0,False
2035,upturn,86,2034,86,116,2025,48.0,False
2026,downturn,48,2025,48,117,2025,48.0,False
2027,upturn,55,2026,55,117,2025,48.0,False
2028,upturn,60,2027,60,117,2025,48.0,False
2029,downturn,58,2028,58,117,2025,48.0,False
2030,upturn,62,2029,62,117,2025,48.0,False
2031,upturn,80,2030,80,117,2025,48.0,False
2032,downturn,90,2031,90,117,2025,48.0,False
2033,upturn,96,2032,96,117,2025,48.0,False
2034,upturn,97,2033,97,117,2025,48.0,False
2035,downturn,93,2034,93,117,2025,48.0,False
2026,downturn,42,2025,42,118,2025,48.0,False
2027,upturn,51,2026,51,118,2025,48.0,False
2028,upturn,62,2027,62,118,2025,48.0,False
2029,downturn,55,2028,55,118,2025,48.0,False
2030,upturn,58,2029,58,118,2025,48.0,False
2031,upturn,74,2030,74,118,2025,48.0,False
2032,downturn,80,2031,80,118,2025,48.0,False
2033,upturn,81,2032,81,118,2025,48.0,False
2034,upturn,81,2033,81,118,2025,48.0,False
2035,downturn,81,2034,81,118,2025,48.0,False
2026,downturn,43,2025,43,119,2025,48.0,False
2027,upturn,46,2026,46,119,2025,48.0,False
2028,upturn,55,2027,55,119,2025,48.0,False
2029,downturn,56,2028,56,119,2025,48.0,False
2030,upturn,58,2029,58,119,2025,48.0,False
2031,upturn,77,2030,77,119,2025,48.0,False
2032,downturn,57,2031,57,119,2025,48.0,False
2033,upturn,78,2032,78,119,2025,48.0,False
2034,upturn,90,2033,90,119,2025,48.0,False
2035,downturn,84,2034,84,119,2025,48.0,False
2026,upturn,57,2025,57,120,2025,48.0,False
2027,upturn,65,2026,65,120,2025,48.0,False
2028,downturn,56,2027,56,120,2025,48.0,False
2029,upturn,67,2028,67,120,2025,48.0,False
2030,upturn,74,2029,74,120,2025,48.0,False
2031,downturn,86,2030,86,120,2025,48.0,False
2032,upturn,86,2031,86,120,2025,48.0,False
2033,upturn,98,2032,98,120,2025,48.0,False
2034,downturn,85,2033,85,120,2025,48.0,False
2035,upturn,87,2034,87,120,2025,48.0,False
2026,downturn,46,2025,46,121,2025,48.0,False
2027,upturn,55,2026,55,121,2025,48.0,False
2028,upturn,63,2027,63,121,2025,48.0,False
2029,downturn,55,2028,55,121,2025,48.0,False
2030,upturn,70,2029,70,121,2025,48.0,False
2031,upturn,97,2030,97,121,2025,48.0,False
2032,downturn,92,2031,92,121,2025,48.0,False
2033,upturn,90,2032,90,121,2025,48.0,False
2034,upturn,102,2033,102,121,2025,48.0,False
2035,downturn,104,2034,104,121,2025,48.0,False
2026,upturn,48,2025,48,122,2025,48.0,False
2027,upturn,51,2026,51,122,2025,48.0,False
2028,downturn,57,2027,57,122,2025,48.0,False
2029,upturn,63,2028,63,122,2025,48.0,False
2030,upturn,68,2029,68,122,2025,48.0,False
2031,downturn,88,2030,88,122,2025,48.0,False
2032,upturn,110,2031,110,122,2025,48.0,False
2033,upturn,110,2032,110,122,2025,48.0,False
2034,downturn,85,2033,85,122,2025,48.0,False
2035,upturn,69,2034,69,122,2025,48.0,False
2026,downturn,48,2025,48,123,2025,48.0,False
2027,upturn,57,2026,57,123,2025,48.0,False
2028,upturn,62,2027,62,123,2025,48.0,False
2029,downturn,59,2028,59,123,2025,48.0,False
2030,upturn,58,2029,58,123,2025,48.0,False
2031,upturn,91,2030,91,123,2025,48.0,False
2032,downturn,85,2031,85,123,2025,48.0,False
2033,upturn,96,2032,96,123,2025,48.0,False
2034,upturn,103,2033,103,123,2025,48.0,False
2035,downturn,89,2034,89,123,2025,48.0,False
2026,upturn,54,2025,54,124,2025,48.0,False
2027,upturn,63,2026,63,124,2025,48.0,False
2028,downturn,64,2027,64,124,2025,48.0,False
2029,upturn,66,2028,66,124,2025,48.0,False
2030,upturn,67,2029,67,124,2025,48.0,False
2031,downturn,93,2030,93,124,2025,48.0,False
2032,upturn,98,2031,98,124,2025,48.0,False
2033,upturn,119,2032,119,124,2025,48.0,False
2034,downturn,98,2033,98,124,2025,48.0,False
2035,upturn,103,2034,103,124,2025,48.0,False
2026,downturn,48,2025,48,125,2025,48.0,False
2027,upturn,53,2026,53,125,2025,48.0,False
2028,upturn,66,2027,66,125,2025,48.0,False
2029,downturn,59,2028,59,125,2025,48.0,False
2030,upturn,61,2029,61,125,2025,48.0,False
2031,upturn,80,2030,80,125,2025,48.0,False
2032,downturn,80,2031,80,125,2025,48.0,False
2033,upturn,84,2032,84,125,2025,48.0,False
2034,upturn,100,2033,100,125,2025,48.0,False
2035,downturn,91,2034,91,125,2025,48.0,False
2026,upturn,58,2025,58,126,2025,48.0,False
2027,upturn,61,2026,61,126,2025,48.0,False
2028,downturn,64,2027,64,126,2025,48.0,False
2029,upturn,76,2028,76,126,2025,48.0,False
2030,upturn,74,2029,74,126,2025,48.0,False
2031,downturn,77,2030,77,126,2025,48.0,False
2032,upturn,88,2031,88,126,2025,48.0,False
2033,upturn,97,2032,97,126,2025,48.0,False
2034,downturn,86,2033,86,126,2025,48.0,False
2035,upturn,81,2034,81,126,2025,48.0,False
2026,upturn,55,2025,55,127,2025,48.0,False
2027,upturn,60,2026,60,127,2025,48.0,False
2028,downturn,67,2027,67,127,2025,48.0,False
2029,upturn,73,2028,73,127,2025,48.0,False
2030,upturn,80,2029,80,127,2025,48.0,False
2031,downturn,113,2030,113,127,2025,48.0,False
2032,upturn,111,2031,111,127,2025,48.0,False
2033,upturn,104,2032,104,127,2025,48.0,False
2034,downturn,105,2033,105,127,2025,48.0,False
2035,upturn,96,2034,96,127,2025,48.0,False
2026,downturn,42,2025,42,128,2025,48.0,False
2027,upturn,53,2026,53,128,2025,48.0,False
2028,upturn,56,2027,56,128,2025,48.0,False
2029,downturn,56,2028,56,128,2025,48.0,False
2030,upturn,63,2029,63,128,2025,48.0,False
2031,upturn,83,2030,83,128,2025,48.0,False
2032,downturn,91,2031,91,128,2025,48.0,False
2033,upturn,106,2032,106,128,2025,48.0,False
2034,upturn,99,2033,99,128,2025,48.0,False
2035,downturn,77,2034,77,128,2025,48.0,False
2026,upturn,53,2025,53,129,2025,48.0,False
2027,upturn,59,2026,59,129,2025,48.0,False
2028,downturn,60,2027,60,129,2025,48.0,False
2029,upturn,65,2028,65,129,2025,48.0,False
2030,upturn,60,2029,60,129,2025,48.0,False
2031,downturn,67,2030,67,129,2025,48.0,False
2032,upturn,67,2031,67,129,2025,48.0,False
2033,upturn,70,2032,70,129,2025,48.0,False
2034,downturn,54,2033,54,129,2025,48.0,False
2035,upturn,73,2034,73,129,2025,48.0,False
2026,upturn,55,2025,55,130,2025,48.0,False
2027,upturn,59,2026,59,130,2025,48.0,False
2028,downturn,53,2027,53,130,2025,48.0,False
2029,upturn,59,2028,59,130,2025,48.0,False
2030,upturn,63,2029,63,130,2025,48.0,False
2031,downturn,83,2030,83,130,2025,48.0,False
2032,upturn,99,2031,99,130,2025,48.0,False
2033,upturn,97,2032,97,130,2025,48.0,False
2034,downturn,89,2033,89,130,2025,48.0,False
2035,upturn,99,2034,99,130,2025,48.0,False
2026,downturn,50,2025,50,131,2025,48.0,False
2027,upturn,59,2026,59,131,2025,48.0,False
2028,upturn,59,2027,59,131,2025,48.0,False
2029,downturn,55,2028,55,131,2025,48.0,False
2030,upturn,60,2029,60,131,2025,48.0,False
2031,upturn,87,2030,87,131,2025,48.0,False
2032,downturn,72,2031,72,131,2025,48.0,False
2033,upturn,87,2032,87,131,2025,48.0,False
2034,upturn,92,2033,92,131,2025,48.0,False
2035,downturn,70,2034,70,131,2025,48.0,False
2026,upturn,57,2025,57,132,2025,48.0,False
2027,upturn,64,2026,64,132,2025,48.0,False
2028,downturn,61,2027,61,132,2025,48.0,False
2029,upturn,67,2028,67,132,2025,48.0,False
2030,upturn,71,2029,71,132,2025,48.0,False
2031,downturn,89,2030,89,132,2025,48.0,False
2032,upturn,87,2031,87,132,2025,48.0,False
2033,upturn,101,2032,101,132,2025,48.0,False
2034,downturn,67,2033,67,132,2025,48.0,False
2035,upturn,70,2034,70,132,2025,48.0,False
2026,downturn,50,2025,50,133,2025,48.0,False
2027,upturn,54,2026,54,133,2025,48.0,False
2028,upturn,54,2027,54,133,2025,48.0,False
2029,downturn,51,2028,51,133,2025,48.0,False
2030,upturn,52,2029,52,133,2025,48.0,False
2031,upturn,74,2030,74,133,2025,48.0,False
2032,downturn,67,2031,67,133,2025,48.0,False
2033,upturn,72,2032,72,133,2025,48.0,False
2034,upturn,87,2033,87,133,2025,48.0,False
2035,downturn,85,2034,85,133,2025,48.0,False
2026,upturn,56,2025,56,134,2025,48.0,False
2027,upturn,66,2026,66,134,2025,48.0,False
2028,downturn,63,2027,63,134,2025,48.0,False
2029,upturn,61,2028,61,134,2025,48.0,False
2030,upturn,64,2029,64,134,2025,48.0,False
2031,downturn,79,2030,79,134,2025,48.0,False
2032,upturn,86,2031,86,134,2025,48.0,False
2033,upturn,91,2032,91,134,2025,48.0,False
2034,downturn,86,2033,86,134,2025,48.0,False
2035,upturn,84,2034,84,134,2025,48.0,False
2026,downturn,40,2025,40,135,2025,48.0,False
2027,upturn,45,2026,45,135,2025,48.0,False
2028,upturn,52,2027,52,135,2025,48.0,False
2029,downturn,53,2028,53,135,2025,48.0,False
2030,upturn,55,2029,55,135,2025,48.0,False
2031,upturn,84,2030,84,135,2025,48.0,False
2032,downturn,72,2031,72,135,2025,48.0,False
2033,upturn,85,2032,85,135,2025,48.0,False
2034,upturn,80,2033,80,135,2025,48.0,False
2035,downturn,71,2034,71,135,2025,48.0,False
2026,upturn,52,2025,52,136,2025,48.0,False
2027,upturn,54,2026,54,136,2025,48.0,False
2028,downturn,54,2027,54,136,2025,48.0,False
2029,upturn,56,2028,56,136,2025,48.0,False
2030,upturn,62,2029,62,136,2025,48.0,False
2031,downturn,78,2030,78,136,2025,48.0,False
2032,upturn,83,2031,83,136,2025,48.0,False
2033,upturn,91,2032,91,136,2025,48.0,False
2034,downturn,98,2033,98,136,2025,48.0,False
2035,upturn,96,2034,96,136,2025,48.0,False
2026,downturn,50,2025,50,137,2025,48.0,False
2027,upturn,57,2026,57,137,2025,48.0,False
2028,upturn,63,2027,63,137,2025,48.0,False
2029,downturn,63,2028,63,137,2025,48.0,False
2030,upturn,68,2029,68,137,2025,48.0,False
2031,upturn,107,2030,107,137,2025,48.0,False
2032,downturn,92,2031,92,137,2025,48.0,False
2033,upturn,91,2032,91,137,2025,48.0,False
2034,upturn,100,2033,100,137,2025,48.0,False
2035,downturn,74,2034,74,137,2025,48.0,False
2026,upturn,50,2025,50,138,2025,48.0,False
2027,upturn,56,2026,56,138,2025,48.0,False
2028,downturn,50,2027,50,138,2025,48.0,False
2029,upturn,62,2028,62,138,2025,48.0,False
2030,upturn,64,2029,64,138,2025,48.0,False
2031,downturn,77,2030,77,138,2025,48.0,False
2032,upturn,85,2031,85,138,2025,48.0,False
2033,upturn,83,2032,83,138,2025,48.0,False
2034,downturn,67,2033,67,138,2025,48.0,False
2035,upturn,95,2034,95,138,2025,48.0,False
2026,upturn,57,2025,57,139,2025,48.0,False
2027,upturn,67,2026,67,139,2025,48.0,False
2028,downturn,67,2027,67,139,2025,48.0,False
2029,upturn,70,2028,70,139,2025,48.0,False
2030,upturn,73,2029,73,139,2025,48.0,False
2031,downturn,92,2030,92,139,2025,48.0,False
2032,upturn,107,2031,107,139,2025,48.0,False
2033,upturn,98,2032,98,139,2025,48.0,False
2034,downturn,95,2033,95,139,2025,48.0,False
2035,upturn,88,2034,88,139,2025,48.0,False
2026,upturn,51,2025,51,140,2025,48.0,False
2027,upturn,55,2026,55,140,2025,48.0,False
2028,downturn,55,2027,55,140,2025,48.0,False
2029,upturn,55,2028,55,140,2025,48.0,False
2030,upturn,63,2029,63,140,2025,48.0,False
2031,downturn,69,2030,69,140,2025,48.0,False
2032,upturn,82,2031,82,140,2025,48.0,False
2033,upturn,84,2032,84,140,2025,48.0,False
2034,downturn,70,2033,70,140,2025,48.0,False
2035,upturn,80,2034,80,140,2025,48.0,False
2026,upturn,51,2025,51,141,2025,48.0,False
2027,upturn,55,2026,55,141,2025,48.0,False
2028,downturn,57,2027,57,141,2025,48.0,False
2029,upturn,56,2028,56,141,2025,48.0,False
2030,upturn,63,2029,63,141,2025,48.0,False
2031,downturn,83,2030,83,141,2025,48.0,False
2032,upturn,77,2031,77,141,2025,48.0,False
2033,upturn,83,2032,83,141,2025,48.0,False
2034,downturn,62,2033,62,141,2025,48.0,False
2035,upturn,81,2034,81,141,2025,48.0,False
2026,downturn,42,2025,42,142,2025,48.0,False
2027,upturn,59,2026,59,142,2025,48.0,False
2028,upturn,64,2027,64,142,2025,48.0,False
2029,downturn,56,2028,56,142,2025,48.0,False
2030,upturn,66,2029,66,142,2025,48.0,False
2031,upturn,97,2030,97,142,2025,48.0,False
2032,downturn,78,2031,78,142,2025,48.0,False
2033,upturn,83,2032,83,142,2025,48.0,False
2034,upturn,93,2033,93,142,2025,48.0,False
2035,downturn,86,2034,86,142,2025,48.0,False
2026,downturn,41,2025,41,143,2025,48.0,False
2027,upturn,46,2026,46,143,2025,48.0,False
2028,upturn,50,2027,50,143,2025,48.0,False
2029,downturn,49,2028,49,143,2025,48.0,False
2030,upturn,63,2029,63,143,2025,48.0,False
2031,upturn,78,2030,78,143,2025,48.0,False
2032,downturn,58,2031,58,143,2025,48.0,False
2033,upturn,59,2032,59,143,2025,48.0,False
2034,upturn,71,2033,71,143,2025,48.0,False
2035,downturn,62,2034,62,143,2025,48.0,False
2026,downturn,43,2025,43,144,2025,48.0,False
2027,upturn,56,2026,56,144,2025,48.0,False
2028,upturn,59,2027,59,144,2025,48.0,False
2029,downturn,50,2028,50,144,2025,48.0,False
2030,upturn,53,2029,53,144,2025,48.0,False
2031,upturn,78,2030,78,144,2025,48.0,False
2032,downturn,73,2031,73,144,2025,48.0,False
2033,upturn,77,2032,77,144,2025,48.0,False
2034,upturn,83,2033,83,144,2025,48.0,False
2035,downturn,71,2034,71,144,2025,48.0,False
2026,upturn,59,2025,59,145,2025,48.0,False
2027,upturn,66,2026,66,145,2025,48.0,False
2028,downturn,61,2027,61,145,2025,48.0,False
2029,upturn,72,2028,72,145,2025,48.0,False
2030,upturn,66,2029,66,145,2025,48.0,False
2031,downturn,91,2030,91,145,2025,48.0,False
2032,upturn,100,2031,100,145,2025,48.0,False
2033,upturn,91,2032,91,145,2025,48.0,False
2034,downturn,90,2033,90,145,2025,48.0,False
2035,upturn,103,2034,103,145,2025,48.0,False
2026,downturn,52,2025,52,146,2025,48.0,False
2027,upturn,53,2026,53,146,2025,48.0,False
2028,upturn,60,2027,60,146,2025,48.0,False
2029,downturn,56,2028,56,146,2025,48.0,False
2030,upturn,61,2029,61,146,2025,48.0,False
2031,upturn,95,2030,95,146,2025,48.0,False
2032,downturn,87,2031,87,146,2025,48.0,False
2033,upturn,99,2032,99,146,2025,48.0,False
2034,upturn,99,2033,99,146,2025,48.0,False
2035,downturn,84,2034,84,146,2025,48.0,False
2026,upturn,53,2025,53,147,2025,48.0,False
2027,upturn,61,2026,61,147,2025,48.0,False
2028,downturn,55,2027,55,147,2025,48.0,False
2029,upturn,55,2028,55,147,2025,48.0,False
2030,upturn,58,2029,58,147,2025,48.0,False
2031,downturn,67,2030,67,147,2025,48.0,False
2032,upturn,75,2031,75,147,2025,48.0,False
2033,upturn,75,2032,75,147,2025,48.0,False
2034,downturn,58,2033,58,147,2025,48.0,False
2035,upturn,60,2034,60,147,2025,48.0,False
2026,downturn,42,2025,42,148,2025,48.0,False
2027,upturn,49,2026,49,148,2025,48.0,False
2028,upturn,50,2027,50,148,2025,48.0,False
2029,downturn,42,2028,42,148,2025,48.0,False
2030,upturn,54,2029,54,148,2025,48.0,False
2031,upturn,78,2030,78,148,2025,48.0,False
2032,downturn,65,2031,65,148,2025,48.0,False
2033,upturn,80,2032,80,148,2025,48.0,False
2034,upturn,92,2033,92,148,2025,48.0,False
2035,downturn,91,2034,91,148,2025,48.0,False
2026,upturn,57,2025,57,149,2025,48.0,False
2027,upturn,61,2026,61,149,2025,48.0,False
2028,downturn,57,2027,57,149,2025,48.0,False
2029,upturn,70,2028,70,149,2025,48.0,False
2030,upturn,67,2029,67,149,2025,48.0,False
2031,downturn,78,2030,78,149,2025,48.0,False
2032,upturn,97,2031,97,149,2025,48.0,False
2033,upturn,100,2032,100,149,2025,48.0,False
2034,downturn,85,2033,85,149,2025,48.0,False
2035,upturn,81,2034,81,149,2025,48.0,False
2026,downturn,54,2025,54,150,2025,48.0,False
2027,upturn,57,2026,57,150,2025,48.0,False
2028,upturn,66,2027,66,150,2025,48.0,False
2029,downturn,64,2028,64,150,2025,48.0,False
2030,upturn,65,2029,65,150,2025,48.0,False
2031,upturn,106,2030,106,150,2025,48.0,False
2032,downturn,90,2031,90,150,2025,48.0,False
2033,upturn,105,2032,105,150,2025,48.0,False
2034,upturn,103,2033,103,150,2025,48.0,False
2035,downturn,86,2034,86,150,2025,48.0,False
2026,upturn,52,2025,52,151,2025,48.0,False
2027,upturn,66,2026,66,151,2025,48.0,False
2028,downturn,65,2027,65,151,2025,48.0,False
2029,upturn,71,2028,71,151,2025,48.0,False
2030,upturn,69,2029,69,151,2025,48.0,False
2031,downturn,81,2030,81,151,2025,48.0,False
2032,upturn,75,2031,75,151,2025,48.0,False
2033,upturn,90,2032,90,151,2025,48.0,False
2034,downturn,78,2033,78,151,2025,48.0,False
2035,upturn,84,2034,84,151,2025,48.0,False
2026,downturn,49,2025,49,152,2025,48.0,False
2027,upturn,48,2026,48,152,2025,48.0,False
2028,upturn,58,2027,58,152,2025,48.0,False
2029,downturn,60,2028,60,152,2025,48.0,False
2030,upturn,62,2029,62,152,2025,48.0,False
2031,upturn,87,2030,87,152,2025,48.0,False
2032,downturn,91,2031,91,152,2025,48.0,False
2033,upturn,89,2032,89,152,2025,48.0,False
2034,upturn,76,2033,76,152,2025,48.0,False
2035,downturn,74,2034,74,152,2025,48.0,False
2026,downturn,44,2025,44,153,2025,48.0,False
2027,upturn,54,2026,54,153,2025,48.0,False
2028,upturn,57,2027,57,153,2025,48.0,False
2029,downturn,54,2028,54,153,2025,48.0,False
2030,upturn,62,2029,62,153,2025,48.0,False
2031,upturn,91,2030,91,153,2025,48.0,False
2032,downturn,93,2031,93,153,2025,48.0,False
2033,upturn,84,2032,84,153,2025,48.0,False
2034,upturn,76,2033,76,153,2025,48.0,False
2035,downturn,67,2034,67,153,2025,48.0,False
2026,upturn,56,2025,56,154,2025,48.0,False
2027,upturn,60,2026,60,154,2025,48.0,False
2028,downturn,56,2027,56,154,2025,48.0,False
2029,upturn,57,2028,57,154,2025,48.0,False
2030,upturn,55,2029,55,154,2025,48.0,False
2031,downturn,72,2030,72,154,2025,48.0,False
2032,upturn,85,2031,85,154,2025,48.0,False
2033,upturn,93,2032,93,154,2025,48.0,False
2034,downturn,76,2033,76,154,2025,48.0,False
2035,upturn,75,2034,75,154,2025,48.0,False
2026,downturn,51,2025,51,155,2025,48.0,False
2027,upturn,52,2026,52,155,2025,48.0,False
2028,upturn,68,2027,68,155,2025,48.0,False
2029,downturn,60,2028,60,155,2025,48.0,False
2030,upturn,67,2029,67,155,2025,48.0,False
2031,upturn,102,2030,102,155,2025,48.0,False
2032,downturn,97,2031,97,155,2025,48.0,False
2033,upturn,98,2032,98,155,2025,48.0,False
2034,upturn,92,2033,92,155,2025,48.0,False
2035,downturn,81,2034,81,155,2025,48.0,False
2026,downturn,41,2025,41,156,2025,48.0,False
2027,upturn,50,2026,50,156,2025,48.0,False
2028,upturn,56,2027,56,156,2025,48.0,False
2029,downturn,52,2028,52,156,2025,48.0,False
2030,upturn,53,2029,53,156,2025,48.0,False
2031,upturn,100,2030,100,156,2025,48.0,False
2032,downturn,86,2031,86,156,2025,48.0,False
2033,upturn,86,2032,86,156,2025,48.0,False
2034,upturn,87,2033,87,156,2025,48.0,False
2035,downturn,82,2034,82,156,2025,48.0,False
2026,downturn,51,2025,51,157,2025,48.0,False
2027,upturn,59,2026,59,157,2025,48.0,False
2028,upturn,69,2027,69,157,2025,48.0,False
2029,downturn,57,2028,57,157,2025,48.0,False
2030,upturn,55,2029,55,157,2025,48.0,False
2031,upturn,74,2030,74,157,2025,48.0,False
2032,downturn,65,2031,65,157,2025,48.0,False
2033,upturn,75,2032,75,157,2025,48.0,False
2034,upturn,69,2033,69,157,2025,48.0,False
2035,downturn,75,2034,75,157,2025,48.0,False
2026,upturn,55,2025,55,158,2025,48.0,False
2027,upturn,57,2026,57,158,2025,48.0,False
2028,downturn,55,2027,55,158,2025,48.0,False
2029,upturn,61,2028,61,158,2025,48.0,False
2030,upturn,60,2029,60,158,2025,48.0,False
2031,downturn,73,2030,73,158,2025,48.0,False
2032,upturn,68,2031,68,158,2025,48.0,False
2033,upturn,78,2032,78,158,2025,48.0,False
2034,downturn,48,2033,48,158,2025,48.0,False
2035,upturn,61,2034,61,158,2025,48.0,False
2026,upturn,57,2025,57,159,2025,48.0,False
2027,upturn,65,2026,65,159,2025,48.0,False
2028,downturn,56,2027,56,159,2025,48.0,False
2029,upturn,58,2028,58,159,2025,48.0,False
2030,upturn,60,2029,60,159,2025,48.0,False
2031,downturn,84,2030,84,159,2025,48.0,False
2032,upturn,85,2031,85,159,2025,48.0,False
2033,upturn,98,2032,98,159,2025,48.0,False
2034,downturn,82,2033,82,159,2025,48.0,False
2035,upturn,86,2034,86,159,2025,48.0,False
2026,downturn,45,2025,45,160,2025,48.0,False
2027,upturn,52,2026,52,160,2025,48.0,False
2028,upturn,56,2027,56,160,2025,48.0,False
2029,downturn,46,2028,46,160,2025,48.0,False
2030,upturn,54,2029,54,160,2025,48.0,False
2031,upturn,66,2030,66,160,2025,48.0,False
2032,downturn,79,2031,79,160,2025,48.0,False
2033,upturn,97,2032,97,160,2025,48.0,False
2034,upturn,113,2033,113,160,2025,48.0,False
2035,downturn,95,2034,95,160,2025,48.0,False
2026,upturn,51,2025,51,161,2025,48.0,False
2027,upturn,54,2026,54,161,2025,48.0,False
2028,downturn,51,2027,51,161,2025,48.0,False
2029,upturn,57,2028,57,161,2025,48.0,False
2030,upturn,61,2029,61,161,2025,48.0,False
2031,downturn,77,2030,77,161,2025,48.0,False
2032,upturn,96,2031,96,161,2025,48.0,False
2033,upturn,113,2032,113,161,2025,48.0,False
2034,downturn,83,2033,83,161,2025,48.0,False
2035,upturn,93,2034,93,161,2025,48.0,False
2026,downturn,46,2025,46,162,2025,48.0,False
2027,upturn,56,2026,56,162,2025,48.0,False
2028,upturn,59,2027,59,162,2025,48.0,False
2029,downturn,56,2028,56,162,2025,48.0,False
2030,upturn,60,2029,60,162,2025,48.0,False
2031,upturn,83,2030,83,162,2025,48.0,False
2032,downturn,66,2031,66,162,2025,48.0,False
2033,upturn,67,2032,67,162,2025,48.0,False
2034,upturn,80,2033,80,162,2025,48.0,False
2035,downturn,69,2034,69,162,2025,48.0,False
2026,downturn,51,2025,51,163,2025,48.0,False
2027,upturn,53,2026,53,163,2025,48.0,False
2028,upturn,63,2027,63,163,2025,48.0,False
2029,downturn,59,2028,59,163,2025,48.0,False
2030,upturn,70,2029,70,163,2025,48.0,False
2031,upturn,114,2030,114,163,2025,48.0,False
2032,downturn,100,2031,100,163,2025,48.0,False
2033,upturn,99,2032,99,163,2025,48.0,False
2034,upturn,111,2033,111,163,2025,48.0,False
2035,downturn,97,2034,97,163,2025,48.0,False
2026,upturn,53,2025,53,164,2025,48.0,False
2027,upturn,59,2026,59,164,2025,48.0,False
2028,downturn,62,2027,62,164,2025,48.0,False
2029,upturn,67,2028,67,164,2025,48.0,False
2030,upturn,65,2029,65,164,2025,48.0,False
2031,downturn,88,2030,88,164,2025,48.0,False
2032,upturn,92,2031,92,164,2025,48.0,False
2033,upturn,102,2032,102,164,2025,48.0,False
2034,downturn,85,2033,85,164,2025,48.0,False
2035,upturn,93,2034,93,164,2025,48.0,False
2026,upturn,55,2025,55,165,2025,48.0,False
2027,upturn,62,2026,62,165,2025,48.0,False
2028,downturn,62,2027,62,165,2025,48.0,False
2029,upturn,64,2028,64,165,2025,48.0,False
2030,upturn,68,2029,68,165,2025,48.0,False
2031,downturn,68,2030,68,165,2025,48.0,False
2032,upturn,89,2031,89,165,2025,48.0,False
2033,upturn,84,2032,84,165,2025,48.0,False
2034,downturn,75,2033,75,165,2025,48.0,False
2035,upturn,86,2034,86,165,2025,48.0,False
2026,downturn,41,2025,41,166,2025,48.0,False
2027,upturn,48,2026,48,166,2025,48.0,False
2028,upturn,62,2027,62,166,2025,48.0,False
2029,downturn,49,2028,49,166,2025,48.0,False
2030,upturn,54,2029,54,166,2025,48.0,False
2031,upturn,73,2030,73,166,2025,48.0,False
2032,downturn,85,2031,85,166,2025,48.0,False
2033,upturn,86,2032,86,166,2025,48.0,False
2034,upturn,92,2033,92,166,2025,48.0,False
2035,downturn,76,2034,76,166,2025,48.0,False
2026,upturn,54,2025,54,167,2025,48.0,False
2027,upturn,60,2026,60,167,2025,48.0,False
2028,downturn,54,2027,54,167,2025,48.0,False
2029,upturn,63,2028,63,167,2025,48.0,False
2030,upturn,65,2029,65,167,2025,48.0,False
2031,downturn,88,2030,88,167,2025,48.0,False
2032,upturn,95,2031,95,167,2025,48.0,False
2033,upturn,91,2032,91,167,2025,48.0,False
2034,downturn,90,2033,90,167,2025,48.0,False
2035,upturn,96,2034,96,167,2025,48.0,False
2026,upturn,62,2025,62,168,2025,48.0,False
2027,upturn,71,2026,71,168,2025,48.0,False
2028,downturn,70,2027,70,168,2025,48.0,False
2029,upturn,66,2028,66,168,2025,48.0,False
2030,upturn,70,2029,70,168,2025,48.0,False
2031,downturn,84,2030,84,168,2025,48.0,False
2032,upturn,85,2031,85,168,2025,48.0,False
2033,upturn,90,2032,90,168,2025,48.0,False
2034,downturn,82,2033,82,168,2025,48.0,False
2035,upturn,89,2034,89,168,2025,48.0,False
2026,upturn,54,2025,54,169,2025,48.0,False
2027,upturn,54,2026,54,169,2025,48.0,False
2028,downturn,45,2027,45,169,2025,48.0,False
2029,upturn,60,2028,60,169,2025,48.0,False
2030,upturn,67,2029,67,169,2025,48.0,False
2031,downturn,81,2030,81,169,2025,48.0,False
2032,upturn,91,2031,91,169,2025,48.0,False
2033,upturn,86,2032,86,169,2025,48.0,False
2034,downturn,86,2033,86,169,2025,48.0,False
2035,upturn,85,2034,85,169,2025,48.0,False
2026,upturn,51,2025,51,170,2025,48.0,False
2027,upturn,57,2026,57,170,2025,48.0,False
2028,downturn,58,2027,58,170,2025,48.0,False
2029,upturn,63,2028,63,170,2025,48.0,False
2030,upturn,66,2029,66,170,2025,48.0,False
2031,downturn,79,2030,79,170,2025,48.0,False
2032,upturn,85,2031,85,170,2025,48.0,False
2033,upturn,87,2032,87,170,2025,48.0,False
2034,downturn,83,2033,83,170,2025,48.0,False
2035,upturn,80,2034,80,170,2025,48.0,False
2026,upturn,53,2025,53,171,2025,48.0,False
2027,upturn,52,2026,52,171,2025,48.0,False
2028,downturn,52,2027,52,171,2025,48.0,False
2029,upturn,67,2028,67,171,2025,48.0,False
2030,upturn,67,2029,67,171,2025,48.0,False
2031,downturn,82,2030,82,171,2025,48.0,False
2032,upturn,74,2031,74,171,2025,48.0,False
2033,upturn,77,2032,77,171,2025,48.0,False
2034,downturn,78,2033,78,171,2025,48.0,False
2035,upturn,95,2034,95,171,2025,48.0,False
2026,downturn,48,2025,48,172,2025,48.0,False
2027,upturn,53,2026,53,172,2025,48.0,False
2028,upturn,58,2027,58,172,2025,48.0,False
2029,downturn,54,2028,54,172,2025,48.0,False
2030,upturn,61,2029,61,172,2025,48.0,False
2031,upturn,87,2030,87,172,2025,48.0,False
2032,downturn,86,2031,86,172,2025,48.0,False
2033,upturn,90,2032,90,172,2025,48.0,False
2034,upturn,93,2033,93,172,2025,48.0,False
2035,downturn,84,2034,84,172,2025,48.0,False
2026,upturn,53,2025,53,173,2025,48.0,False
2027,upturn,60,2026,60,173,2025,48.0,False
2028,downturn,63,2027,63,173,2025,48.0,False
2029,upturn,61,2028,61,173,2025,48.0,False
2030,upturn,70,2029,70,173,2025,48.0,False
2031,downturn,83,2030,83,173,2025,48.0,False
2032,upturn,93,2031,93,173,2025,48.0,False
2033,upturn,89,2032,89,173,2025,48.0,False
2034,downturn,76,2033,76,173,2025,48.0,False
2035,upturn,76,2034,76,173,2025,48.0,False
2026,downturn,51,2025,51,174,2025,48.0,False
2027,upturn,57,2026,57,174,2025,48.0,False
2028,upturn,67,2027,67,174,2025,48.0,False
2029,downturn,61,2028,61,174,2025,48.0,False
2030,upturn,58,2029,58,174,2025,48.0,False
2031,upturn,100,2030,100,174,2025,48.0,False
2032,downturn,84,2031,84,174,2025,48.0,False
2033,upturn,95,2032,95,174,2025,48.0,False
2034,upturn,98,2033,98,174,2025,48.0,False
2035,downturn,75,2034,75,174,2025,48.0,False
2026,upturn,58,2025,58,175,2025,48.0,False
2027,upturn,61,2026,61,175,2025,48.0,False
2028,downturn,58,2027,58,175,2025,48.0,False
2029,upturn,62,2028,62,175,2025,48.0,False
2030,upturn,71,2029,71,175,2025,48.0,False
2031,downturn,86,2030,86,175,2025,48.0,False
2032,upturn,86,2031,86,175,2025,48.0,False
2033,upturn,92,2032,92,175,2025,48.0,False
2034,downturn,96,2033,96,175,2025,48.0,False
2035,upturn,101,2034,101,175,2025,48.0,False
2026,upturn,54,2025,54,176,2025,48.0,False
2027,upturn,55,2026,55,176,2025,48.0,False
2028,downturn,49,2027,49,176,2025,48.0,False
2029,upturn,54,2028,54,176,2025,48.0,False
2030,upturn,60,2029,60,176,2025,48.0,False
2031,downturn,71,2030,71,176,2025,48.0,False
2032,upturn,92,2031,92,176,2025,48.0,False
2033,upturn,106,2032,106,176,2025,48.0,False
2034,downturn,89,2033,89,176,2025,48.0,False
2035,upturn,92,2034,92,176,2025,48.0,False
2026,downturn,52,2025,52,177,2025,48.0,False
2027,upturn,56,2026,56,177,2025,48.0,False
2028,upturn,69,2027,69,177,2025,48.0,False
2029,downturn,64,2028,64,177,2025,48.0,False
2030,upturn,65,2029,65,177,2025,48.0,False
2031,upturn,72,2030,72,177,2025,48.0,False
2032,downturn,74,2031,74,177,2025,48.0,False
2033,upturn,72,2032,72,177,2025,48.0,False
2034,upturn,85,2033,85,177,2025,48.0,False
2035,downturn,79,2034,79,177,2025,48.0,False
2026,downturn,43,2025,43,178,2025,48.0,False
2027,upturn,45,2026,45,178,2025,48.0,False
2028,upturn,54,2027,54,178,2025,48.0,False
2029,downturn,56,2028,56,178,2025,48.0,False
2030,upturn,59,2029,59,178,2025,48.0,False
2031,upturn,81,2030,81,178,2025,48.0,False
2032,downturn,80,2031,80,178,2025,48.0,False
2033,upturn,88,2032,88,178,2025,48.0,False
2034,upturn,91,2033,91,178,2025,48.0,False
2035,downturn,76,2034,76,178,2025,48.0,False
2026,downturn,47,2025,47,179,2025,48.0,False
2027,upturn,52,2026,52,179,2025,48.0,False
2028,upturn,54,2027,54,179,2025,48.0,False
2029,downturn,50,2028,50,179,2025,48.0,False
2030,upturn,62,2029,62,179,2025,48.0,False
2031,upturn,91,2030,91,179,2025,48.0,False
2032,downturn,89,2031,89,179,2025,48.0,False
2033,upturn,99,2032,99,179,2025,48.0,False
2034,upturn,110,2033,110,179,2025,48.0,False
2035,downturn,95,2034,95,179,2025,48.0,False
2026,downturn,54,2025,54,180,2025,48.0,False
2027,upturn,63,2026,63,180,2025,48.0,False
2028,upturn,65,2027,65,180,2025,48.0,False
2029,downturn,58,2028,58,180,2025,48.0,False
2030,upturn,64,2029,64,180,2025,48.0,False
2031,upturn,95,2030,95,180,2025,48.0,False
2032,downturn,84,2031,84,180,2025,48.0,False
2033,upturn,89,2032,89,180,2025,48.0,False
2034,upturn,91,2033,91,180,2025,48.0,False
2035,downturn,73,2034,73,180,2025,48.0,False
2026,downturn,46,2025,46,181,2025,48.0,False
2027,upturn,53,2026,53,181,2025,48.0,False
2028,upturn,60,2027,60,181,2025,48.0,False
2029,downturn,56,2028,56,181,2025,48.0,False
2030,upturn,63,2029,63,181,2025,48.0,False
2031,upturn,105,2030,105,181,2025,48.0,False
2032,downturn,98,2031,98,181,2025,48.0,False
2033,upturn,107,2032,107,181,2025,48.0,False
2034,upturn,120,2033,120,181,2025,48.0,False
2035,downturn,91,2034,91,181,2025,48.0,False
2026,downturn,47,2025,47,182,2025,48.0,False
2027,upturn,48,2026,48,182,2025,48.0,False
2028,upturn,53,2027,53,182,2025,48.0,False
2029,downturn,50,2028,50,182,2025,48.0,False
2030,upturn,53,2029,53,182,2025,48.0,False
2031,upturn,73,2030,73,182,2025,48.0,False
2032,downturn,66,2031,66,182,2025,48.0,False
2033,upturn,79,2032,79,182,2025,48.0,False
2034,upturn,93,2033,93,182,2025,48.0,False
2035,downturn,79,2034,79,182,2025,48.0,False
2026,downturn,45,2025,45,183,2025,48.0,False
2027,upturn,50,2026,50,183,2025,48.0,False
2028,upturn,55,2027,55,183,2025,48.0,False
2029,downturn,54,2028,54,183,2025,48.0,False
2030,upturn,56,2029,56,183,2025,48.0,False
2031,upturn,69,2030,69,183,2025,48.0,False
2032,downturn,57,2031,57,183,2025,48.0,False
2033,upturn,71,2032,71,183,2025,48.0,False
2034,upturn,82,2033,82,183,2025,48.0,False
2035,downturn,86,2034,86,183,2025,48.0,False
2026,downturn,50,2025,50,184,2025,48.0,False
2027,upturn,63,2026,63,184,2025,48.0,False
2028,upturn,69,2027,69,184,2025,48.0,False
2029,downturn,65,2028,65,184,2025,48.0,False
2030,upturn,72,2029,72,184,2025,48.0,False
2031,upturn,115,2030,115,184,2025,48.0,False
2032,downturn,109,2031,109,184,2025,48.0,False
2033,upturn,103,2032,103,184,2025,48.0,False
2034,upturn,101,2033,101,184,2025,48.0,False
2035,downturn,83,2034,83,184,2025,48.0,False
2026,upturn,59,2025,59,185,2025,48.0,False
2027,upturn,65,2026,65,185,2025,48.0,False
2028,downturn,63,2027,63,185,2025,48.0,False
2029,upturn,71,2028,71,185,2025,48.0,False
2030,upturn,74,2029,74,185,2025,48.0,False
2031,downturn,97,2030,97,185,2025,48.0,False
2032,upturn,86,2031,86,185,2025,48.0,False
2033,upturn,78,2032,78,185,2025,48.0,False
2034,downturn,71,2033,71,185,2025,48.0,False
2035,upturn,89,2034,89,185,2025,48.0,False
2026,upturn,52,2025,52,186,2025,48.0,False
2027,upturn,64,2026,64,186,2025,48.0,False
2028,downturn,56,2027,56,186,2025,48.0,False
2029,upturn,63,2028,63,186,2025,48.0,False
2030,upturn,60,2029,60,186,2025,48.0,False
2031,downturn,57,2030,57,186,2025,48.0,False
2032,upturn,72,2031,72,186,2025,48.0,False
2033,upturn,78,2032,78,186,2025,48.0,False
2034,downturn,80,2033,80,186,2025,48.0,False
2035,upturn,92,2034,92,186,2025,48.0,False
2026,upturn,47,2025,47,187,2025,48.0,False
2027,upturn,54,2026,54,187,2025,48.0,False
2028,downturn,49,2027,49,187,2025,48.0,False
2029,upturn,47,2028,47,187,2025,48.0,False
2030,upturn,62,2029,62,187,2025,48.0,False
2031,downturn,85,2030,85,187,2025,48.0,False
2032,upturn,100,2031,100,187,2025,48.0,False
2033,upturn,102,2032,102,187,2025,48.0,False
2034,downturn,95,2033,95,187,2025,48.0,False
2035,upturn,92,2034,92,187,2025,48.0,False
2026,downturn,45,2025,45,188,2025,48.0,False
2027,upturn,49,2026,49,188,2025,48.0,False
2028,upturn,57,2027,57,188,2025,48.0,False
2029,downturn,48,2028,48,188,2025,48.0,False
2030,upturn,49,2029,49,188,2025,48.0,False
2031,upturn,78,2030,78,188,2025,48.0,False
2032,downturn,76,2031,76,188,2025,48.0,False
2033,upturn,88,2032,88,188,2025,48.0,False
2034,upturn,112,2033,112,188,2025,48.0,False
2035,downturn,101,2034,101,188,2025,48.0,False
2026,downturn,51,2025,51,189,2025,48.0,False
2027,upturn,58,2026,58,189,2025,48.0,False
2028,upturn,65,2027,65,189,2025,48.0,False
2029,downturn,60,2028,60,189,2025,48.0,False
2030,upturn,61,2029,61,189,2025,48.0,False
2031,upturn,80,2030,80,189,2025,48.0,False
2032,downturn,66,2031,66,189,2025,48.0,False
2033,upturn,82,2032,82,189,2025,48.0,False
2034,upturn,93,2033,93,189,2025,48.0,False
2035,downturn,79,2034,79,189,2025,48.0,False
2026,upturn,58,2025,58,190,2025,48.0,False
2027,upturn,62,2026,62,190,2025,48.0,False
2028,downturn,61,2027,61,190,2025,48.0,False
2029,upturn,68,2028,68,190,2025,48.0,False
2030,upturn,75,2029,75,190,2025,48.0,False
2031,downturn,91,2030,91,190,2025,48.0,False
2032,upturn,102,2031,102,190,2025,48.0,False
2033,upturn,100,2032,100,190,2025,48.0,False
2034,downturn,87,2033,87,190,2025,48.0,False
2035,upturn,92,2034,92,190,2025,48.0,False
2026,upturn,57,2025,57,191,2025,48.0,False
2027,upturn,67,2026,67,191,2025,48.0,False
2028,downturn,56,2027,56,191,2025,48.0,False
2029,upturn,62,2028,62,191,2025,48.0,False
2030,upturn,71,2029,71,191,2025,48.0,False
2031,downturn,89,2030,89,191,2025,48.0,False
2032,upturn,92,2031,92,191,2025,48.0,False
2033,upturn,96,2032,96,191,2025,48.0,False
2034,downturn,86,2033,86,191,2025,48.0,False
2035,upturn,96,2034,96,191,2025,48.0,False
2026,downturn,50,2025,50,192,2025,48.0,False
2027,upturn,61,2026,61,192,2025,48.0,False
2028,upturn,65,2027,65,192,2025,48.0,False
2029,downturn,60,2028,60,192,2025,48.0,False
2030,upturn,68,2029,68,192,2025,48.0,False
2031,upturn,102,2030,102,192,2025,48.0,False
2032,downturn,97,2031,97,192,2025,48.0,False
2033,upturn,100,2032,100,192,2025,48.0,False
2034,upturn,100,2033,100,192,2025,48.0,False
2035,downturn,85,2034,85,192,2025,48.0,False
2026,downturn,44,2025,44,193,2025,48.0,False
2027,upturn,48,2026,48,193,2025,48.0,False
2028,upturn,55,2027,55,193,2025,48.0,False
2029,downturn,55,2028,55,193,2025,48.0,False
2030,upturn,67,2029,67,193,2025,48.0,False
2031,upturn,108,2030,108,193,2025,48.0,False
2032,downturn,83,2031,83,193,2025,48.0,False
2033,upturn,87,2032,87,193,2025,48.0,False
2034,upturn,108,2033,108,193,2025,48.0,False
2035,downturn,88,2034,88,193,2025,48.0,False
2026,downturn,47,2025,47,194,2025,48.0,False
2027,upturn,58,2026,58,194,2025,48.0,False
2028,upturn,63,2027,63,194,2025,48.0,False
2029,downturn,53,2028,53,194,2025,48.0,False
2030,upturn,55,2029,55,194,2025,48.0,False
2031,upturn,91,2030,91,194,2025,48.0,False
2032,downturn,92,2031,92,194,2025,48.0,False
2033,upturn,95,2032,95,194,2025,48.0,False
2034,upturn,105,2033,105,194,2025,48.0,False
2035,downturn,98,2034,98,194,2025,48.0,False
2026,downturn,47,2025,47,195,2025,48.0,False
2027,upturn,52,2026,52,195,2025,48.0,False
2028,upturn,56,2027,56,195,2025,48.0,False
2029,downturn,52,2028,52,195,2025,48.0,False
2030,upturn,57,2029,57,195,2025,48.0,False
2031,upturn,73,2030,73,195,2025,48.0,False
2032,downturn,74,2031,74,195,2025,48.0,False
2033,upturn,66,2032,66,195,2025,48.0,False
2034,upturn,64,2033,64,195,2025,48.0,False
2035,downturn,57,2034,57,195,2025,48.0,False
2026,downturn,48,2025,48,196,2025,48.0,False
2027,upturn,50,2026,50,196,2025,48.0,False
2028,upturn,56,2027,56,196,2025,48.0,False
2029,downturn,57,2028,57,196,2025,48.0,False
2030,upturn,61,2029,61,196,2025,48.0,False
2031,upturn,81,2030,81,196,2025,48.0,False
2032,downturn,73,2031,73,196,2025,48.0,False
2033,upturn,82,2032,82,196,2025,48.0,False
2034,upturn,96,2033,96,196,2025,48.0,False
2035,downturn,93,2034,93,196,2025,48.0,False
2026,upturn,56,2025,56,197,2025,48.0,False
2027,upturn,62,2026,62,197,2025,48.0,False
2028,downturn,56,2027,56,197,2025,48.0,False
2029,upturn,62,2028,62,197,2025,48.0,False
2030,upturn,63,2029,63,197,2025,48.0,False
2031,downturn,82,2030,82,197,2025,48.0,False
2032,upturn,91,2031,91,197,2025,48.0,False
2033,upturn,86,2032,86,197,2025,48.0,False
2034,downturn,79,2033,79,197,2025,48.0,False
2035,upturn,93,2034,93,197,2025,48.0,False
2026,downturn,44,2025,44,198,2025,48.0,False
2027,upturn,54,2026,54,198,2025,48.0,False
2028,upturn,61,2027,61,198,2025,48.0,False
2029,downturn,56,2028,56,198,2025,48.0,False
2030,upturn,58,2029,58,198,2025,48.0,False
2031,upturn,92,2030,92,198,2025,48.0,False
2032,downturn,79,2031,79,198,2025,48.0,False
2033,upturn,99,2032,99,198,2025,48.0,False
2034,upturn,101,2033,101,198,2025,48.0,False
2035,downturn,87,2034,87,198,2025,48.0,False
2026,upturn,61,2025,61,199,2025,48.0,False
2027,upturn,62,2026,62,199,2025,48.0,False
2028,downturn,53,2027,53,199,2025,48.0,False
2029,upturn,54,2028,54,199,2025,48.0,False
2030,upturn,66,2029,66,199,2025,48.0,False
2031,downturn,82,2030,82,199,2025,48.0,False
2032,upturn,85,2031,85,199,2025,48.0,False
2033,upturn,96,2032,96,199,2025,48.0,False
2034,downturn,84,2033,84,199,2025,48.0,False
2035,upturn,89,2034,89,199,2025,48.0,False
2026,upturn,47,2025,47,200,2025,48.0,False
2027,upturn,59,2026,59,200,2025,48.0,False
2028,downturn,53,2027,53,200,2025,48.0,False
2029,upturn,59,2028,59,200,2025,48.0,False
2030,upturn,66,2029,66,200,2025,48.0,False
2031,downturn,90,2030,90,200,2025,48.0,False
2032,upturn,88,2031,88,200,2025,48.0,False
2033,upturn,96,2032,96,200,2025,48.0,False
2034,downturn,81,2033,81,200,2025,48.0,False
2035,upturn,87,2034,87,200,2025,48.0,False
2026,upturn,57,2025,57,201,2025,48.0,False
2027,upturn,61,2026,61,201,2025,48.0,False
2028,downturn,57,2027,57,201,2025,48.0,False
2029,upturn,71,2028,71,201,2025,48.0,False
2030,upturn,70,2029,70,201,2025,48.0,False
2031,downturn,90,2030,90,201,2025,48.0,False
2032,upturn,119,2031,119,201,2025,48.0,False
2033,upturn,120,2032,120,201,2025,48.0,False
2034,downturn,103,2033,103,201,2025,48.0,False
2035,upturn,108,2034,108,201,2025,48.0,False
2026,downturn,43,2025,43,202,2025,48.0,False
2027,upturn,52,2026,52,202,2025,48.0,False
2028,upturn,60,2027,60,202,2025,48.0,False
2029,downturn,54,2028,54,202,2025,48.0,False
2030,upturn,60,2029,60,202,2025,48.0,False
2031,upturn,94,2030,94,202,2025,48.0,False
2032,downturn,85,2031,85,202,2025,48.0,False
2033,upturn,87,2032,87,202,2025,48.0,False
2034,upturn,101,2033,101,202,2025,48.0,False
2035,downturn,101,2034,101,202,2025,48.0,False
2026,upturn,66,2025,66,203,2025,48.0,False
2027,upturn,71,2026,71,203,2025,48.0,False
2028,downturn,64,2027,64,203,2025,48.0,False
2029,upturn,62,2028,62,203,2025,48.0,False
2030,upturn,62,2029,62,203,2025,48.0,False
2031,downturn,70,2030,70,203,2025,48.0,False
2032,upturn,70,2031,70,203,2025,48.0,False
2033,upturn,95,2032,95,203,2025,48.0,False
2034,downturn,90,2033,90,203,2025,48.0,False
2035,upturn,77,2034,77,203,2025,48.0,False
2026,downturn,48,2025,48,204,2025,48.0,False
2027,upturn,64,2026,64,204,2025,48.0,False
2028,upturn,55,2027,55,204,2025,48.0,False
2029,downturn,54,2028,54,204,2025,48.0,False
2030,upturn,67,2029,67,204,2025,48.0,False
2031,upturn,103,2030,103,204,2025,48.0,False
2032,downturn,79,2031,79,204,2025,48.0,False
2033,upturn,73,2032,73,204,2025,48.0,False
2034,upturn,76,2033,76,204,2025,48.0,False
2035,downturn,60,2034,60,204,2025,48.0,False
2026,downturn,45,2025,45,205,2025,48.0,False
2027,upturn,60,2026,60,205,2025,48.0,False
2028,upturn,60,2027,60,205,2025,48.0,False
2029,downturn,54,2028,54,205,2025,48.0,False
2030,upturn,60,2029,60,205,2025,48.0,False
2031,upturn,79,2030,79,205,2025,48.0,False
2032,downturn,75,2031,75,205,2025,48.0,False
2033,upturn,72,2032,72,205,2025,48.0,False
2034,upturn,75,2033,75,205,2025,48.0,False
2035,downturn,82,2034,82,205,2025,48.0,False
2026,upturn,56,2025,56,206,2025,48.0,False
2027,upturn,66,2026,66,206,2025,48.0,False
2028,downturn,59,2027,59,206,2025,48.0,False
2029,upturn,60,2028,60,206,2025,48.0,False
2030,upturn,65,2029,65,206,2025,48.0,False
2031,downturn,84,2030,84,206,2025,48.0,False
2032,upturn,94,2031,94,206,2025,48.0,False
2033,upturn,103,2032,103,206,2025,48.0,False
2034,downturn,83,2033,83,206,2025,48.0,False
2035,upturn,105,2034,105,206,2025,48.0,False
2026,upturn,56,2025,56,207,2025,48.0,False
2027,upturn,64,2026,64,207,2025,48.0,False
2028,downturn,69,2027,69,207,2025,48.0,False
2029,upturn,65,2028,65,207,2025,48.0,False
2030,upturn,64,2029,64,207,2025,48.0,False
2031,downturn,87,2030,87,207,2025,48.0,False
2032,upturn,87,2031,87,207,2025,48.0,False
2033,upturn,81,2032,81,207,2025,48.0,False
2034,downturn,67,2033,67,207,2025,48.0,False
2035,upturn,80,2034,80,207,2025,48.0,False
2026,downturn,50,2025,50,208,2025,48.0,False
2027,upturn,51,2026,51,208,2025,48.0,False
2028,upturn,57,2027,57,208,2025,48.0,False
2029,downturn,55,2028,55,208,2025,48.0,False
2030,upturn,55,2029,55,208,2025,48.0,False
2031,upturn,57,2030,57,208,2025,48.0,False
2032,downturn,49,2031,49,208,2025,48.0,False
2033,upturn,74,2032,74,208,2025,48.0,False
2034,upturn,72,2033,72,208,2025,48.0,False
2035,downturn,69,2034,69,208,2025,48.0,False
2026,downturn,50,2025,50,209,2025,48.0,False
2027,upturn,57,2026,57,209,2025,48.0,False
2028,upturn,58,2027,58,209,2025,48.0,False
2029,downturn,60,2028,60,209,2025,48.0,False
2030,upturn,62,2029,62,209,2025,48.0,False
2031,upturn,103,2030,103,209,2025,48.0,False
2032,downturn,90,2031,90,209,2025,48.0,False
2033,upturn,104,2032,104,209,2025,48.0,False
2034,upturn,95,2033,95,209,2025,48.0,False
2035,downturn,84,2034,84,209,2025,48.0,False
2026,upturn,53,2025,53,210,2025,48.0,False
2027,upturn,65,2026,65,210,2025,48.0,False
2028,downturn,59,2027,59,210,2025,48.0,False
2029,upturn,69,2028,69,210,2025,48.0,False
2030,upturn,70,2029,70,210,2025,48.0,False
2031,downturn,83,2030,83,210,2025,48.0,False
2032,upturn,103,2031,103,210,2025,48.0,False
2033,upturn,109,2032,109,210,2025,48.0,False
2034,downturn,92,2033,92,210,2025,48.0,False
2035,upturn,86,2034,86,210,2025,48.0,False
2026,upturn,47,2025,47,211,2025,48.0,False
2027,upturn,56,2026,56,211,2025,48.0,False
2028,downturn,50,2027,50,211,2025,48.0,False
2029,upturn,56,2028,56,211,2025,48.0,False
2030,upturn,63,2029,63,211,2025,48.0,False
2031,downturn,92,2030,92,211,2025,48.0,False
2032,upturn,101,2031,101,211,2025,48.0,False
2033,upturn,92,2032,92,211,2025,48.0,False
2034,downturn,92,2033,92,211,2025,48.0,False
2035,upturn,91,2034,91,211,2025,48.0,False
2026,upturn,49,2025,49,212,2025,48.0,False
2027,upturn,54,2026,54,212,2025,48.0,False
2028,downturn,57,2027,57,212,2025,48.0,False
2029,upturn,62,2028,62,212,2025,48.0,False
2030,upturn,64,2029,64,212,2025,48.0,False
2031,downturn,82,2030,82,212,2025,48.0,False
2032,upturn,67,2031,67,212,2025,48.0,False
2033,upturn,80,2032,80,212,2025,48.0,False
2034,downturn,70,2033,70,212,2025,48.0,False
2035,upturn,66,2034,66,212,2025,48.0,False
2026,upturn,61,2025,61,213,2025,48.0,False
2027,upturn,67,2026,67,213,2025,48.0,False
2028,downturn,68,2027,68,213,2025,48.0,False
2029,upturn,68,2028,68,213,2025,48.0,False
2030,upturn,68,2029,68,213,2025,48.0,False
2031,downturn,76,2030,76,213,2025,48.0,False
2032,upturn,91,2031,91,213,2025,48.0,False
2033,upturn,89,2032,89,213,2025,48.0,False
2034,downturn,85,2033,85,213,2025,48.0,False
2035,upturn,93,2034,93,213,2025,48.0,False
2026,upturn,53,2025,53,214,2025,48.0,False
2027,upturn,63,2026,63,214,2025,48.0,False
2028,downturn,56,2027,56,214,2025,48.0,False
2029,upturn,63,2028,63,214,2025,48.0,False
2030,upturn,64,2029,64,214,2025,48.0,False
2031,downturn,70,2030,70,214,2025,48.0,False
2032,upturn,78,2031,78,214,2025,48.0,False
2033,upturn,84,2032,84,214,2025,48.0,False
2034,downturn,81,2033,81,214,2025,48.0,False
2035,upturn,94,2034,94,214,2025,48.0,False
2026,downturn,43,2025,43,215,2025,48.0,False
2027,upturn,54,2026,54,215,2025,48.0,False
2028,upturn,57,2027,57,215,2025,48.0,False
2029,downturn,58,2028,58,215,2025,48.0,False
2030,upturn,61,2029,61,215,2025,48.0,False
2031,upturn,87,2030,87,215,2025,48.0,False
2032,downturn,77,2031,77,215,2025,48.0,False
2033,upturn,84,2032,84,215,2025,48.0,False
2034,upturn,84,2033,84,215,2025,48.0,False
2035,downturn,68,2034,68,215,2025,48.0,False
2026,downturn,51,2025,51,216,2025,48.0,False
2027,upturn,65,2026,65,216,2025,48.0,False
2028,upturn,65,2027,65,216,2025,48.0,False
2029,downturn,60,2028,60,216,2025,48.0,False
2030,upturn,59,2029,59,216,2025,48.0,False
2031,upturn,74,2030,74,216,2025,48.0,False
2032,downturn,76,2031,76,216,2025,48.0,False
2033,upturn,73,2032,73,216,2025,48.0,False
2034,upturn,84,2033,84,216,2025,48.0,False
2035,downturn,82,2034,82,216,2025,48.0,False
2026,upturn,53,2025,53,217,2025,48.0,False
2027,upturn,64,2026,64,217,2025,48.0,False
2028,downturn,69,2027,69,217,2025,48.0,False
2029,upturn,73,2028,73,217,2025,48.0,False
2030,upturn,77,2029,77,217,2025,48.0,False
2031,downturn,91,2030,91,217,2025,48.0,False
2032,upturn,93,2031,93,217,2025,48.0,False
2033,upturn,89,2032,89,217,2025,48.0,False
2034,downturn,73,2033,73,217,2025,48.0,False
2035,upturn,97,2034,97,217,2025,48.0,False
2026,upturn,52,2025,52,218,2025,48.0,False
2027,upturn,49,2026,49,218,2025,48.0,False
2028,downturn,50,2027,50,218,2025,48.0,False
2029,upturn,53,2028,53,218,2025,48.0,False
2030,upturn,58,2029,58,218,2025,48.0,False
2031,downturn,70,2030,70,218,2025,48.0,False
2032,upturn,86,2031,86,218,2025,48.0,False
2033,upturn,89,2032,89,218,2025,48.0,False
2034,downturn,77,2033,77,218,2025,48.0,False
2035,upturn,81,2034,81,218,2025,48.0,False
2026,upturn,52,2025,52,219,2025,48.0,False
2027,upturn,61,2026,61,219,2025,48.0,False
2028,downturn,57,2027,57,219,2025,48.0,False
2029,upturn,66,2028,66,219,2025,48.0,False
2030,upturn,58,2029,58,219,2025,48.0,False
2031,downturn,76,2030,76,219,2025,48.0,False
2032,upturn,89,2031,89,219,2025,48.0,False
2033,upturn,72,2032,72,219,2025,48.0,False
2034,downturn,70,2033,70,219,2025,48.0,False
2035,upturn,85,2034,85,219,2025,48.0,False
2026,downturn,49,2025,49,220,2025,48.0,False
2027,upturn,59,2026,59,220,2025,48.0,False
2028,upturn,60,2027,60,220,2025,48.0,False
2029,downturn,51,2028,51,220,2025,48.0,False
2030,upturn,56,2029,56,220,2025,48.0,False
2031,upturn,82,2030,82,220,2025,48.0,False
2032,downturn,77,2031,77,220,2025,48.0,False
2033,upturn,81,2032,81,220,2025,48.0,False
2034,upturn,74,2033,74,220,2025,48.0,False
2035,downturn,72,2034,72,220,2025,48.0,False
2026,downturn,48,2025,48,221,2025,48.0,False
2027,upturn,54,2026,54,221,2025,48.0,False
2028,upturn,59,2027,59,221,2025,48.0,False
2029,downturn,54,2028,54,221,2025,48.0,False
2030,upturn,61,2029,61,221,2025,48.0,False
2031,upturn,95,2030,95,221,2025,48.0,False
2032,downturn,80,2031,80,221,2025,48.0,False
2033,upturn,84,2032,84,221,2025,48.0,False
2034,upturn,94,2033,94,221,2025,48.0,False
2035,downturn,96,2034,96,221,2025,48.0,False
2026,downturn,49,2025,49,222,2025,48.0,False
2027,upturn,49,2026,49,222,2025,48.0,False
2028,upturn,53,2027,53,222,2025,48.0,False
2029,downturn,51,2028,51,222,2025,48.0,False
2030,upturn,61,2029,61,222,2025,48.0,False
2031,upturn,86,2030,86,222,2025,48.0,False
2032,downturn,82,2031,82,222,2025,48.0,False
2033,upturn,91,2032,91,222,2025,48.0,False
2034,upturn,91,2033,91,222,2025,48.0,False
2035,downturn,84,2034,84,222,2025,48.0,False
2026,upturn,56,2025,56,223,2025,48.0,False
2027,upturn,59,2026,59,223,2025,48.0,False
2028,downturn,52,2027,52,223,2025,48.0,False
2029,upturn,56,2028,56,223,2025,48.0,False
2030,upturn,71,2029,71,223,2025,48.0,False
2031,downturn,78,2030,78,223,2025,48.0,False
2032,upturn,76,2031,76,223,2025,48.0,False
2033,upturn,70,2032,70,223,2025,48.0,False
2034,downturn,66,2033,66,223,2025,48.0,False
2035,upturn,77,2034,77,223,2025,48.0,False
2026,upturn,52,2025,52,224,2025,48.0,False
2027,upturn,61,2026,61,224,2025,48.0,False
2028,downturn,56,2027,56,224,2025,48.0,False
2029,upturn,64,2028,64,224,2025,48.0,False
2030,upturn,67,2029,67,224,2025,48.0,False
2031,downturn,79,2030,79,224,2025,48.0,False
2032,upturn,84,2031,84,224,2025,48.0,False
2033,upturn,92,2032,92,224,2025,48.0,False
2034,downturn,84,2033,84,224,2025,48.0,False
2035,upturn,99,2034,99,224,2025,48.0,False
2026,upturn,59,2025,59,225,2025,48.0,False
2027,upturn,53,2026,53,225,2025,48.0,False
2028,downturn,57,2027,57,225,2025,48.0,False
2029,upturn,62,2028,62,225,2025,48.0,False
2030,upturn,67,2029,67,225,2025,48.0,False
2031,downturn,93,2030,93,225,2025,48.0,False
2032,upturn,104,2031,104,225,2025,48.0,False
2033,upturn,102,2032,102,225,2025,48.0,False
2034,downturn,86,2033,86,225,2025,48.0,False
2035,upturn,94,2034,94,225,2025,48.0,False
2026,downturn,52,2025,52,226,2025,48.0,False
2027,upturn,54,2026,54,226,2025,48.0,False
2028,upturn,59,2027,59,226,2025,48.0,False
2029,downturn,58,2028,58,226,2025,48.0,False
2030,upturn,68,2029,68,226,2025,48.0,False
2031,upturn,97,2030,97,226,2025,48.0,False
2032,downturn,82,2031,82,226,2025,48.0,False
2033,upturn,86,2032,86,226,2025,48.0,False
2034,upturn,92,2033,92,226,2025,48.0,False
2035,downturn,73,2034,73,226,2025,48.0,False
2026,downturn,51,2025,51,227,2025,48.0,False
2027,upturn,56,2026,56,227,2025,48.0,False
2028,upturn,67,2027,67,227,2025,48.0,False
2029,downturn,60,2028,60,227,2025,48.0,False
2030,upturn,68,2029,68,227,2025,48.0,False
2031,upturn,102,2030,102,227,2025,48.0,False
2032,downturn,100,2031,100,227,2025,48.0,False
2033,upturn,103,2032,103,227,2025,48.0,False
2034,upturn,105,2033,105,227,2025,48.0,False
2035,downturn,83,2034,83,227,2025,48.0,False
2026,downturn,57,2025,57,228,2025,48.0,False
2027,upturn,57,2026,57,228,2025,48.0,False
2028,upturn,56,2027,56,228,2025,48.0,False
2029,downturn,47,2028,47,228,2025,48.0,False
2030,upturn,54,2029,54,228,2025,48.0,False
2031,upturn,84,2030,84,228,2025,48.0,False
2032,downturn,79,2031,79,228,2025,48.0,False
2033,upturn,90,2032,90,228,2025,48.0,False
2034,upturn,114,2033,114,228,2025,48.0,False
2035,downturn,109,2034,109,228,2025,48.0,False
2026,downturn,47,2025,47,229,2025,48.0,False
2027,upturn,58,2026,58,229,2025,48.0,False
2028,upturn,57,2027,57,229,2025,48.0,False
2029,downturn,57,2028,57,229,2025,48.0,False
2030,upturn,64,2029,64,229,2025,48.0,False
2031,upturn,85,2030,85,229,2025,48.0,False
2032,downturn,76,2031,76,229,2025,48.0,False
2033,upturn,95,2032,95,229,2025,48.0,False
2034,upturn,112,2033,112,229,2025,48.0,False
2035,downturn,100,2034,100,229,2025,48.0,False
2026,downturn,44,2025,44,230,2025,48.0,False
2027,upturn,56,2026,56,230,2025,48.0,False
2028,upturn,57,2027,57,230,2025,48.0,False
2029,downturn,46,2028,46,230,2025,48.0,False
2030,upturn,57,2029,57,230,2025,48.0,False
2031,upturn,96,2030,96,230,2025,48.0,False
2032,downturn,95,2031,95,230,2025,48.0,False
2033,upturn,93,2032,93,230,2025,48.0,False
2034,upturn,101,2033,101,230,2025,48.0,False
2035,downturn,76,2034,76,230,2025,48.0,False
2026,downturn,45,2025,45,231,2025,48.0,False
2027,upturn,54,2026,54,231,2025,48.0,False
2028,upturn,56,2027,56,231,2025,48.0,False
2029,downturn,62,2028,62,231,2025,48.0,False
2030,upturn,58,2029,58,231,2025,48.0,False
2031,upturn,67,2030,67,231,2025,48.0,False
2032,downturn,53,2031,53,231,2025,48.0,False
2033,upturn,64,2032,64,231,2025,48.0,False
2034,upturn,77,2033,77,231,2025,48.0,False
2035,downturn,75,2034,75,231,2025,48.0,False
2026,upturn,53,2025,53,232,2025,48.0,False
2027,upturn,59,2026,59,232,2025,48.0,False
2028,downturn,59,2027,59,232,2025,48.0,False
2029,upturn,67,2028,67,232,2025,48.0,False
2030,upturn,72,2029,72,232,2025,48.0,False
2031,downturn,89,2030,89,232,2025,48.0,False
2032,upturn,116,2031,116,232,2025,48.0,False
2033,upturn,115,2032,115,232,2025,48.0,False
2034,downturn,97,2033,97,232,2025,48.0,False
2035,upturn,96,2034,96,232,2025,48.0,False
2026,upturn,50,2025,50,233,2025,48.0,False
2027,upturn,53,2026,53,233,2025,48.0,False
2028,downturn,55,2027,55,233,2025,48.0,False
2029,upturn,57,2028,57,233,2025,48.0,False
2030,upturn,62,2029,62,233,2025,48.0,False
2031,downturn,87,2030,87,233,2025,48.0,False
2032,upturn,84,2031,84,233,2025,48.0,False
2033,upturn,89,2032,89,233,2025,48.0,False
2034,downturn,79,2033,79,233,2025,48.0,False
2035,upturn,91,2034,91,233,2025,48.0,False
2026,upturn,59,2025,59,234,2025,48.0,False
2027,upturn,60,2026,60,234,2025,48.0,False
2028,downturn,61,2027,61,234,2025,48.0,False
2029,upturn,66,2028,66,234,2025,48.0,False
2030,upturn,66,2029,66,234,2025,48.0,False
2031,downturn,83,2030,83,234,2025,48.0,False
2032,upturn,94,2031,94,234,2025,48.0,False
2033,upturn,104,2032,104,234,2025,48.0,False
2034,downturn,90,2033,90,234,2025,48.0,False
2035,upturn,95,2034,95,234,2025,48.0,False
2026,downturn,50,2025,50,235,2025,48.0,False
2027,upturn,53,2026,53,235,2025,48.0,False
2028,upturn,66,2027,66,235,2025,48.0,False
2029,downturn,59,2028,59,235,2025,48.0,False
2030,upturn,64,2029,64,235,2025,48.0,False
2031,upturn,81,2030,81,235,2025,48.0,False
2032,downturn,62,2031,62,235,2025,48.0,False
2033,upturn,68,2032,68,235,2025,48.0,False
2034,upturn,67,2033,67,235,2025,48.0,False
2035,downturn,56,2034,56,235,2025,48.0,False
2026,upturn,51,2025,51,236,2025,48.0,False
2027,upturn,58,2026,58,236,2025,48.0,False
2028,downturn,56,2027,56,236,2025,48.0,False
2029,upturn,64,2028,64,236,2025,48.0,False
2030,upturn,60,2029,60,236,2025,48.0,False
2031,downturn,81,2030,81,236,2025,48.0,False
2032,upturn,95,2031,95,236,2025,48.0,False
2033,upturn,100,2032,100,236,2025,48.0,False
2034,downturn,87,2033,87,236,2025,48.0,False
2035,upturn,99,2034,99,236,2025,48.0,False
2026,downturn,53,2025,53,237,2025,48.0,False
2027,upturn,62,2026,62,237,2025,48.0,False
2028,upturn,71,2027,71,237,2025,48.0,False
2029,downturn,66,2028,66,237,2025,48.0,False
2030,upturn,70,2029,70,237,2025,48.0,False
2031,upturn,98,2030,98,237,2025,48.0,False
2032,downturn,87,2031,87,237,2025,48.0,False
2033,upturn,93,2032,93,237,2025,48.0,False
2034,upturn,108,2033,108,237,2025,48.0,False
2035,downturn,85,2034,85,237,2025,48.0,False
2026,upturn,49,2025,49,238,2025,48.0,False
2027,upturn,58,2026,58,238,2025,48.0,False
2028,downturn,51,2027,51,238,2025,48.0,False
2029,upturn,59,2028,59,238,2025,48.0,False
2030,upturn,62,2029,62,238,2025,48.0,False
2031,downturn,77,2030,77,238,2025,48.0,False
2032,upturn,77,2031,77,238,2025,48.0,False
2033,upturn,78,2032,78,238,2025,48.0,False
2034,downturn,77,2033,77,238,2025,48.0,False
2035,upturn,66,2034,66,238,2025,48.0,False
2026,downturn,52,2025,52,239,2025,48.0,False
2027,upturn,61,2026,61,239,2025,48.0,False
2028,upturn,59,2027,59,239,2025,48.0,False
2029,downturn,63,2028,63,239,2025,48.0,False
2030,upturn,60,2029,60,239,2025,48.0,False
2031,upturn,93,2030,93,239,2025,48.0,False
2032,downturn,86,2031,86,239,2025,48.0,False
2033,upturn,81,2032,81,239,2025,48.0,False
2034,upturn,80,2033,80,239,2025,48.0,False
2035,downturn,65,2034,65,239,2025,48.0,False
2026,downturn,53,2025,53,240,2025,48.0,False
2027,upturn,62,2026,62,240,2025,48.0,False
2028,upturn,68,2027,68,240,2025,48.0,False
2029,downturn,65,2028,65,240,2025,48.0,False
2030,upturn,64,2029,64,240,2025,48.0,False
2031,upturn,99,2030,99,240,2025,48.0,False
2032,downturn,72,2031,72,240,2025,48.0,False
2033,upturn,72,2032,72,240,2025,48.0,False
2034,upturn,83,2033,83,240,2025,48.0,False
2035,downturn,78,2034,78,240,2025,48.0,False
2026,downturn,51,2025,51,241,2025,48.0,False
2027,upturn,56,2026,56,241,2025,48.0,False
2028,upturn,52,2027,52,241,2025,48.0,False
2029,downturn,52,2028,52,241,2025,48.0,False
2030,upturn,56,2029,56,241,2025,48.0,False
2031,upturn,82,2030,82,241,2025,48.0,False
2032,downturn,73,2031,73,241,2025,48.0,False
2033,upturn,66,2032,66,241,2025,48.0,False
2034,upturn,78,2033,78,241,2025,48.0,False
2035,downturn,79,2034,79,241,2025,48.0,False
2026,upturn,57,2025,57,242,2025,48.0,False
2027,upturn,60,2026,60,242,2025,48.0,False
2028,downturn,59,2027,59,242,2025,48.0,False
2029,upturn,64,2028,64,242,2025,48.0,False
2030,upturn,67,2029,67,242,2025,48.0,False
2031,downturn,83,2030,83,242,2025,48.0,False
2032,upturn,95,2031,95,242,2025,48.0,False
2033,upturn,87,2032,87,242,2025,48.0,False
2034,downturn,72,2033,72,242,2025,48.0,False
2035,upturn,72,2034,72,242,2025,48.0,False
2026,downturn,40,2025,40,243,2025,48.0,False
2027,upturn,48,2026,48,243,2025,48.0,False
2028,upturn,60,2027,60,243,2025,48.0,False
2029,downturn,57,2028,57,243,2025,48.0,False
2030,upturn,62,2029,62,243,2025,48.0,False
2031,upturn,92,2030,92,243,2025,48.0,False
2032,downturn,73,2031,73,243,2025,48.0,False
2033,upturn,88,2032,88,243,2025,48.0,False
2034,upturn,100,2033,100,243,2025,48.0,False
2035,downturn,83,2034,83,243,2025,48.0,False
2026,downturn,46,2025,46,244,2025,48.0,False
2027,upturn,57,2026,57,244,2025,48.0,False
2028,upturn,61,2027,61,244,2025,48.0,False
2029,downturn,57,2028,57,244,2025,48.0,False
2030,upturn,57,2029,57,244,2025,48.0,False
2031,upturn,95,2030,95,244,2025,48.0,False
2032,downturn,87,2031,87,244,2025,48.0,False
2033,upturn,78,2032,78,244,2025,48.0,False
2034,upturn,96,2033,96,244,2025,48.0,False
2035,downturn,76,2034,76,244,2025,48.0,False
2026,upturn,60,2025,60,245,2025,48.0,False
2027,upturn,67,2026,67,245,2025,48.0,False
2028,downturn,63,2027,63,245,2025,48.0,False
2029,upturn,71,2028,71,245,2025,48.0,False
2030,upturn,72,2029,72,245,2025,48.0,False
2031,downturn,96,2030,96,245,2025,48.0,False
2032,upturn,106,2031,106,245,2025,48.0,False
2033,upturn,109,2032,109,245,2025,48.0,False
2034,downturn,95,2033,95,245,2025,48.0,False
2035,upturn,104,2034,104,245,2025,48.0,False
2026,upturn,58,2025,58,246,2025,48.0,False
2027,upturn,70,2026,70,246,2025,48.0,False
2028,downturn,65,2027,65,246,2025,48.0,False
2029,upturn,70,2028,70,246,2025,48.0,False
2030,upturn,72,2029,72,246,2025,48.0,False
2031,downturn,97,2030,97,246,2025,48.0,False
2032,upturn,92,2031,92,246,2025,48.0,False
2033,upturn,85,2032,85,246,2025,48.0,False
2034,downturn,78,2033,78,246,2025,48.0,False
2035,upturn,95,2034,95,246,2025,48.0,False
2026,upturn,54,2025,54,247,2025,48.0,False
2027,upturn,64,2026,64,247,2025,48.0,False
2028,downturn,57,2027,57,247,2025,48.0,False
2029,upturn,66,2028,66,247,2025,48.0,False
2030,upturn,67,2029,67,247,2025,48.0,False
2031,downturn,86,2030,86,247,2025,48.0,False
2032,upturn,97,2031,97,247,2025,48.0,False
2033,upturn,97,2032,97,247,2025,48.0,False
2034,downturn,77,2033,77,247,2025,48.0,False
2035,upturn,88,2034,88,247,2025,48.0,False
2026,downturn,59,2025,59,248,2025,48.0,False
2027,upturn,58,2026,58,248,2025,48.0,False
2028,upturn,62,2027,62,248,2025,48.0,False
2029,downturn,56,2028,56,248,2025,48.0,False
2030,upturn,62,2029,62,248,2025,48.0,False
2031,upturn,93,2030,93,248,2025,48.0,False
2032,downturn,80,2031,80,248,2025,48.0,False
2033,upturn,85,2032,85,248,2025,48.0,False
2034,upturn,102,2033,102,248,2025,48.0,False
2035,downturn,87,2034,87,248,2025,48.0,False
2026,upturn,55,2025,55,249,2025,48.0,False
2027,upturn,53,2026,53,249,2025,48.0,False
2028,downturn,56,2027,56,249,2025,48.0,False
2029,upturn,61,2028,61,249,2025,48.0,False
2030,upturn,64,2029,64,249,2025,48.0,False
2031,downturn,81,2030,81,249,2025,48.0,False
2032,upturn,87,2031,87,249,2025,48.0,False
2033,upturn,78,2032,78,249,2025,48.0,False
2034,downturn,81,2033,81,249,2025,48.0,False
2035,upturn,81,2034,81,249,2025,48.0,False
2026,upturn,64,2025,64,250,2025,48.0,False
2027,upturn,63,2026,63,250,2025,48.0,False
2028,downturn,52,2027,52,250,2025,48.0,False
2029,upturn,54,2028,54,250,2025,48.0,False
2030,upturn,57,2029,57,250,2025,48.0,False
2031,downturn,87,2030,87,250,2025,48.0,False
2032,upturn,88,2031,88,250,2025,48.0,False
2033,upturn,102,2032,102,250,2025,48.0,False
2034,downturn,93,2033,93,250,2025,48.0,False
2035,upturn,89,2034,89,250,2025,48.0,False
2026,upturn,59,2025,59,251,2025,48.0,False
2027,upturn,61,2026,61,251,2025,48.0,False
2028,downturn,61,2027,61,251,2025,48.0,False
2029,upturn,65,2028,65,251,2025,48.0,False
2030,upturn,64,2029,64,251,2025,48.0,False
2031,downturn,93,2030,93,251,2025,48.0,False
2032,upturn,104,2031,104,251,2025,48.0,False
2033,upturn,117,2032,117,251,2025,48.0,False
2034,downturn,107,2033,107,251,2025,48.0,False
2035,upturn,107,2034,107,251,2025,48.0,False
2026,downturn,46,2025,46,252,2025,48.0,False
2027,upturn,56,2026,56,252,2025,48.0,False
2028,upturn,63,2027,63,252,2025,48.0,False
2029,downturn,53,2028,53,252,2025,48.0,False
2030,upturn,55,2029,55,252,2025,48.0,False
2031,upturn,72,2030,72,252,2025,48.0,False
2032,downturn,58,2031,58,252,2025,48.0,False
2033,upturn,78,2032,78,252,2025,48.0,False
2034,upturn,91,2033,91,252,2025,48.0,False
2035,downturn,90,2034,90,252,2025,48.0,False
2026,upturn,52,2025,52,253,2025,48.0,False
2027,upturn,60,2026,60,253,2025,48.0,False
2028,downturn,62,2027,62,253,2025,48.0,False
2029,upturn,65,2028,65,253,2025,48.0,False
2030,upturn,68,2029,68,253,2025,48.0,False
2031,downturn,82,2030,82,253,2025,48.0,False
2032,upturn,99,2031,99,253,2025,48.0,False
2033,upturn,102,2032,102,253,2025,48.0,False
2034,downturn,86,2033,86,253,2025,48.0,False
2035,upturn,113,2034,113,253,2025,48.0,False
2026,upturn,56,2025,56,254,2025,48.0,False
2027,upturn,66,2026,66,254,2025,48.0,False
2028,downturn,66,2027,66,254,2025,48.0,False
2029,upturn,70,2028,70,254,2025,48.0,False
2030,upturn,66,2029,66,254,2025,48.0,False
2031,downturn,67,2030,67,254,2025,48.0,False
2032,upturn,76,2031,76,254,2025,48.0,False
2033,upturn,78,2032,78,254,2025,48.0,False
2034,downturn,76,2033,76,254,2025,48.0,False
2035,upturn,73,2034,73,254,2025,48.0,False
2026,upturn,56,2025,56,255,2025,48.0,False
2027,upturn,67,2026,67,255,2025,48.0,False
2028,downturn,58,2027,58,255,2025,48.0,False
2029,upturn,63,2028,63,255,2025,48.0,False
2030,upturn,68,2029,68,255,2025,48.0,False
2031,downturn,87,2030,87,255,2025,48.0,False
2032,upturn,95,2031,95,255,2025,48.0,False
2033,upturn,111,2032,111,255,2025,48.0,False
2034,downturn,82,2033,82,255,2025,48.0,False
2035,upturn,96,2034,96,255,2025,48.0,False
2026,upturn,54,2025,54,256,2025,48.0,False
2027,upturn,56,2026,56,256,2025,48.0,False
2028,downturn,53,2027,53,256,2025,48.0,False
2029,upturn,68,2028,68,256,2025,48.0,False
2030,upturn,66,2029,66,256,2025,48.0,False
2031,downturn,70,2030,70,256,2025,48.0,False
2032,upturn,80,2031,80,256,2025,48.0,False
2033,upturn,78,2032,78,256,2025,48.0,False
2034,downturn,53,2033,53,256,2025,48.0,False
2035,upturn,64,2034,64,256,2025,48.0,False
2026,downturn,46,2025,46,257,2025,48.0,False
2027,upturn,52,2026,52,257,2025,48.0,False
2028,upturn,64,2027,64,257,2025,48.0,False
2029,downturn,65,2028,65,257,2025,48.0,False
2030,upturn,67,2029,67,257,2025,48.0,False
2031,upturn,100,2030,100,257,2025,48.0,False
2032,downturn,92,2031,92,257,2025,48.0,False
2033,upturn,101,2032,101,257,2025,48.0,False
2034,upturn,109,2033,109,257,2025,48.0,False
2035,downturn,84,2034,84,257,2025,48.0,False
2026,upturn,59,2025,59,258,2025,48.0,False
2027,upturn,67,2026,67,258,2025,48.0,False
2028,downturn,62,2027,62,258,2025,48.0,False
2029,upturn,60,2028,60,258,2025,48.0,False
2030,upturn,67,2029,67,258,2025,48.0,False
2031,downturn,78,2030,78,258,2025,48.0,False
2032,upturn,85,2031,85,258,2025,48.0,False
2033,upturn,89,2032,89,258,2025,48.0,False
2034,downturn,89,2033,89,258,2025,48.0,False
2035,upturn,105,2034,105,258,2025,48.0,False
2026,upturn,54,2025,54,259,2025,48.0,False
2027,upturn,55,2026,55,259,2025,48.0,False
2028,downturn,56,2027,56,259,2025,48.0,False
2029,upturn,67,2028,67,259,2025,48.0,False
2030,upturn,65,2029,65,259,2025,48.0,False
2031,downturn,85,2030,85,259,2025,48.0,False
2032,upturn,79,2031,79,259,2025,48.0,False
2033,upturn,94,2032,94,259,2025,48.0,False
2034,downturn,81,2033,81,259,2025,48.0,False
2035,upturn,81,2034,81,259,2025,48.0,False
2026,downturn,49,2025,49,260,2025,48.0,False
2027,upturn,58,2026,58,260,2025,48.0,False
2028,upturn,60,2027,60,260,2025,48.0,False
2029,downturn,64,2028,64,260,2025,48.0,False
2030,upturn,63,2029,63,260,2025,48.0,False
2031,upturn,85,2030,85,260,2025,48.0,False
2032,downturn,81,2031,81,260,2025,48.0,False
2033,upturn,78,2032,78,260,2025,48.0,False
2034,upturn,95,2033,95,260,2025,48.0,False
2035,downturn,86,2034,86,260,2025,48.0,False
2026,upturn,48,2025,48,261,2025,48.0,False
2027,upturn,55,2026,55,261,2025,48.0,False
2028,downturn,58,2027,58,261,2025,48.0,False
2029,upturn,61,2028,61,261,2025,48.0,False
2030,upturn,67,2029,67,261,2025,48.0,False
2031,downturn,80,2030,80,261,2025,48.0,False
2032,upturn,89,2031,89,261,2025,48.0,False
2033,upturn,92,2032,92,261,2025,48.0,False
2034,downturn,90,2033,90,261,2025,48.0,False
2035,upturn,95,2034,95,261,2025,48.0,False
2026,downturn,51,2025,51,262,2025,48.0,False
2027,upturn,56,2026,56,262,2025,48.0,False
2028,upturn,58,2027,58,262,2025,48.0,False
2029,downturn,55,2028,55,262,2025,48.0,False
2030,upturn,60,2029,60,262,2025,48.0,False
2031,upturn,78,2030,78,262,2025,48.0,False
2032,downturn,69,2031,69,262,2025,48.0,False
2033,upturn,70,2032,70,262,2025,48.0,False
2034,upturn,96,2033,96,262,2025,48.0,False
2035,downturn,83,2034,83,262,2025,48.0,False
2026,downturn,50,2025,50,263,2025,48.0,False
2027,upturn,59,2026,59,263,2025,48.0,False
2028,upturn,65,2027,65,263,2025,48.0,False
2029,downturn,56,2028,56,263,2025,48.0,False
2030,upturn,59,2029,59,263,2025,48.0,False
2031,upturn,84,2030,84,263,2025,48.0,False
2032,downturn,86,2031,86,263,2025,48.0,False
2033,upturn,98,2032,98,263,2025,48.0,False
2034,upturn,106,2033,106,263,2025,48.0,False
2035,downturn,96,2034,96,263,2025,48.0,False
2026,upturn,61,2025,61,264,2025,48.0,False
2027,upturn,66,2026,66,264,2025,48.0,False
2028,downturn,56,2027,56,264,2025,48.0,False
2029,upturn,60,2028,60,264,2025,48.0,False
2030,upturn,67,2029,67,264,2025,48.0,False
2031,downturn,83,2030,83,264,2025,48.0,False
2032,upturn,85,2031,85,264,2025,48.0,False
2033,upturn,93,2032,93,264,2025,48.0,False
2034,downturn,81,2033,81,264,2025,48.0,False
2035,upturn,86,2034,86,264,2025,48.0,False
2026,upturn,57,2025,57,265,2025,48.0,False
2027,upturn,54,2026,54,265,2025,48.0,False
2028,downturn,44,2027,44,265,2025,48.0,False
2029,upturn,56,2028,56,265,2025,48.0,False
2030,upturn,56,2029,56,265,2025,48.0,False
2031,downturn,60,2030,60,265,2025,48.0,False
2032,upturn,66,2031,66,265,2025,48.0,False
2033,upturn,83,2032,83,265,2025,48.0,False
2034,downturn,80,2033,80,265,2025,48.0,False
2035,upturn,90,2034,90,265,2025,48.0,False
2026,upturn,52,2025,52,266,2025,48.0,False
2027,upturn,56,2026,56,266,2025,48.0,False
2028,downturn,55,2027,55,266,2025,48.0,False
2029,upturn,62,2028,62,266,2025,48.0,False
2030,upturn,64,2029,64,266,2025,48.0,False
2031,downturn,79,2030,79,266,2025,48.0,False
2032,upturn,84,2031,84,266,2025,48.0,False
2033,upturn,82,2032,82,266,2025,48.0,False
2034,downturn,75,2033,75,266,2025,48.0,False
2035,upturn,91,2034,91,266,2025,48.0,False
2026,downturn,44,2025,44,267,2025,48.0,False
2027,upturn,45,2026,45,267,2025,48.0,False
2028,upturn,51,2027,51,267,2025,48.0,False
2029,downturn,55,2028,55,267,2025,48.0,False
2030,upturn,58,2029,58,267,2025,48.0,False
2031,upturn,86,2030,86,267,2025,48.0,False
2032,downturn,74,2031,74,267,2025,48.0,False
2033,upturn,92,2032,92,267,2025,48.0,False
2034,upturn,99,2033,99,267,2025,48.0,False
2035,downturn,106,2034,106,267,2025,48.0,False
2026,upturn,52,2025,52,268,2025,48.0,False
2027,upturn,55,2026,55,268,2025,48.0,False
2028,downturn,52,2027,52,268,2025,48.0,False
2029,upturn,58,2028,58,268,2025,48.0,False
2030,upturn,59,2029,59,268,2025,48.0,False
2031,downturn,68,2030,68,268,2025,48.0,False
2032,upturn,90,2031,90,268,2025,48.0,False
2033,upturn,87,2032,87,268,2025,48.0,False
2034,downturn,77,2033,77,268,2025,48.0,False
2035,upturn,91,2034,91,268,2025,48.0,False
2026,upturn,56,2025,56,269,2025,48.0,False
2027,upturn,54,2026,54,269,2025,48.0,False
2028,downturn,56,2027,56,269,2025,48.0,False
2029,upturn,55,2028,55,269,2025,48.0,False
2030,upturn,56,2029,56,269,2025,48.0,False
2031,downturn,54,2030,54,269,2025,48.0,False
2032,upturn,63,2031,63,269,2025,48.0,False
2033,upturn,76,2032,76,269,2025,48.0,False
2034,downturn,79,2033,79,269,2025,48.0,False
2035,upturn,100,2034,100,269,2025,48.0,False
2026,downturn,50,2025,50,270,2025,48.0,False
2027,upturn,51,2026,51,270,2025,48.0,False
2028,upturn,56,2027,56,270,2025,48.0,False
2029,downturn,51,2028,51,270,2025,48.0,False
2030,upturn,56,2029,56,270,2025,48.0,False
2031,upturn,81,2030,81,270,2025,48.0,False
2032,downturn,75,2031,75,270,2025,48.0,False
2033,upturn,85,2032,85,270,2025,48.0,False
2034,upturn,90,2033,90,270,2025,48.0,False
2035,downturn,85,2034,85,270,2025,48.0,False
2026,downturn,44,2025,44,271,2025,48.0,False
2027,upturn,55,2026,55,271,2025,48.0,False
2028,upturn,62,2027,62,271,2025,48.0,False
2029,downturn,58,2028,58,271,2025,48.0,False
2030,upturn,63,2029,63,271,2025,48.0,False
2031,upturn,102,2030,102,271,2025,48.0,False
2032,downturn,99,2031,99,271,2025,48.0,False
2033,upturn,90,2032,90,271,2025,48.0,False
2034,upturn,103,2033,103,271,2025,48.0,False
2035,downturn,82,2034,82,271,2025,48.0,False
2026,downturn,50,2025,50,272,2025,48.0,False
2027,upturn,55,2026,55,272,2025,48.0,False
2028,upturn,54,2027,54,272,2025,48.0,False
2029,downturn,49,2028,49,272,2025,48.0,False
2030,upturn,54,2029,54,272,2025,48.0,False
2031,upturn,83,2030,83,272,2025,48.0,False
2032,downturn,80,2031,80,272,2025,48.0,False
2033,upturn,89,2032,89,272,2025,48.0,False
2034,upturn,98,2033,98,272,2025,48.0,False
2035,downturn,85,2034,85,272,2025,48.0,False
2026,downturn,52,2025,52,273,2025,48.0,False
2027,upturn,64,2026,64,273,2025,48.0,False
2028,upturn,66,2027,66,273,2025,48.0,False
2029,downturn,64,2028,64,273,2025,48.0,False
2030,upturn,67,2029,67,273,2025,48.0,False
2031,upturn,85,2030,85,273,2025,48.0,False
2032,downturn,78,2031,78,273,2025,48.0,False
2033,upturn,93,2032,93,273,2025,48.0,False
2034,upturn,93,2033,93,273,2025,48.0,False
2035,downturn,93,2034,93,273,2025,48.0,False
2026,upturn,59,2025,59,274,2025,48.0,False
2027,upturn,63,2026,63,274,2025,48.0,False
2028,downturn,57,2027,57,274,2025,48.0,False
2029,upturn,63,2028,63,274,2025,48.0,False
2030,upturn,73,2029,73,274,2025,48.0,False
2031,downturn,75,2030,75,274,2025,48.0,False
2032,upturn,84,2031,84,274,2025,48.0,False
2033,upturn,87,2032,87,274,2025,48.0,False
2034,downturn,70,2033,70,274,2025,48.0,False
2035,upturn,96,2034,96,274,2025,48.0,False
2026,downturn,47,2025,47,275,2025,48.0,False
2027,upturn,52,2026,52,275,2025,48.0,False
2028,upturn,58,2027,58,275,2025,48.0,False
2029,downturn,56,2028,56,275,2025,48.0,False
2030,upturn,55,2029,55,275,2025,48.0,False
2031,upturn,93,2030,93,275,2025,48.0,False
2032,downturn,81,2031,81,275,2025,48.0,False
2033,upturn,95,2032,95,275,2025,48.0,False
2034,upturn,114,2033,114,275,2025,48.0,False
2035,downturn,110,2034,110,275,2025,48.0,False
2026,upturn,55,2025,55,276,2025,48.0,False
2027,upturn,57,2026,57,276,2025,48.0,False
2028,downturn,52,2027,52,276,2025,48.0,False
2029,upturn,62,2028,62,276,2025,48.0,False
2030,upturn,66,2029,66,276,2025,48.0,False
2031,downturn,80,2030,80,276,2025,48.0,False
2032,upturn,93,2031,93,276,2025,48.0,False
2033,upturn,86,2032,86,276,2025,48.0,False
2034,downturn,80,2033,80,276,2025,48.0,False
2035,upturn,80,2034,80,276,2025,48.0,False
2026,downturn,57,2025,57,277,2025,48.0,False
2027,upturn,61,2026,61,277,2025,48.0,False
2028,upturn,60,2027,60,277,2025,48.0,False
2029,downturn,60,2028,60,277,2025,48.0,False
2030,upturn,63,2029,63,277,2025,48.0,False
2031,upturn,95,2030,95,277,2025,48.0,False
2032,downturn,89,2031,89,277,2025,48.0,False
2033,upturn,98,2032,98,277,2025,48.0,False
2034,upturn,88,2033,88,277,2025,48.0,False
2035,downturn,81,2034,81,277,2025,48.0,False
2026,downturn,52,2025,52,278,2025,48.0,False
2027,upturn,66,2026,66,278,2025,48.0,False
2028,upturn,73,2027,73,278,2025,48.0,False
2029,downturn,63,2028,63,278,2025,48.0,False
2030,upturn,60,2029,60,278,2025,48.0,False
2031,upturn,88,2030,88,278,2025,48.0,False
2032,downturn,72,2031,72,278,2025,48.0,False
2033,upturn,95,2032,95,278,2025,48.0,False
2034,upturn,106,2033,106,278,2025,48.0,False
2035,downturn,85,2034,85,278,2025,48.0,False
2026,downturn,46,2025,46,279,2025,48.0,False
2027,upturn,54,2026,54,279,2025,48.0,False
2028,upturn,53,2027,53,279,2025,48.0,False
2029,downturn,51,2028,51,279,2025,48.0,False
2030,upturn,60,2029,60,279,2025,48.0,False
2031,upturn,95,2030,95,279,2025,48.0,False
2032,downturn,79,2031,79,279,2025,48.0,False
2033,upturn,74,2032,74,279,2025,48.0,False
2034,upturn,103,2033,103,279,2025,48.0,False
2035,downturn,77,2034,77,279,2025,48.0,False
2026,upturn,56,2025,56,280,2025,48.0,False
2027,upturn,57,2026,57,280,2025,48.0,False
2028,downturn,58,2027,58,280,2025,48.0,False
2029,upturn,67,2028,67,280,2025,48.0,False
2030,upturn,63,2029,63,280,2025,48.0,False
2031,downturn,67,2030,67,280,2025,48.0,False
2032,upturn,79,2031,79,280,2025,48.0,False
2033,upturn,89,2032,89,280,2025,48.0,False
2034,downturn,88,2033,88,280,2025,48.0,False
2035,upturn,96,2034,96,280,2025,48.0,False
2026,upturn,52,2025,52,281,2025,48.0,False
2027,upturn,61,2026,61,281,2025,48.0,False
2028,downturn,61,2027,61,281,2025,48.0,False
2029,upturn,67,2028,67,281,2025,48.0,False
2030,upturn,67,2029,67,281,2025,48.0,False
2031,downturn,81,2030,81,281,2025,48.0,False
2032,upturn,90,2031,90,281,2025,48.0,False
2033,upturn,98,2032,98,281,2025,48.0,False
2034,downturn,98,2033,98,281,2025,48.0,False
2035,upturn,105,2034,105,281,2025,48.0,False
2026,downturn,45,2025,45,282,2025,48.0,False
2027,upturn,52,2026,52,282,2025,48.0,False
2028,upturn,53,2027,53,282,2025,48.0,False
2029,downturn,49,2028,49,282,2025,48.0,False
2030,upturn,56,2029,56,282,2025,48.0,False
2031,upturn,77,2030,77,282,2025,48.0,False
2032,downturn,73,2031,73,282,2025,48.0,False
2033,upturn,87,2032,87,282,2025,48.0,False
2034,upturn,96,2033,96,282,2025,48.0,False
2035,downturn,85,2034,85,282,2025,48.0,False
2026,downturn,49,2025,49,283,2025,48.0,False
2027,upturn,52,2026,52,283,2025,48.0,False
2028,upturn,54,2027,54,283,2025,48.0,False
2029,downturn,52,2028,52,283,2025,48.0,False
2030,upturn,56,2029,56,283,2025,48.0,False
2031,upturn,79,2030,79,283,2025,48.0,False
2032,downturn,67,2031,67,283,2025,48.0,False
2033,upturn,83,2032,83,283,2025,48.0,False
2034,upturn,95,2033,95,283,2025,48.0,False
2035,downturn,86,2034,86,283,2025,48.0,False
2026,upturn,51,2025,51,284,2025,48.0,False
2027,upturn,60,2026,60,284,2025,48.0,False
2028,downturn,63,2027,63,284,2025,48.0,False
2029,upturn,72,2028,72,284,2025,48.0,False
2030,upturn,70,2029,70,284,2025,48.0,False
2031,downturn,89,2030,89,284,2025,48.0,False
2032,upturn,86,2031,86,284,2025,48.0,False
2033,upturn,89,2032,89,284,2025,48.0,False
2034,downturn,90,2033,90,284,2025,48.0,False
2035,upturn,93,2034,93,284,2025,48.0,False
2026,downturn,47,2025,47,285,2025,48.0,False
2027,upturn,64,2026,64,285,2025,48.0,False
2028,upturn,61,2027,61,285,2025,48.0,False
2029,downturn,58,2028,58,285,2025,48.0,False
2030,upturn,61,2029,61,285,2025,48.0,False
2031,upturn,94,2030,94,285,2025,48.0,False
2032,downturn,79,2031,79,285,2025,48.0,False
2033,upturn,79,2032,79,285,2025,48.0,False
2034,upturn,89,2033,89,285,2025,48.0,False
2035,downturn,83,2034,83,285,2025,48.0,False
2026,downturn,43,2025,43,286,2025,48.0,False
2027,upturn,51,2026,51,286,2025,48.0,False
2028,upturn,57,2027,57,286,2025,48.0,False
2029,downturn,53,2028,53,286,2025,48.0,False
2030,upturn,59,2029,59,286,2025,48.0,False
2031,upturn,82,2030,82,286,2025,48.0,False
2032,downturn,58,2031,58,286,2025,48.0,False
2033,upturn,65,2032,65,286,2025,48.0,False
2034,upturn,59,2033,59,286,2025,48.0,False
2035,downturn,72,2034,72,286,2025,48.0,False
2026,upturn,55,2025,55,287,2025,48.0,False
2027,upturn,60,2026,60,287,2025,48.0,False
2028,downturn,58,2027,58,287,2025,48.0,False
2029,upturn,62,2028,62,287,2025,48.0,False
2030,upturn,59,2029,59,287,2025,48.0,False
2031,downturn,81,2030,81,287,2025,48.0,False
2032,upturn,88,2031,88,287,2025,48.0,False
2033,upturn,90,2032,90,287,2025,48.0,False
2034,downturn,80,2033,80,287,2025,48.0,False
2035,upturn,90,2034,90,287,2025,48.0,False
2026,downturn,49,2025,49,288,2025,48.0,False
2027,upturn,54,2026,54,288,2025,48.0,False
2028,upturn,61,2027,61,288,2025,48.0,False
2029,downturn,55,2028,55,288,2025,48.0,False
2030,upturn,67,2029,67,288,2025,48.0,False
2031,upturn,109,2030,109,288,2025,48.0,False
2032,downturn,94,2031,94,288,2025,48.0,False
2033,upturn,96,2032,96,288,2025,48.0,False
2034,upturn,96,2033,96,288,2025,48.0,False
2035,downturn,88,2034,88,288,2025,48.0,False
2026,downturn,54,2025,54,289,2025,48.0,False
2027,upturn,61,2026,61,289,2025,48.0,False
2028,upturn,65,2027,65,289,2025,48.0,False
2029,downturn,61,2028,61,289,2025,48.0,False
2030,upturn,66,2029,66,289,2025,48.0,False
2031,upturn,86,2030,86,289,2025,48.0,False
2032,downturn,71,2031,71,289,2025,48.0,False
2033,upturn,81,2032,81,289,2025,48.0,False
2034,upturn,93,2033,93,289,2025,48.0,False
2035,downturn,86,2034,86,289,2025,48.0,False
2026,upturn,55,2025,55,290,2025,48.0,False
2027,upturn,57,2026,57,290,2025,48.0,False
2028,downturn,51,2027,51,290,2025,48.0,False
2029,upturn,60,2028,60,290,2025,48.0,False
2030,upturn,64,2029,64,290,2025,48.0,False
2031,downturn,86,2030,86,290,2025,48.0,False
2032,upturn,81,2031,81,290,2025,48.0,False
2033,upturn,87,2032,87,290,2025,48.0,False
2034,downturn,74,2033,74,290,2025,48.0,False
2035,upturn,73,2034,73,290,2025,48.0,False
2026,upturn,64,2025,64,291,2025,48.0,False
2027,upturn,70,2026,70,291,2025,48.0,False
2028,downturn,71,2027,71,291,2025,48.0,False
2029,upturn,65,2028,65,291,2025,48.0,False
2030,upturn,66,2029,66,291,2025,48.0,False
2031,downturn,74,2030,74,291,2025,48.0,False
2032,upturn,74,2031,74,291,2025,48.0,False
2033,upturn,87,2032,87,291,2025,48.0,False
2034,downturn,82,2033,82,291,2025,48.0,False
2035,upturn,92,2034,92,291,2025,48.0,False
2026,downturn,55,2025,55,292,2025,48.0,False
2027,upturn,64,2026,64,292,2025,48.0,False
2028,upturn,73,2027,73,292,2025,48.0,False
2029,downturn,67,2028,67,292,2025,48.0,False
2030,upturn,62,2029,62,292,2025,48.0,False
2031,upturn,97,2030,97,292,2025,48.0,False
2032,downturn,78,2031,78,292,2025,48.0,False
2033,upturn,81,2032,81,292,2025,48.0,False
2034,upturn,84,2033,84,292,2025,48.0,False
2035,downturn,73,2034,73,292,2025,48.0,False
2026,downturn,42,2025,42,293,2025,48.0,False
2027,upturn,45,2026,45,293,2025,48.0,False
2028,upturn,52,2027,52,293,2025,48.0,False
2029,downturn,54,2028,54,293,2025,48.0,False
2030,upturn,62,2029,62,293,2025,48.0,False
2031,upturn,64,2030,64,293,2025,48.0,False
2032,downturn,69,2031,69,293,2025,48.0,False
2033,upturn,72,2032,72,293,2025,48.0,False
2034,upturn,93,2033,93,293,2025,48.0,False
2035,downturn,92,2034,92,293,2025,48.0,False
2026,upturn,57,2025,57,294,2025,48.0,False
2027,upturn,61,2026,61,294,2025,48.0,False
2028,downturn,62,2027,62,294,2025,48.0,False
2029,upturn,68,2028,68,294,2025,48.0,False
2030,upturn,71,2029,71,294,2025,48.0,False
2031,downturn,83,2030,83,294,2025,48.0,False
2032,upturn,85,2031,85,294,2025,48.0,False
2033,upturn,90,2032,90,294,2025,48.0,False
2034,downturn,63,2033,63,294,2025,48.0,False
2035,upturn,86,2034,86,294,2025,48.0,False
2026,downturn,43,2025,43,295,2025,48.0,False
2027,upturn,52,2026,52,295,2025,48.0,False
2028,upturn,55,2027,55,295,2025,48.0,False
2029,downturn,52,2028,52,295,2025,48.0,False
2030,upturn,58,2029,58,295,2025,48.0,False
2031,upturn,92,2030,92,295,2025,48.0,False
2032,downturn,90,2031,90,295,2025,48.0,False
2033,upturn,100,2032,100,295,2025,48.0,False
2034,upturn,101,2033,101,295,2025,48.0,False
2035,downturn,74,2034,74,295,2025,48.0,False
2026,upturn,60,2025,60,296,2025,48.0,False
2027,upturn,58,2026,58,296,2025,48.0,False
2028,downturn,52,2027,52,296,2025,48.0,False
2029,upturn,48,2028,48,296,2025,48.0,False
2030,upturn,56,2029,56,296,2025,48.0,False
2031,downturn,80,2030,80,296,2025,48.0,False
2032,upturn,82,2031,82,296,2025,48.0,False
2033,upturn,84,2032,84,296,2025,48.0,False
2034,downturn,71,2033,71,296,2025,48.0,False
2035,upturn,89,2034,89,296,2025,48.0,False
2026,downturn,45,2025,45,297,2025,48.0,False
2027,upturn,47,2026,47,297,2025,48.0,False
2028,upturn,56,2027,56,297,2025,48.0,False
2029,downturn,50,2028,50,297,2025,48.0,False
2030,upturn,57,2029,57,297,2025,48.0,False
2031,upturn,79,2030,79,297,2025,48.0,False
2032,downturn,67,2031,67,297,2025,48.0,False
2033,upturn,93,2032,93,297,2025,48.0,False
2034,upturn,90,2033,90,297,2025,48.0,False
2035,downturn,76,2034,76,297,2025,48.0,False
2026,downturn,45,2025,45,298,2025,48.0,False
2027,upturn,42,2026,42,298,2025,48.0,False
2028,upturn,46,2027,46,298,2025,48.0,False
2029,downturn,52,2028,52,298,2025,48.0,False
2030,upturn,59,2029,59,298,2025,48.0,False
2031,upturn,100,2030,100,298,2025,48.0,False
2032,downturn,89,2031,89,298,2025,48.0,False
2033,upturn,91,2032,91,298,2025,48.0,False
2034,upturn,94,2033,94,298,2025,48.0,False
2035,downturn,83,2034,83,298,2025,48.0,False
2026,downturn,47,2025,47,299,2025,48.0,False
2027,upturn,56,2026,56,299,2025,48.0,False
2028,upturn,53,2027,53,299,2025,48.0,False
2029,downturn,49,2028,49,299,2025,48.0,False
2030,upturn,60,2029,60,299,2025,48.0,False
2031,upturn,80,2030,80,299,2025,48.0,False
2032,downturn,83,2031,83,299,2025,48.0,False
2033,upturn,85,2032,85,299,2025,48.0,False
2034,upturn,66,2033,66,299,2025,48.0,False
2035,downturn,69,2034,69,299,2025,48.0,False
2026,upturn,62,2025,62,300,2025,48.0,False
2027,upturn,75,2026,75,300,2025,48.0,False
2028,downturn,72,2027,72,300,2025,48.0,False
2029,upturn,67,2028,67,300,2025,48.0,False
2030,upturn,70,2029,70,300,2025,48.0,False
2031,downturn,76,2030,76,300,2025,48.0,False
2032,upturn,76,2031,76,300,2025,48.0,False
2033,upturn,82,2032,82,300,2025,48.0,False
2034,downturn,76,2033,76,300,2025,48.0,False
2035,upturn,83,2034,83,300,2025,48.0,False
