date,close_cotton,high_cotton,low_cotton,open_cotton,volume_cotton
2008-01-02,2.5360000133514404,2.5360000133514404,2.5360000133514404,2.5360000133514404,0
2008-01-03,2.5299899578094482,2.5299899578094482,2.5299899578094482,2.5299899578094482,0
2008-01-04,2.5294198989868164,2.5294198989868164,2.5294198989868164,2.5294198989868164,0
2008-01-07,2.539109945297241,2.539109945297241,2.539109945297241,2.539109945297241,0
2008-01-08,2.5569698810577393,2.5569698810577393,2.5569698810577393,2.5569698810577393,0
2008-01-09,2.5423600673675537,2.5423600673675537,2.5423600673675537,2.5423600673675537,0
2008-01-10,2.46658992767334,2.46658992767334,2.46658992767334,2.46658992767334,0
2008-01-11,2.5772299766540527,2.5772299766540527,2.5772299766540527,2.5772299766540527,0
2008-01-14,2.6230599880218506,2.6230599880218506,2.6230599880218506,2.6230599880218506,0
2008-01-15,2.6413400173187256,2.6413400173187256,2.6413400173187256,2.6413400173187256,0
2008-01-16,2.627919912338257,2.627919912338257,2.627919912338257,2.627919912338257,0
2008-01-17,2.650439977645874,2.650439977645874,2.650439977645874,2.650439977645874,0
2008-01-18,2.6066999435424805,2.6066999435424805,2.6066999435424805,2.6066999435424805,0
2008-01-21,2.6066999435424805,2.6066999435424805,2.6066999435424805,2.6066999435424805,0
2008-01-22,2.573889970779419,2.573889970779419,2.573889970779419,2.573889970779419,0
2008-01-23,2.463520050048828,2.463520050048828,2.463520050048828,2.463520050048828,0
2008-01-24,2.5211501121520996,2.5211501121520996,2.5211501121520996,2.5211501121520996,0
2008-01-25,2.502810001373291,2.502810001373291,2.502810001373291,2.502810001373291,0
2008-01-28,2.5179998874664307,2.5179998874664307,2.5179998874664307,2.5179998874664307,0
2008-01-29,2.515889883041382,2.515889883041382,2.515889883041382,2.515889883041382,0
2008-01-30,2.528019905090332,2.528019905090332,2.528019905090332,2.528019905090332,0
2008-01-31,2.4997100830078125,2.4997100830078125,2.4997100830078125,2.4997100830078125,0
2008-02-01,2.513430118560791,2.513430118560791,2.513430118560791,2.513430118560791,0
2008-02-04,2.5397400856018066,2.5397400856018066,2.5397400856018066,2.5397400856018066,0
2008-02-05,2.5114200115203857,2.5114200115203857,2.5114200115203857,2.5114200115203857,0
2008-02-06,2.53275990486145,2.53275990486145,2.53275990486145,2.53275990486145,0
2008-02-07,2.523200035095215,2.523200035095215,2.523200035095215,2.523200035095215,0
2008-02-08,2.5482399463653564,2.5482399463653564,2.5482399463653564,2.5482399463653564,0
2008-02-11,2.479640007019043,2.479640007019043,2.479640007019043,2.479640007019043,0
2008-02-12,2.473129987716675,2.473129987716675,2.473129987716675,2.473129987716675,0
2008-02-13,2.468019962310791,2.468019962310791,2.468019962310791,2.468019962310791,0
2008-02-14,2.542490005493164,2.542490005493164,2.542490005493164,2.542490005493164,0
2008-02-15,2.531359910964966,2.531359910964966,2.531359910964966,2.531359910964966,0
2008-02-18,2.531450033187866,2.531450033187866,2.531450033187866,2.531450033187866,0
2008-02-19,2.581890106201172,2.581890106201172,2.581890106201172,2.581890106201172,0
2008-02-20,2.5990500450134277,2.5990500450134277,2.5990500450134277,2.5990500450134277,0
2008-02-21,2.695970058441162,2.695970058441162,2.695970058441162,2.695970058441162,0
2008-02-22,2.726599931716919,2.726599931716919,2.726599931716919,2.726599931716919,0
2008-02-25,2.834549903869629,2.834549903869629,2.834549903869629,2.834549903869629,0
2008-02-26,2.8587698936462402,2.8587698936462402,2.8587698936462402,2.8587698936462402,0
2008-02-27,2.803339958190918,2.803339958190918,2.803339958190918,2.803339958190918,0
2008-02-28,2.853800058364868,2.853800058364868,2.853800058364868,2.853800058364868,0
2008-02-29,2.9448800086975098,2.9448800086975098,2.9448800086975098,2.9448800086975098,0
2008-03-03,3.0528600215911865,3.0528600215911865,3.0528600215911865,3.0528600215911865,0
2008-03-04,3.196810007095337,3.196810007095337,3.196810007095337,3.196810007095337,0
2008-03-05,3.2121500968933105,3.2121500968933105,3.2121500968933105,3.2121500968933105,0
2008-03-06,3.0683200359344482,3.0683200359344482,3.0683200359344482,3.0683200359344482,0
2008-03-07,2.924489974975586,2.924489974975586,2.924489974975586,2.924489974975586,0
2008-03-10,2.7806599140167236,2.7806599140167236,2.7806599140167236,2.7806599140167236,0
2008-03-11,2.9245998859405518,2.9245998859405518,2.9245998859405518,2.9245998859405518,0
2008-03-12,2.9527299404144287,2.9527299404144287,2.9527299404144287,2.9527299404144287,0
2008-03-13,2.9078400135040283,2.9078400135040283,2.9078400135040283,2.9078400135040283,0
2008-03-14,2.8534998893737793,2.8534998893737793,2.8534998893737793,2.8534998893737793,0
2008-03-17,2.7096199989318848,2.7096199989318848,2.7096199989318848,2.7096199989318848,0
2008-03-18,2.699589967727661,2.699589967727661,2.699589967727661,2.699589967727661,0
2008-03-19,2.5916900634765625,2.5916900634765625,2.5916900634765625,2.5916900634765625,0
2008-03-20,2.555690050125122,2.555690050125122,2.555690050125122,2.555690050125122,0
2008-03-25,2.667609930038452,2.667609930038452,2.667609930038452,2.667609930038452,0
2008-03-26,2.6553800106048584,2.6553800106048584,2.6553800106048584,2.6553800106048584,0
2008-03-27,2.623379945755005,2.623379945755005,2.623379945755005,2.623379945755005,0
2008-03-28,2.5795199871063232,2.5795199871063232,2.5795199871063232,2.5795199871063232,0
2008-03-31,2.49534010887146,2.49534010887146,2.49534010887146,2.49534010887146,0
2008-04-01,2.535259962081909,2.535259962081909,2.535259962081909,2.535259962081909,0
2008-04-02,2.525700092315674,2.525700092315674,2.525700092315674,2.525700092315674,0
2008-04-03,2.534029960632324,2.534029960632324,2.534029960632324,2.534029960632324,0
2008-04-04,2.550230026245117,2.550230026245117,2.550230026245117,2.550230026245117,0
2008-04-07,2.62007999420166,2.62007999420166,2.62007999420166,2.62007999420166,0
2008-04-08,2.5894598960876465,2.5894598960876465,2.5894598960876465,2.5894598960876465,0
2008-04-09,2.6547598838806152,2.6547598838806152,2.6547598838806152,2.6547598838806152,0
2008-04-10,2.6860899925231934,2.6860899925231934,2.6860899925231934,2.6860899925231934,0
2008-04-11,2.6697399616241455,2.6697399616241455,2.6697399616241455,2.6697399616241455,0
2008-04-14,2.6643199920654297,2.6643199920654297,2.6643199920654297,2.6643199920654297,0
2008-04-15,2.7089500427246094,2.7089500427246094,2.7089500427246094,2.7089500427246094,0
2008-04-16,2.6499600410461426,2.6499600410461426,2.6499600410461426,2.6499600410461426,0
2008-04-17,2.5870699882507324,2.5870699882507324,2.5870699882507324,2.5870699882507324,0
2008-04-18,2.563659906387329,2.563659906387329,2.563659906387329,2.563659906387329,0
2008-04-21,2.5207300186157227,2.5207300186157227,2.5207300186157227,2.5207300186157227,0
2008-04-22,2.5688400268554688,2.5688400268554688,2.5688400268554688,2.5688400268554688,0
2008-04-23,2.545919895172119,2.545919895172119,2.545919895172119,2.545919895172119,0
2008-04-24,2.478950023651123,2.478950023651123,2.478950023651123,2.478950023651123,0
2008-04-25,2.45524001121521,2.45524001121521,2.45524001121521,2.45524001121521,0
2008-04-28,2.4610400199890137,2.4610400199890137,2.4610400199890137,2.4610400199890137,0
2008-04-29,2.426419973373413,2.426419973373413,2.426419973373413,2.426419973373413,0
2008-04-30,2.4460699558258057,2.4460699558258057,2.4460699558258057,2.4460699558258057,0
2008-05-01,2.380160093307495,2.380160093307495,2.380160093307495,2.380160093307495,0
2008-05-02,2.3907899856567383,2.3907899856567383,2.3907899856567383,2.3907899856567383,0
2008-05-06,2.4183499813079834,2.4183499813079834,2.4183499813079834,2.4183499813079834,0
2008-05-07,2.4189000129699707,2.4189000129699707,2.4189000129699707,2.4189000129699707,0
2008-05-08,2.4354300498962402,2.4354300498962402,2.4354300498962402,2.4354300498962402,0
2008-05-09,2.4595301151275635,2.4595301151275635,2.4595301151275635,2.4595301151275635,0
2008-05-12,2.4684998989105225,2.4684998989105225,2.4684998989105225,2.4684998989105225,0
2008-05-13,2.4372498989105225,2.4372498989105225,2.4372498989105225,2.4372498989105225,0
2008-05-14,2.4061200618743896,2.4061200618743896,2.4061200618743896,2.4061200618743896,0
2008-05-15,2.4110100269317627,2.4110100269317627,2.4110100269317627,2.4110100269317627,0
2008-05-16,2.473989963531494,2.473989963531494,2.473989963531494,2.473989963531494,0
2008-05-19,2.468899965286255,2.468899965286255,2.468899965286255,2.468899965286255,0
2008-05-20,2.4332399368286133,2.4332399368286133,2.4332399368286133,2.4332399368286133,0
2008-05-21,2.440619945526123,2.440619945526123,2.440619945526123,2.440619945526123,0
2008-05-22,2.40664005279541,2.40664005279541,2.40664005279541,2.40664005279541,0
2008-05-23,2.3799099922180176,2.3799099922180176,2.3799099922180176,2.3799099922180176,0
2008-05-27,2.2781600952148438,2.2781600952148438,2.2781600952148438,2.2781600952148438,0
2008-05-28,2.2866299152374268,2.2866299152374268,2.2866299152374268,2.2866299152374268,0
2008-05-29,2.2694599628448486,2.2694599628448486,2.2694599628448486,2.2694599628448486,0
2008-05-30,2.2609000205993652,2.2609000205993652,2.2609000205993652,2.2609000205993652,0
2008-06-02,2.250659942626953,2.250659942626953,2.250659942626953,2.250659942626953,0
2008-06-03,2.208359956741333,2.208359956741333,2.208359956741333,2.208359956741333,0
2008-06-04,2.2123000621795654,2.2123000621795654,2.2123000621795654,2.2123000621795654,0
2008-06-05,2.2237000465393066,2.2237000465393066,2.2237000465393066,2.2237000465393066,0
2008-06-06,2.288180112838745,2.288180112838745,2.288180112838745,2.288180112838745,0
2008-06-09,2.271519899368286,2.271519899368286,2.271519899368286,2.271519899368286,0
2008-06-10,2.2747299671173096,2.2747299671173096,2.2747299671173096,2.2747299671173096,0
2008-06-11,2.3622400760650635,2.3622400760650635,2.3622400760650635,2.3622400760650635,0
2008-06-12,2.367029905319214,2.367029905319214,2.367029905319214,2.367029905319214,0
2008-06-13,2.4440300464630127,2.4440300464630127,2.4440300464630127,2.4440300464630127,0
2008-06-16,2.52987003326416,2.52987003326416,2.52987003326416,2.52987003326416,0
2008-06-17,2.4903199672698975,2.4903199672698975,2.4903199672698975,2.4903199672698975,0
2008-06-18,2.5243899822235107,2.5243899822235107,2.5243899822235107,2.5243899822235107,0
2008-06-19,2.4634900093078613,2.4634900093078613,2.4634900093078613,2.4634900093078613,0
2008-06-20,2.464829921722412,2.464829921722412,2.464829921722412,2.464829921722412,0
2008-06-23,2.4430301189422607,2.4430301189422607,2.4430301189422607,2.4430301189422607,0
2008-06-24,2.4778900146484375,2.4778900146484375,2.4778900146484375,2.4778900146484375,0
2008-06-25,2.494999885559082,2.494999885559082,2.494999885559082,2.494999885559082,0
2008-06-26,2.516309976577759,2.516309976577759,2.516309976577759,2.516309976577759,0
2008-06-27,2.5049099922180176,2.5049099922180176,2.5049099922180176,2.5049099922180176,0
2008-06-30,2.419480085372925,2.419480085372925,2.419480085372925,2.419480085372925,0
2008-07-01,2.349260091781616,2.349260091781616,2.349260091781616,2.349260091781616,0
2008-07-02,2.317189931869507,2.317189931869507,2.317189931869507,2.317189931869507,0
2008-07-03,2.3191399574279785,2.3191399574279785,2.3191399574279785,2.3191399574279785,0
2008-07-04,2.3499999046325684,2.3499999046325684,2.3499999046325684,2.3499999046325684,0
2008-07-07,2.2395401000976562,2.2395401000976562,2.2395401000976562,2.2395401000976562,0
2008-07-08,2.2081398963928223,2.2081398963928223,2.2081398963928223,2.2081398963928223,0
2008-07-09,2.262579917907715,2.262579917907715,2.262579917907715,2.262579917907715,0
2008-07-10,2.2650599479675293,2.2650599479675293,2.2650599479675293,2.2650599479675293,0
2008-07-11,2.265429973602295,2.265429973602295,2.265429973602295,2.265429973602295,0
2008-07-14,2.217410087585449,2.217410087585449,2.217410087585449,2.217410087585449,0
2008-07-15,2.26921010017395,2.26921010017395,2.26921010017395,2.26921010017395,0
2008-07-16,2.273010015487671,2.273010015487671,2.273010015487671,2.273010015487671,0
2008-07-17,2.2508599758148193,2.2508599758148193,2.2508599758148193,2.2508599758148193,0
2008-07-18,2.254889965057373,2.254889965057373,2.254889965057373,2.254889965057373,0
2008-07-21,2.240839958190918,2.240839958190918,2.240839958190918,2.240839958190918,0
2008-07-22,2.203310012817383,2.203310012817383,2.203310012817383,2.203310012817383,0
2008-07-23,2.2452900409698486,2.2452900409698486,2.2452900409698486,2.2452900409698486,0
2008-07-24,2.2742600440979004,2.2742600440979004,2.2742600440979004,2.2742600440979004,0
2008-07-25,2.2939701080322266,2.2939701080322266,2.2939701080322266,2.2939701080322266,0
2008-07-28,2.274009943008423,2.274009943008423,2.274009943008423,2.274009943008423,0
2008-07-29,2.2934200763702393,2.2934200763702393,2.2934200763702393,2.2934200763702393,0
2008-07-30,2.288710117340088,2.288710117340088,2.288710117340088,2.288710117340088,0
2008-07-31,2.2942299842834473,2.2942299842834473,2.2942299842834473,2.2942299842834473,0
2008-08-01,2.2138800621032715,2.2138800621032715,2.2138800621032715,2.2138800621032715,0
2008-08-04,2.128999948501587,2.128999948501587,2.128999948501587,2.128999948501587,0
2008-08-05,2.125890016555786,2.125890016555786,2.125890016555786,2.125890016555786,0
2008-08-06,2.1424400806427,2.1424400806427,2.1424400806427,2.1424400806427,0
2008-08-07,2.198470115661621,2.198470115661621,2.198470115661621,2.198470115661621,0
2008-08-08,2.130419969558716,2.130419969558716,2.130419969558716,2.130419969558716,0
2008-08-11,2.117310047149658,2.117310047149658,2.117310047149658,2.117310047149658,0
2008-08-12,2.1447300910949707,2.1447300910949707,2.1447300910949707,2.1447300910949707,0
2008-08-13,2.1929900646209717,2.1929900646209717,2.1929900646209717,2.1929900646209717,0
2008-08-14,2.140310049057007,2.140310049057007,2.140310049057007,2.140310049057007,0
2008-08-15,2.06646990776062,2.06646990776062,2.06646990776062,2.06646990776062,0
2008-08-18,2.075469970703125,2.075469970703125,2.075469970703125,2.075469970703125,0
2008-08-19,2.0699400901794434,2.0699400901794434,2.0699400901794434,2.0699400901794434,0
2008-08-20,2.0981500148773193,2.0981500148773193,2.0981500148773193,2.0981500148773193,0
2008-08-21,2.151789903640747,2.151789903640747,2.151789903640747,2.151789903640747,0
2008-08-22,2.1454200744628906,2.1454200744628906,2.1454200744628906,2.1454200744628906,0
2008-08-26,2.140199899673462,2.140199899673462,2.140199899673462,2.140199899673462,0
2008-08-27,2.176490068435669,2.176490068435669,2.176490068435669,2.176490068435669,0
2008-08-28,2.137320041656494,2.137320041656494,2.137320041656494,2.137320041656494,0
2008-08-29,2.150320053100586,2.150320053100586,2.150320053100586,2.150320053100586,0
2008-09-01,2.0999999046325684,2.0999999046325684,2.0999999046325684,2.0999999046325684,0
2008-09-02,2.1627299785614014,2.1627299785614014,2.1627299785614014,2.1627299785614014,0
2008-09-03,2.1477999687194824,2.1477999687194824,2.1477999687194824,2.1477999687194824,0
2008-09-04,2.1099300384521484,2.1099300384521484,2.1099300384521484,2.1099300384521484,0
2008-09-05,2.0291900634765625,2.0291900634765625,2.0291900634765625,2.0291900634765625,0
2008-09-08,2.021859884262085,2.021859884262085,2.021859884262085,2.021859884262085,0
2008-09-09,1.9811400175094604,1.9811400175094604,1.9811400175094604,1.9811400175094604,0
2008-09-10,1.973889946937561,1.973889946937561,1.973889946937561,1.973889946937561,0
2008-09-11,1.9683500528335571,1.9683500528335571,1.9683500528335571,1.9683500528335571,0
2008-09-12,1.98881995677948,1.98881995677948,1.98881995677948,1.98881995677948,0
2008-09-15,1.9151300191879272,1.9151300191879272,1.9151300191879272,1.9151300191879272,0
2008-09-16,1.8682600259780884,1.8682600259780884,1.8682600259780884,1.8682600259780884,0
2008-09-17,1.893239974975586,1.893239974975586,1.893239974975586,1.893239974975586,0
2008-09-18,1.8729100227355957,1.8729100227355957,1.8729100227355957,1.8729100227355957,0
2008-09-19,1.9271600246429443,1.9271600246429443,1.9271600246429443,1.9271600246429443,0
2008-09-22,1.9848899841308594,1.9848899841308594,1.9848899841308594,1.9848899841308594,0
2008-09-23,1.92044997215271,1.92044997215271,1.92044997215271,1.92044997215271,0
2008-09-24,1.8912400007247925,1.8912400007247925,1.8912400007247925,1.8912400007247925,0
2008-09-25,1.9008400440216064,1.9008400440216064,1.9008400440216064,1.9008400440216064,0
2008-09-26,1.8613699674606323,1.8613699674606323,1.8613699674606323,1.8613699674606323,0
2008-09-29,1.7689000368118286,1.7689000368118286,1.7689000368118286,1.7689000368118286,0
2008-09-30,1.7648999691009521,1.7648999691009521,1.7648999691009521,1.7648999691009521,0
2008-10-01,1.7985299825668335,1.7985299825668335,1.7985299825668335,1.7985299825668335,0
2008-10-02,1.8015899658203125,1.8015899658203125,1.8015899658203125,1.8015899658203125,0
2008-10-03,1.7698800563812256,1.7698800563812256,1.7698800563812256,1.7698800563812256,0
2008-10-06,1.67739999294281,1.67739999294281,1.67739999294281,1.67739999294281,0
2008-10-07,1.6511399745941162,1.6511399745941162,1.6511399745941162,1.6511399745941162,0
2008-10-08,1.6516799926757812,1.6516799926757812,1.6516799926757812,1.6516799926757812,0
2008-10-09,1.6165000200271606,1.6165000200271606,1.6165000200271606,1.6165000200271606,0
2008-10-10,1.5239900350570679,1.5239900350570679,1.5239900350570679,1.5239900350570679,0
2008-10-13,1.5480899810791016,1.5480899810791016,1.5480899810791016,1.5480899810791016,0
2008-10-14,1.546489953994751,1.546489953994751,1.546489953994751,1.546489953994751,0
2008-10-15,1.4653300046920776,1.4653300046920776,1.4653300046920776,1.4653300046920776,0
2008-10-16,1.5279799699783325,1.5279799699783325,1.5279799699783325,1.5279799699783325,0
2008-10-17,1.6203299760818481,1.6203299760818481,1.6203299760818481,1.6203299760818481,0
2008-10-20,1.5121400356292725,1.5121400356292725,1.5121400356292725,1.5121400356292725,0
2008-10-21,1.55964994430542,1.55964994430542,1.55964994430542,1.55964994430542,0
2008-10-22,1.5541000366210938,1.5541000366210938,1.5541000366210938,1.5541000366210938,0
2008-10-23,1.5128300189971924,1.5128300189971924,1.5128300189971924,1.5128300189971924,0
2008-10-24,1.4249900579452515,1.4249900579452515,1.4249900579452515,1.4249900579452515,0
2008-10-27,1.451859951019287,1.451859951019287,1.451859951019287,1.451859951019287,0
2008-10-28,1.4385900497436523,1.4385900497436523,1.4385900497436523,1.4385900497436523,0
2008-10-29,1.4450099468231201,1.4450099468231201,1.4450099468231201,1.4450099468231201,0
2008-10-30,1.3898099660873413,1.3898099660873413,1.3898099660873413,1.3898099660873413,0
2008-10-31,1.3651599884033203,1.3651599884033203,1.3651599884033203,1.3651599884033203,0
2008-11-03,1.3771699666976929,1.3771699666976929,1.3771699666976929,1.3771699666976929,0
2008-11-04,1.4277100563049316,1.4277100563049316,1.4277100563049316,1.4277100563049316,0
2008-11-05,1.3657200336456299,1.3657200336456299,1.3657200336456299,1.3657200336456299,0
2008-11-06,1.324720025062561,1.324720025062561,1.324720025062561,1.324720025062561,0
2008-11-07,1.2967000007629395,1.2967000007629395,1.2967000007629395,1.2967000007629395,0
2008-11-10,1.2714099884033203,1.2714099884033203,1.2714099884033203,1.2714099884033203,0
2008-11-11,1.202620029449463,1.202620029449463,1.202620029449463,1.202620029449463,0
2008-11-12,1.1992900371551514,1.1992900371551514,1.1992900371551514,1.1992900371551514,0
2008-11-13,1.212649941444397,1.212649941444397,1.212649941444397,1.212649941444397,0
2008-11-14,1.231369972229004,1.231369972229004,1.231369972229004,1.231369972229004,0
2008-11-17,1.205549955368042,1.205549955368042,1.205549955368042,1.205549955368042,0
2008-11-18,1.211940050125122,1.211940050125122,1.211940050125122,1.211940050125122,0
2008-11-19,1.2101800441741943,1.2101800441741943,1.2101800441741943,1.2101800441741943,0
2008-11-20,1.1559200286865234,1.1559200286865234,1.1559200286865234,1.1559200286865234,0
2008-11-21,1.2106499671936035,1.2106499671936035,1.2106499671936035,1.2106499671936035,0
2008-11-24,1.2974499464035034,1.2974499464035034,1.2974499464035034,1.2974499464035034,0
2008-11-25,1.2670300006866455,1.2670300006866455,1.2670300006866455,1.2670300006866455,0
2008-11-26,1.3481099605560303,1.3481099605560303,1.3481099605560303,1.3481099605560303,0
2008-11-27,1.348080039024353,1.348080039024353,1.348080039024353,1.348080039024353,0
2008-11-28,1.3874200582504272,1.3874200582504272,1.3874200582504272,1.3874200582504272,0
2008-12-01,1.3619099855422974,1.3619099855422974,1.3619099855422974,1.3619099855422974,0
2008-12-02,1.3415600061416626,1.3415600061416626,1.3415600061416626,1.3415600061416626,0
2008-12-03,1.3492499589920044,1.3492499589920044,1.3492499589920044,1.3492499589920044,0
2008-12-04,1.262369990348816,1.262369990348816,1.262369990348816,1.262369990348816,0
2008-12-05,1.1978199481964111,1.1978199481964111,1.1978199481964111,1.1978199481964111,0
2008-12-08,1.2837799787521362,1.2837799787521362,1.2837799787521362,1.2837799787521362,0
2008-12-09,1.2434300184249878,1.2434300184249878,1.2434300184249878,1.2434300184249878,0
2008-12-10,1.2641700506210327,1.2641700506210327,1.2641700506210327,1.2641700506210327,0
2008-12-11,1.2870800495147705,1.2870800495147705,1.2870800495147705,1.2870800495147705,0
2008-12-12,1.257159948348999,1.257159948348999,1.257159948348999,1.257159948348999,0
2008-12-15,1.2782800197601318,1.2782800197601318,1.2782800197601318,1.2782800197601318,0
2008-12-16,1.2777199745178223,1.2777199745178223,1.2777199745178223,1.2777199745178223,0
2008-12-17,1.3302299976348877,1.3302299976348877,1.3302299976348877,1.3302299976348877,0
2008-12-18,1.310520052909851,1.310520052909851,1.310520052909851,1.310520052909851,0
2008-12-19,1.3091200590133667,1.3091200590133667,1.3091200590133667,1.3091200590133667,0
2008-12-22,1.3279900550842285,1.3279900550842285,1.3279900550842285,1.3279900550842285,0
2008-12-23,1.3317500352859497,1.3317500352859497,1.3317500352859497,1.3317500352859497,0
2008-12-24,1.3414900302886963,1.3414900302886963,1.3414900302886963,1.3414900302886963,0
2008-12-29,1.3382699489593506,1.3382699489593506,1.3382699489593506,1.3382699489593506,0
2008-12-30,1.3879200220108032,1.3879200220108032,1.3879200220108032,1.3879200220108032,0
2008-12-31,1.418280005455017,1.418280005455017,1.418280005455017,1.418280005455017,0
2009-01-02,1.409999966621399,1.4299999475479126,1.4299999475479126,1.4299999475479126,35902
2009-01-05,1.3799999952316284,1.3899999856948853,1.3899999856948853,1.3899999856948853,4000
2009-01-06,1.440000057220459,1.440000057220459,1.399999976158142,1.399999976158142,42525
2009-01-07,1.4474999904632568,1.4474999904632568,1.4474999904632568,0.0,0
2009-01-08,1.4500000476837158,1.4500000476837158,1.4199999570846558,1.4199999570846558,225200
2009-01-09,1.4700000286102295,1.4700000286102295,1.4700000286102295,1.4700000286102295,13000
2009-01-12,1.399999976158142,1.3899999856948853,1.3899999856948853,1.3899999856948853,26000
2009-01-13,1.3600000143051147,1.3600000143051147,1.3600000143051147,1.3600000143051147,32408
2009-01-14,1.3300000429153442,1.350000023841858,1.3200000524520874,1.350000023841858,13767
2009-01-15,1.3550000190734863,1.3550000190734863,1.3550000190734863,0.0,0
2009-01-16,1.409999966621399,1.4199999570846558,1.4199999570846558,1.4199999570846558,26203
2009-01-19,1.4199999570846558,1.399999976158142,1.399999976158142,1.399999976158142,17700
2009-01-20,1.3899999856948853,1.409999966621399,1.3799999952316284,1.399999976158142,57500
2009-01-21,1.3600000143051147,1.3799999952316284,1.3600000143051147,1.3700000047683716,114250
2009-01-22,1.3799999952316284,1.3700000047683716,1.3700000047683716,1.3700000047683716,70261
2009-01-23,1.4800000190734863,1.4900000095367432,1.440000057220459,1.440000057220459,15011
2009-01-26,1.5,1.4900000095367432,1.4700000286102295,1.4800000190734863,20253
2009-01-27,1.4900000095367432,1.5099999904632568,1.5099999904632568,1.5099999904632568,9645
2009-01-28,1.4600000381469727,1.4700000286102295,1.4700000286102295,1.4700000286102295,18865
2009-01-29,1.4600000381469727,1.4700000286102295,1.4500000476837158,1.4700000286102295,108520
2009-01-30,1.440000057220459,1.4500000476837158,1.4299999475479126,1.4500000476837158,24297
2009-02-02,1.4199999570846558,1.4500000476837158,1.4299999475479126,1.4500000476837158,0
2009-02-03,1.4299999475479126,1.440000057220459,1.440000057220459,1.440000057220459,25900
2009-02-04,1.4299999475479126,1.4299999475479126,1.4299999475479126,1.4299999475479126,17599
2009-02-05,1.440000057220459,1.440000057220459,1.440000057220459,1.440000057220459,15099
2009-02-06,1.440000057220459,1.440000057220459,1.4299999475479126,1.440000057220459,49200
2009-02-09,1.4500000476837158,1.4500000476837158,1.440000057220459,1.440000057220459,14399
2009-02-10,1.3700000047683716,1.4500000476837158,1.3700000047683716,1.4500000476837158,21199
2009-02-11,1.350000023841858,1.350000023841858,1.350000023841858,0.0,0
2009-02-12,1.3300000429153442,1.3300000429153442,1.3200000524520874,1.3300000429153442,28579
2009-02-13,1.2999999523162842,1.3200000524520874,1.2899999618530273,1.3200000524520874,102799
2009-02-16,1.2699999809265137,1.2999999523162842,1.2999999523162842,1.2999999523162842,17799
2009-02-17,1.2799999713897705,1.2899999618530273,1.25,1.2899999618530273,52700
2009-02-18,1.274999976158142,1.274999976158142,1.274999976158142,0.0,0
2009-02-19,1.2725000381469727,1.2725000381469727,1.2725000381469727,0.0,0
2009-02-20,1.25,1.2599999904632568,1.2599999904632568,1.2599999904632568,53200
2009-02-23,1.2575000524520874,1.2575000524520874,1.2575000524520874,0.0,0
2009-02-24,1.25,1.2400000095367432,1.2300000190734863,1.2400000095367432,138900
2009-02-25,1.2400000095367432,1.2400000095367432,1.2400000095367432,1.2400000095367432,2235
2009-02-26,1.25,1.2599999904632568,1.2400000095367432,1.2400000095367432,1557000
2009-02-27,1.212499976158142,1.212499976158142,1.212499976158142,0.0,0
2009-03-02,1.1725000143051147,1.1725000143051147,1.1725000143051147,0.0,0
2009-03-03,1.190000057220459,1.190000057220459,1.1799999475479126,1.190000057220459,148850
2009-03-04,1.2200000286102295,1.2200000286102295,1.2200000286102295,1.2200000286102295,100000
2009-03-05,1.1799999475479126,1.1799999475479126,1.1699999570846558,1.1799999475479126,31290
2009-03-06,1.1799999475479126,1.2000000476837158,1.2000000476837158,1.2000000476837158,35
2009-03-09,1.1699999570846558,1.1699999570846558,1.1699999570846558,1.1699999570846558,6000
2009-03-10,1.190000057220459,1.1699999570846558,1.159999966621399,1.159999966621399,32604
2009-03-11,1.190000057220459,1.190000057220459,1.190000057220459,1.190000057220459,400
2009-03-12,1.1974999904632568,1.1974999904632568,1.1974999904632568,0.0,0
2009-03-13,1.2000000476837158,1.2300000190734863,1.2200000286102295,1.2200000286102295,78000
2009-03-16,1.2200000286102295,1.2200000286102295,1.2100000381469727,1.2200000286102295,42250
2009-03-17,1.2100000381469727,1.2300000190734863,1.2300000190734863,1.2300000190734863,1
2009-03-18,1.2000000476837158,1.2100000381469727,1.2100000381469727,1.2100000381469727,70000
2009-03-19,1.2100000381469727,1.2200000286102295,1.2100000381469727,1.2200000286102295,22600
2009-03-20,1.247499942779541,1.247499942779541,1.247499942779541,0.0,0
2009-03-23,1.2699999809265137,1.2899999618530273,1.2699999809265137,1.2699999809265137,21500
2009-03-24,1.2599999904632568,1.2599999904632568,1.2599999904632568,1.2599999904632568,100000
2009-03-25,1.2599999904632568,1.2699999809265137,1.2400000095367432,1.2400000095367432,8315
2009-03-26,1.2599999904632568,1.2699999809265137,1.2599999904632568,1.2699999809265137,23230
2009-03-27,1.25,1.25,1.25,1.25,35900
2009-03-30,1.222499966621399,1.222499966621399,1.222499966621399,0.0,0
2009-03-31,1.309999942779541,1.2899999618530273,1.2799999713897705,1.2799999713897705,18000
2009-04-01,1.2999999523162842,1.3200000524520874,1.3200000524520874,1.3200000524520874,40000
2009-04-02,1.309999942779541,1.3200000524520874,1.309999942779541,1.309999942779541,9100
2009-04-03,1.3200000524520874,1.309999942779541,1.309999942779541,1.309999942779541,50400
2009-04-06,1.3300000429153442,1.350000023841858,1.340000033378601,1.350000023841858,13200
2009-04-07,1.340000033378601,1.350000023841858,1.3300000429153442,1.350000023841858,23190
2009-04-08,1.350000023841858,1.3200000524520874,1.3200000524520874,1.3200000524520874,6000
2009-04-09,1.399999976158142,1.399999976158142,1.3799999952316284,1.3799999952316284,131300
2009-04-14,1.3600000143051147,1.350000023841858,1.350000023841858,1.350000023841858,26800
2009-04-15,1.350000023841858,1.350000023841858,1.340000033378601,1.350000023841858,22013
2009-04-16,1.3899999856948853,1.3700000047683716,1.3700000047683716,1.3700000047683716,18030
2009-04-17,1.399999976158142,1.399999976158142,1.399999976158142,0.0,0
2009-04-20,1.3899999856948853,1.409999966621399,1.3799999952316284,1.409999966621399,101647
2009-04-21,1.3825000524520874,1.3825000524520874,1.3825000524520874,0.0,0
2009-04-22,1.4299999475479126,1.4299999475479126,1.409999966621399,1.409999966621399,184941
2009-04-23,1.440000057220459,1.440000057220459,1.4299999475479126,1.4299999475479126,101500
2009-04-24,1.4600000381469727,1.4500000476837158,1.440000057220459,1.440000057220459,20960
2009-04-27,1.4600000381469727,1.4500000476837158,1.4299999475479126,1.4299999475479126,155008
2009-04-28,1.4700000286102295,1.4800000190734863,1.4600000381469727,1.4600000381469727,200516
2009-04-29,1.5,1.4700000286102295,1.4700000286102295,1.4700000286102295,3300
2009-04-30,1.5,1.4900000095367432,1.4800000190734863,1.4800000190734863,18290
2009-05-01,1.5399999618530273,1.5099999904632568,1.5099999904632568,1.5099999904632568,1547
2009-05-05,1.6299999952316284,1.600000023841858,1.590000033378601,1.600000023841858,521167
2009-05-06,1.6200000047683716,1.6299999952316284,1.6200000047683716,1.6200000047683716,92100
2009-05-07,1.6399999856948853,1.6399999856948853,1.6299999952316284,1.6399999856948853,314997
2009-05-08,1.659999966621399,1.659999966621399,1.649999976158142,1.659999966621399,118830
2009-05-11,1.6799999475479126,1.659999966621399,1.6399999856948853,1.6399999856948853,338008
2009-05-12,1.6799999475479126,1.7000000476837158,1.690000057220459,1.7000000476837158,102316
2009-05-13,1.6699999570846558,1.6799999475479126,1.6699999570846558,1.6699999570846558,377516
2009-05-14,1.6399999856948853,1.6299999952316284,1.6200000047683716,1.6299999952316284,11410
2009-05-15,1.590000033378601,1.6399999856948853,1.6299999952316284,1.6299999952316284,102085
2009-05-18,1.5700000524520874,1.5800000429153442,1.5499999523162842,1.5499999523162842,300724
2009-05-19,1.5800000429153442,1.559999942779541,1.559999942779541,1.559999942779541,2100
2009-05-20,1.5700000524520874,1.590000033378601,1.5700000524520874,1.5800000429153442,120508
2009-05-21,1.5800000429153442,1.5800000429153442,1.5700000524520874,1.5700000524520874,321291
2009-05-22,1.600000023841858,1.600000023841858,1.5800000429153442,1.5800000429153442,46480
2009-05-26,1.5700000524520874,1.600000023841858,1.5800000429153442,1.5800000429153442,500
2009-05-27,1.5399999618530273,1.5399999618530273,1.5199999809265137,1.5399999618530273,102225
2009-05-28,1.5299999713897705,1.5399999618530273,1.5199999809265137,1.5399999618530273,73300
2009-05-29,1.590000033378601,1.5700000524520874,1.5499999523162842,1.5499999523162842,163808
2009-06-01,1.6100000143051147,1.600000023841858,1.600000023841858,1.600000023841858,117000
2009-06-02,1.6399999856948853,1.6100000143051147,1.6100000143051147,1.6100000143051147,30000
2009-06-03,1.559999942779541,1.6299999952316284,1.5800000429153442,1.6299999952316284,225016
2009-06-04,1.559999942779541,1.559999942779541,1.5499999523162842,1.5499999523162842,212300
2009-06-05,1.5399999618530273,1.5800000429153442,1.5499999523162842,1.5800000429153442,71000
2009-06-08,1.5199999809265137,1.559999942779541,1.559999942779541,1.559999942779541,5450
2009-06-09,1.5499999523162842,1.5499999523162842,1.5499999523162842,0.0,0
2009-06-10,1.5299999713897705,1.5499999523162842,1.5199999809265137,1.5499999523162842,34000
2009-06-11,1.5499999523162842,1.5399999618530273,1.5199999809265137,1.5399999618530273,4250
2009-06-12,1.5700000524520874,1.590000033378601,1.590000033378601,1.590000033378601,30000
2009-06-15,1.5,1.5399999618530273,1.5,1.5399999618530273,28975
2009-06-16,1.5099999904632568,1.5099999904632568,1.5099999904632568,1.5099999904632568,4016
2009-06-17,1.4800000190734863,1.4800000190734863,1.4800000190734863,1.4800000190734863,4500
2009-06-18,1.5099999904632568,1.4900000095367432,1.4700000286102295,1.4900000095367432,316000
2009-06-19,1.4800000190734863,1.5,1.5,1.5,98500
2009-06-22,1.409999966621399,1.4500000476837158,1.4500000476837158,1.4500000476837158,50011
2009-06-23,1.4199999570846558,1.4299999475479126,1.4299999475479126,1.4299999475479126,2316
2009-06-24,1.4600000381469727,1.4500000476837158,1.4299999475479126,1.4299999475479126,124300
2009-06-25,1.4800000190734863,1.4500000476837158,1.4500000476837158,1.4500000476837158,3800
2009-06-26,1.4600000381469727,1.4800000190734863,1.4800000190734863,1.4800000190734863,3400
2009-06-29,1.4500000476837158,1.4700000286102295,1.4500000476837158,1.4600000381469727,35999
2009-06-30,1.4500000476837158,1.4700000286102295,1.440000057220459,1.4700000286102295,590573
2009-07-01,1.559999942779541,1.559999942779541,1.5,1.5,173100
2009-07-02,1.559999942779541,1.5700000524520874,1.5499999523162842,1.559999942779541,106475
2009-07-03,1.5700000524520874,1.559999942779541,1.559999942779541,1.559999942779541,2000
2009-07-06,1.5399999618530273,1.5399999618530273,1.5199999809265137,1.5299999713897705,22552
2009-07-07,1.5399999618530273,1.5399999618530273,1.5299999713897705,1.5299999713897705,112780
2009-07-08,1.5099999904632568,1.5199999809265137,1.5199999809265137,1.5199999809265137,2000
2009-07-09,1.5075000524520874,1.5075000524520874,1.5075000524520874,1.5075000524520874,0
2009-07-10,1.5800000429153442,1.5800000429153442,1.559999942779541,1.559999942779541,652900
2009-07-13,1.6100000143051147,1.6100000143051147,1.590000033378601,1.590000033378601,13000
2009-07-14,1.6100000143051147,1.6100000143051147,1.6100000143051147,1.6100000143051147,27000
2009-07-15,1.6399999856948853,1.6200000047683716,1.6200000047683716,1.6200000047683716,3396
2009-07-16,1.6200000047683716,1.6200000047683716,1.590000033378601,1.6200000047683716,201656
2009-07-17,1.6399999856948853,1.6299999952316284,1.6299999952316284,1.6299999952316284,400
2009-07-20,1.649999976158142,1.6399999856948853,1.6399999856948853,1.6399999856948853,126000
2009-07-21,1.659999966621399,1.6699999570846558,1.649999976158142,1.6699999570846558,120997
2009-07-22,1.6549999713897705,1.6549999713897705,1.6549999713897705,1.6549999713897705,0
2009-07-23,1.590000033378601,1.590000033378601,1.5700000524520874,1.5700000524520874,134080
2009-07-24,1.5299999713897705,1.5800000429153442,1.5299999713897705,1.5800000429153442,15000
2009-07-27,1.5299999713897705,1.5099999904632568,1.5099999904632568,1.5099999904632568,100000
2009-07-28,1.5299999713897705,1.5399999618530273,1.5099999904632568,1.5399999618530273,621609
2009-07-29,1.5199999809265137,1.5199999809265137,1.5199999809265137,1.5199999809265137,7513
2009-07-30,1.5499999523162842,1.5499999523162842,1.5199999809265137,1.5199999809265137,869
2009-07-31,1.5299999713897705,1.5499999523162842,1.5499999523162842,1.5499999523162842,1350
2009-08-03,1.6200000047683716,1.6200000047683716,1.559999942779541,1.559999942779541,325000
2009-08-04,1.600000023841858,1.600000023841858,1.600000023841858,1.600000023841858,80000
2009-08-05,1.600000023841858,1.6100000143051147,1.600000023841858,1.600000023841858,55836
2009-08-06,1.5499999523162842,1.6100000143051147,1.5700000524520874,1.6100000143051147,257009
2009-08-07,1.6299999952316284,1.600000023841858,1.5700000524520874,1.5700000524520874,451068
2009-08-10,1.6399999856948853,1.6299999952316284,1.6299999952316284,1.6299999952316284,43075
2009-08-11,1.6200000047683716,1.649999976158142,1.6200000047683716,1.6399999856948853,420648
2009-08-12,1.6399999856948853,1.6299999952316284,1.6200000047683716,1.6299999952316284,304018
2009-08-13,1.6699999570846558,1.649999976158142,1.6399999856948853,1.649999976158142,687800
2009-08-14,1.5700000524520874,1.6299999952316284,1.6100000143051147,1.6299999952316284,103000
2009-08-17,1.5199999809265137,1.5399999618530273,1.5299999713897705,1.5399999618530273,60850
2009-08-18,1.5299999713897705,1.5299999713897705,1.5299999713897705,1.5299999713897705,10000
2009-08-19,1.5199999809265137,1.5199999809265137,1.5199999809265137,1.5199999809265137,100000
2009-08-20,1.5199999809265137,1.5299999713897705,1.5199999809265137,1.5299999713897705,123107
2009-08-21,1.5199999809265137,1.5399999618530273,1.5,1.5,552409
2009-08-24,1.5175000429153442,1.5175000429153442,1.5175000429153442,1.5175000429153442,0
2009-08-25,1.5099999904632568,1.5199999809265137,1.5199999809265137,1.5199999809265137,7000
2009-08-26,1.4800000190734863,1.5,1.4900000095367432,1.4900000095367432,22387
2009-08-27,1.4700000286102295,1.4800000190734863,1.4700000286102295,1.4800000190734863,25050
2009-08-28,1.5,1.5,1.4800000190734863,1.5,219381
2009-09-01,1.4900000095367432,1.5199999809265137,1.4900000095367432,1.5199999809265137,25000
2009-09-02,1.5099999904632568,1.5099999904632568,1.5099999904632568,1.5099999904632568,100000
2009-09-03,1.5075000524520874,1.5075000524520874,1.5075000524520874,1.5075000524520874,0
2009-09-04,1.5199999809265137,1.5299999713897705,1.5099999904632568,1.5299999713897705,350809
2009-09-07,1.5149999856948853,1.5149999856948853,1.5149999856948853,1.5149999856948853,0
2009-09-08,1.5700000524520874,1.559999942779541,1.5499999523162842,1.559999942779541,94299
2009-09-09,1.559999942779541,1.5700000524520874,1.559999942779541,1.5700000524520874,10200
2009-09-10,1.5499999523162842,1.559999942779541,1.5499999523162842,1.559999942779541,244593
2009-09-11,1.590000033378601,1.5800000429153442,1.5700000524520874,1.5700000524520874,4300
2009-09-14,1.5800000429153442,1.5700000524520874,1.5499999523162842,1.5499999523162842,20600
2009-09-15,1.6200000047683716,1.6100000143051147,1.600000023841858,1.600000023841858,5200
2009-09-16,1.6399999856948853,1.6399999856948853,1.6200000047683716,1.6200000047683716,3568900
2009-09-17,1.6399999856948853,1.6299999952316284,1.6299999952316284,1.6299999952316284,23000
2009-09-18,1.6399999856948853,1.6299999952316284,1.6299999952316284,1.6299999952316284,101000
2009-09-21,1.600000023841858,1.659999966621399,1.600000023841858,1.6200000047683716,55460
2009-09-22,1.649999976158142,1.6299999952316284,1.600000023841858,1.600000023841858,31670
2009-09-23,1.6399999856948853,1.6399999856948853,1.6299999952316284,1.6299999952316284,210000
2009-09-24,1.6399999856948853,1.659999966621399,1.6299999952316284,1.6399999856948853,157905
2009-09-25,1.6699999570846558,1.6799999475479126,1.6799999475479126,1.6799999475479126,5500
2009-09-28,1.6100000143051147,1.6100000143051147,1.6100000143051147,1.6100000143051147,196900
2009-09-29,1.6074999570846558,1.6074999570846558,1.6074999570846558,1.6074999570846558,0
2009-09-30,1.5800000429153442,1.590000033378601,1.5700000524520874,1.5700000524520874,6017
2009-10-01,1.5800000429153442,1.600000023841858,1.5800000429153442,1.600000023841858,70572
2009-10-02,1.5700000524520874,1.5700000524520874,1.5499999523162842,1.559999942779541,18064
2009-10-05,1.559999942779541,1.559999942779541,1.559999942779541,1.559999942779541,6000
2009-10-06,1.6200000047683716,1.5700000524520874,1.5700000524520874,1.5700000524520874,1000
2009-10-07,1.6100000143051147,1.6299999952316284,1.600000023841858,1.600000023841858,4964
2009-10-08,1.6399999856948853,1.6399999856948853,1.6200000047683716,1.6299999952316284,16125
2009-10-09,1.6399999856948853,1.6299999952316284,1.6299999952316284,1.6299999952316284,75550
2009-10-12,1.649999976158142,1.649999976158142,1.6399999856948853,1.6399999856948853,38384
2009-10-13,1.659999966621399,1.659999966621399,1.649999976158142,1.649999976158142,6390
2009-10-14,1.7100000381469727,1.7300000190734863,1.690000057220459,1.690000057220459,534513
2009-10-15,1.7599999904632568,1.7599999904632568,1.7000000476837158,1.7000000476837158,23150
2009-10-16,1.7400000095367432,1.7300000190734863,1.7100000381469727,1.7100000381469727,91645
2009-10-19,1.7599999904632568,1.7599999904632568,1.75,1.75,56000
2009-10-20,1.7300000190734863,1.7200000286102295,1.7100000381469727,1.7200000286102295,58309
2009-10-21,1.7400000095367432,1.7400000095367432,1.7300000190734863,1.7300000190734863,32500
2009-10-22,1.7400000095367432,1.7400000095367432,1.7400000095367432,1.7400000095367432,57000
2009-10-23,1.7300000190734863,1.7599999904632568,1.7300000190734863,1.7599999904632568,133726
2009-10-26,1.7200000286102295,1.75,1.7200000286102295,1.7400000095367432,102257
2009-10-27,1.7000000476837158,1.7200000286102295,1.7000000476837158,1.7200000286102295,11910
2009-10-28,1.6974999904632568,1.6974999904632568,1.6974999904632568,1.6974999904632568,0
2009-10-29,1.7400000095367432,1.7200000286102295,1.7000000476837158,1.7000000476837158,17200
2009-10-30,1.7300000190734863,1.7300000190734863,1.7100000381469727,1.7300000190734863,7150
2009-11-02,1.7699999809265137,1.7699999809265137,1.7200000286102295,1.7200000286102295,102988
2009-11-03,1.7400000095367432,1.7400000095367432,1.7200000286102295,1.7200000286102295,232440
2009-11-04,1.7400000095367432,1.75,1.75,1.75,39574
2009-11-05,1.7400000095367432,1.75,1.7400000095367432,1.7400000095367432,20676
2009-11-06,1.7100000381469727,1.7400000095367432,1.7400000095367432,1.7400000095367432,100000
2009-11-09,1.809999942779541,1.7400000095367432,1.7200000286102295,1.7400000095367432,34000
2009-11-10,1.7699999809265137,1.75,1.7300000190734863,1.7300000190734863,161483
2009-11-11,1.7699999809265137,1.7899999618530273,1.7699999809265137,1.7799999713897705,92706
2009-11-12,1.7100000381469727,1.7400000095367432,1.7300000190734863,1.7400000095367432,135000
2009-11-13,1.7200000286102295,1.7200000286102295,1.7100000381469727,1.7100000381469727,3225
2009-11-16,1.75,1.75,1.7400000095367432,1.7400000095367432,61500
2009-11-17,1.75,1.75,1.75,1.75,0
2009-11-18,1.7699999809265137,1.7699999809265137,1.7599999904632568,1.7599999904632568,3566626
2009-11-19,1.75,1.7599999904632568,1.7400000095367432,1.7599999904632568,44226
2009-11-20,1.75,1.75,1.75,1.75,0
2009-11-23,1.8200000524520874,1.8300000429153442,1.8200000524520874,1.8200000524520874,208321
2009-11-24,1.809999942779541,1.8300000429153442,1.809999942779541,1.8200000524520874,41348
2009-11-25,1.8200000524520874,1.8300000429153442,1.8200000524520874,1.8200000524520874,81822
2009-11-26,1.8200000524520874,1.809999942779541,1.809999942779541,1.809999942779541,67873
2009-11-27,1.7799999713897705,1.7799999713897705,1.7699999809265137,1.7699999809265137,145085
2009-11-30,1.7899999618530273,1.7999999523162842,1.7999999523162842,1.7999999523162842,325600
2009-12-01,1.7999999523162842,1.809999942779541,1.7999999523162842,1.7999999523162842,70639
2009-12-02,1.7799999713897705,1.7899999618530273,1.7799999713897705,1.7799999713897705,298000
2009-12-03,1.809999942779541,1.8200000524520874,1.809999942779541,1.8200000524520874,8005
2009-12-04,1.7899999618530273,1.8200000524520874,1.7899999618530273,1.8200000524520874,101857
2009-12-07,1.7899999618530273,1.7899999618530273,1.7899999618530273,1.7899999618530273,16690
2009-12-08,1.7999999523162842,1.7999999523162842,1.7999999523162842,1.7999999523162842,25175
2009-12-09,1.7999999523162842,1.7899999618530273,1.7599999904632568,1.7799999713897705,3316009
2009-12-10,1.809999942779541,1.7999999523162842,1.7999999523162842,1.7999999523162842,38800
2009-12-11,1.7899999618530273,1.809999942779541,1.7899999618530273,1.7999999523162842,35291
2009-12-14,1.840000033378601,1.840000033378601,1.7999999523162842,1.7999999523162842,14689
2009-12-15,1.840000033378601,1.8300000429153442,1.8300000429153442,1.8300000429153442,106300
2009-12-16,1.850000023841858,1.850000023841858,1.850000023841858,1.850000023841858,55000
2009-12-17,1.8250000476837158,1.8250000476837158,1.8250000476837158,1.8250000476837158,0
2009-12-18,1.8200000524520874,1.8300000429153442,1.8200000524520874,1.8300000429153442,32110
2009-12-21,1.8300000429153442,1.8300000429153442,1.809999942779541,1.8300000429153442,18924
2009-12-22,1.7799999713897705,1.8200000524520874,1.809999942779541,1.8200000524520874,18000
2009-12-23,1.7799999713897705,1.7799999713897705,1.7799999713897705,1.7799999713897705,0
2009-12-24,1.7899999618530273,1.7899999618530273,1.7899999618530273,1.7899999618530273,50000
2009-12-29,1.8200000524520874,1.8300000429153442,1.8200000524520874,1.8300000429153442,106392
2009-12-30,1.8200000524520874,1.8200000524520874,1.809999942779541,1.8200000524520874,39508
2009-12-31,1.8300000429153442,1.8300000429153442,1.8300000429153442,1.8300000429153442,21519
2010-01-04,1.840000033378601,1.850000023841858,1.850000023841858,1.850000023841858,43
2010-01-05,1.7899999618530273,1.840000033378601,1.8200000524520874,1.840000033378601,22661
2010-01-06,1.7799999713897705,1.7899999618530273,1.7799999713897705,1.7899999618530273,4867
2010-01-07,1.7699999809265137,1.7799999713897705,1.7699999809265137,1.7699999809265137,195352
2010-01-08,1.7599999904632568,1.7699999809265137,1.7599999904632568,1.7699999809265137,38971
2010-01-11,1.7699999809265137,1.7699999809265137,1.7699999809265137,1.7699999809265137,16468
2010-01-12,1.7599999904632568,1.7899999618530273,1.7699999809265137,1.7899999618530273,47120
2010-01-13,1.7799999713897705,1.7799999713897705,1.7599999904632568,1.7799999713897705,15039
2010-01-14,1.75,1.7799999713897705,1.7599999904632568,1.7799999713897705,9845
2010-01-15,1.7400000095367432,1.7599999904632568,1.7599999904632568,1.7599999904632568,1087
2010-01-18,1.7400000095367432,1.75,1.7400000095367432,1.75,22185
2010-01-19,1.7400000095367432,1.75,1.75,1.75,11938
2010-01-20,1.7100000381469727,1.7200000286102295,1.7100000381469727,1.7200000286102295,41700
2010-01-21,1.7200000286102295,1.7300000190734863,1.7200000286102295,1.7300000190734863,218166
2010-01-22,1.7200000286102295,1.7400000095367432,1.7300000190734863,1.7300000190734863,55500
2010-01-25,1.7200000286102295,1.7300000190734863,1.7200000286102295,1.7200000286102295,5194
2010-01-26,1.690000057220459,1.6799999475479126,1.6799999475479126,1.6799999475479126,65874
2010-01-27,1.690000057220459,1.7000000476837158,1.659999966621399,1.690000057220459,46860
2010-01-28,1.6699999570846558,1.6799999475479126,1.6699999570846558,1.6799999475479126,101340
2010-01-29,1.6699999570846558,1.6799999475479126,1.6799999475479126,1.6799999475479126,121312
2010-02-01,1.659999966621399,1.6699999570846558,1.6699999570846558,1.6699999570846558,3351
2010-02-02,1.6699999570846558,1.659999966621399,1.649999976158142,1.659999966621399,156207
2010-02-03,1.6799999475479126,1.7100000381469727,1.6799999475479126,1.7100000381469727,15006
2010-02-04,1.659999966621399,1.6799999475479126,1.6699999570846558,1.6799999475479126,76400
2010-02-05,1.659999966621399,1.659999966621399,1.659999966621399,1.659999966621399,0
2010-02-08,1.659999966621399,1.6299999952316284,1.6200000047683716,1.6299999952316284,20250
2010-02-09,1.7200000286102295,1.7300000190734863,1.690000057220459,1.690000057220459,19693
2010-02-10,1.7599999904632568,1.7599999904632568,1.7200000286102295,1.7300000190734863,84233
2010-02-11,1.75,1.75,1.7400000095367432,1.75,83674
2010-02-12,1.7699999809265137,1.75,1.7400000095367432,1.75,8590
2010-02-15,1.7799999713897705,1.7799999713897705,1.7699999809265137,1.7799999713897705,21900
2010-02-16,1.809999942779541,1.809999942779541,1.7799999713897705,1.7899999618530273,168230
2010-02-17,1.809999942779541,1.809999942779541,1.7999999523162842,1.809999942779541,27838
2010-02-18,1.8200000524520874,1.840000033378601,1.7699999809265137,1.840000033378601,46163
2010-02-19,1.8700000047683716,1.8700000047683716,1.840000033378601,1.850000023841858,973852
2010-02-22,1.8799999952316284,1.8700000047683716,1.8700000047683716,1.8700000047683716,1136
2010-02-23,1.8899999856948853,1.8899999856948853,1.8799999952316284,1.8899999856948853,69039
2010-02-24,1.8700000047683716,1.8799999952316284,1.8700000047683716,1.8700000047683716,216916
2010-02-25,1.8899999856948853,1.8899999856948853,1.8600000143051147,1.8700000047683716,103174
2010-02-26,1.9299999475479126,1.9500000476837158,1.9199999570846558,1.9500000476837158,133939
2010-03-01,1.9900000095367432,2.0,1.9700000286102295,1.9800000190734863,186992
2010-03-02,1.940000057220459,1.9600000381469727,1.940000057220459,1.940000057220459,488694
2010-03-03,1.9700000286102295,1.9600000381469727,1.9500000476837158,1.9600000381469727,3418768
2010-03-04,1.9500000476837158,1.940000057220459,1.940000057220459,1.940000057220459,6067
2010-03-05,1.9600000381469727,1.9600000381469727,1.9500000476837158,1.9500000476837158,75504
2010-03-08,1.940000057220459,1.940000057220459,1.940000057220459,1.940000057220459,9500
2010-03-09,1.9299999475479126,1.940000057220459,1.940000057220459,1.940000057220459,32000
2010-03-10,1.909999966621399,1.9199999570846558,1.9199999570846558,1.9199999570846558,36270
2010-03-11,1.8700000047683716,1.8899999856948853,1.8899999856948853,1.8899999856948853,150000
2010-03-12,1.909999966621399,1.909999966621399,1.8899999856948853,1.909999966621399,11300
2010-03-15,1.899999976158142,1.9299999475479126,1.899999976158142,1.9299999475479126,71078
2010-03-16,1.9299999475479126,1.940000057220459,1.940000057220459,1.940000057220459,30000
2010-03-17,1.940000057220459,1.9500000476837158,1.9299999475479126,1.9500000476837158,96000
2010-03-18,1.9500000476837158,1.9500000476837158,1.9199999570846558,1.940000057220459,40131
2010-03-19,1.940000057220459,1.9600000381469727,1.9500000476837158,1.9600000381469727,21000
2010-03-22,1.9700000286102295,1.9600000381469727,1.940000057220459,1.940000057220459,128561
2010-03-23,1.9600000381469727,1.9600000381469727,1.9500000476837158,1.9500000476837158,36800
2010-03-24,1.9299999475479126,1.9600000381469727,1.9500000476837158,1.9600000381469727,95000
2010-03-25,1.9299999475479126,1.940000057220459,1.940000057220459,1.940000057220459,1516
2010-03-26,1.899999976158142,1.909999966621399,1.909999966621399,1.909999966621399,15000
2010-03-29,1.909999966621399,1.909999966621399,1.899999976158142,1.899999976158142,322532
2010-03-30,1.899999976158142,1.909999966621399,1.899999976158142,1.909999966621399,72060
2010-03-31,1.9299999475479126,1.909999966621399,1.8899999856948853,1.899999976158142,166000
2010-04-01,1.940000057220459,1.9299999475479126,1.9199999570846558,1.9199999570846558,52000
2010-04-06,1.9700000286102295,1.9800000190734863,1.9500000476837158,1.9500000476837158,635709
2010-04-07,1.9199999570846558,1.9500000476837158,1.9199999570846558,1.9500000476837158,104900
2010-04-08,1.909999966621399,1.9299999475479126,1.9199999570846558,1.9199999570846558,201500
2010-04-09,1.850000023841858,1.8899999856948853,1.8799999952316284,1.8799999952316284,12850
2010-04-12,1.8700000047683716,1.8799999952316284,1.8700000047683716,1.8700000047683716,38185
2010-04-13,1.877500057220459,1.877500057220459,1.877500057220459,1.877500057220459,0
2010-04-14,1.899999976158142,1.899999976158142,1.899999976158142,1.899999976158142,16300
2010-04-15,1.909999966621399,1.8899999856948853,1.8799999952316284,1.8899999856948853,31600
2010-04-16,1.899999976158142,1.9199999570846558,1.8799999952316284,1.9199999570846558,36002
2010-04-19,1.8899999856948853,1.8799999952316284,1.8799999952316284,1.8799999952316284,100000
2010-04-20,1.9500000476837158,1.9600000381469727,1.909999966621399,1.909999966621399,34652
2010-04-21,1.9900000095367432,2.009999990463257,1.9800000190734863,1.9800000190734863,64286
2010-04-22,2.0,2.0,1.9800000190734863,1.9800000190734863,191181
2010-04-23,1.9900000095367432,2.0,1.9800000190734863,1.9800000190734863,42604
2010-04-26,2.0,2.0199999809265137,1.9900000095367432,2.009999990463257,38390
2010-04-27,1.9800000190734863,1.9900000095367432,1.9800000190734863,1.9800000190734863,1056
2010-04-28,1.9900000095367432,2.0,1.9800000190734863,1.9900000095367432,33029
2010-04-29,1.9500000476837158,1.9900000095367432,1.9900000095367432,1.9900000095367432,1443
2010-04-30,1.9600000381469727,1.9500000476837158,1.9500000476837158,1.9500000476837158,2500
2010-05-04,1.909999966621399,1.940000057220459,1.909999966621399,1.940000057220459,438424
2010-05-05,1.8799999952316284,1.8899999856948853,1.8899999856948853,1.8899999856948853,3100
2010-05-06,1.8799999952316284,1.899999976158142,1.899999976158142,1.899999976158142,31540
2010-05-07,1.899999976158142,1.8799999952316284,1.8700000047683716,1.8799999952316284,71255
2010-05-10,1.899999976158142,1.8899999856948853,1.8899999856948853,1.8899999856948853,12998
2010-05-11,1.8825000524520874,1.8825000524520874,1.8825000524520874,1.8825000524520874,0
2010-05-12,1.8899999856948853,1.8899999856948853,1.8899999856948853,1.8899999856948853,19200
2010-05-13,1.899999976158142,1.8899999856948853,1.8700000047683716,1.8700000047683716,21400
2010-05-14,1.8700000047683716,1.8899999856948853,1.8799999952316284,1.8899999856948853,23716
2010-05-17,1.8875000476837158,1.8875000476837158,1.8875000476837158,1.8875000476837158,0
2010-05-18,1.909999966621399,1.909999966621399,1.909999966621399,1.909999966621399,27500
2010-05-19,1.940000057220459,1.940000057220459,1.9299999475479126,1.9299999475479126,363018
2010-05-20,1.9199999570846558,1.940000057220459,1.8899999856948853,1.9299999475479126,112532
2010-05-21,1.9299999475479126,1.9299999475479126,1.909999966621399,1.909999966621399,331251
2010-05-24,1.9299999475479126,1.940000057220459,1.9299999475479126,1.9299999475479126,8172
2010-05-25,1.899999976158142,1.899999976158142,1.8899999856948853,1.899999976158142,29728
2010-05-26,1.9199999570846558,1.9199999570846558,1.909999966621399,1.909999966621399,2011454
2010-05-27,1.899999976158142,1.909999966621399,1.899999976158142,1.909999966621399,43158
2010-05-28,1.8700000047683716,1.8899999856948853,1.8600000143051147,1.8700000047683716,9695
2010-06-01,1.840000033378601,1.8600000143051147,1.8600000143051147,1.8600000143051147,800
2010-06-02,1.8300000429153442,1.8300000429153442,1.8300000429153442,1.8300000429153442,22339
2010-06-03,1.8300000429153442,1.840000033378601,1.8300000429153442,1.840000033378601,4796
2010-06-04,1.7999999523162842,1.8200000524520874,1.8200000524520874,1.8200000524520874,95250
2010-06-07,1.7799999713897705,1.7899999618530273,1.7699999809265137,1.7899999618530273,128533
2010-06-08,1.809999942779541,1.7999999523162842,1.7999999523162842,1.7999999523162842,25640
2010-06-09,1.8799999952316284,1.8700000047683716,1.840000033378601,1.840000033378601,9312
2010-06-10,1.899999976158142,1.909999966621399,1.8799999952316284,1.8799999952316284,533110
2010-06-11,1.899999976158142,1.899999976158142,1.899999976158142,1.899999976158142,25000
2010-06-14,1.9049999713897705,1.9049999713897705,1.9049999713897705,1.9049999713897705,0
2010-06-15,1.909999966621399,1.899999976158142,1.899999976158142,1.899999976158142,25620
2010-06-16,1.9199999570846558,1.9199999570846558,1.909999966621399,1.909999966621399,4329
2010-06-17,1.899999976158142,1.9199999570846558,1.909999966621399,1.9199999570846558,3332
2010-06-18,1.902500033378601,1.902500033378601,1.902500033378601,1.902500033378601,0
2010-06-21,1.899999976158142,1.899999976158142,1.8799999952316284,1.899999976158142,8254
2010-06-22,1.9075000286102295,1.9075000286102295,1.9075000286102295,1.9075000286102295,0
2010-06-23,1.909999966621399,1.909999966621399,1.909999966621399,1.909999966621399,3200
2010-06-24,1.8899999856948853,1.899999976158142,1.8799999952316284,1.899999976158142,12420
2010-06-25,1.8875000476837158,1.8875000476837158,1.8875000476837158,1.8875000476837158,0
2010-06-28,1.8899999856948853,1.899999976158142,1.8799999952316284,1.899999976158142,104000
2010-06-29,1.8700000047683716,1.8899999856948853,1.840000033378601,1.8899999856948853,12230
2010-06-30,1.850000023841858,1.8899999856948853,1.850000023841858,1.8799999952316284,174288
2010-07-01,1.815000057220459,1.815000057220459,1.815000057220459,1.815000057220459,0
2010-07-02,1.8200000524520874,1.8300000429153442,1.8200000524520874,1.8300000429153442,24035
2010-07-05,1.8200000524520874,1.840000033378601,1.7799999713897705,1.7999999523162842,15862
2010-07-06,1.809999942779541,1.8200000524520874,1.7999999523162842,1.8200000524520874,105000
2010-07-07,1.7799999713897705,1.7699999809265137,1.7699999809265137,1.7699999809265137,1630
2010-07-08,1.7699999809265137,1.7699999809265137,1.7599999904632568,1.7699999809265137,7671
2010-07-09,1.7999999523162842,1.7799999713897705,1.7799999713897705,1.7799999713897705,15382
2010-07-12,1.7799999713897705,1.7599999904632568,1.7599999904632568,1.7599999904632568,2301
2010-07-13,1.7899999618530273,1.809999942779541,1.7899999618530273,1.809999942779541,14000
2010-07-14,1.7899999618530273,1.809999942779541,1.809999942779541,1.809999942779541,30
2010-07-15,1.7599999904632568,1.7599999904632568,1.75,1.7599999904632568,205234
2010-07-16,1.75,1.7799999713897705,1.75,1.75,1826
2010-07-19,1.7799999713897705,1.7999999523162842,1.7999999523162842,1.7999999523162842,1686
2010-07-20,1.7699999809265137,1.7899999618530273,1.7599999904632568,1.7599999904632568,1783
2010-07-21,1.777500033378601,1.777500033378601,1.777500033378601,1.777500033378601,0
2010-07-22,1.7699999809265137,1.7999999523162842,1.7599999904632568,1.7599999904632568,32336
2010-07-23,1.809999942779541,1.7999999523162842,1.7799999713897705,1.7799999713897705,2746
2010-07-26,1.8200000524520874,1.8200000524520874,1.8200000524520874,1.8200000524520874,0
2010-07-27,1.840000033378601,1.8300000429153442,1.8200000524520874,1.8200000524520874,35768
2010-07-28,1.8459999561309814,1.8459999561309814,1.8459999561309814,1.8459999561309814,0
2010-07-29,1.8450000286102295,1.8450000286102295,1.8450000286102295,1.8450000286102295,0
2010-07-30,1.871000051498413,1.871000051498413,1.871000051498413,1.871000051498413,0
2010-08-02,1.909999966621399,1.909999966621399,1.909999966621399,1.909999966621399,12669
2010-08-03,1.909999966621399,1.909999966621399,1.909999966621399,1.909999966621399,20000
2010-08-04,1.9049999713897705,1.9049999713897705,1.9049999713897705,1.9049999713897705,0
2010-08-05,1.9500000476837158,1.9600000381469727,1.909999966621399,1.909999966621399,33930
2010-08-06,1.9199999570846558,1.940000057220459,1.9299999475479126,1.9299999475479126,50000
2010-08-09,1.9299999475479126,1.9299999475479126,1.9199999570846558,1.9299999475479126,26714
2010-08-10,1.9500000476837158,1.940000057220459,1.9199999570846558,1.9199999570846558,17710
2010-08-11,1.9500000476837158,1.9500000476837158,1.940000057220459,1.940000057220459,232426
2010-08-12,1.9900000095367432,2.0,1.9199999570846558,1.9299999475479126,282182
2010-08-13,2.0399999618530273,2.0399999618530273,2.009999990463257,2.009999990463257,35250
2010-08-16,2.0199999809265137,2.0299999713897705,2.0199999809265137,2.0199999809265137,50821
2010-08-17,2.0199999809265137,2.0199999809265137,2.0199999809265137,2.0199999809265137,15115
2010-08-18,2.0,2.0,1.9900000095367432,1.9900000095367432,15834
2010-08-19,2.009999990463257,2.0299999713897705,2.009999990463257,2.0199999809265137,131353
2010-08-20,2.009999990463257,2.009999990463257,2.0,2.0,56238
2010-08-23,2.0199999809265137,2.0399999618530273,2.0199999809265137,2.0199999809265137,110500
2010-08-24,2.002000093460083,2.0409998893737793,2.0209999084472656,2.0209999084472656,0
2010-08-25,2.0399999618530273,2.049999952316284,2.0,2.0,76100
2010-08-26,2.069999933242798,2.069999933242798,2.059999942779541,2.069999933242798,28000
2010-08-27,2.0899999141693115,2.119999885559082,2.049999952316284,2.0799999237060547,34097
2010-08-31,2.0899999141693115,2.0899999141693115,2.0799999237060547,2.0799999237060547,25571
2010-09-01,2.0999999046325684,2.109999895095825,2.0899999141693115,2.0899999141693115,68199
2010-09-02,2.1500000953674316,2.1500000953674316,2.109999895095825,2.130000114440918,974544
2010-09-03,2.140000104904175,2.1600000858306885,2.130000114440918,2.130000114440918,59035
2010-09-06,2.1500000953674316,2.140000104904175,2.140000104904175,2.140000104904175,3446
2010-09-07,2.2100000381469727,2.200000047683716,2.180000066757202,2.190000057220459,216659
2010-09-08,2.180000066757202,2.190000057220459,2.180000066757202,2.180000066757202,188950
2010-09-09,2.180000066757202,2.180000066757202,2.119999885559082,2.1700000762939453,71683
2010-09-10,2.190000057220459,2.190000057220459,2.1600000858306885,2.190000057220459,191447
2010-09-13,2.2300000190734863,2.2300000190734863,2.1700000762939453,2.2100000381469727,33021
2010-09-14,2.259999990463257,2.2799999713897705,2.240000009536743,2.240000009536743,72500
2010-09-15,2.259999990463257,2.2799999713897705,2.259999990463257,2.2799999713897705,80300
2010-09-16,2.259999990463257,2.299999952316284,2.2699999809265137,2.2699999809265137,194804
2010-09-17,2.3299999237060547,2.3399999141693115,2.319999933242798,2.319999933242798,171889
2010-09-20,2.4100000858306885,2.440000057220459,2.380000114440918,2.4200000762939453,627942
2010-09-21,2.440000057220459,2.4700000286102295,2.4000000953674316,2.440000057220459,196634
2010-09-22,2.4600000381469727,2.4700000286102295,2.440000057220459,2.440000057220459,146310
2010-09-23,2.3399999141693115,2.390000104904175,2.3299999237060547,2.390000104904175,228156
2010-09-24,2.380000114440918,2.390000104904175,2.319999933242798,2.3299999237060547,103782
2010-09-27,2.450000047683716,2.4800000190734863,2.440000057220459,2.4700000286102295,105357
2010-09-28,2.5399999618530273,2.5399999618530273,2.5,2.5,1667197
2010-09-29,2.4200000762939453,2.4600000381469727,2.390000104904175,2.440000057220459,47416
2010-09-30,2.4200000762939453,2.4600000381469727,2.380000114440918,2.440000057220459,83044
2010-10-01,2.4000000953674316,2.4700000286102295,2.4000000953674316,2.450000047683716,68711
2010-10-04,2.309999942779541,2.3499999046325684,2.2899999618530273,2.3499999046325684,33109
2010-10-05,2.4000000953674316,2.4000000953674316,2.3299999237060547,2.3399999141693115,130807
2010-10-06,2.380000114440918,2.390000104904175,2.3499999046325684,2.369999885559082,84200
2010-10-07,2.4600000381469727,2.440000057220459,2.430000066757202,2.430000066757202,26375
2010-10-08,2.569999933242798,2.630000114440918,2.5,2.5,137575
2010-10-11,2.6700000762939453,2.700000047683716,2.5899999141693115,2.5899999141693115,35967
2010-10-12,2.609999895095825,2.7200000286102295,2.609999895095825,2.630000114440918,34765
2010-10-13,2.6600000858306885,2.6700000762939453,2.609999895095825,2.609999895095825,40313
2010-10-14,2.759999990463257,2.740000009536743,2.7200000286102295,2.7200000286102295,122200
2010-10-15,2.690000057220459,2.8299999237060547,2.6700000762939453,2.819999933242798,139417
2010-10-18,2.7100000381469727,2.6600000858306885,2.5999999046325684,2.619999885559082,48237
2010-10-19,2.690000057220459,2.759999990463257,2.6600000858306885,2.75,153620
2010-10-20,2.7300000190734863,2.75,2.6600000858306885,2.6600000858306885,201673
2010-10-21,2.7799999713897705,2.8299999237060547,2.759999990463257,2.759999990463257,80983
2010-10-22,2.890000104904175,2.8299999237060547,2.7699999809265137,2.7899999618530273,56701
2010-10-25,3.0,3.0299999713897705,2.950000047683716,2.9600000381469727,253502
2010-10-26,3.049999952316284,3.049999952316284,2.950000047683716,2.950000047683716,137177
2010-10-27,2.950000047683716,3.0799999237060547,2.9100000858306885,3.0,305564
2010-10-28,2.950000047683716,3.0299999713897705,2.940000057220459,3.0299999713897705,235700
2010-10-29,2.9700000286102295,3.009999990463257,2.890000104904175,2.9200000762939453,47300
2010-11-01,3.0799999237060547,3.140000104904175,3.059999942779541,3.069999933242798,83563
2010-11-02,3.2300000190734863,3.259999990463257,3.0899999141693115,3.130000114440918,63416
2010-11-03,3.2300000190734863,3.369999885559082,3.1700000762939453,3.319999933242798,150934
2010-11-04,3.380000114440918,3.380000114440918,3.259999990463257,3.309999942779541,33194
2010-11-05,3.430000066757202,3.5,3.359999895095825,3.5,33028
2010-11-08,3.5299999713897705,3.5399999618530273,3.4600000381469727,3.5,199025
2010-11-09,3.6600000858306885,3.7100000381469727,3.5899999141693115,3.609999895095825,126390
2010-11-10,3.630000114440918,3.799999952316284,3.5299999713897705,3.7100000381469727,236469
2010-11-11,3.4800000190734863,3.509999990463257,3.440000057220459,3.4800000190734863,116409
2010-11-12,3.3399999141693115,3.3299999237060547,3.2799999713897705,3.2799999713897705,148535
2010-11-15,3.2300000190734863,3.299999952316284,3.240000009536743,3.240000009536743,52015
2010-11-16,3.2200000286102295,3.309999942779541,3.200000047683716,3.309999942779541,193151
2010-11-17,3.059999942779541,3.119999885559082,3.0,3.069999933242798,77385
2010-11-18,3.180000066757202,3.190000057220459,3.1500000953674316,3.180000066757202,56315
2010-11-19,3.0399999618530273,3.109999895095825,3.0299999713897705,3.109999895095825,73500
2010-11-22,2.930000066757202,2.990000009536743,2.869999885559082,2.990000009536743,223384
2010-11-23,2.7300000190734863,2.859999895095825,2.7300000190734863,2.859999895095825,111327
2010-11-24,2.890000104904175,2.9100000858306885,2.799999952316284,2.8399999141693115,389882
2010-11-25,2.9000000953674316,2.9200000762939453,2.859999895095825,2.859999895095825,13340
2010-11-26,2.7699999809265137,2.7699999809265137,2.75,2.7699999809265137,7020
2010-11-29,2.869999885559082,2.8399999141693115,2.8299999237060547,2.8399999141693115,11536
2010-11-30,2.880000114440918,2.950000047683716,2.890000104904175,2.950000047683716,89870
2010-12-01,3.0,3.0,2.950000047683716,2.950000047683716,251350
2010-12-02,3.1500000953674316,3.1600000858306885,3.0899999141693115,3.0999999046325684,80565
2010-12-03,3.2899999618530273,3.2799999713897705,3.2100000381469727,3.2100000381469727,759075
2010-12-06,3.2100000381469727,3.259999990463257,3.190000057220459,3.2300000190734863,97942
2010-12-07,3.240000009536743,3.319999933242798,3.25,3.299999952316284,433466
2010-12-08,3.2200000286102295,3.190000057220459,3.130000114440918,3.130000114440918,42432
2010-12-09,3.369999885559082,3.390000104904175,3.2300000190734863,3.25,66170
2010-12-10,3.440000057220459,3.4800000190734863,3.380000114440918,3.380000114440918,147780
2010-12-13,3.490000009536743,3.4700000286102295,3.4600000381469727,3.4600000381469727,10000
2010-12-14,3.609999895095825,3.6500000953674316,3.5899999141693115,3.5899999141693115,60194
2010-12-15,3.5199999809265137,3.569999933242798,3.5199999809265137,3.5299999713897705,9745
2010-12-16,3.619999885559082,3.5799999237060547,3.5799999237060547,3.5799999237060547,31894
2010-12-17,3.6600000858306885,3.640000104904175,3.559999942779541,3.630000114440918,88000
2010-12-20,3.890000104904175,3.869999885559082,3.7899999618530273,3.809999942779541,76326
2010-12-21,4.070000171661377,4.119999885559082,3.9200000762939453,4.070000171661377,203138
2010-12-22,3.7100000381469727,3.819999933242798,3.6700000762939453,3.819999933242798,70580
2010-12-23,3.700000047683716,3.880000114440918,3.569999933242798,3.700000047683716,120679
2010-12-24,3.6679999828338623,3.6679999828338623,3.6679999828338623,3.6679999828338623,0
2010-12-29,3.609999895095825,3.6700000762939453,3.430000066757202,3.6700000762939453,141142
2010-12-30,3.4600000381469727,3.549999952316284,3.4200000762939453,3.5199999809265137,78260
2010-12-31,3.5899999141693115,3.5799999237060547,3.5799999237060547,3.5799999237060547,51716
2011-01-04,3.5199999809265137,3.5299999713897705,3.4100000858306885,3.5299999713897705,138327
2011-01-05,3.5999999046325684,3.5899999141693115,3.5399999618530273,3.5399999618530273,60752
2011-01-06,3.630000114440918,3.7100000381469727,3.5999999046325684,3.700000047683716,42724
2011-01-07,3.5,3.569999933242798,3.4600000381469727,3.4800000190734863,58179
2011-01-10,3.559999942779541,3.559999942779541,3.4800000190734863,3.4800000190734863,7123
2011-01-11,3.680000066757202,3.7200000286102295,3.559999942779541,3.559999942779541,353402
2011-01-12,3.7300000190734863,3.7899999618530273,3.680000066757202,3.759999990463257,48040
2011-01-13,3.690000057220459,3.740000009536743,3.7100000381469727,3.740000009536743,22280
2011-01-14,3.509999990463257,3.619999885559082,3.509999990463257,3.569999933242798,25424
2011-01-17,3.5199999809265137,3.509999990463257,3.509999990463257,3.509999990463257,790
2011-01-18,3.619999885559082,3.630000114440918,3.559999942779541,3.559999942779541,26216
2011-01-19,3.7200000286102295,3.7899999618530273,3.7300000190734863,3.7300000190734863,24503
2011-01-20,3.740000009536743,3.7899999618530273,3.6600000858306885,3.7699999809265137,59056
2011-01-21,3.9200000762939453,3.950000047683716,3.8499999046325684,3.880000114440918,72800
2011-01-24,4.059999942779541,4.079999923706055,3.9800000190734863,4.0,45057
2011-01-25,4.010000228881836,4.079999923706055,3.940000057220459,3.940000057220459,106654
2011-01-26,4.119999885559082,4.159999847412109,4.050000190734863,4.079999923706055,55238
2011-01-27,4.210000038146973,4.289999961853027,4.199999809265137,4.239999771118164,108184
2011-01-28,4.130000114440918,4.150000095367432,4.139999866485596,4.150000095367432,22450
2011-01-31,4.170000076293945,4.230000019073486,4.139999866485596,4.179999828338623,29131
2011-02-01,4.21999979019165,4.28000020980835,4.199999809265137,4.239999771118164,16147
2011-02-02,4.360000133514404,4.389999866485596,4.300000190734863,4.340000152587891,327864
2011-02-03,4.369999885559082,4.46999979019165,4.360000133514404,4.46999979019165,118773
2011-02-04,4.150000095367432,4.25,4.139999866485596,4.25,43451
2011-02-07,4.329999923706055,4.429999828338623,4.170000076293945,4.170000076293945,378060
2011-02-08,4.340000152587891,4.380000114440918,4.340000152587891,4.349999904632568,16383
2011-02-09,4.309999942779541,4.380000114440918,4.320000171661377,4.349999904632568,99688
2011-02-10,4.610000133514404,4.639999866485596,4.5,4.519999980926514,802103
2011-02-11,4.710000038146973,4.869999885559082,4.659999847412109,4.699999809265137,73409
2011-02-14,4.679999828338623,4.849999904632568,4.489999771118164,4.849999904632568,8780
2011-02-15,4.710000038146973,4.78000020980835,4.659999847412109,4.690000057220459,70551
2011-02-16,5.03000020980835,5.050000190734863,4.800000190734863,4.800000190734863,110538
2011-02-17,5.380000114440918,5.380000114440918,5.059999942779541,5.179999828338623,467718
2011-02-18,4.800000190734863,5.079999923706055,4.730000019073486,4.949999809265137,282460
2011-02-21,4.829999923706055,4.900000095367432,4.75,4.900000095367432,163602
2011-02-22,4.599999904632568,4.760000228881836,4.550000190734863,4.75,183341
2011-02-23,4.570000171661377,4.690000057220459,4.420000076293945,4.599999904632568,378331
2011-02-24,4.440000057220459,4.480000019073486,4.429999828338623,4.46999979019165,42604
2011-02-25,4.579999923706055,4.53000020980835,4.429999828338623,4.429999828338623,28564
2011-02-28,4.96999979019165,5.010000228881836,4.800000190734863,4.800000190734863,48624
2011-03-01,5.119999885559082,5.190000057220459,5.0,5.099999904632568,336553
2011-03-02,5.059999942779541,5.119999885559082,5.0,5.039999961853027,62686
2011-03-03,5.119999885559082,5.260000228881836,5.059999942779541,5.210000038146973,50185
2011-03-04,5.349999904632568,5.420000076293945,5.309999942779541,5.369999885559082,28304
2011-03-07,5.699999809265137,5.710000038146973,5.489999771118164,5.489999771118164,246292
2011-03-08,5.289999961853027,5.400000095367432,5.25,5.380000114440918,61400
2011-03-09,5.190000057220459,5.369999885559082,5.239999771118164,5.28000020980835,68301
2011-03-10,5.170000076293945,5.159999847412109,5.099999904632568,5.099999904632568,115918
2011-03-11,5.090000152587891,5.099999904632568,4.929999828338623,5.0,80474
2011-03-14,4.929999828338623,5.059999942779541,4.880000114440918,5.059999942779541,47696
2011-03-15,4.78000020980835,4.860000133514404,4.730000019073486,4.840000152587891,124648
2011-03-16,4.789999961853027,4.980000019073486,4.849999904632568,4.980000019073486,59223
2011-03-17,4.860000133514404,4.789999961853027,4.710000038146973,4.730000019073486,40877
2011-03-18,5.03000020980835,5.019999980926514,4.980000019073486,5.0,75450
2011-03-21,4.96999979019165,5.079999923706055,4.949999809265137,4.980000019073486,69800
2011-03-22,5.139999866485596,5.150000095367432,4.96999979019165,4.96999979019165,24560
2011-03-23,5.03000020980835,5.260000228881836,5.0,5.260000228881836,77015
2011-03-24,5.130000114440918,5.039999961853027,4.940000057220459,4.940000057220459,21552
2011-03-25,5.099999904632568,5.28000020980835,5.199999809265137,5.28000020980835,30200
2011-03-28,4.940000057220459,5.0,4.920000076293945,4.949999809265137,44884
2011-03-29,4.900000095367432,5.0,4.900000095367432,5.0,14452
2011-03-30,4.889999866485596,4.889999866485596,4.889999866485596,4.889999866485596,1766
2011-03-31,4.949999809265137,5.0,4.860000133514404,4.889999866485596,40812
2011-04-01,4.960000038146973,4.949999809265137,4.920000076293945,4.929999828338623,160408
2011-04-04,4.889999866485596,4.909999847412109,4.860000133514404,4.889999866485596,30966
2011-04-05,4.829999923706055,4.900000095367432,4.820000171661377,4.900000095367432,6600
2011-04-06,5.300000190734863,5.400000095367432,5.130000114440918,5.159999847412109,127113
2011-04-07,5.320000171661377,5.409999847412109,5.289999961853027,5.340000152587891,77628
2011-04-08,5.21999979019165,5.340000152587891,5.21999979019165,5.260000228881836,60339
2011-04-11,5.070000171661377,5.210000038146973,5.050000190734863,5.210000038146973,5452
2011-04-12,4.949999809265137,5.119999885559082,4.980000019073486,5.119999885559082,5188
2011-04-13,5.050000190734863,5.03000020980835,5.0,5.03000020980835,6450
2011-04-14,4.789999961853027,4.880000114440918,4.800000190734863,4.849999904632568,18599
2011-04-15,4.809999942779541,4.860000133514404,4.800000190734863,4.800000190734863,69528
2011-04-18,4.820000171661377,4.840000152587891,4.659999847412109,4.840000152587891,88404
2011-04-19,4.630000114440918,4.75,4.639999866485596,4.699999809265137,33740
2011-04-20,4.550000190734863,4.699999809265137,4.550000190734863,4.690000057220459,29011
2011-04-21,4.489999771118164,4.539999961853027,4.429999828338623,4.489999771118164,148440
2011-04-26,4.369999885559082,4.440000057220459,4.369999885559082,4.440000057220459,43009
2011-04-27,4.130000114440918,4.210000038146973,4.130000114440918,4.210000038146973,130961
2011-04-28,4.0,4.130000114440918,3.9800000190734863,4.130000114440918,89031
2011-04-29,4.0,4.0,4.0,4.0,0
2011-05-03,4.230000019073486,4.260000228881836,4.179999828338623,4.179999828338623,110885
2011-05-04,4.059999942779541,4.190000057220459,4.079999923706055,4.139999866485596,147439
2011-05-05,3.9000000953674316,3.9800000190734863,3.890000104904175,3.9700000286102295,59396
2011-05-06,3.940000057220459,3.9700000286102295,3.890000104904175,3.940000057220459,60791
2011-05-09,3.930000066757202,3.990000009536743,3.890000104904175,3.890000104904175,57960
2011-05-10,3.9600000381469727,3.9700000286102295,3.890000104904175,3.9600000381469727,93287
2011-05-11,4.010000228881836,4.119999885559082,4.090000152587891,4.099999904632568,152958
2011-05-12,3.890000104904175,3.9800000190734863,3.940000057220459,3.940000057220459,13300
2011-05-13,3.9200000762939453,3.9800000190734863,3.9800000190734863,3.9800000190734863,24403
2011-05-16,4.050000190734863,3.9700000286102295,3.9700000286102295,3.9700000286102295,765
2011-05-17,4.159999847412109,4.159999847412109,4.159999847412109,4.159999847412109,7500
2011-05-18,4.284999847412109,4.284999847412109,4.284999847412109,4.284999847412109,0
2011-05-19,4.179999828338623,4.320000171661377,4.25,4.320000171661377,56416
2011-05-20,4.138500213623047,4.138500213623047,4.138500213623047,4.138500213623047,0
2011-05-23,4.199999809265137,4.179999828338623,4.159999847412109,4.159999847412109,20099
2011-05-24,4.199999809265137,4.25,4.210000038146973,4.210000038146973,6610
2011-05-25,4.28000020980835,4.260000228881836,4.199999809265137,4.210000038146973,42624
2011-05-26,4.079999923706055,4.210000038146973,4.090000152587891,4.210000038146973,4830
2011-05-27,4.119999885559082,4.119999885559082,4.119999885559082,4.119999885559082,0
2011-05-31,4.260000228881836,4.25,4.25,4.25,1223
2011-06-01,4.349999904632568,4.340000152587891,4.309999942779541,4.329999923706055,182656
2011-06-02,4.440000057220459,4.440000057220459,4.440000057220459,4.440000057220459,0
2011-06-03,4.380000114440918,4.539999961853027,4.380000114440918,4.5,13400
2011-06-06,4.25,4.309999942779541,4.239999771118164,4.300000190734863,72402
2011-06-07,4.010000228881836,4.210000038146973,4.039999961853027,4.210000038146973,142917
2011-06-08,3.9100000858306885,4.0,3.9100000858306885,3.990000009536743,56533
2011-06-09,4.050000190734863,4.010000228881836,3.930000066757202,3.9700000286102295,143910
2011-06-10,4.0,4.070000171661377,3.9800000190734863,4.070000171661377,149300
2011-06-13,4.03000020980835,4.019999980926514,3.9800000190734863,4.0,125705
2011-06-14,3.9600000381469727,4.0,3.930000066757202,3.950000047683716,416011
2011-06-15,3.880000114440918,4.0,3.809999942779541,4.0,124369
2011-06-16,3.6600000858306885,3.75,3.700000047683716,3.75,62479
2011-06-17,3.759999990463257,3.75,3.640000104904175,3.700000047683716,35922
2011-06-20,3.759999990463257,3.7899999618530273,3.7899999618530273,3.7899999618530273,89161
2011-06-21,3.8350000381469727,3.8350000381469727,3.8350000381469727,3.8350000381469727,0
2011-06-22,3.7300000190734863,3.759999990463257,3.740000009536743,3.759999990463257,85281
2011-06-23,3.6500000953674316,3.7200000286102295,3.6700000762939453,3.6700000762939453,7910
2011-06-24,3.6600000858306885,3.680000066757202,3.619999885559082,3.6500000953674316,70800
2011-06-27,3.559999942779541,3.569999933242798,3.5299999713897705,3.569999933242798,27000
2011-06-28,3.6700000762939453,3.700000047683716,3.6700000762939453,3.6700000762939453,54200
2011-06-29,3.680000066757202,3.7699999809265137,3.740000009536743,3.740000009536743,115350
2011-06-30,3.5399999618530273,3.7200000286102295,3.509999990463257,3.700000047683716,231479
2011-07-01,3.569999933242798,3.609999895095825,3.5899999141693115,3.609999895095825,61093
2011-07-04,3.569999933242798,3.569999933242798,3.569999933242798,3.569999933242798,6148
2011-07-05,3.490000009536743,3.5999999046325684,3.569999933242798,3.5799999237060547,6947
2011-07-06,3.4800000190734863,3.5299999713897705,3.5199999809265137,3.5299999713897705,10799
2011-07-07,3.450000047683716,3.430000066757202,3.430000066757202,3.430000066757202,30
2011-07-08,3.4700000286102295,3.5199999809265137,3.450000047683716,3.490000009536743,25000
2011-07-11,3.259999990463257,3.430000066757202,3.240000009536743,3.430000066757202,204713
2011-07-12,3.190000057220459,3.190000057220459,3.140000104904175,3.190000057220459,130024
2011-07-13,3.259999990463257,3.259999990463257,3.200000047683716,3.200000047683716,22565
2011-07-14,3.119999885559082,3.2300000190734863,3.1500000953674316,3.2300000190734863,440363
2011-07-15,2.950000047683716,3.069999933242798,2.9800000190734863,3.069999933242798,248152
2011-07-18,2.890000104904175,3.0,2.8399999141693115,3.0,131159
2011-07-19,3.0899999141693115,3.0999999046325684,3.0199999809265137,3.0399999618530273,83409
2011-07-20,3.069999933242798,3.0799999237060547,3.0,3.0799999237060547,17701
2011-07-21,3.0,3.049999952316284,2.9600000381469727,3.0299999713897705,12376
2011-07-22,2.990000009536743,3.0299999713897705,2.9700000286102295,3.0299999713897705,42689
2011-07-25,2.9600000381469727,2.9700000286102295,2.950000047683716,2.9700000286102295,360500
2011-07-26,2.880000114440918,2.940000057220459,2.8399999141693115,2.940000057220459,18720
2011-07-27,3.0799999237060547,3.1700000762939453,3.069999933242798,3.069999933242798,284606
2011-07-28,3.0899999141693115,3.130000114440918,3.0799999237060547,3.130000114440918,13500
2011-07-29,3.059999942779541,3.0799999237060547,2.9600000381469727,3.0299999713897705,21776
2011-08-01,3.0799999237060547,3.0799999237060547,3.0399999618530273,3.0799999237060547,266725
2011-08-02,3.1700000762939453,3.180000066757202,3.0999999046325684,3.109999895095825,294171
2011-08-03,3.180000066757202,3.2100000381469727,3.1700000762939453,3.190000057220459,40323
2011-08-04,3.119999885559082,3.1500000953674316,3.119999885559082,3.1500000953674316,26683
2011-08-05,3.109999895095825,3.1700000762939453,3.0799999237060547,3.140000104904175,207666
2011-08-08,3.0,3.069999933242798,2.9800000190734863,3.0199999809265137,151960
2011-08-09,2.9700000286102295,2.9800000190734863,2.9000000953674316,2.930000066757202,27094
2011-08-10,2.950000047683716,2.990000009536743,2.9600000381469727,2.9700000286102295,12671
2011-08-11,2.9644999504089355,2.9644999504089355,2.9644999504089355,2.9644999504089355,0
2011-08-12,3.0404999256134033,3.0399999618530273,2.9805500507354736,2.996000051498413,5473
2011-08-15,3.1600000858306885,3.119999885559082,3.0799999237060547,3.0799999237060547,5810
2011-08-16,3.130000114440918,3.1600000858306885,3.109999895095825,3.140000104904175,293900
2011-08-17,3.299999952316284,3.299999952316284,3.1600000858306885,3.1700000762939453,439459
2011-08-18,3.190000057220459,3.259999990463257,3.1600000858306885,3.259999990463257,251091
2011-08-19,3.2699999809265137,3.2699999809265137,3.2100000381469727,3.2200000286102295,21765
2011-08-22,3.259999990463257,3.2200000286102295,3.180000066757202,3.200000047683716,204031
2011-08-23,3.2200000286102295,3.25,3.200000047683716,3.25,52500
2011-08-24,3.2699999809265137,3.2699999809265137,3.2200000286102295,3.2200000286102295,361786
2011-08-25,3.0899999141693115,3.2200000286102295,3.0799999237060547,3.2200000286102295,522330
2011-08-26,3.130000114440918,3.119999885559082,3.0999999046325684,3.119999885559082,9244
2011-08-30,3.2100000381469727,3.1700000762939453,3.140000104904175,3.1600000858306885,50915
2011-08-31,3.2200000286102295,3.2200000286102295,3.200000047683716,3.2200000286102295,9000
2011-09-01,3.200000047683716,3.2300000190734863,3.180000066757202,3.180000066757202,40592
2011-09-02,3.2065000534057617,3.2065000534057617,3.2065000534057617,3.2065000534057617,0
2011-09-05,3.200000047683716,3.200000047683716,3.200000047683716,3.200000047683716,8000
2011-09-06,3.190000057220459,3.190000057220459,3.1700000762939453,3.1700000762939453,57502
2011-09-07,3.369999885559082,3.369999885559082,3.240000009536743,3.25,85700
2011-09-08,3.4800000190734863,3.5,3.430000066757202,3.4600000381469727,30763
2011-09-09,3.369999885559082,3.4600000381469727,3.4000000953674316,3.440000057220459,21982
2011-09-12,3.369999885559082,3.4000000953674316,3.359999895095825,3.390000104904175,17014
2011-09-13,3.390000104904175,3.430000066757202,3.390000104904175,3.430000066757202,18101
2011-09-14,3.440000057220459,3.430000066757202,3.4000000953674316,3.4000000953674316,25979
2011-09-15,3.3499999046325684,3.4800000190734863,3.380000114440918,3.4800000190734863,45518
2011-09-16,3.380000114440918,3.4000000953674316,3.4000000953674316,3.4000000953674316,15000
2011-09-19,3.2300000190734863,3.319999933242798,3.2300000190734863,3.319999933242798,60049
2011-09-20,3.2300000190734863,3.2300000190734863,3.200000047683716,3.2200000286102295,98950
2011-09-21,3.1600000858306885,3.200000047683716,3.130000114440918,3.200000047683716,30024
2011-09-22,3.0399999618530273,3.069999933242798,3.0399999618530273,3.049999952316284,155690
2011-09-23,3.0399999618530273,3.0,2.990000009536743,2.990000009536743,35128
2011-09-26,3.059999942779541,3.059999942779541,3.059999942779541,3.059999942779541,110
2011-09-27,3.049999952316284,3.0899999141693115,3.059999942779541,3.0899999141693115,53000
2011-09-28,3.0299999713897705,3.0299999713897705,3.0299999713897705,3.0299999713897705,1500
2011-09-29,3.049999952316284,3.0399999618530273,2.9700000286102295,2.9700000286102295,145432
2011-09-30,3.0199999809265137,3.059999942779541,3.049999952316284,3.049999952316284,64850
2011-10-03,2.990000009536743,3.0,2.9600000381469727,2.990000009536743,157164
2011-10-04,3.059999942779541,3.0799999237060547,2.9700000286102295,2.990000009536743,118497
2011-10-05,3.0799999237060547,3.0799999237060547,3.0799999237060547,3.0799999237060547,10000
2011-10-06,3.0899999141693115,3.0799999237060547,3.0799999237060547,3.0799999237060547,3460
2011-10-07,3.0899999141693115,3.0899999141693115,3.0899999141693115,3.0899999141693115,200
2011-10-10,3.130000114440918,3.130000114440918,3.0999999046325684,3.0999999046325684,126040
2011-10-11,3.130000114440918,3.119999885559082,3.119999885559082,3.119999885559082,2665
2011-10-12,3.0299999713897705,3.140000104904175,3.059999942779541,3.130000114440918,2494
2011-10-13,3.07450008392334,3.07450008392334,3.07450008392334,3.07450008392334,0
2011-10-14,3.0999999046325684,3.130000114440918,3.0799999237060547,3.0899999141693115,3595
2011-10-17,3.0399999618530273,3.049999952316284,3.049999952316284,3.049999952316284,44000
2011-10-18,3.0299999713897705,3.009999990463257,3.009999990463257,3.009999990463257,23650
2011-10-19,3.069999933242798,3.069999933242798,3.059999942779541,3.059999942779541,5650
2011-10-20,2.9700000286102295,3.0199999809265137,3.0,3.0199999809265137,13409
2011-10-21,2.934000015258789,2.934000015258789,2.934000015258789,2.934000015258789,0
2011-10-24,2.945499897003174,2.945499897003174,2.945499897003174,2.945499897003174,0
2011-10-25,3.0199999809265137,2.9700000286102295,2.950000047683716,2.950000047683716,287784
2011-10-26,3.009500026702881,3.009500026702881,3.009500026702881,3.009500026702881,0
2011-10-27,3.0999999046325684,3.0999999046325684,3.0799999237060547,3.0799999237060547,28843
2011-10-28,3.1500000953674316,3.1600000858306885,3.140000104904175,3.1600000858306885,7786
2011-10-31,3.069999933242798,3.140000104904175,3.059999942779541,3.140000104904175,4175
2011-11-01,2.990000009536743,3.059999942779541,2.9800000190734863,3.059999942779541,13955
2011-11-02,3.0,3.009999990463257,3.009999990463257,3.009999990463257,640
2011-11-03,2.940000057220459,2.9700000286102295,2.9700000286102295,2.9700000286102295,8000
2011-11-04,2.9700000286102295,2.9600000381469727,2.9600000381469727,2.9600000381469727,180
2011-11-07,2.950000047683716,2.9700000286102295,2.9600000381469727,2.9600000381469727,1512
2011-11-08,2.9200000762939453,2.9200000762939453,2.9100000858306885,2.9100000858306885,173752
2011-11-09,2.930000066757202,2.9100000858306885,2.9100000858306885,2.9100000858306885,700
2011-11-10,2.9800000190734863,3.0399999618530273,2.9600000381469727,2.9600000381469727,11990
2011-11-11,2.9574999809265137,2.9574999809265137,2.9574999809265137,2.9574999809265137,0
2011-11-14,2.940000057220459,2.9800000190734863,2.930000066757202,2.930000066757202,16046
2011-11-15,3.009999990463257,3.009999990463257,2.930000066757202,2.930000066757202,33560
2011-11-16,3.0299999713897705,3.0399999618530273,3.009999990463257,3.009999990463257,21618
2011-11-17,2.9600000381469727,3.059999942779541,3.0,3.059999942779541,18654
2011-11-18,2.9100000858306885,2.950000047683716,2.9000000953674316,2.9000000953674316,10167
2011-11-21,2.740000009536743,2.8299999237060547,2.799999952316284,2.8299999237060547,14943
2011-11-22,2.740000009536743,2.75,2.740000009536743,2.75,12850
2011-11-23,2.740000009536743,2.7799999713897705,2.7300000190734863,2.7300000190734863,16473
2011-11-24,2.755500078201294,2.755500078201294,2.755500078201294,2.755500078201294,0
2011-11-25,2.7300000190734863,2.740000009536743,2.740000009536743,2.740000009536743,800
2011-11-28,2.7799999713897705,2.799999952316284,2.7799999713897705,2.799999952316284,1006
2011-11-29,2.690000057220459,2.740000009536743,2.690000057220459,2.740000009536743,14385
2011-11-30,2.809999942779541,2.8299999237060547,2.759999990463257,2.759999990463257,282323
2011-12-01,2.7699999809265137,2.7899999618530273,2.7899999618530273,2.7899999618530273,2075
2011-12-02,2.7709999084472656,2.7709999084472656,2.7709999084472656,2.7709999084472656,0
2011-12-05,2.7899999618530273,2.799999952316284,2.7899999618530273,2.7899999618530273,1400
2011-12-06,2.819999933242798,2.799999952316284,2.799999952316284,2.799999952316284,49000
2011-12-07,2.799999952316284,2.819999933242798,2.819999933242798,2.819999933242798,3128
2011-12-08,2.7899999618530273,2.7799999713897705,2.7799999713897705,2.7799999713897705,7000
2011-12-09,2.75,2.799999952316284,2.799999952316284,2.799999952316284,12500
2011-12-12,2.6500000953674316,2.740000009536743,2.680000066757202,2.7100000381469727,7246
2011-12-13,2.640000104904175,2.619999885559082,2.619999885559082,2.619999885559082,990
2011-12-14,2.5799999237060547,2.5799999237060547,2.5799999237060547,2.5799999237060547,1000
2011-12-15,2.609999895095825,2.5999999046325684,2.5899999141693115,2.5999999046325684,612
2011-12-16,2.630000114440918,2.630000114440918,2.630000114440918,2.630000114440918,1000
2011-12-19,2.640000104904175,2.630000114440918,2.630000114440918,2.630000114440918,1182
2011-12-20,2.6500000953674316,2.6500000953674316,2.640000104904175,2.6500000953674316,12171
2011-12-21,2.609999895095825,2.609999895095825,2.609999895095825,2.609999895095825,8500
2011-12-22,2.640000104904175,2.640000104904175,2.640000104904175,2.640000104904175,1182
2011-12-23,2.631999969482422,2.631999969482422,2.631999969482422,2.631999969482422,0
2011-12-28,2.7799999713897705,2.7799999713897705,2.7300000190734863,2.7300000190734863,55115
2011-12-29,2.7200000286102295,2.7799999713897705,2.7300000190734863,2.7699999809265137,19410
2011-12-30,2.7739999294281006,2.7739999294281006,2.7739999294281006,2.7739999294281006,0
2012-01-03,2.890000104904175,2.799999952316284,2.7699999809265137,2.7699999809265137,592
2012-01-04,2.9000000953674316,2.890000104904175,2.890000104904175,2.890000104904175,14052
2012-01-05,2.884000062942505,2.884000062942505,2.884000062942505,2.884000062942505,0
2012-01-06,2.880000114440918,2.890000104904175,2.890000104904175,2.890000104904175,51600
2012-01-09,2.8499999046325684,2.9200000762939453,2.8399999141693115,2.9100000858306885,138830
2012-01-10,2.930000066757202,2.9200000762939453,2.9200000762939453,2.9200000762939453,4000
2012-01-11,2.9000000953674316,2.950000047683716,2.9000000953674316,2.950000047683716,1535
2012-01-12,2.8889999389648438,2.8889999389648438,2.8889999389648438,2.8889999389648438,0
2012-01-13,2.880000114440918,2.9000000953674316,2.880000114440918,2.9000000953674316,760
2012-01-16,2.8910000324249268,2.8910000324249268,2.8910000324249268,2.8910000324249268,0
2012-01-17,2.990000009536743,3.0,2.9000000953674316,2.9000000953674316,1352
2012-01-18,2.950000047683716,2.9600000381469727,2.940000057220459,2.9600000381469727,15729
2012-01-19,2.9700000286102295,2.9700000286102295,2.950000047683716,2.950000047683716,53000
2012-01-20,2.9700000286102295,2.9800000190734863,2.9700000286102295,2.9800000190734863,50216
2012-01-23,2.990000009536743,3.009999990463257,3.0,3.0,151316
2012-01-24,3.009999990463257,3.009999990463257,3.0,3.0,26268
2012-01-25,2.9100000858306885,2.940000057220459,2.9100000858306885,2.940000057220459,11559
2012-01-26,2.9114999771118164,2.9114999771118164,2.9114999771118164,2.9114999771118164,0
2012-01-27,2.9000000953674316,2.9000000953674316,2.9000000953674316,2.9000000953674316,776
2012-01-30,2.869999885559082,2.9000000953674316,2.9000000953674316,2.9000000953674316,2345
2012-01-31,2.859999895095825,2.859999895095825,2.8499999046325684,2.859999895095825,11835
2012-02-01,2.8299999237060547,2.819999933242798,2.819999933242798,2.819999933242798,25900
2012-02-02,2.8345000743865967,2.8345000743865967,2.8345000743865967,2.8345000743865967,0
2012-02-03,2.9200000762939453,2.9000000953674316,2.869999885559082,2.869999885559082,7513
2012-02-06,2.930000066757202,2.940000057220459,2.9200000762939453,2.930000066757202,5454
2012-02-07,2.880000114440918,2.9100000858306885,2.9100000858306885,2.9100000858306885,20000
2012-02-08,2.859999895095825,2.880000114440918,2.880000114440918,2.880000114440918,200
2012-02-09,2.7899999618530273,2.8299999237060547,2.799999952316284,2.8299999237060547,920
2012-02-10,2.75,2.7699999809265137,2.75,2.7699999809265137,15807
2012-02-13,2.759999990463257,2.799999952316284,2.799999952316284,2.799999952316284,17267
2012-02-14,2.740000009536743,2.7799999713897705,2.740000009536743,2.7799999713897705,5051
2012-02-15,2.809999942779541,2.7899999618530273,2.759999990463257,2.759999990463257,7340
2012-02-16,2.799999952316284,2.759999990463257,2.759999990463257,2.759999990463257,92000
2012-02-17,2.759999990463257,2.7899999618530273,2.7899999618530273,2.7899999618530273,45200
2012-02-20,2.7699999809265137,2.7799999713897705,2.7799999713897705,2.7799999713897705,559
2012-02-21,2.7799999713897705,2.7799999713897705,2.7799999713897705,2.7799999713897705,2770
2012-02-22,2.7100000381469727,2.7799999713897705,2.7799999713897705,2.7799999713897705,1838
2012-02-23,2.6600000858306885,2.7200000286102295,2.6500000953674316,2.7200000286102295,39135
2012-02-24,2.6700000762939453,2.680000066757202,2.6600000858306885,2.680000066757202,5222
2012-02-27,2.700000047683716,2.7200000286102295,2.7100000381469727,2.7100000381469727,1256
2012-02-28,2.742500066757202,2.742500066757202,2.742500066757202,2.742500066757202,0
2012-02-29,2.7300000190734863,2.75,2.7300000190734863,2.75,5043
2012-03-01,2.6700000762939453,2.700000047683716,2.6700000762939453,2.700000047683716,598
2012-03-02,2.631500005722046,2.631500005722046,2.631500005722046,2.631500005722046,0
2012-03-05,2.799999952316284,2.799999952316284,2.75,2.75,19900
2012-03-06,2.740000009536743,2.759999990463257,2.759999990463257,2.759999990463257,1883
2012-03-07,2.700000047683716,2.7300000190734863,2.680000066757202,2.690000057220459,16348
2012-03-08,2.680000066757202,2.7100000381469727,2.690000057220459,2.7100000381469727,17658
2012-03-09,2.690000057220459,2.680000066757202,2.640000104904175,2.6700000762939453,21550
2012-03-12,2.630000114440918,2.6600000858306885,2.5999999046325684,2.619999885559082,8224
2012-03-13,2.640000104904175,2.640000104904175,2.630000114440918,2.630000114440918,20000
2012-03-14,2.5999999046325684,2.619999885559082,2.609999895095825,2.609999895095825,3240
2012-03-15,2.609999895095825,2.619999885559082,2.5999999046325684,2.5999999046325684,1049
2012-03-16,2.5899999141693115,2.5999999046325684,2.5999999046325684,2.5999999046325684,4700
2012-03-19,2.6500000953674316,2.6700000762939453,2.640000104904175,2.6500000953674316,4269
2012-03-20,2.640000104904175,2.640000104904175,2.630000114440918,2.640000104904175,1416
2012-03-21,2.6500000953674316,2.6500000953674316,2.619999885559082,2.619999885559082,71007
2012-03-22,2.6600000858306885,2.619999885559082,2.619999885559082,2.619999885559082,1000
2012-03-23,2.680000066757202,2.6700000762939453,2.6700000762939453,2.6700000762939453,1352
2012-03-26,2.680000066757202,2.680000066757202,2.6700000762939453,2.680000066757202,39975
2012-03-27,2.740000009536743,2.740000009536743,2.7200000286102295,2.7200000286102295,11700
2012-03-28,2.7699999809265137,2.759999990463257,2.759999990463257,2.759999990463257,5180
2012-03-29,2.7899999618530273,2.799999952316284,2.7899999618530273,2.799999952316284,137147
2012-03-30,2.7720000743865967,2.7720000743865967,2.7720000743865967,2.7720000743865967,0
2012-04-02,2.7799999713897705,2.7799999713897705,2.7699999809265137,2.7699999809265137,1759
2012-04-03,2.7614998817443848,2.7614998817443848,2.7614998817443848,2.7614998817443848,0
2012-04-04,2.702500104904175,2.702500104904175,2.702500104904175,2.702500104904175,0
2012-04-05,2.640000104904175,2.690000057220459,2.6500000953674316,2.690000057220459,3368
2012-04-10,2.6600000858306885,2.690000057220459,2.6500000953674316,2.6500000953674316,7712
2012-04-11,2.7200000286102295,2.7200000286102295,2.7100000381469727,2.7100000381469727,2461
2012-04-12,2.734999895095825,2.734999895095825,2.734999895095825,2.734999895095825,0
2012-04-13,2.7300000190734863,2.740000009536743,2.740000009536743,2.740000009536743,184
2012-04-16,2.7100000381469727,2.7200000286102295,2.7200000286102295,2.7200000286102295,1516
2012-04-17,2.690000057220459,2.680000066757202,2.680000066757202,2.680000066757202,22
2012-04-18,2.7074999809265137,2.7074999809265137,2.7074999809265137,2.7074999809265137,0
2012-04-19,2.7699999809265137,2.759999990463257,2.759999990463257,2.759999990463257,8800
2012-04-20,2.740000009536743,2.740000009536743,2.740000009536743,2.740000009536743,2000
2012-04-23,2.809000015258789,2.809000015258789,2.809000015258789,2.809000015258789,0
2012-04-24,2.7699999809265137,2.809999942779541,2.799999952316284,2.799999952316284,10435
2012-04-25,2.759999990463257,2.819999933242798,2.799999952316284,2.799999952316284,1460
2012-04-26,2.7799999713897705,2.7899999618530273,2.7899999618530273,2.7899999618530273,3423
2012-04-27,2.799999952316284,2.799999952316284,2.7899999618530273,2.7899999618530273,105814
2012-04-30,2.690000057220459,2.75,2.690000057220459,2.75,4886
2012-05-01,2.7300000190734863,2.7200000286102295,2.7200000286102295,2.7200000286102295,1219
2012-05-02,2.7200000286102295,2.7200000286102295,2.7200000286102295,2.7200000286102295,1000
2012-05-03,2.7100000381469727,2.7200000286102295,2.7200000286102295,2.7200000286102295,230
2012-05-04,2.700000047683716,2.7200000286102295,2.7200000286102295,2.7200000286102295,885
2012-05-08,2.630000114440918,2.640000104904175,2.640000104904175,2.640000104904175,450
2012-05-09,2.618499994277954,2.618499994277954,2.618499994277954,2.618499994277954,0
2012-05-10,2.5799999237060547,2.5799999237060547,2.5799999237060547,2.5799999237060547,45
2012-05-11,2.440000057220459,2.440000057220459,2.380000114440918,2.4000000953674316,129017
2012-05-14,2.4200000762939453,2.4100000858306885,2.359999895095825,2.359999895095825,3732
2012-05-15,2.4100000858306885,2.450000047683716,2.4000000953674316,2.450000047683716,7908
2012-05-16,2.369999885559082,2.4200000762939453,2.380000114440918,2.390000104904175,41891
2012-05-17,2.359999895095825,2.359999895095825,2.3499999046325684,2.3499999046325684,4294
2012-05-18,2.359999895095825,2.3399999141693115,2.3399999141693115,2.3399999141693115,150
2012-05-21,2.3499999046325684,2.369999885559082,2.369999885559082,2.369999885559082,4012
2012-05-22,2.2899999618530273,2.3499999046325684,2.3299999237060547,2.3299999237060547,834
2012-05-23,2.200000047683716,2.2300000190734863,2.180000066757202,2.2200000286102295,962971
2012-05-24,2.2200000286102295,2.2300000190734863,2.2200000286102295,2.2300000190734863,68112
2012-05-25,2.2269999980926514,2.2269999980926514,2.2269999980926514,2.2269999980926514,0
2012-05-29,2.2699999809265137,2.2799999713897705,2.240000009536743,2.2699999809265137,6305
2012-05-30,2.1600000858306885,2.190000057220459,2.190000057220459,2.190000057220459,2000
2012-05-31,2.1600000858306885,2.1500000953674316,2.140000104904175,2.1500000953674316,33150
2012-06-01,2.140000104904175,2.1500000953674316,2.140000104904175,2.1500000953674316,53350
2012-06-06,2.109999895095825,2.119999885559082,2.069999933242798,2.0799999237060547,367606
2012-06-07,2.25,2.2300000190734863,2.1500000953674316,2.1500000953674316,87834
2012-06-08,2.2200000286102295,2.450000047683716,2.2100000381469727,2.450000047683716,3995
2012-06-11,2.2300000190734863,2.25,2.25,2.25,450000
2012-06-12,2.259999990463257,2.25,2.25,2.25,4410
2012-06-13,2.265500068664551,2.265500068664551,2.265500068664551,2.265500068664551,0
2012-06-14,2.3399999141693115,2.3499999046325684,2.3499999046325684,2.3499999046325684,1978
2012-06-15,2.2964999675750732,2.2964999675750732,2.2964999675750732,2.2964999675750732,0
2012-06-18,2.319999933242798,2.299999952316284,2.2899999618530273,2.2899999618530273,1249
2012-06-19,2.4100000858306885,2.390000104904175,2.3499999046325684,2.3499999046325684,232000
2012-06-20,2.3399999141693115,2.380000114440918,2.319999933242798,2.369999885559082,31573
2012-06-21,2.200000047683716,2.2799999713897705,2.240000009536743,2.2799999713897705,2232
2012-06-22,2.240000009536743,2.25,2.2100000381469727,2.25,30269
2012-06-25,2.253000020980835,2.253000020980835,2.253000020980835,2.253000020980835,0
2012-06-26,2.2300000190734863,2.259999990463257,2.259999990463257,2.259999990463257,13881
2012-06-27,2.2300000190734863,2.240000009536743,2.2200000286102295,2.2300000190734863,26732
2012-06-28,2.2100000381469727,2.190000057220459,2.190000057220459,2.190000057220459,1418
2012-06-29,2.2799999713897705,2.309999942779541,2.2799999713897705,2.2799999713897705,1400
2012-07-02,2.309999942779541,2.309999942779541,2.299999952316284,2.299999952316284,1000
2012-07-03,2.359999895095825,2.359999895095825,2.309999942779541,2.3499999046325684,111906
2012-07-04,2.3399999141693115,2.369999885559082,2.3499999046325684,2.369999885559082,11104
2012-07-05,2.319999933242798,2.359999895095825,2.3299999237060547,2.359999895095825,57506
2012-07-06,2.2899999618530273,2.309999942779541,2.2799999713897705,2.299999952316284,69191
2012-07-09,2.319999933242798,2.309999942779541,2.309999942779541,2.309999942779541,6697
2012-07-10,2.299999952316284,2.319999933242798,2.319999933242798,2.319999933242798,1100
2012-07-11,2.299999952316284,2.3399999141693115,2.2899999618530273,2.309999942779541,222083
2012-07-12,2.259999990463257,2.3299999237060547,2.2699999809265137,2.3299999237060547,28271
2012-07-13,2.3399999141693115,2.3399999141693115,2.3399999141693115,2.3399999141693115,996
2012-07-16,2.359999895095825,2.369999885559082,2.3499999046325684,2.3499999046325684,17701
2012-07-17,2.299999952316284,2.3499999046325684,2.3299999237060547,2.3399999141693115,218206
2012-07-18,2.3399999141693115,2.3299999237060547,2.309999942779541,2.309999942779541,3030
2012-07-19,2.3340001106262207,2.3340001106262207,2.3340001106262207,2.3340001106262207,0
2012-07-20,2.3499999046325684,2.369999885559082,2.359999895095825,2.359999895095825,21300
2012-07-23,2.3499999046325684,2.3299999237060547,2.319999933242798,2.319999933242798,35161
2012-07-24,2.3399999141693115,2.3499999046325684,2.3299999237060547,2.3499999046325684,231917
2012-07-25,2.2899999618530273,2.319999933242798,2.319999933242798,2.319999933242798,400025
2012-07-26,2.2699999809265137,2.2699999809265137,2.2699999809265137,2.2699999809265137,21230
2012-07-27,2.3399999141693115,2.3499999046325684,2.3499999046325684,2.3499999046325684,11805
2012-07-30,2.309999942779541,2.319999933242798,2.299999952316284,2.319999933242798,4952
2012-07-31,2.3299999237060547,2.319999933242798,2.309999942779541,2.309999942779541,17980
2012-08-01,2.2964999675750732,2.2964999675750732,2.2964999675750732,2.2964999675750732,0
2012-08-02,2.2699999809265137,2.299999952316284,2.299999952316284,2.299999952316284,68390
2012-08-03,2.3499999046325684,2.3399999141693115,2.299999952316284,2.299999952316284,51591
2012-08-06,2.440000057220459,2.430000066757202,2.4100000858306885,2.4100000858306885,13597
2012-08-07,2.450000047683716,2.440000057220459,2.440000057220459,2.440000057220459,12887
2012-08-08,2.4700000286102295,2.4200000762939453,2.4200000762939453,2.4200000762939453,16042
2012-08-09,2.450000047683716,2.4700000286102295,2.4600000381469727,2.4700000286102295,188767
2012-08-10,2.4100000858306885,2.450000047683716,2.430000066757202,2.430000066757202,7426
2012-08-13,2.3399999141693115,2.359999895095825,2.3399999141693115,2.3399999141693115,44785
2012-08-14,2.3299999237060547,2.359999895095825,2.319999933242798,2.319999933242798,9785
2012-08-15,2.3399999141693115,2.369999885559082,2.359999895095825,2.359999895095825,4633
2012-08-16,2.3499999046325684,2.3499999046325684,2.3499999046325684,2.3499999046325684,0
2012-08-17,2.4000000953674316,2.390000104904175,2.3499999046325684,2.3499999046325684,237659
2012-08-20,2.4200000762939453,2.4000000953674316,2.4000000953674316,2.4000000953674316,52412
2012-08-21,2.4800000190734863,2.450000047683716,2.4200000762939453,2.4200000762939453,37367
2012-08-22,2.4700000286102295,2.4200000762939453,2.4200000762939453,2.4200000762939453,34803
2012-08-23,2.4800000190734863,2.440000057220459,2.440000057220459,2.440000057220459,20000
2012-08-24,2.4835000038146973,2.4835000038146973,2.4835000038146973,2.4835000038146973,0
2012-08-28,2.440000057220459,2.450000047683716,2.450000047683716,2.450000047683716,4080
2012-08-29,2.4700000286102295,2.4800000190734863,2.450000047683716,2.4800000190734863,208860
2012-08-30,2.490000009536743,2.5,2.4800000190734863,2.5,162282
2012-08-31,2.490000009536743,2.5,2.490000009536743,2.490000009536743,41188
2012-09-03,2.5,2.509999990463257,2.509999990463257,2.509999990463257,315
2012-09-04,2.4600000381469727,2.5,2.4800000190734863,2.5,24323
2012-09-05,2.430000066757202,2.4600000381469727,2.4200000762939453,2.4600000381469727,24136
2012-09-06,2.430000066757202,2.4600000381469727,2.440000057220459,2.450000047683716,111276
2012-09-07,2.4700000286102295,2.4700000286102295,2.4700000286102295,2.4700000286102295,25789
2012-09-10,2.450000047683716,2.4700000286102295,2.4600000381469727,2.4600000381469727,7748
2012-09-11,2.450000047683716,2.4600000381469727,2.430000066757202,2.430000066757202,18095
2012-09-12,2.369999885559082,2.4000000953674316,2.380000114440918,2.4000000953674316,7600
2012-09-13,2.369999885559082,2.380000114440918,2.369999885559082,2.380000114440918,5492
2012-09-14,2.4070000648498535,2.4070000648498535,2.4070000648498535,2.4070000648498535,0
2012-09-17,2.4800000190734863,2.490000009536743,2.440000057220459,2.450000047683716,41655
2012-09-18,2.4700000286102295,2.4700000286102295,2.4700000286102295,2.4700000286102295,3000
2012-09-19,2.4700000286102295,2.450000047683716,2.450000047683716,2.450000047683716,118
2012-09-20,2.4600000381469727,2.4700000286102295,2.4600000381469727,2.4600000381469727,16716
2012-09-21,2.3989999294281006,2.3989999294281006,2.3989999294281006,2.3989999294281006,0
2012-09-24,2.3499999046325684,2.3499999046325684,2.3499999046325684,2.3499999046325684,200
2012-09-25,2.3499999046325684,2.380000114440918,2.369999885559082,2.369999885559082,310044
2012-09-26,2.299999952316284,2.319999933242798,2.299999952316284,2.319999933242798,10356
2012-09-27,2.2799999713897705,2.2899999618530273,2.2699999809265137,2.2899999618530273,118850
2012-09-28,2.2899999618530273,2.3299999237060547,2.319999933242798,2.319999933242798,33500
2012-10-01,2.2699999809265137,2.299999952316284,2.2699999809265137,2.299999952316284,109778
2012-10-02,2.299999952316284,2.299999952316284,2.2799999713897705,2.299999952316284,19626
2012-10-03,2.2899999618530273,2.3299999237060547,2.3299999237060547,2.3299999237060547,47380
2012-10-04,2.3399999141693115,2.3299999237060547,2.3299999237060547,2.3299999237060547,4997
2012-10-05,2.309999942779541,2.3299999237060547,2.3299999237060547,2.3299999237060547,2283
2012-10-08,2.319999933242798,2.319999933242798,2.319999933242798,2.319999933242798,315
2012-10-09,2.309999942779541,2.3499999046325684,2.3499999046325684,2.3499999046325684,5520
2012-10-10,2.3299999237060547,2.3299999237060547,2.319999933242798,2.319999933242798,42943
2012-10-11,2.299999952316284,2.299999952316284,2.299999952316284,2.299999952316284,14500
2012-10-12,2.299999952316284,2.299999952316284,2.2899999618530273,2.2899999618530273,1403
2012-10-15,2.309999942779541,2.309999942779541,2.2899999618530273,2.2899999618530273,3552
2012-10-16,2.4200000762939453,2.4100000858306885,2.4000000953674316,2.4000000953674316,11694
2012-10-17,2.680000066757202,2.5,2.4100000858306885,2.4200000762939453,13533
2012-10-18,2.490000009536743,2.559999942779541,2.440000057220459,2.549999952316284,33940
2012-10-19,2.509999990463257,2.5199999809265137,2.4800000190734863,2.509999990463257,213758
2012-10-22,2.490000009536743,2.509999990463257,2.490000009536743,2.509999990463257,10292
2012-10-23,2.4000000953674316,2.4800000190734863,2.4800000190734863,2.4800000190734863,10000
2012-10-24,2.359999895095825,2.3499999046325684,2.3299999237060547,2.3499999046325684,5600
2012-10-25,2.3499999046325684,2.359999895095825,2.3399999141693115,2.3399999141693115,24619
2012-10-26,2.3399999141693115,2.3399999141693115,2.3399999141693115,2.3399999141693115,7751
2012-10-29,2.3399999141693115,2.359999895095825,2.3399999141693115,2.359999895095825,42329
2012-10-30,2.3299999237060547,2.369999885559082,2.369999885559082,2.369999885559082,11967
2012-10-31,2.2699999809265137,2.309999942779541,2.2699999809265137,2.309999942779541,18993
2012-11-01,2.2699999809265137,2.2799999713897705,2.259999990463257,2.259999990463257,8838
2012-11-02,2.2699999809265137,2.259999990463257,2.259999990463257,2.259999990463257,1000
2012-11-05,2.2699999809265137,2.2799999713897705,2.2699999809265137,2.2699999809265137,378725
2012-11-06,2.2699999809265137,2.2899999618530273,2.2699999809265137,2.2899999618530273,30940
2012-11-07,2.2699999809265137,2.2699999809265137,2.2699999809265137,2.2699999809265137,84527
2012-11-08,2.2300000190734863,2.2699999809265137,2.25,2.25,6657
2012-11-09,2.240000009536743,2.240000009536743,2.240000009536743,2.240000009536743,6400
2012-11-12,2.299999952316284,2.2799999713897705,2.2799999713897705,2.2799999713897705,40026
2012-11-13,2.2699999809265137,2.2699999809265137,2.259999990463257,2.259999990463257,11500
2012-11-14,2.2899999618530273,2.2899999618530273,2.2699999809265137,2.2799999713897705,25881
2012-11-15,2.299999952316284,2.309999942779541,2.2899999618530273,2.2899999618530273,47170
2012-11-16,2.309999942779541,2.309999942779541,2.309999942779541,2.309999942779541,5000
2012-11-19,2.309999942779541,2.3299999237060547,2.309999942779541,2.309999942779541,22851
2012-11-20,2.319999933242798,2.319999933242798,2.299999952316284,2.299999952316284,40071
2012-11-21,2.309999942779541,2.3299999237060547,2.309999942779541,2.3299999237060547,15257
2012-11-22,2.3299999237060547,2.3499999046325684,2.309999942779541,2.3499999046325684,10086
2012-11-23,2.2899999618530273,2.3299999237060547,2.299999952316284,2.319999933242798,112529
2012-11-26,2.319999933242798,2.299999952316284,2.299999952316284,2.299999952316284,52980
2012-11-27,2.319999933242798,2.3299999237060547,2.309999942779541,2.3299999237060547,212072
2012-11-28,2.309999942779541,2.309999942779541,2.299999952316284,2.309999942779541,13124
2012-11-29,2.359999895095825,2.3499999046325684,2.3399999141693115,2.3399999141693115,74222
2012-11-30,2.3585000038146973,2.3585000038146973,2.3585000038146973,2.3585000038146973,0
2012-12-03,2.378499984741211,2.378499984741211,2.378499984741211,2.378499984741211,0
2012-12-04,2.3299999237060547,2.3399999141693115,2.3399999141693115,2.3399999141693115,470000
2012-12-05,2.3299999237060547,2.3399999141693115,2.3299999237060547,2.3399999141693115,193800
2012-12-06,2.3499999046325684,2.3399999141693115,2.3299999237060547,2.3299999237060547,35177
2012-12-07,2.3540000915527344,2.3540000915527344,2.3540000915527344,2.3540000915527344,0
2012-12-10,2.372999906539917,2.372999906539917,2.372999906539917,2.372999906539917,0
2012-12-11,2.390000104904175,2.380000114440918,2.3499999046325684,2.3499999046325684,79295
2012-12-12,2.4000000953674316,2.4000000953674316,2.4000000953674316,2.4000000953674316,12868
2012-12-13,2.390000104904175,2.390000104904175,2.390000104904175,2.390000104904175,2000
2012-12-14,2.4000000953674316,2.4000000953674316,2.390000104904175,2.4000000953674316,2750
2012-12-17,2.430000066757202,2.4200000762939453,2.4100000858306885,2.4100000858306885,25800
2012-12-18,2.430000066757202,2.4100000858306885,2.4100000858306885,2.4100000858306885,8608
2012-12-19,2.430000066757202,2.4200000762939453,2.4200000762939453,2.4200000762939453,1345
2012-12-20,2.4100000858306885,2.4100000858306885,2.4100000858306885,2.4100000858306885,29830
2012-12-21,2.427000045776367,2.427000045776367,2.427000045776367,2.427000045776367,0
2012-12-24,2.440000057220459,2.440000057220459,2.440000057220459,2.440000057220459,32956
2012-12-27,2.4600000381469727,2.4800000190734863,2.4600000381469727,2.4800000190734863,4656
2012-12-28,2.4100000858306885,2.4200000762939453,2.4100000858306885,2.4200000762939453,2509
2012-12-31,2.4000000953674316,2.4100000858306885,2.4100000858306885,2.4100000858306885,401
2013-01-02,2.4200000762939453,2.559999942779541,2.4000000953674316,2.430000066757202,209204
2013-01-03,2.4000000953674316,2.440000057220459,2.430000066757202,2.430000066757202,4248
2013-01-04,2.369999885559082,2.380000114440918,2.380000114440918,2.380000114440918,30999
2013-01-07,2.4000000953674316,2.4100000858306885,2.4000000953674316,2.4000000953674316,29385
2013-01-08,2.4000000953674316,2.4000000953674316,2.4000000953674316,2.4000000953674316,2776
2013-01-09,2.4049999713897705,2.4049999713897705,2.4049999713897705,2.4049999713897705,0
2013-01-10,2.4000000953674316,2.4000000953674316,2.380000114440918,2.380000114440918,3902
2013-01-11,2.430000066757202,2.4100000858306885,2.4000000953674316,2.4100000858306885,2878
2013-01-14,2.4200000762939453,2.440000057220459,2.4200000762939453,2.440000057220459,15875
2013-01-15,2.430000066757202,2.450000047683716,2.4200000762939453,2.450000047683716,9655
2013-01-16,2.4800000190734863,2.440000057220459,2.440000057220459,2.440000057220459,4600
2013-01-17,2.490000009536743,2.4700000286102295,2.4600000381469727,2.4600000381469727,21190
2013-01-18,2.509999990463257,2.490000009536743,2.4800000190734863,2.490000009536743,32587
2013-01-21,2.509999990463257,2.5299999713897705,2.509999990463257,2.5299999713897705,15056
2013-01-22,2.549999952316284,2.5399999618530273,2.5199999809265137,2.5299999713897705,40479
2013-01-23,2.549999952316284,2.559999942779541,2.5299999713897705,2.559999942779541,97468
2013-01-24,2.609999895095825,2.5799999237060547,2.569999933242798,2.569999933242798,5170
2013-01-25,2.5999999046325684,2.630000114440918,2.630000114440918,2.630000114440918,41681
2013-01-28,2.5899999141693115,2.5799999237060547,2.559999942779541,2.559999942779541,35828
2013-01-29,2.630000114440918,2.6600000858306885,2.640000104904175,2.640000104904175,43703
2013-01-30,2.6500000953674316,2.6600000858306885,2.630000114440918,2.630000114440918,79691
2013-01-31,2.6600000858306885,2.6600000858306885,2.630000114440918,2.6500000953674316,42000
2013-02-01,2.6600000858306885,2.6700000762939453,2.6500000953674316,2.6500000953674316,88754
2013-02-04,2.619999885559082,2.640000104904175,2.609999895095825,2.640000104904175,54133
2013-02-05,2.5999999046325684,2.5999999046325684,2.5899999141693115,2.5999999046325684,50678
2013-02-06,2.5999999046325684,2.5999999046325684,2.5999999046325684,2.5999999046325684,8351
2013-02-07,2.5799999237060547,2.5999999046325684,2.5999999046325684,2.5999999046325684,603
2013-02-08,2.615999937057495,2.615999937057495,2.615999937057495,2.615999937057495,0
2013-02-11,2.6500000953674316,2.6500000953674316,2.640000104904175,2.6500000953674316,156335
2013-02-12,2.619999885559082,2.640000104904175,2.630000114440918,2.640000104904175,3924
2013-02-13,2.5799999237060547,2.609999895095825,2.5899999141693115,2.609999895095825,71145
2013-02-14,2.619999885559082,2.609999895095825,2.5999999046325684,2.609999895095825,65320
2013-02-15,2.619999885559082,2.619999885559082,2.609999895095825,2.609999895095825,585556
2013-02-18,2.619999885559082,2.609999895095825,2.5999999046325684,2.5999999046325684,5924
2013-02-19,2.6600000858306885,2.6700000762939453,2.6500000953674316,2.6500000953674316,100002
2013-02-20,2.6600000858306885,2.6700000762939453,2.6500000953674316,2.6500000953674316,213088
2013-02-21,2.640000104904175,2.6500000953674316,2.640000104904175,2.6500000953674316,8064
2013-02-22,2.640000104904175,2.640000104904175,2.640000104904175,2.640000104904175,10000
2013-02-25,2.5899999141693115,2.619999885559082,2.609999895095825,2.619999885559082,36571
2013-02-26,2.5799999237060547,2.5999999046325684,2.5899999141693115,2.5899999141693115,3636
2013-02-27,2.619999885559082,2.619999885559082,2.5999999046325684,2.5999999046325684,215333
2013-02-28,2.690000057220459,2.6600000858306885,2.6600000858306885,2.6600000858306885,27612
2013-03-01,2.6700000762939453,2.690000057220459,2.6700000762939453,2.690000057220459,50897
2013-03-04,2.7100000381469727,2.7200000286102295,2.690000057220459,2.690000057220459,60359
2013-03-05,2.7300000190734863,2.7300000190734863,2.7300000190734863,2.7300000190734863,1810
2013-03-06,2.75,2.7699999809265137,2.7300000190734863,2.75,164522
2013-03-07,2.740000009536743,2.740000009536743,2.7300000190734863,2.740000009536743,602689
2013-03-08,2.740000009536743,2.7699999809265137,2.759999990463257,2.7699999809265137,160737
2013-03-11,2.7300000190734863,2.740000009536743,2.7200000286102295,2.7200000286102295,281096
2013-03-12,2.759999990463257,2.740000009536743,2.7200000286102295,2.7200000286102295,22143
2013-03-13,2.7799999713897705,2.759999990463257,2.759999990463257,2.759999990463257,6520
2013-03-14,2.859999895095825,2.8499999046325684,2.799999952316284,2.799999952316284,183248
2013-03-15,2.9200000762939453,2.950000047683716,2.859999895095825,2.859999895095825,547095
2013-03-18,2.869999885559082,2.869999885559082,2.8399999141693115,2.869999885559082,19384
2013-03-19,2.859999895095825,2.880000114440918,2.8499999046325684,2.8499999046325684,199505
2013-03-20,2.8299999237060547,2.880000114440918,2.859999895095825,2.880000114440918,104528
2013-03-21,2.7799999713897705,2.799999952316284,2.7899999618530273,2.7899999618530273,54673
2013-03-22,2.759999990463257,2.799999952316284,2.759999990463257,2.799999952316284,37360
2013-03-25,2.7200000286102295,2.740000009536743,2.7200000286102295,2.740000009536743,9158
2013-03-26,2.7899999618530273,2.7899999618530273,2.759999990463257,2.759999990463257,185894
2013-03-27,2.7699999809265137,2.7799999713897705,2.7799999713897705,2.7799999713897705,1000
2013-03-28,2.809999942779541,2.819999933242798,2.799999952316284,2.799999952316284,35002
2013-04-02,2.799999952316284,2.7699999809265137,2.7699999809265137,2.7699999809265137,24001
2013-04-03,2.809999942779541,2.819999933242798,2.809999942779541,2.819999933242798,244573
2013-04-04,2.7799999713897705,2.809999942779541,2.809999942779541,2.809999942779541,22777
2013-04-05,2.740000009536743,2.7899999618530273,2.7799999713897705,2.7799999713897705,57049
2013-04-08,2.7200000286102295,2.740000009536743,2.740000009536743,2.740000009536743,3301
2013-04-09,2.6700000762939453,2.700000047683716,2.680000066757202,2.700000047683716,152329
2013-04-10,2.7100000381469727,2.700000047683716,2.700000047683716,2.700000047683716,24122
2013-04-11,2.690000057220459,2.7100000381469727,2.6700000762939453,2.700000047683716,58436
2013-04-12,2.6500000953674316,2.6700000762939453,2.6700000762939453,2.6700000762939453,68862
2013-04-15,2.6600000858306885,2.690000057220459,2.6500000953674316,2.690000057220459,18654
2013-04-16,2.640000104904175,2.6600000858306885,2.6600000858306885,2.6600000858306885,601
2013-04-17,2.630000114440918,2.640000104904175,2.630000114440918,2.630000114440918,27682
2013-04-18,2.6500000953674316,2.6700000762939453,2.6600000858306885,2.6600000858306885,123655
2013-04-19,2.6440000534057617,2.6440000534057617,2.6440000534057617,2.6440000534057617,0
2013-04-22,2.6500000953674316,2.6500000953674316,2.6500000953674316,2.6500000953674316,2212
2013-04-23,2.640000104904175,2.6500000953674316,2.6500000953674316,2.6500000953674316,1144
2013-04-24,2.559999942779541,2.5999999046325684,2.559999942779541,2.5899999141693115,110189
2013-04-25,2.569999933242798,2.569999933242798,2.559999942779541,2.559999942779541,36500
2013-04-26,2.569999933242798,2.5899999141693115,2.5799999237060547,2.5799999237060547,66501
2013-04-29,2.630000114440918,2.640000104904175,2.609999895095825,2.609999895095825,31782
2013-04-30,2.640000104904175,2.6500000953674316,2.640000104904175,2.640000104904175,7000
2013-05-01,2.680000066757202,2.680000066757202,2.6700000762939453,2.6700000762939453,9307
2013-05-02,2.640000104904175,2.609999895095825,2.5999999046325684,2.609999895095825,4938
2013-05-03,2.6600000858306885,2.6600000858306885,2.6500000953674316,2.6600000858306885,236902
2013-05-07,2.6700000762939453,2.6600000858306885,2.640000104904175,2.6500000953674316,511396
2013-05-08,2.680000066757202,2.6600000858306885,2.6600000858306885,2.6600000858306885,30002
2013-05-09,2.7035000324249268,2.7035000324249268,2.7035000324249268,2.7035000324249268,0
2013-05-10,2.690000057220459,2.6700000762939453,2.6700000762939453,2.6700000762939453,1071
2013-05-13,2.630000114440918,2.619999885559082,2.619999885559082,2.619999885559082,687
2013-05-14,2.6600000858306885,2.640000104904175,2.619999885559082,2.619999885559082,1085
2013-05-15,2.6500000953674316,2.6500000953674316,2.6500000953674316,2.6500000953674316,25301
2013-05-16,2.6549999713897705,2.6549999713897705,2.6549999713897705,2.6549999713897705,0
2013-05-17,2.6500000953674316,2.6500000953674316,2.6500000953674316,2.6500000953674316,45500
2013-05-20,2.6600000858306885,2.6600000858306885,2.6600000858306885,2.6600000858306885,13855
2013-05-21,2.5999999046325684,2.630000114440918,2.619999885559082,2.630000114440918,191855
2013-05-22,2.5799999237060547,2.5799999237060547,2.5799999237060547,2.5799999237060547,20500
2013-05-23,2.5299999713897705,2.549999952316284,2.5299999713897705,2.549999952316284,128712
2013-05-24,2.490000009536743,2.5,2.490000009536743,2.5,135380
2013-05-28,2.509999990463257,2.5299999713897705,2.509999990463257,2.5299999713897705,35646
2013-05-29,2.490000009536743,2.5,2.5,2.5,1082
2013-05-30,2.4700000286102295,2.490000009536743,2.4700000286102295,2.490000009536743,303
2013-05-31,2.450000047683716,2.4800000190734863,2.4600000381469727,2.4800000190734863,136253
2013-06-03,2.4600000381469727,2.4700000286102295,2.440000057220459,2.4700000286102295,61897
2013-06-04,2.5399999618530273,2.569999933242798,2.5399999618530273,2.5399999618530273,14836
2013-06-05,2.5899999141693115,2.5799999237060547,2.569999933242798,2.569999933242798,30538
2013-06-06,2.5899999141693115,2.549999952316284,2.549999952316284,2.549999952316284,10000
2013-06-07,2.619999885559082,2.5999999046325684,2.5999999046325684,2.5999999046325684,1000
2013-06-10,2.619999885559082,2.619999885559082,2.619999885559082,2.619999885559082,697
2013-06-11,2.7200000286102295,2.700000047683716,2.700000047683716,2.700000047683716,30003
2013-06-12,2.691499948501587,2.691499948501587,2.691499948501587,2.691499948501587,0
2013-06-13,2.757999897003174,2.757999897003174,2.757999897003174,2.757999897003174,0
2013-06-14,2.7799999713897705,2.7899999618530273,2.7799999713897705,2.7899999618530273,2357
2013-06-17,2.7799999713897705,2.7799999713897705,2.759999990463257,2.7799999713897705,62746
2013-06-18,2.75,2.75,2.740000009536743,2.740000009536743,63462
2013-06-19,2.7200000286102295,2.7100000381469727,2.700000047683716,2.7100000381469727,78904
2013-06-20,2.6700000762939453,2.680000066757202,2.6700000762939453,2.6700000762939453,542793
2013-06-21,2.6500000953674316,2.640000104904175,2.640000104904175,2.640000104904175,500
2013-06-24,2.609999895095825,2.6600000858306885,2.5999999046325684,2.6500000953674316,75269
2013-06-25,2.619999885559082,2.609999895095825,2.5999999046325684,2.5999999046325684,18400
2013-06-26,2.640000104904175,2.6600000858306885,2.640000104904175,2.640000104904175,56682
2013-06-27,2.616499900817871,2.616499900817871,2.616499900817871,2.616499900817871,0
2013-06-28,2.630000114440918,2.630000114440918,2.630000114440918,2.630000114440918,86292
2013-07-01,2.630000114440918,2.619999885559082,2.619999885559082,2.619999885559082,2710
2013-07-02,2.6700000762939453,2.6700000762939453,2.6700000762939453,2.6700000762939453,267
2013-07-03,2.6700000762939453,2.6500000953674316,2.6500000953674316,2.6500000953674316,190997
2013-07-04,2.6705000400543213,2.6705000400543213,2.6705000400543213,2.6705000400543213,0
2013-07-05,2.6559998989105225,2.6559998989105225,2.6559998989105225,2.6559998989105225,0
2013-07-08,2.6700000762939453,2.6600000858306885,2.6600000858306885,2.6600000858306885,6450
2013-07-09,2.690000057220459,2.690000057220459,2.690000057220459,2.690000057220459,30002
2013-07-10,2.690000057220459,2.6700000762939453,2.6700000762939453,2.6700000762939453,80003
2013-07-11,2.7200000286102295,2.7100000381469727,2.7100000381469727,2.7100000381469727,1000
2013-07-12,2.6494998931884766,2.6494998931884766,2.6494998931884766,2.6494998931884766,0
2013-07-15,2.6500000953674316,2.6600000858306885,2.6600000858306885,2.6600000858306885,250792
2013-07-16,2.6600000858306885,2.6600000858306885,2.6600000858306885,2.6600000858306885,15000
2013-07-17,2.630000114440918,2.630000114440918,2.630000114440918,2.630000114440918,2010
2013-07-18,2.6635000705718994,2.6635000705718994,2.6635000705718994,2.6635000705718994,0
2013-07-19,2.700000047683716,2.6700000762939453,2.640000104904175,2.640000104904175,18206
2013-07-22,2.700000047683716,2.690000057220459,2.690000057220459,2.690000057220459,560
2013-07-23,2.6500000953674316,2.6700000762939453,2.6500000953674316,2.6700000762939453,220008
2013-07-24,2.680000066757202,2.700000047683716,2.690000057220459,2.700000047683716,1440
2013-07-25,2.684499979019165,2.684499979019165,2.684499979019165,2.684499979019165,0
2013-07-26,2.6600000858306885,2.680000066757202,2.680000066757202,2.680000066757202,1
2013-07-29,2.6594998836517334,2.6594998836517334,2.6594998836517334,2.6594998836517334,0
2013-07-30,2.6600000858306885,2.6600000858306885,2.6500000953674316,2.6500000953674316,25147
2013-07-31,2.6600000858306885,2.6600000858306885,2.6500000953674316,2.6500000953674316,5120
2013-08-01,2.640000104904175,2.6600000858306885,2.640000104904175,2.6500000953674316,430518
2013-08-02,2.6700000762939453,2.6500000953674316,2.6500000953674316,2.6500000953674316,36020
2013-08-05,2.680000066757202,2.6700000762939453,2.6700000762939453,2.6700000762939453,300
2013-08-06,2.6600000858306885,2.6600000858306885,2.6600000858306885,2.6600000858306885,26000
2013-08-07,2.7100000381469727,2.7100000381469727,2.680000066757202,2.680000066757202,13678
2013-08-08,2.7799999713897705,2.759999990463257,2.75,2.75,1085
2013-08-09,2.7799999713897705,2.7799999713897705,2.7799999713897705,2.7799999713897705,32826
2013-08-12,2.7699999809265137,2.759999990463257,2.75,2.75,90004
2013-08-13,2.869999885559082,2.8499999046325684,2.819999933242798,2.819999933242798,95359
2013-08-14,2.859999895095825,2.880000114440918,2.8499999046325684,2.859999895095825,33100
2013-08-15,2.859999895095825,2.8399999141693115,2.8399999141693115,2.8399999141693115,130805
2013-08-16,2.9200000762939453,2.890000104904175,2.890000104904175,2.890000104904175,322407
2013-08-19,2.9100000858306885,2.9100000858306885,2.890000104904175,2.9000000953674316,19934
2013-08-20,2.7899999618530273,2.869999885559082,2.8299999237060547,2.859999895095825,138528
2013-08-21,2.6700000762939453,2.7200000286102295,2.6700000762939453,2.7200000286102295,30252
2013-08-22,2.63100004196167,2.63100004196167,2.63100004196167,2.63100004196167,0
2013-08-23,2.640000104904175,2.6600000858306885,2.640000104904175,2.6600000858306885,31175
2013-08-27,2.630000114440918,2.6600000858306885,2.640000104904175,2.6600000858306885,13149
2013-08-28,2.640000104904175,2.640000104904175,2.630000114440918,2.630000114440918,32919
2013-08-29,2.609999895095825,2.619999885559082,2.619999885559082,2.619999885559082,6644
2013-08-30,2.5799999237060547,2.609999895095825,2.609999895095825,2.609999895095825,750
2013-09-02,2.609999895095825,2.5899999141693115,2.5899999141693115,2.5899999141693115,8114
2013-09-03,2.5899999141693115,2.619999885559082,2.5999999046325684,2.5999999046325684,11895
2013-09-04,2.5899999141693115,2.559999942779541,2.559999942779541,2.559999942779541,7300
2013-09-05,2.569999933242798,2.5899999141693115,2.5899999141693115,2.5899999141693115,5000
2013-09-06,2.5829999446868896,2.5829999446868896,2.5829999446868896,2.5829999446868896,0
2013-09-09,2.621500015258789,2.621500015258789,2.621500015258789,2.621500015258789,0
2013-09-10,2.630000114440918,2.630000114440918,2.619999885559082,2.619999885559082,31005
2013-09-11,2.640000104904175,2.640000104904175,2.630000114440918,2.630000114440918,77900
2013-09-12,2.638000011444092,2.638000011444092,2.638000011444092,2.638000011444092,0
2013-09-13,2.6500000953674316,2.640000104904175,2.640000104904175,2.640000104904175,10500
2013-09-16,2.630000114440918,2.630000114440918,2.630000114440918,2.630000114440918,30002
2013-09-17,2.640000104904175,2.640000104904175,2.640000104904175,2.640000104904175,30002
2013-09-18,2.6480000019073486,2.6480000019073486,2.6480000019073486,2.6480000019073486,0
2013-09-19,2.6500000953674316,2.6700000762939453,2.630000114440918,2.6700000762939453,14032
2013-09-20,2.631999969482422,2.631999969482422,2.631999969482422,2.631999969482422,0
2013-09-23,2.640000104904175,2.640000104904175,2.630000114440918,2.640000104904175,70607
2013-09-24,2.63100004196167,2.63100004196167,2.63100004196167,2.63100004196167,0
2013-09-25,2.640000104904175,2.6600000858306885,2.640000104904175,2.640000104904175,93277
2013-09-26,2.6600000858306885,2.6700000762939453,2.6500000953674316,2.6500000953674316,74002
2013-09-27,2.7100000381469727,2.700000047683716,2.680000066757202,2.680000066757202,59342
2013-09-30,2.7200000286102295,2.7200000286102295,2.7200000286102295,2.7200000286102295,58803
2013-10-01,2.7100000381469727,2.7200000286102295,2.680000066757202,2.680000066757202,78604
2013-10-02,2.7100000381469727,2.700000047683716,2.700000047683716,2.700000047683716,30002
2013-10-03,2.7300000190734863,2.7300000190734863,2.7300000190734863,2.7300000190734863,40003
2013-10-04,2.7300000190734863,2.7300000190734863,2.7300000190734863,2.7300000190734863,32202
2013-10-07,2.619999885559082,2.680000066757202,2.680000066757202,2.680000066757202,6000
2013-10-08,2.619999885559082,2.630000114440918,2.619999885559082,2.630000114440918,40467
2013-10-09,2.5999999046325684,2.609999895095825,2.609999895095825,2.609999895095825,40503
2013-10-10,2.5999999046325684,2.619999885559082,2.619999885559082,2.619999885559082,300
2013-10-11,2.5999999046325684,2.609999895095825,2.5999999046325684,2.5999999046325684,121609
2013-10-14,2.5999999046325684,2.619999885559082,2.5999999046325684,2.609999895095825,34742
2013-10-15,2.6050000190734863,2.6050000190734863,2.6050000190734863,2.6050000190734863,0
2013-10-16,2.5999999046325684,2.619999885559082,2.609999895095825,2.609999895095825,65053
2013-10-17,2.5785000324249268,2.5785000324249268,2.5785000324249268,2.5785000324249268,0
2013-10-18,2.5899999141693115,2.619999885559082,2.5899999141693115,2.619999885559082,49603
2013-10-21,2.5899999141693115,2.5999999046325684,2.5999999046325684,2.5999999046325684,111172
2013-10-22,2.5799999237060547,2.5899999141693115,2.5899999141693115,2.5899999141693115,606
2013-10-23,2.5409998893737793,2.5409998893737793,2.5409998893737793,2.5409998893737793,0
2013-10-24,2.4760000705718994,2.4760000705718994,2.4760000705718994,2.4760000705718994,0
2013-10-25,2.4700000286102295,2.4800000190734863,2.450000047683716,2.450000047683716,33750
2013-10-28,2.44950008392334,2.44950008392334,2.44950008392334,2.44950008392334,0
2013-10-29,2.450000047683716,2.4600000381469727,2.450000047683716,2.4600000381469727,47000
2013-10-30,2.440000057220459,2.440000057220459,2.440000057220459,2.440000057220459,722
2013-10-31,2.430000066757202,2.4600000381469727,2.4600000381469727,2.4600000381469727,40003
2013-11-01,2.4024999141693115,2.4024999141693115,2.4024999141693115,2.4024999141693115,0
2013-11-04,2.369999885559082,2.4000000953674316,2.4000000953674316,2.4000000953674316,458600
2013-11-05,2.359999895095825,2.369999885559082,2.369999885559082,2.369999885559082,1078
2013-11-06,2.440000057220459,2.4100000858306885,2.4100000858306885,2.4100000858306885,2500
2013-11-07,2.390000104904175,2.4000000953674316,2.390000104904175,2.390000104904175,62548
2013-11-08,2.4000000953674316,2.390000104904175,2.369999885559082,2.369999885559082,34002
2013-11-11,2.4000000953674316,2.4000000953674316,2.4000000953674316,2.4000000953674316,100
2013-11-12,2.4024999141693115,2.4024999141693115,2.4024999141693115,2.4024999141693115,0
2013-11-13,2.4119999408721924,2.4119999408721924,2.4119999408721924,2.4119999408721924,0
2013-11-14,2.384999990463257,2.384999990463257,2.384999990463257,2.384999990463257,0
2013-11-15,2.390000104904175,2.4000000953674316,2.390000104904175,2.390000104904175,88005
2013-11-18,2.390000104904175,2.4000000953674316,2.380000114440918,2.380000114440918,1827
2013-11-19,2.380000114440918,2.380000114440918,2.380000114440918,2.380000114440918,7330
2013-11-20,2.4100000858306885,2.4100000858306885,2.4100000858306885,2.4100000858306885,1400
2013-11-21,2.4089999198913574,2.4089999198913574,2.4089999198913574,2.4089999198913574,0
2013-11-22,2.359999895095825,2.4000000953674316,2.369999885559082,2.380000114440918,35558
2013-11-25,2.4000000953674316,2.4100000858306885,2.380000114440918,2.4100000858306885,28473
2013-11-26,2.430000066757202,2.4200000762939453,2.4200000762939453,2.4200000762939453,703
2013-11-27,2.3945000171661377,2.3945000171661377,2.3945000171661377,2.3945000171661377,0
2013-11-28,2.4100000858306885,2.390000104904175,2.380000114440918,2.390000104904175,2173
2013-11-29,2.440000057220459,2.4200000762939453,2.4200000762939453,2.4200000762939453,7620
2013-12-02,2.4200000762939453,2.430000066757202,2.4200000762939453,2.4200000762939453,20526
2013-12-03,2.4100000858306885,2.4200000762939453,2.4100000858306885,2.4100000858306885,1410153
2013-12-04,2.4235000610351562,2.4235000610351562,2.4235000610351562,2.4235000610351562,0
2013-12-05,2.427999973297119,2.427999973297119,2.427999973297119,2.427999973297119,0
2013-12-06,2.4619998931884766,2.4619998931884766,2.4619998931884766,2.4619998931884766,0
2013-12-09,2.4700000286102295,2.4700000286102295,2.4700000286102295,2.4700000286102295,10000
2013-12-10,2.4739999771118164,2.4739999771118164,2.4739999771118164,2.4739999771118164,0
2013-12-11,2.48799991607666,2.48799991607666,2.48799991607666,2.48799991607666,0
2013-12-12,2.5199999809265137,2.5299999713897705,2.5199999809265137,2.5299999713897705,10900
2013-12-13,2.559999942779541,2.549999952316284,2.549999952316284,2.549999952316284,1757
2013-12-16,2.5399999618530273,2.5399999618530273,2.5399999618530273,2.5399999618530273,35048
2013-12-17,2.549999952316284,2.549999952316284,2.549999952316284,2.549999952316284,35887
2013-12-18,2.5480000972747803,2.5480000972747803,2.5480000972747803,2.5480000972747803,0
2013-12-19,2.549999952316284,2.549999952316284,2.549999952316284,2.549999952316284,1600
2013-12-20,2.549999952316284,2.559999942779541,2.559999942779541,2.559999942779541,2778
2013-12-23,2.5199999809265137,2.509999990463257,2.5,2.509999990463257,55038
2013-12-24,2.5399999618530273,2.5399999618530273,2.5399999618530273,2.5399999618530273,7010
2013-12-27,2.5799999237060547,2.5799999237060547,2.569999933242798,2.569999933242798,21172
2013-12-30,2.5999999046325684,2.5999999046325684,2.5999999046325684,2.5999999046325684,0
2013-12-31,2.609999895095825,2.5999999046325684,2.5999999046325684,2.5999999046325684,140
2014-01-02,2.5899999141693115,2.5799999237060547,2.569999933242798,2.5799999237060547,10445
2014-01-03,2.549999952316284,2.559999942779541,2.559999942779541,2.559999942779541,2400
2014-01-06,2.569999933242798,2.549999952316284,2.549999952316284,2.549999952316284,3616
2014-01-07,2.5999999046325684,2.5999999046325684,2.5899999141693115,2.5999999046325684,59341
2014-01-08,2.575000047683716,2.575000047683716,2.575000047683716,2.575000047683716,0
2014-01-09,2.5799999237060547,2.559999942779541,2.549999952316284,2.549999952316284,11374
2014-01-10,2.559999942779541,2.559999942779541,2.559999942779541,2.559999942779541,1000
2014-01-13,2.5339999198913574,2.5339999198913574,2.5339999198913574,2.5339999198913574,0
2014-01-14,2.569000005722046,2.569000005722046,2.569000005722046,2.569000005722046,0
2014-01-15,2.569999933242798,2.5799999237060547,2.559999942779541,2.569999933242798,48803
2014-01-16,2.6500000953674316,2.5999999046325684,2.5999999046325684,2.5999999046325684,47550
2014-01-17,2.6600000858306885,2.640000104904175,2.640000104904175,2.640000104904175,20380
2014-01-20,2.6600000858306885,2.6700000762939453,2.6600000858306885,2.6700000762939453,200
2014-01-21,2.674999952316284,2.674999952316284,2.674999952316284,2.674999952316284,0
2014-01-22,2.690000057220459,2.690000057220459,2.6600000858306885,2.680000066757202,326846
2014-01-23,2.690999984741211,2.690999984741211,2.690999984741211,2.690999984741211,0
2014-01-24,2.677999973297119,2.677999973297119,2.677999973297119,2.677999973297119,0
2014-01-27,2.6440000534057617,2.6440000534057617,2.6440000534057617,2.6440000534057617,0
2014-01-28,2.5799999237060547,2.5899999141693115,2.5899999141693115,2.5899999141693115,2013043
2014-01-29,2.5799999237060547,2.5899999141693115,2.5799999237060547,2.5799999237060547,33175
2014-01-30,2.6500000953674316,2.6500000953674316,2.630000114440918,2.6500000953674316,43670
2014-01-31,2.640000104904175,2.640000104904175,2.640000104904175,2.640000104904175,10347
2014-02-03,2.609999895095825,2.619999885559082,2.609999895095825,2.619999885559082,74203
2014-02-04,2.619999885559082,2.630000114440918,2.630000114440918,2.630000114440918,30002
2014-02-05,2.615000009536743,2.615000009536743,2.615000009536743,2.615000009536743,0
2014-02-06,2.640000104904175,2.640000104904175,2.640000104904175,2.640000104904175,5700
2014-02-07,2.6670000553131104,2.6670000553131104,2.6670000553131104,2.6670000553131104,0
2014-02-10,2.7100000381469727,2.7100000381469727,2.700000047683716,2.700000047683716,59203
2014-02-11,2.690000057220459,2.700000047683716,2.6700000762939453,2.6700000762939453,73888
2014-02-12,2.7300000190734863,2.7200000286102295,2.7100000381469727,2.7100000381469727,38120
2014-02-13,2.7100000381469727,2.7100000381469727,2.700000047683716,2.700000047683716,16593
2014-02-14,2.700000047683716,2.700000047683716,2.680000066757202,2.680000066757202,84193
2014-02-17,2.7074999809265137,2.7074999809265137,2.7074999809265137,2.7074999809265137,0
2014-02-18,2.7200000286102295,2.7100000381469727,2.7100000381469727,2.7100000381469727,41000
2014-02-19,2.700000047683716,2.7200000286102295,2.7100000381469727,2.7100000381469727,2592
2014-02-20,2.680000066757202,2.6700000762939453,2.6700000762939453,2.6700000762939453,19714
2014-02-21,2.674999952316284,2.674999952316284,2.674999952316284,2.674999952316284,0
2014-02-24,2.75,2.7300000190734863,2.700000047683716,2.7300000190734863,5130002
2014-02-25,2.6700000762939453,2.7200000286102295,2.690000057220459,2.690000057220459,64608
2014-02-26,2.6500000953674316,2.6700000762939453,2.6600000858306885,2.6600000858306885,3500
2014-02-27,2.6489999294281006,2.6489999294281006,2.6489999294281006,2.6489999294281006,0
2014-02-28,2.6500000953674316,2.640000104904175,2.630000114440918,2.630000114440918,83574
2014-03-03,2.690000057220459,2.6600000858306885,2.6500000953674316,2.6500000953674316,3316
2014-03-04,2.700000047683716,2.700000047683716,2.690000057220459,2.700000047683716,42600
2014-03-05,2.700000047683716,2.7200000286102295,2.7100000381469727,2.7200000286102295,114000
2014-03-06,2.7200000286102295,2.690000057220459,2.690000057220459,2.690000057220459,690
2014-03-07,2.7899999618530273,2.819999933242798,2.7899999618530273,2.819999933242798,32522
2014-03-10,2.7899999618530273,2.7799999713897705,2.759999990463257,2.7799999713897705,236902
2014-03-11,2.7799999713897705,2.7899999618530273,2.7799999713897705,2.7899999618530273,23995
2014-03-12,2.809999942779541,2.7799999713897705,2.7799999713897705,2.7799999713897705,32130
2014-03-13,2.8299999237060547,2.8399999141693115,2.809999942779541,2.809999942779541,109894
2014-03-14,2.809999942779541,2.7899999618530273,2.7699999809265137,2.7699999809265137,1496883
2014-03-17,2.799999952316284,2.809999942779541,2.799999952316284,2.799999952316284,811
2014-03-18,2.809999942779541,2.819999933242798,2.809999942779541,2.809999942779541,14858
2014-03-19,2.819999933242798,2.819999933242798,2.819999933242798,2.819999933242798,1834
2014-03-20,2.809999942779541,2.819999933242798,2.809999942779541,2.819999933242798,16369
2014-03-21,2.8410000801086426,2.8410000801086426,2.8410000801086426,2.8410000801086426,0
2014-03-24,2.75,2.7899999618530273,2.7899999618530273,2.7899999618530273,36200
2014-03-25,2.7699999809265137,2.7699999809265137,2.7699999809265137,2.7699999809265137,500
2014-03-26,2.819999933242798,2.880000114440918,2.799999952316284,2.880000114440918,394521
2014-03-27,2.799999952316284,2.8299999237060547,2.809999942779541,2.809999942779541,18962
2014-03-28,2.8399999141693115,2.8399999141693115,2.8299999237060547,2.8299999237060547,3937
2014-03-31,2.8499999046325684,2.869999885559082,2.869999885559082,2.869999885559082,1500
2014-04-01,2.799999952316284,2.799999952316284,2.7899999618530273,2.7899999618530273,23510
2014-04-02,2.799999952316284,2.799999952316284,2.799999952316284,2.799999952316284,16117
2014-04-03,2.760999917984009,2.760999917984009,2.760999917984009,2.760999917984009,0
2014-04-04,2.819999933242798,2.809999942779541,2.759999990463257,2.7699999809265137,7874
2014-04-07,2.759999990463257,2.7699999809265137,2.7699999809265137,2.7699999809265137,184
2014-04-08,2.759999990463257,2.7799999713897705,2.7799999713897705,2.7799999713897705,6000
2014-04-09,2.7799999713897705,2.7899999618530273,2.7899999618530273,2.7899999618530273,27300
2014-04-10,2.7200000286102295,2.759999990463257,2.700000047683716,2.759999990463257,75055
2014-04-11,2.7100000381469727,2.7200000286102295,2.7100000381469727,2.7200000286102295,34985
2014-04-14,2.7799999713897705,2.7799999713897705,2.7300000190734863,2.7300000190734863,65603
2014-04-15,2.746999979019165,2.746999979019165,2.746999979019165,2.746999979019165,0
2014-04-16,2.765000104904175,2.765000104904175,2.765000104904175,2.765000104904175,0
2014-04-17,2.7799999713897705,2.7799999713897705,2.7799999713897705,2.7799999713897705,40003
2014-04-22,2.799999952316284,2.809999942779541,2.809999942779541,2.809999942779541,240
2014-04-23,2.740000009536743,2.7699999809265137,2.7699999809265137,2.7699999809265137,40003
2014-04-24,2.799999952316284,2.7899999618530273,2.7899999618530273,2.7899999618530273,2600
2014-04-25,2.7909998893737793,2.7909998893737793,2.7909998893737793,2.7909998893737793,0
2014-04-28,2.7799999713897705,2.7799999713897705,2.7799999713897705,2.7799999713897705,0
2014-04-29,2.819999933242798,2.819999933242798,2.7699999809265137,2.7699999809265137,2281
2014-04-30,2.8299999237060547,2.8299999237060547,2.8299999237060547,2.8299999237060547,60000
2014-05-01,2.8269999027252197,2.8269999027252197,2.8269999027252197,2.8269999027252197,0
2014-05-02,2.819999933242798,2.8499999046325684,2.8499999046325684,2.8499999046325684,2966
2014-05-06,2.819999933242798,2.8399999141693115,2.819999933242798,2.8399999141693115,4248
2014-05-07,2.7899999618530273,2.799999952316284,2.7899999618530273,2.799999952316284,140017
2014-05-08,2.812000036239624,2.812000036239624,2.812000036239624,2.812000036239624,0
2014-05-09,2.7899999618530273,2.809999942779541,2.809999942779541,2.809999942779541,3887
2014-05-12,2.7269999980926514,2.7269999980926514,2.7269999980926514,2.7269999980926514,0
2014-05-13,2.7300000190734863,2.740000009536743,2.740000009536743,2.740000009536743,6847
2014-05-14,2.74399995803833,2.74399995803833,2.74399995803833,2.74399995803833,0
2014-05-15,2.7200000286102295,2.740000009536743,2.740000009536743,2.740000009536743,3643
2014-05-16,2.700000047683716,2.7200000286102295,2.690000057220459,2.690000057220459,4886
2014-05-19,2.680000066757202,2.690000057220459,2.690000057220459,2.690000057220459,35550
2014-05-20,2.680000066757202,2.680000066757202,2.680000066757202,2.680000066757202,17720
2014-05-21,2.680000066757202,2.680000066757202,2.680000066757202,2.680000066757202,0
2014-05-22,2.6510000228881836,2.6510000228881836,2.6510000228881836,2.6510000228881836,0
2014-05-23,2.5799999237060547,2.630000114440918,2.630000114440918,2.630000114440918,500
2014-05-27,2.559999942779541,2.5799999237060547,2.569999933242798,2.5799999237060547,38160
2014-05-28,2.5199999809265137,2.559999942779541,2.549999952316284,2.549999952316284,10264
2014-05-29,2.569999933242798,2.549999952316284,2.549999952316284,2.549999952316284,20000
2014-05-30,2.5799999237060547,2.5999999046325684,2.5799999237060547,2.5999999046325684,25235
2014-06-02,2.569999933242798,2.5999999046325684,2.5799999237060547,2.5999999046325684,11500
2014-06-03,2.5899999141693115,2.640000104904175,2.640000104904175,2.640000104904175,40003
2014-06-04,2.5899999141693115,2.609999895095825,2.609999895095825,2.609999895095825,1
2014-06-05,2.569999933242798,2.5799999237060547,2.5799999237060547,2.5799999237060547,82160
2014-06-06,2.559999942779541,2.569999933242798,2.559999942779541,2.569999933242798,42070
2014-06-09,2.5299999713897705,2.5399999618530273,2.5299999713897705,2.5399999618530273,8617
2014-06-10,2.5399999618530273,2.5399999618530273,2.5299999713897705,2.5399999618530273,4744
2014-06-11,2.5439999103546143,2.5439999103546143,2.5439999103546143,2.5439999103546143,0
2014-06-12,2.565000057220459,2.565000057220459,2.565000057220459,2.565000057220459,0
2014-06-13,2.565000057220459,2.565000057220459,2.565000057220459,2.565000057220459,0
2014-06-16,2.559999942779541,2.5799999237060547,2.569999933242798,2.5799999237060547,28000
2014-06-17,2.5399999618530273,2.549999952316284,2.549999952316284,2.549999952316284,1680000
2014-06-18,2.5399999618530273,2.5199999809265137,2.5199999809265137,2.5199999809265137,1100
2014-06-19,2.5460000038146973,2.5460000038146973,2.5460000038146973,2.5460000038146973,0
2014-06-20,2.5390000343322754,2.5390000343322754,2.5390000343322754,2.5390000343322754,0
2014-06-23,2.556999921798706,2.556999921798706,2.556999921798706,2.556999921798706,0
2014-06-24,2.5399999618530273,2.559999942779541,2.549999952316284,2.549999952316284,4743
2014-06-25,2.4800000190734863,2.5,2.5,2.5,300
2014-06-26,2.4600000381469727,2.4800000190734863,2.4800000190734863,2.4800000190734863,1500
2014-06-27,2.4639999866485596,2.4639999866485596,2.4639999866485596,2.4639999866485596,0
2014-06-30,2.4600000381469727,2.4800000190734863,2.4800000190734863,2.4800000190734863,100
2014-07-01,2.4000000953674316,2.430000066757202,2.4000000953674316,2.4000000953674316,16723
2014-07-02,2.4000000953674316,2.4000000953674316,2.4000000953674316,2.4000000953674316,13296
2014-07-03,2.369999885559082,2.380000114440918,2.380000114440918,2.380000114440918,1250
2014-07-04,2.378999948501587,2.378999948501587,2.378999948501587,2.378999948501587,0
2014-07-07,2.3299999237060547,2.369999885559082,2.3499999046325684,2.369999885559082,45362
2014-07-08,2.319999933242798,2.3499999046325684,2.309999942779541,2.3299999237060547,48987
2014-07-09,2.312000036239624,2.312000036239624,2.312000036239624,2.312000036239624,0
2014-07-10,2.2799999713897705,2.299999952316284,2.2799999713897705,2.299999952316284,4083
2014-07-11,2.25,2.259999990463257,2.240000009536743,2.25,3188700
2014-07-14,2.2699999809265137,2.259999990463257,2.259999990463257,2.259999990463257,1145
2014-07-15,2.2300000190734863,2.240000009536743,2.240000009536743,2.240000009536743,4810
2014-07-16,2.240000009536743,2.259999990463257,2.259999990463257,2.259999990463257,193100
2014-07-17,2.2200000286102295,2.240000009536743,2.2300000190734863,2.2300000190734863,13917
2014-07-18,2.2279999256134033,2.2279999256134033,2.2279999256134033,2.2279999256134033,0
2014-07-21,2.2300000190734863,2.240000009536743,2.240000009536743,2.240000009536743,2503
2014-07-22,2.24399995803833,2.24399995803833,2.24399995803833,2.24399995803833,0
2014-07-23,2.246000051498413,2.246000051498413,2.246000051498413,2.246000051498413,0
2014-07-24,2.190000057220459,2.2300000190734863,2.200000047683716,2.2300000190734863,15050
2014-07-25,2.1500000953674316,2.190000057220459,2.1700000762939453,2.1700000762939453,16000
2014-07-28,2.1600000858306885,2.180000066757202,2.1700000762939453,2.180000066757202,2725
2014-07-29,2.140000104904175,2.1600000858306885,2.1500000953674316,2.1600000858306885,302785
2014-07-30,2.111999988555908,2.111999988555908,2.111999988555908,2.111999988555908,0
2014-07-31,2.069999933242798,2.109999895095825,2.0899999141693115,2.109999895095825,18859
2014-08-01,2.109999895095825,2.059999942779541,2.0399999618530273,2.049999952316284,48800
2014-08-04,2.119999885559082,2.119999885559082,2.109999895095825,2.119999885559082,53851
2014-08-05,2.0999999046325684,2.109999895095825,2.109999895095825,2.109999895095825,309054
2014-08-06,2.121999979019165,2.121999979019165,2.121999979019165,2.121999979019165,0
2014-08-07,2.119999885559082,2.119999885559082,2.109999895095825,2.119999885559082,14377
2014-08-08,2.109999895095825,2.119999885559082,2.109999895095825,2.119999885559082,701561
2014-08-11,2.134000062942505,2.134000062942505,2.134000062942505,2.134000062942505,0
2014-08-12,2.109999895095825,2.130000114440918,2.119999885559082,2.130000114440918,10670
2014-08-13,2.119999885559082,2.119999885559082,2.109999895095825,2.109999895095825,39549
2014-08-14,2.128999948501587,2.128999948501587,2.128999948501587,2.128999948501587,0
2014-08-15,2.119999885559082,2.140000104904175,2.119999885559082,2.119999885559082,1755
2014-08-18,2.109999895095825,2.109999895095825,2.109999895095825,2.109999895095825,35000
2014-08-19,2.11299991607666,2.11299991607666,2.11299991607666,2.11299991607666,0
2014-08-20,2.1600000858306885,2.130000114440918,2.130000114440918,2.130000114440918,7055
2014-08-21,2.1700000762939453,2.200000047683716,2.200000047683716,2.200000047683716,35
2014-08-22,2.177000045776367,2.177000045776367,2.177000045776367,2.177000045776367,0
2014-08-26,2.190000057220459,2.190000057220459,2.180000066757202,2.180000066757202,11206
2014-08-27,2.2300000190734863,2.2100000381469727,2.200000047683716,2.200000047683716,15120
2014-08-28,2.190000057220459,2.2100000381469727,2.200000047683716,2.2100000381469727,9258
2014-08-29,2.180000066757202,2.1700000762939453,2.1700000762939453,2.1700000762939453,3000
2014-09-01,2.197000026702881,2.197000026702881,2.197000026702881,2.197000026702881,0
2014-09-02,2.1500000953674316,2.1700000762939453,2.1600000858306885,2.1700000762939453,117091
2014-09-03,2.1700000762939453,2.1700000762939453,2.1500000953674316,2.1700000762939453,131782
2014-09-04,2.1700000762939453,2.200000047683716,2.1700000762939453,2.1700000762939453,195119
2014-09-05,2.119999885559082,2.130000114440918,2.0999999046325684,2.130000114440918,12499
2014-09-08,2.140000104904175,2.119999885559082,2.119999885559082,2.119999885559082,363
2014-09-09,2.1389999389648438,2.1389999389648438,2.1389999389648438,2.1389999389648438,0
2014-09-10,2.200000047683716,2.1700000762939453,2.1600000858306885,2.1700000762939453,20759
2014-09-11,2.2100000381469727,2.2100000381469727,2.200000047683716,2.200000047683716,26605
2014-09-12,2.25,2.240000009536743,2.2300000190734863,2.240000009536743,65950
2014-09-15,2.180000066757202,2.2200000286102295,2.190000057220459,2.200000047683716,97528
2014-09-16,2.1600000858306885,2.1700000762939453,2.1700000762939453,2.1700000762939453,22850
2014-09-17,2.1700000762939453,2.1700000762939453,2.1600000858306885,2.1700000762939453,44003
2014-09-18,2.140000104904175,2.1500000953674316,2.140000104904175,2.140000104904175,4579
2014-09-19,2.109999895095825,2.130000114440918,2.130000114440918,2.130000114440918,11498
2014-09-22,2.063999891281128,2.063999891281128,2.063999891281128,2.063999891281128,0
2014-09-23,2.069999933242798,2.069999933242798,2.069999933242798,2.069999933242798,6710
2014-09-24,2.0199999809265137,2.0299999713897705,2.0199999809265137,2.0199999809265137,20188
2014-09-25,2.0209999084472656,2.0209999084472656,2.0209999084472656,2.0209999084472656,0
2014-09-26,2.0299999713897705,2.069999933242798,2.0299999713897705,2.059999942779541,131943
2014-09-29,2.0399999618530273,2.059999942779541,2.059999942779541,2.059999942779541,46680
2014-09-30,2.0199999809265137,2.009999990463257,2.009999990463257,2.009999990463257,10000
2014-10-01,2.0399999618530273,2.0199999809265137,2.0199999809265137,2.0199999809265137,10000
2014-10-02,2.0299999713897705,2.049999952316284,2.0399999618530273,2.049999952316284,4000
2014-10-03,2.0399999618530273,2.0199999809265137,2.0199999809265137,2.0199999809265137,3500
2014-10-06,2.119999885559082,2.0799999237060547,2.0799999237060547,2.0799999237060547,23171
2014-10-07,2.1480000019073486,2.1480000019073486,2.1480000019073486,2.1480000019073486,0
2014-10-08,2.130000114440918,2.140000104904175,2.119999885559082,2.119999885559082,8640
2014-10-09,2.0920000076293945,2.0920000076293945,2.0920000076293945,2.0920000076293945,0
2014-10-10,2.134000062942505,2.134000062942505,2.134000062942505,2.134000062942505,0
2014-10-13,2.131999969482422,2.131999969482422,2.131999969482422,2.131999969482422,0
2014-10-14,2.1500000953674316,2.1600000858306885,2.130000114440918,2.140000104904175,90376
2014-10-15,2.1019999980926514,2.0929999351501465,2.0929999351501465,2.0929999351501465,1000
2014-10-16,2.0999999046325684,2.0899999141693115,2.0899999141693115,2.0899999141693115,120000
2014-10-17,2.078000068664551,2.078000068664551,2.078000068664551,2.078000068664551,0
2014-10-20,2.053999900817871,2.053999900817871,2.053999900817871,2.053999900817871,0
2014-10-21,2.059999942779541,2.059999942779541,2.0399999618530273,2.059999942779541,428801
2014-10-22,2.0799999237060547,2.059999942779541,2.059999942779541,2.059999942779541,110000
2014-10-23,2.0759999752044678,2.0759999752044678,2.0759999752044678,2.0759999752044678,0
2014-10-24,2.109999895095825,2.0799999237060547,2.069999933242798,2.0799999237060547,5012
2014-10-27,2.109999895095825,2.0899999141693115,2.0899999141693115,2.0899999141693115,52664
2014-10-28,2.111999988555908,2.111999988555908,2.111999988555908,2.111999988555908,0
2014-10-29,2.1500000953674316,2.1700000762939453,2.1700000762939453,2.1700000762939453,5987
2014-10-30,2.140000104904175,2.1700000762939453,2.1600000858306885,2.1600000858306885,363185
2014-10-31,2.0899999141693115,2.109999895095825,2.0999999046325684,2.0999999046325684,3071
2014-11-03,2.130000114440918,2.119999885559082,2.0899999141693115,2.0899999141693115,8625
2014-11-04,2.0799999237060547,2.0899999141693115,2.0899999141693115,2.0899999141693115,2966
2014-11-05,2.0399999618530273,2.069999933242798,2.059999942779541,2.069999933242798,7676
2014-11-06,2.075500011444092,2.075500011444092,2.075500011444092,2.075500011444092,0
2014-11-07,2.069999933242798,2.069999933242798,2.069999933242798,2.069999933242798,37100
2014-11-10,2.135499954223633,2.135499954223633,2.135499954223633,2.135499954223633,0
2014-11-11,2.0739998817443848,2.0739998817443848,2.0739998817443848,2.0739998817443848,0
2014-11-12,2.0510001182556152,2.0510001182556152,2.0510001182556152,2.0510001182556152,0
2014-11-13,2.0,2.049999952316284,2.009999990463257,2.049999952316284,922258
2014-11-14,2.0,2.0,1.9700000286102295,2.0,15448
2014-11-17,1.9800000190734863,1.9900000095367432,1.9800000190734863,1.9800000190734863,6270
2014-11-18,1.9800000190734863,1.9900000095367432,1.9900000095367432,1.9900000095367432,7000
2014-11-19,1.9915000200271606,1.9915000200271606,1.9915000200271606,1.9915000200271606,0
2014-11-20,1.9980000257492065,1.9980000257492065,1.9980000257492065,1.9980000257492065,0
2014-11-21,1.9900000095367432,2.0,2.0,2.0,9600
2014-11-24,1.9700000286102295,2.0,1.9800000190734863,2.0,1600
2014-11-25,2.0,1.9700000286102295,1.9700000286102295,1.9700000286102295,2500
2014-11-26,2.0299999713897705,2.0,2.0,2.0,1573
2014-11-27,2.0199999809265137,2.0399999618530273,2.0,2.0399999618530273,15320
2014-11-28,2.0299999713897705,2.0199999809265137,2.0199999809265137,2.0199999809265137,484
2014-12-01,2.0,2.009999990463257,1.9800000190734863,2.009999990463257,46100
2014-12-02,2.0,2.009999990463257,2.0,2.0,105422
2014-12-03,2.0199999809265137,2.009999990463257,2.009999990463257,2.009999990463257,1588050
2014-12-04,2.0329999923706055,2.0329999923706055,2.0329999923706055,2.0329999923706055,0
2014-12-05,2.0199999809265137,2.0399999618530273,2.0399999618530273,2.0399999618530273,4940
2014-12-08,2.009999990463257,2.0199999809265137,2.0,2.0,12426
2014-12-09,2.006999969482422,2.006999969482422,2.006999969482422,2.006999969482422,0
2014-12-10,2.0,2.0199999809265137,2.0199999809265137,2.0199999809265137,1301
2014-12-11,2.0390000343322754,2.0390000343322754,2.0390000343322754,2.0390000343322754,0
2014-12-12,2.0490000247955322,2.0490000247955322,2.0490000247955322,2.0490000247955322,0
2014-12-15,2.049999952316284,2.049999952316284,2.049999952316284,2.049999952316284,31900
2014-12-16,2.0199999809265137,2.0299999713897705,2.0199999809265137,2.0299999713897705,13500
2014-12-17,2.0,2.0,2.0,2.0,2000
2014-12-18,2.0290000438690186,2.0290000438690186,2.0290000438690186,2.0290000438690186,0
2014-12-19,2.0299999713897705,2.049999952316284,2.049999952316284,2.049999952316284,11960
2014-12-22,2.0799999237060547,2.059999942779541,2.059999942779541,2.059999942779541,998
2014-12-23,2.1050000190734863,2.1050000190734863,2.1050000190734863,2.1050000190734863,0
2014-12-24,2.069999933242798,2.069999933242798,2.069999933242798,2.069999933242798,4000
2014-12-29,2.069999933242798,2.0399999618530273,2.0399999618530273,2.0399999618530273,10200
2014-12-30,2.0799999237060547,2.0799999237060547,2.0799999237060547,2.0799999237060547,31979
2014-12-31,2.049999952316284,2.059999942779541,2.049999952316284,2.059999942779541,3866
2015-01-02,2.009999990463257,2.0199999809265137,2.009999990463257,2.0199999809265137,1010200
2015-01-05,2.0399999618530273,2.0399999618530273,2.009999990463257,2.0199999809265137,43571
2015-01-06,2.0399999618530273,2.0399999618530273,2.0399999618530273,2.0399999618530273,2000
2015-01-07,2.0199999809265137,2.0199999809265137,2.009999990463257,2.009999990463257,4250
2015-01-08,2.0250000953674316,2.0250000953674316,2.0250000953674316,2.0250000953674316,0
2015-01-09,2.0299999713897705,2.0299999713897705,2.0299999713897705,2.0299999713897705,1020
2015-01-12,2.009999990463257,2.0,2.0,2.0,15000
2015-01-13,2.0199999809265137,2.0,2.0,2.0,8000
2015-01-14,2.0,2.009999990463257,2.0,2.009999990463257,11600
2015-01-15,1.9900000095367432,2.0,1.9800000190734863,2.0,11280
2015-01-16,2.007999897003174,2.007999897003174,2.007999897003174,2.007999897003174,0
2015-01-19,1.9900000095367432,1.9600000381469727,1.9600000381469727,1.9600000381469727,2213
2015-01-20,1.9500000476837158,1.9800000190734863,1.9800000190734863,1.9800000190734863,2478
2015-01-21,1.940000057220459,1.9500000476837158,1.940000057220459,1.9500000476837158,172000
2015-01-22,1.940000057220459,1.9600000381469727,1.9500000476837158,1.9600000381469727,526610
2015-01-23,1.9199999570846558,1.9700000286102295,1.9299999475479126,1.9600000381469727,106947
2015-01-26,1.940000057220459,1.9199999570846558,1.9199999570846558,1.9199999570846558,203018
2015-01-27,1.9600000381469727,1.9900000095367432,1.9900000095367432,1.9900000095367432,757
2015-01-28,1.9700000286102295,2.0,2.0,2.0,1771
2015-01-29,2.002000093460083,2.002000093460083,2.002000093460083,2.002000093460083,0
2015-01-30,2.0,1.9900000095367432,1.9900000095367432,1.9900000095367432,1300
2015-02-02,2.009999990463257,2.0,2.0,2.0,250
2015-02-03,2.059999942779541,2.009999990463257,2.009999990463257,2.009999990463257,9254
2015-02-04,2.069999933242798,2.0799999237060547,2.059999942779541,2.0799999237060547,30820
2015-02-05,2.069999933242798,2.049999952316284,2.0399999618530273,2.049999952316284,21622
2015-02-06,2.069999933242798,2.069999933242798,2.0399999618530273,2.069999933242798,41204
2015-02-09,2.0799999237060547,2.069999933242798,2.049999952316284,2.059999942779541,629319
2015-02-10,2.109999895095825,2.0999999046325684,2.0999999046325684,2.0999999046325684,7660
2015-02-11,2.0899999141693115,2.109999895095825,2.0799999237060547,2.109999895095825,41841
2015-02-12,2.0799999237060547,2.0799999237060547,2.0799999237060547,2.0799999237060547,19010
2015-02-13,2.109999895095825,2.109999895095825,2.0999999046325684,2.109999895095825,13969
2015-02-16,2.119999885559082,2.140000104904175,2.140000104904175,2.140000104904175,2500
2015-02-17,2.130000114440918,2.140000104904175,2.140000104904175,2.140000104904175,5900
2015-02-18,2.1619999408721924,2.1619999408721924,2.1619999408721924,2.1619999408721924,0
2015-02-19,2.190000057220459,2.190000057220459,2.190000057220459,2.190000057220459,0
2015-02-20,2.1600000858306885,2.1600000858306885,2.1600000858306885,2.1600000858306885,706
2015-02-23,2.130000114440918,2.1500000953674316,2.140000104904175,2.1500000953674316,3160
2015-02-24,2.1710000038146973,2.1710000038146973,2.1710000038146973,2.1710000038146973,0
2015-02-25,2.190000057220459,2.180000066757202,2.1600000858306885,2.180000066757202,28484
2015-02-26,2.200000047683716,2.190000057220459,2.190000057220459,2.190000057220459,2615
2015-02-27,2.1500000953674316,2.190000057220459,2.1600000858306885,2.180000066757202,65930
2015-03-02,2.1700000762939453,2.1700000762939453,2.1600000858306885,2.1700000762939453,11406
2015-03-03,2.140000104904175,2.1600000858306885,2.1500000953674316,2.1500000953674316,44956
2015-03-04,2.109999895095825,2.109999895095825,2.109999895095825,2.109999895095825,2501
2015-03-05,2.119999885559082,2.130000114440918,2.109999895095825,2.109999895095825,7628
2015-03-06,2.0899999141693115,2.0999999046325684,2.0999999046325684,2.0999999046325684,3550
2015-03-09,2.0899999141693115,2.0999999046325684,2.0899999141693115,2.0899999141693115,6669
2015-03-10,2.0399999618530273,2.0899999141693115,2.069999933242798,2.0899999141693115,2777
2015-03-11,2.009999990463257,2.0199999809265137,2.0199999809265137,2.0199999809265137,2936
2015-03-12,2.0199999809265137,2.049999952316284,2.0199999809265137,2.0199999809265137,14850
2015-03-13,2.0199999809265137,2.059999942779541,2.0199999809265137,2.049999952316284,85476
2015-03-16,2.0299999713897705,2.049999952316284,2.049999952316284,2.049999952316284,9300
2015-03-17,2.009999990463257,2.0299999713897705,2.009999990463257,2.0199999809265137,67087
2015-03-18,2.0399999618530273,2.0,2.0,2.0,7000
2015-03-19,2.109999895095825,2.109999895095825,2.0899999141693115,2.109999895095825,6198
2015-03-20,2.0999999046325684,2.0999999046325684,2.0999999046325684,2.0999999046325684,3000
2015-03-23,2.140000104904175,2.140000104904175,2.0899999141693115,2.0899999141693115,48937
2015-03-24,2.140000104904175,2.140000104904175,2.140000104904175,2.140000104904175,1170
2015-03-25,2.119999885559082,2.119999885559082,2.109999895095825,2.109999895095825,731
2015-03-26,2.0999999046325684,2.119999885559082,2.119999885559082,2.119999885559082,2100
2015-03-27,2.124000072479248,2.124000072479248,2.124000072479248,2.124000072479248,0
2015-03-30,2.130000114440918,2.130000114440918,2.119999885559082,2.130000114440918,8421
2015-03-31,2.0899999141693115,2.130000114440918,2.130000114440918,2.130000114440918,1000
2015-04-01,2.0899999141693115,2.0899999141693115,2.0899999141693115,2.0899999141693115,0
2015-04-02,2.109999895095825,2.109999895095825,2.109999895095825,2.109999895095825,1036
2015-04-07,2.196000099182129,2.196000099182129,2.196000099182129,2.196000099182129,0
2015-04-08,2.240000009536743,2.240000009536743,2.2100000381469727,2.240000009536743,2832
2015-04-09,2.2300000190734863,2.2300000190734863,2.2200000286102295,2.2200000286102295,38709
2015-04-10,2.180000066757202,2.2200000286102295,2.200000047683716,2.200000047683716,631
2015-04-13,2.190000057220459,2.180000066757202,2.1600000858306885,2.1700000762939453,15030
2015-04-14,2.1600000858306885,2.180000066757202,2.1700000762939453,2.1700000762939453,3331
2015-04-15,2.1600000858306885,2.1700000762939453,2.1700000762939453,2.1700000762939453,250
2015-04-16,2.140000104904175,2.130000114440918,2.130000114440918,2.130000114440918,1819
2015-04-17,2.124000072479248,2.124000072479248,2.124000072479248,2.124000072479248,0
2015-04-20,2.0980000495910645,2.0980000495910645,2.0980000495910645,2.0980000495910645,0
2015-04-21,2.0989999771118164,2.0989999771118164,2.0989999771118164,2.0989999771118164,0
2015-04-22,2.0799999237060547,2.0999999046325684,2.0999999046325684,2.0999999046325684,2500
2015-04-23,2.1740000247955322,2.1740000247955322,2.1740000247955322,2.1740000247955322,0
2015-04-24,2.200000047683716,2.200000047683716,2.200000047683716,2.200000047683716,1000
2015-04-27,2.240000009536743,2.2200000286102295,2.2100000381469727,2.2100000381469727,1870
2015-04-28,2.2200000286102295,2.2100000381469727,2.2100000381469727,2.2100000381469727,5000
2015-04-29,2.2300000190734863,2.2200000286102295,2.2200000286102295,2.2200000286102295,150000
2015-04-30,2.259999990463257,2.259999990463257,2.259999990463257,2.259999990463257,4500
2015-05-01,2.200000047683716,2.25,2.25,2.25,600
2015-05-05,2.2235000133514404,2.2235000133514404,2.2235000133514404,2.2235000133514404,0
2015-05-06,2.197499990463257,2.197499990463257,2.197499990463257,2.197499990463257,0
2015-05-07,2.1649999618530273,2.1649999618530273,2.1649999618530273,2.1649999618530273,0
2015-05-08,2.180000066757202,2.180000066757202,2.180000066757202,2.180000066757202,8360
2015-05-11,2.1600000858306885,2.200000047683716,2.1700000762939453,2.200000047683716,2999
2015-05-12,2.1600000858306885,2.1600000858306885,2.1600000858306885,2.1600000858306885,1767
2015-05-13,2.1600000858306885,2.180000066757202,2.1600000858306885,2.1600000858306885,5000
2015-05-14,2.197999954223633,2.197999954223633,2.197999954223633,2.197999954223633,0
2015-05-15,2.2184998989105225,2.2184998989105225,2.2184998989105225,2.2184998989105225,0
2015-05-18,2.1700000762939453,2.190000057220459,2.190000057220459,2.190000057220459,100
2015-05-19,2.130000114440918,2.1500000953674316,2.1500000953674316,2.1500000953674316,1500
2015-05-20,2.119999885559082,2.130000114440918,1.7300000190734863,2.119999885559082,21991
2015-05-21,2.119999885559082,2.1500000953674316,2.1500000953674316,2.1500000953674316,2000
2015-05-22,2.111999988555908,2.111999988555908,2.111999988555908,2.111999988555908,0
2015-05-26,2.109999895095825,2.119999885559082,2.109999895095825,2.119999885559082,2575
2015-05-27,2.1075000762939453,2.1075000762939453,2.1075000762939453,2.1075000762939453,0
2015-05-28,2.109999895095825,2.0999999046325684,2.0899999141693115,2.0899999141693115,19000
2015-05-29,2.200000047683716,2.130000114440918,2.130000114440918,2.130000114440918,18000
2015-06-01,2.130000114440918,2.1600000858306885,2.1600000858306885,2.1600000858306885,200
2015-06-02,2.109999895095825,2.140000104904175,2.140000104904175,2.140000104904175,7000
2015-06-03,2.1500000953674316,2.1500000953674316,2.1500000953674316,2.1500000953674316,0
2015-06-04,2.180000066757202,2.180000066757202,2.1600000858306885,2.1600000858306885,4970
2015-06-05,2.130000114440918,2.1500000953674316,2.1500000953674316,2.1500000953674316,1000
2015-06-08,2.1500000953674316,2.1600000858306885,2.140000104904175,2.1500000953674316,2501570
2015-06-09,2.1600000858306885,2.1600000858306885,2.1600000858306885,2.1600000858306885,249
2015-06-10,2.1589999198913574,2.1589999198913574,2.1589999198913574,2.1589999198913574,0
2015-06-11,2.127500057220459,2.127500057220459,2.127500057220459,2.127500057220459,0
2015-06-12,2.1389999389648438,2.1389999389648438,2.1389999389648438,2.1389999389648438,0
2015-06-15,2.0899999141693115,2.119999885559082,2.119999885559082,2.119999885559082,447
2015-06-16,2.109999895095825,2.109999895095825,2.0899999141693115,2.109999895095825,312628
2015-06-17,2.140000104904175,2.140000104904175,2.140000104904175,2.140000104904175,2500
2015-06-18,2.125,2.125,2.125,2.125,0
2015-06-19,2.0894999504089355,2.0894999504089355,2.0894999504089355,2.0894999504089355,0
2015-06-22,2.1075000762939453,2.1075000762939453,2.1075000762939453,2.1075000762939453,0
2015-06-23,2.109999895095825,2.140000104904175,2.109999895095825,2.140000104904175,2229
2015-06-24,2.1135001182556152,2.1135001182556152,2.1135001182556152,2.1135001182556152,0
2015-06-25,2.1500000953674316,2.119999885559082,2.119999885559082,2.119999885559082,50
2015-06-26,2.200000047683716,2.180000066757202,2.180000066757202,2.180000066757202,1063
2015-06-29,2.2200000286102295,2.200000047683716,2.200000047683716,2.200000047683716,724
2015-06-30,2.180000066757202,2.200000047683716,2.200000047683716,2.200000047683716,2500
2015-07-01,2.2100000381469727,2.200000047683716,2.200000047683716,2.200000047683716,211
2015-07-02,2.2200000286102295,2.2200000286102295,2.2200000286102295,2.2200000286102295,7345
2015-07-03,2.2100000381469727,2.240000009536743,2.200000047683716,2.2300000190734863,3191
2015-07-06,2.2100000381469727,2.200000047683716,2.200000047683716,2.200000047683716,13840
2015-07-07,2.140000104904175,2.190000057220459,2.190000057220459,2.190000057220459,62515
2015-07-08,2.140000104904175,2.140000104904175,2.140000104904175,2.140000104904175,0
2015-07-09,2.1600000858306885,2.1700000762939453,2.1600000858306885,2.1700000762939453,5752
2015-07-10,2.200000047683716,2.200000047683716,2.200000047683716,2.200000047683716,500
2015-07-13,2.1459999084472656,2.1459999084472656,2.1459999084472656,2.1459999084472656,0
2015-07-14,2.172499895095825,2.172499895095825,2.172499895095825,2.172499895095825,0
2015-07-15,2.1600000858306885,2.190000057220459,2.1600000858306885,2.190000057220459,1490
2015-07-16,2.128999948501587,2.128999948501587,2.128999948501587,2.128999948501587,0
2015-07-17,2.131500005722046,2.131500005722046,2.131500005722046,2.131500005722046,0
2015-07-20,2.119999885559082,2.130000114440918,2.130000114440918,2.130000114440918,1335
2015-07-21,2.119999885559082,2.130000114440918,2.119999885559082,2.130000114440918,2918
2015-07-22,2.119999885559082,2.130000114440918,2.109999895095825,2.109999895095825,86037
2015-07-23,2.140000104904175,2.140000104904175,2.119999885559082,2.119999885559082,5263
2015-07-24,2.109999895095825,2.130000114440918,2.119999885559082,2.130000114440918,4762
2015-07-27,2.109999895095825,2.109999895095825,2.109999895095825,2.109999895095825,1510300
2015-07-28,2.0899999141693115,2.0899999141693115,2.0899999141693115,2.0899999141693115,480
2015-07-29,2.109999895095825,2.109999895095825,2.109999895095825,2.109999895095825,4250
2015-07-30,2.0999999046325684,2.0999999046325684,2.0899999141693115,2.0999999046325684,32600
2015-07-31,2.109999895095825,2.109999895095825,2.0799999237060547,2.0799999237060547,21340
2015-08-03,2.0950000286102295,2.0950000286102295,2.0950000286102295,2.0950000286102295,0
2015-08-04,2.0899999141693115,2.0899999141693115,2.0899999141693115,2.0899999141693115,11115
2015-08-05,2.0869998931884766,2.0869998931884766,2.0869998931884766,2.0869998931884766,0
2015-08-06,2.0399999618530273,2.069999933242798,2.059999942779541,2.069999933242798,2694
2015-08-07,2.0299999713897705,2.0399999618530273,2.0399999618530273,2.0399999618530273,4200
2015-08-10,2.049999952316284,2.0299999713897705,2.0199999809265137,2.0199999809265137,3031
2015-08-11,2.0299999713897705,2.0299999713897705,2.0299999713897705,2.0299999713897705,2800
2015-08-12,2.0199999809265137,2.0199999809265137,2.009999990463257,2.009999990463257,5545
2015-08-13,2.1700000762939453,2.109999895095825,2.069999933242798,2.069999933242798,1550
2015-08-14,2.180000066757202,2.180000066757202,2.180000066757202,2.180000066757202,0
2015-08-17,2.190000057220459,2.1500000953674316,2.1500000953674316,2.1500000953674316,1400
2015-08-18,2.190000057220459,2.200000047683716,2.1600000858306885,2.180000066757202,316630
2015-08-19,2.1700000762939453,2.180000066757202,2.180000066757202,2.180000066757202,300
2015-08-20,2.18149995803833,2.18149995803833,2.18149995803833,2.18149995803833,0
2015-08-21,2.190000057220459,2.190000057220459,2.180000066757202,2.190000057220459,16952
2015-08-24,2.109999895095825,2.1500000953674316,2.0999999046325684,2.1500000953674316,5936
2015-08-25,2.0799999237060547,2.109999895095825,2.0899999141693115,2.109999895095825,850
2015-08-26,2.0480000972747803,2.0480000972747803,2.0480000972747803,2.0480000972747803,0
2015-08-27,2.056999921798706,2.056999921798706,2.056999921798706,2.056999921798706,0
2015-08-28,2.07450008392334,2.07450008392334,2.07450008392334,2.07450008392334,0
2015-09-01,2.049999952316284,2.049999952316284,2.0299999713897705,2.0299999713897705,17780
2015-09-02,2.0399999618530273,2.0399999618530273,2.0299999713897705,2.0399999618530273,20469
2015-09-03,2.059999942779541,2.069999933242798,2.049999952316284,2.069999933242798,4064
2015-09-04,2.049999952316284,2.049999952316284,2.049999952316284,2.049999952316284,1100
2015-09-07,2.053999900817871,2.053999900817871,2.053999900817871,2.053999900817871,0
2015-09-08,2.075000047683716,2.075000047683716,2.075000047683716,2.075000047683716,0
2015-09-09,2.0845000743865967,2.0845000743865967,2.0845000743865967,2.0845000743865967,0
2015-09-10,2.0759999752044678,2.0759999752044678,2.0759999752044678,2.0759999752044678,0
2015-09-11,2.0399999618530273,2.049999952316284,2.049999952316284,2.049999952316284,400
2015-09-14,2.0794999599456787,2.0794999599456787,2.0794999599456787,2.0794999599456787,0
2015-09-15,2.0510001182556152,2.0510001182556152,2.0510001182556152,2.0510001182556152,0
2015-09-16,2.059999942779541,2.059999942779541,2.049999952316284,2.049999952316284,1350
2015-09-17,2.049999952316284,2.0399999618530273,2.0399999618530273,2.0399999618530273,533
2015-09-18,2.0164999961853027,2.0164999961853027,2.0164999961853027,2.0164999961853027,0
2015-09-21,1.9800000190734863,2.0199999809265137,1.9800000190734863,2.0199999809265137,22714
2015-09-22,1.9700000286102295,1.9900000095367432,1.9600000381469727,1.9600000381469727,761956
2015-09-23,1.968999981880188,1.968999981880188,1.968999981880188,1.968999981880188,0
2015-09-24,1.9600000381469727,1.9600000381469727,1.9500000476837158,1.9600000381469727,7695
2015-09-25,1.9900000095367432,1.9900000095367432,1.9700000286102295,1.9700000286102295,33170
2015-09-28,2.0,2.0,2.0,2.0,500
2015-09-29,2.0,1.9900000095367432,1.9900000095367432,1.9900000095367432,300
2015-09-30,1.9900000095367432,2.049999952316284,2.0299999713897705,2.049999952316284,20000
2015-10-01,1.9900000095367432,2.009999990463257,1.9800000190734863,1.9800000190734863,170215
2015-10-02,1.9869999885559082,1.9869999885559082,1.9869999885559082,1.9869999885559082,0
2015-10-05,2.0199999809265137,2.0199999809265137,2.0199999809265137,2.0199999809265137,0
2015-10-06,2.0385000705718994,2.0385000705718994,2.0385000705718994,2.0385000705718994,0
2015-10-07,2.0299999713897705,2.049999952316284,2.049999952316284,2.049999952316284,2228
2015-10-08,2.0399999618530273,2.0399999618530273,2.0299999713897705,2.0399999618530273,2640
2015-10-09,2.0,2.009999990463257,2.0,2.009999990463257,1098738
2015-10-12,2.0299999713897705,2.0199999809265137,2.0199999809265137,2.0199999809265137,1809
2015-10-13,2.059499979019165,2.059499979019165,2.059499979019165,2.059499979019165,0
2015-10-14,2.0999999046325684,2.0899999141693115,2.0899999141693115,2.0899999141693115,48459
2015-10-15,2.077500104904175,2.077500104904175,2.077500104904175,2.077500104904175,0
2015-10-16,2.0769999027252197,2.0769999027252197,2.0769999027252197,2.0769999027252197,0
2015-10-19,2.072499990463257,2.072499990463257,2.072499990463257,2.072499990463257,0
2015-10-20,2.0899999141693115,2.0899999141693115,2.0899999141693115,2.0899999141693115,0
2015-10-21,2.109999895095825,2.0999999046325684,2.0999999046325684,2.0999999046325684,517
2015-10-22,2.069999933242798,2.119999885559082,2.059999942779541,2.069999933242798,652340
2015-10-23,2.049999952316284,2.059999942779541,2.0399999618530273,2.0399999618530273,450
2015-10-26,2.0329999923706055,2.0329999923706055,2.0329999923706055,2.0329999923706055,0
2015-10-27,2.059499979019165,2.059499979019165,2.059499979019165,2.059499979019165,0
2015-10-28,2.0464999675750732,2.0464999675750732,2.0464999675750732,2.0464999675750732,0
2015-10-29,2.0399999618530273,2.0399999618530273,2.0399999618530273,2.0399999618530273,0
2015-10-30,2.0799999237060547,2.069999933242798,2.069999933242798,2.069999933242798,2500
2015-11-02,2.069999933242798,2.049999952316284,2.049999952316284,2.049999952316284,24000
2015-11-03,2.0799999237060547,2.0899999141693115,2.0899999141693115,2.0899999141693115,385
2015-11-04,2.0374999046325684,2.0374999046325684,2.0374999046325684,2.0374999046325684,0
2015-11-05,2.0304999351501465,2.0304999351501465,2.0304999351501465,2.0304999351501465,0
2015-11-06,2.0199999809265137,2.0899999141693115,2.0399999618530273,2.0899999141693115,1600
2015-11-09,2.0199999809265137,2.0299999713897705,2.009999990463257,2.009999990463257,42085
2015-11-10,2.0234999656677246,2.0234999656677246,2.0234999656677246,2.0234999656677246,0
2015-11-11,2.0399999618530273,2.049999952316284,2.049999952316284,2.049999952316284,100
2015-11-12,2.0390000343322754,2.0390000343322754,2.0390000343322754,2.0390000343322754,0
2015-11-13,2.0215001106262207,2.0215001106262207,2.0215001106262207,2.0215001106262207,0
2015-11-16,2.0399999618530273,2.009999990463257,2.009999990463257,2.009999990463257,5335
2015-11-17,2.067500114440918,2.067500114440918,2.067500114440918,2.067500114440918,0
2015-11-18,2.049999952316284,2.0399999618530273,2.0399999618530273,2.0399999618530273,1000
2015-11-19,2.059999942779541,2.069999933242798,2.069999933242798,2.069999933242798,71510
2015-11-20,2.069999933242798,2.069999933242798,2.069999933242798,2.069999933242798,700
2015-11-23,2.0215001106262207,2.0215001106262207,2.0215001106262207,2.0215001106262207,0
2015-11-24,2.0199999809265137,2.0199999809265137,2.0199999809265137,2.0199999809265137,234712
2015-11-25,2.049999952316284,2.069999933242798,2.0299999713897705,2.069999933242798,38350
2015-11-26,2.05649995803833,2.05649995803833,2.05649995803833,2.05649995803833,0
2015-11-27,2.0899999141693115,2.069999933242798,2.069999933242798,2.069999933242798,5999
2015-11-30,2.069999933242798,2.0799999237060547,2.0799999237060547,2.0799999237060547,2164
2015-12-01,2.059999942779541,2.059999942779541,2.049999952316284,2.059999942779541,7444
2015-12-02,2.0820000171661377,2.0820000171661377,2.0820000171661377,2.0820000171661377,0
2015-12-03,2.0915000438690186,2.0915000438690186,2.0915000438690186,2.0915000438690186,0
2015-12-04,2.109999895095825,2.069999933242798,2.069999933242798,2.069999933242798,2164
2015-12-07,2.0999999046325684,2.119999885559082,2.119999885559082,2.119999885559082,2289
2015-12-08,2.109999895095825,2.0899999141693115,2.0899999141693115,2.0899999141693115,1093
2015-12-09,2.119999885559082,2.119999885559082,2.109999895095825,2.109999895095825,4520
2015-12-10,2.0789999961853027,2.0789999961853027,2.0789999961853027,2.0789999961853027,0
2015-12-11,2.0799999237060547,2.0799999237060547,2.0799999237060547,2.0799999237060547,91000
2015-12-14,2.069999933242798,2.0899999141693115,2.0399999618530273,2.0399999618530273,8664
2015-12-15,2.058500051498413,2.058500051498413,2.058500051498413,2.058500051498413,0
2015-12-16,2.063999891281128,2.063999891281128,2.063999891281128,2.063999891281128,0
2015-12-17,2.059999942779541,2.069999933242798,2.049999952316284,2.069999933242798,60721
2015-12-18,2.059999942779541,2.059999942779541,2.049999952316284,2.049999952316284,47740
2015-12-21,2.0799999237060547,2.0799999237060547,2.0799999237060547,2.0799999237060547,10000
2015-12-22,2.059999942779541,2.059999942779541,2.059999942779541,2.059999942779541,0
2015-12-23,2.049999952316284,2.049999952316284,2.049999952316284,2.049999952316284,3873
2015-12-24,2.052000045776367,2.052000045776367,2.052000045776367,2.052000045776367,0
2015-12-29,2.0889999866485596,2.0889999866485596,2.0889999866485596,2.0889999866485596,0
2015-12-30,2.0869998931884766,2.0869998931884766,2.0869998931884766,2.0869998931884766,0
2015-12-31,2.0789999961853027,2.0789999961853027,2.0789999961853027,2.0789999961853027,0
2016-01-04,2.049999952316284,2.049999952316284,2.049999952316284,2.049999952316284,630100
2016-01-05,2.0415000915527344,2.0415000915527344,2.0415000915527344,2.0415000915527344,0
2016-01-06,2.0280001163482666,2.0280001163482666,2.0280001163482666,2.0280001163482666,0
2016-01-07,2.009999990463257,2.0299999713897705,2.0299999713897705,2.0299999713897705,2750
2016-01-08,2.009999990463257,2.009999990463257,2.009999990463257,2.009999990463257,0
2016-01-11,2.009999990463257,2.0,2.0,2.0,9450
2016-01-12,2.0199999809265137,2.0199999809265137,2.0199999809265137,2.0199999809265137,2500
2016-01-13,2.0295000076293945,2.0295000076293945,2.0295000076293945,2.0295000076293945,0
2016-01-14,2.0299999713897705,2.059999942779541,2.0,2.059999942779541,9240
2016-01-15,2.009999990463257,2.0299999713897705,2.009999990463257,2.009999990463257,12610
2016-01-18,2.009999990463257,2.0199999809265137,2.0199999809265137,2.0199999809265137,3548
2016-01-19,2.0274999141693115,2.0274999141693115,2.0274999141693115,2.0274999141693115,0
2016-01-20,2.009999990463257,2.0199999809265137,2.0199999809265137,2.0199999809265137,3000
2016-01-21,2.0304999351501465,2.0304999351501465,2.0304999351501465,2.0304999351501465,0
2016-01-22,2.0399999618530273,2.0399999618530273,2.0199999809265137,2.0399999618530273,11757
2016-01-25,2.009999990463257,2.0299999713897705,2.0,2.0199999809265137,2013250
2016-01-26,1.9900000095367432,2.009999990463257,2.0,2.0,20010
2016-01-27,1.9900000095367432,2.0,2.0,2.0,3578
2016-01-28,2.0,2.0,1.9800000190734863,1.9800000190734863,56795
2016-01-29,1.9800000190734863,2.009999990463257,1.9900000095367432,2.0,98376
2016-02-01,2.009999990463257,2.009999990463257,1.9900000095367432,2.009999990463257,18000
2016-02-02,2.015000104904175,2.015000104904175,2.015000104904175,2.015000104904175,0
2016-02-03,2.0199999809265137,2.0299999713897705,2.0299999713897705,2.0299999713897705,7426
2016-02-04,2.0,2.0,2.0,2.0,10774
2016-02-05,1.9500000476837158,1.9700000286102295,1.9700000286102295,1.9700000286102295,42686
2016-02-08,1.9299999475479126,1.9600000381469727,1.9500000476837158,1.9500000476837158,34857
2016-02-09,1.940000057220459,1.9299999475479126,1.9299999475479126,1.9299999475479126,58500
2016-02-10,1.909999966621399,1.9199999570846558,1.899999976158142,1.909999966621399,50425
2016-02-11,1.899999976158142,1.8899999856948853,1.8899999856948853,1.8899999856948853,40003
2016-02-12,1.8899999856948853,1.8899999856948853,1.8899999856948853,1.8899999856948853,5000
2016-02-15,1.8945000171661377,1.8945000171661377,1.8945000171661377,1.8945000171661377,0
2016-02-16,1.940000057220459,1.909999966621399,1.909999966621399,1.909999966621399,42950
2016-02-17,1.940000057220459,1.9299999475479126,1.9199999570846558,1.9299999475479126,72643
2016-02-18,1.940000057220459,1.9299999475479126,1.9299999475479126,1.9299999475479126,37908
2016-02-19,1.9210000038146973,1.9210000038146973,1.9210000038146973,1.9210000038146973,0
2016-02-22,1.9299999475479126,1.9299999475479126,1.9299999475479126,1.9299999475479126,40003
2016-02-23,1.8765000104904175,1.8765000104904175,1.8765000104904175,1.8765000104904175,0
2016-02-24,1.8600000143051147,1.8700000047683716,1.8700000047683716,1.8700000047683716,18726
2016-02-25,1.8624999523162842,1.8624999523162842,1.8624999523162842,1.8624999523162842,0
2016-02-26,1.8600000143051147,1.8600000143051147,1.8600000143051147,1.8600000143051147,5739
2016-02-29,1.7899999618530273,1.850000023841858,1.7899999618530273,1.809999942779541,140075
2016-03-01,1.850000023841858,1.8600000143051147,1.7899999618530273,1.809999942779541,306585
2016-03-02,1.8300000429153442,1.8200000524520874,1.809999942779541,1.809999942779541,87603
2016-03-03,1.809999942779541,1.8200000524520874,1.8200000524520874,1.8200000524520874,105006
2016-03-04,1.8300000429153442,1.8300000429153442,1.809999942779541,1.8300000429153442,22661
2016-03-07,1.8600000143051147,1.8700000047683716,1.8600000143051147,1.8700000047683716,47149
2016-03-08,1.840000033378601,1.8300000429153442,1.8300000429153442,1.8300000429153442,12000
2016-03-09,1.809999942779541,1.809999942779541,1.809999942779541,1.809999942779541,0
2016-03-10,1.7999999523162842,1.8200000524520874,1.8200000524520874,1.8200000524520874,12478
2016-03-11,1.850000023841858,1.8300000429153442,1.8300000429153442,1.8300000429153442,6434
2016-03-14,1.8799999952316284,1.8799999952316284,1.850000023841858,1.8799999952316284,19316
2016-03-15,1.8799999952316284,1.8899999856948853,1.8799999952316284,1.8799999952316284,8831
2016-03-16,1.8899999856948853,1.8799999952316284,1.840000033378601,1.8700000047683716,90051
2016-03-17,1.8899999856948853,1.899999976158142,1.8899999856948853,1.8899999856948853,118298
2016-03-18,1.8600000143051147,1.8799999952316284,1.8700000047683716,1.8799999952316284,3016
2016-03-21,1.8865000009536743,1.8865000009536743,1.8865000009536743,1.8865000009536743,0
2016-03-22,1.8680000305175781,1.8680000305175781,1.8680000305175781,1.8680000305175781,0
2016-03-23,1.8799999952316284,1.8799999952316284,1.8799999952316284,1.8799999952316284,2276
2016-03-24,1.850000023841858,1.8600000143051147,1.8600000143051147,1.8600000143051147,441
2016-03-29,1.850000023841858,1.8600000143051147,1.8600000143051147,1.8600000143051147,6000
2016-03-30,1.8600000143051147,1.8600000143051147,1.8600000143051147,1.8600000143051147,12
2016-03-31,1.8550000190734863,1.8550000190734863,1.8550000190734863,1.8550000190734863,0
2016-04-01,1.909999966621399,1.899999976158142,1.899999976158142,1.899999976158142,16835
2016-04-04,1.899999976158142,1.9199999570846558,1.9199999570846558,1.9199999570846558,2219
2016-04-05,1.8945000171661377,1.8945000171661377,1.8945000171661377,1.8945000171661377,0
2016-04-06,1.9049999713897705,1.9049999713897705,1.9049999713897705,1.9049999713897705,0
2016-04-07,1.899999976158142,1.909999966621399,1.8899999856948853,1.899999976158142,36445
2016-04-08,1.9500000476837158,1.9500000476837158,1.9199999570846558,1.9199999570846558,51135
2016-04-11,1.9574999809265137,1.9574999809265137,1.9574999809265137,1.9574999809265137,0
2016-04-12,1.9874999523162842,1.9874999523162842,1.9874999523162842,1.9874999523162842,0
2016-04-13,2.009999990463257,2.009999990463257,2.0,2.009999990463257,23081
2016-04-14,1.9700000286102295,1.9900000095367432,1.9900000095367432,1.9900000095367432,2831
2016-04-15,1.9500000476837158,1.940000057220459,1.9199999570846558,1.940000057220459,2915
2016-04-18,2.0199999809265137,2.0199999809265137,2.009999990463257,2.009999990463257,31326
2016-04-19,2.0460000038146973,2.0460000038146973,2.0460000038146973,2.0460000038146973,0
2016-04-20,2.0799999237060547,2.059999942779541,2.0299999713897705,2.059999942779541,8830
2016-04-21,2.0799999237060547,2.0999999046325684,2.069999933242798,2.0999999046325684,68519
2016-04-22,2.062000036239624,2.062000036239624,2.062000036239624,2.062000036239624,0
2016-04-25,2.0799999237060547,2.069999933242798,2.059999942779541,2.059999942779541,3985
2016-04-26,2.0799999237060547,2.0899999141693115,2.069999933242798,2.069999933242798,52471
2016-04-27,2.069999933242798,2.069999933242798,2.059999942779541,2.059999942779541,85716
2016-04-28,2.0799999237060547,2.059999942779541,2.059999942779541,2.059999942779541,249
2016-04-29,2.0799999237060547,2.059999942779541,2.059999942779541,2.059999942779541,4232
2016-05-03,2.0399999618530273,2.0399999618530273,2.0399999618530273,2.0399999618530273,40003
2016-05-04,2.0404999256134033,2.0404999256134033,2.0404999256134033,2.0404999256134033,0
2016-05-05,2.0299999713897705,2.049999952316284,2.049999952316284,2.049999952316284,6000
2016-05-06,2.009999990463257,2.0199999809265137,2.0,2.0199999809265137,10318
2016-05-09,1.9900000095367432,2.0199999809265137,2.0,2.0199999809265137,101
2016-05-10,2.0,2.0,2.0,2.0,1080
2016-05-11,2.003999948501587,2.003999948501587,2.003999948501587,2.003999948501587,0
2016-05-12,1.9735000133514404,1.9735000133514404,1.9735000133514404,1.9735000133514404,0
2016-05-13,1.9739999771118164,1.9739999771118164,1.9739999771118164,1.9739999771118164,0
2016-05-16,1.9900000095367432,1.9800000190734863,1.9700000286102295,1.9700000286102295,470
2016-05-17,2.0299999713897705,2.0,2.0,2.0,2000
2016-05-18,2.009999990463257,2.0199999809265137,2.0199999809265137,2.0199999809265137,500
2016-05-19,1.99399995803833,1.99399995803833,1.99399995803833,1.99399995803833,0
2016-05-20,1.997499942779541,1.997499942779541,1.997499942779541,1.997499942779541,0
2016-05-23,1.9900000095367432,2.0,2.0,2.0,1000
2016-05-24,2.0399999618530273,1.9900000095367432,1.9800000190734863,1.9900000095367432,71465
2016-05-25,2.0329999923706055,2.0329999923706055,2.0329999923706055,2.0329999923706055,0
2016-05-26,2.0899999141693115,2.049999952316284,2.049999952316284,2.049999952316284,30855
2016-05-27,2.0815000534057617,2.0815000534057617,2.0815000534057617,2.0815000534057617,0
2016-05-31,2.069999933242798,2.0799999237060547,2.059999942779541,2.059999942779541,1106
2016-06-01,2.059999942779541,2.069999933242798,2.059999942779541,2.059999942779541,75478
2016-06-02,2.059999942779541,2.049999952316284,2.049999952316284,2.049999952316284,3019
2016-06-03,2.070499897003174,2.070499897003174,2.070499897003174,2.070499897003174,0
2016-06-06,2.130000114440918,2.130000114440918,2.0899999141693115,2.0899999141693115,197827
2016-06-07,2.140000104904175,2.140000104904175,2.130000114440918,2.130000114440918,5123
2016-06-08,2.1600000858306885,2.130000114440918,2.130000114440918,2.130000114440918,97238
2016-06-09,2.119999885559082,2.109999895095825,2.109999895095825,2.109999895095825,68404
2016-06-10,2.130000114440918,2.109999895095825,2.109999895095825,2.109999895095825,68230
2016-06-13,2.0899999141693115,2.140000104904175,2.130000114440918,2.130000114440918,132565
2016-06-14,2.049999952316284,2.069999933242798,2.069999933242798,2.069999933242798,100264
2016-06-15,2.061500072479248,2.061500072479248,2.061500072479248,2.061500072479248,0
2016-06-16,2.0799999237060547,2.0899999141693115,2.0899999141693115,2.0899999141693115,7890
2016-06-17,2.140000104904175,2.140000104904175,2.130000114440918,2.130000114440918,103682
2016-06-20,2.13700008392334,2.13700008392334,2.13700008392334,2.13700008392334,0
2016-06-21,2.0799999237060547,2.0899999141693115,2.0899999141693115,2.0899999141693115,1350
2016-06-22,2.0989999771118164,2.0989999771118164,2.0989999771118164,2.0989999771118164,0
2016-06-23,2.130000114440918,2.140000104904175,2.140000104904175,2.140000104904175,1400
2016-06-24,2.0899999141693115,2.0799999237060547,2.0799999237060547,2.0799999237060547,48
2016-06-27,2.109999895095825,2.0999999046325684,2.0899999141693115,2.0899999141693115,8000
2016-06-28,2.130000114440918,2.119999885559082,2.0899999141693115,2.0899999141693115,18328
2016-06-29,2.140000104904175,2.130000114440918,2.130000114440918,2.130000114440918,500
2016-06-30,2.140000104904175,2.140000104904175,2.140000104904175,2.140000104904175,400
2016-07-01,2.0999999046325684,2.109999895095825,2.0999999046325684,2.0999999046325684,5640
2016-07-04,2.109999895095825,2.130000114440918,2.130000114440918,2.130000114440918,46839
2016-07-05,2.0999999046325684,2.140000104904175,2.109999895095825,2.109999895095825,52835
2016-07-06,2.109999895095825,2.109999895095825,2.0999999046325684,2.109999895095825,3020
2016-07-07,2.0999999046325684,2.130000114440918,2.109999895095825,2.109999895095825,33396
2016-07-08,2.1394999027252197,2.1394999027252197,2.1394999027252197,2.1394999027252197,0
2016-07-11,2.180000066757202,2.1600000858306885,2.130000114440918,2.1500000953674316,111920
2016-07-12,2.2100000381469727,2.200000047683716,2.180000066757202,2.180000066757202,28200
2016-07-13,2.3499999046325684,2.3399999141693115,2.3299999237060547,2.3399999141693115,15400
2016-07-14,2.390000104904175,2.390000104904175,2.3499999046325684,2.369999885559082,20301
2016-07-15,2.390000104904175,2.4100000858306885,2.380000114440918,2.4000000953674316,15548
2016-07-18,2.4000000953674316,2.4000000953674316,2.380000114440918,2.4000000953674316,22700
2016-07-19,2.380000114440918,2.390000104904175,2.369999885559082,2.369999885559082,647
2016-07-20,2.3299999237060547,2.3299999237060547,2.3299999237060547,2.3299999237060547,1500
2016-07-21,2.369999885559082,2.359999895095825,2.319999933242798,2.3299999237060547,3620
2016-07-22,2.3450000286102295,2.3450000286102295,2.3450000286102295,2.3450000286102295,0
2016-07-25,2.3399999141693115,2.359999895095825,2.319999933242798,2.3499999046325684,20519
2016-07-26,2.380000114440918,2.390000104904175,2.359999895095825,2.359999895095825,1340
2016-07-27,2.4000000953674316,2.390000104904175,2.390000104904175,2.390000104904175,1450
2016-07-28,2.3499999046325684,2.359999895095825,2.359999895095825,2.359999895095825,3218
2016-07-29,2.369999885559082,2.3399999141693115,2.3399999141693115,2.3399999141693115,56
2016-08-01,2.4100000858306885,2.4100000858306885,2.390000104904175,2.4000000953674316,37627
2016-08-02,2.380000114440918,2.4000000953674316,2.390000104904175,2.4000000953674316,11598
2016-08-03,2.4000000953674316,2.4000000953674316,2.4000000953674316,2.4000000953674316,0
2016-08-04,2.450000047683716,2.4800000190734863,2.4100000858306885,2.4200000762939453,12530
2016-08-05,2.4700000286102295,2.5,2.4700000286102295,2.4800000190734863,104822
2016-08-08,2.4600000381469727,2.490000009536743,2.4600000381469727,2.490000009536743,8202
2016-08-09,2.3499999046325684,2.390000104904175,2.259999990463257,2.259999990463257,1430
2016-08-10,2.319999933242798,2.359999895095825,2.299999952316284,2.299999952316284,2208
2016-08-11,2.3399999141693115,2.319999933242798,2.319999933242798,2.319999933242798,547
2016-08-12,2.3399999141693115,2.3299999237060547,2.319999933242798,2.3299999237060547,5292
2016-08-15,2.2699999809265137,2.2899999618530273,2.2699999809265137,2.2899999618530273,1382
2016-08-16,2.200000047683716,2.2300000190734863,2.180000066757202,2.2200000286102295,72946
2016-08-17,2.239500045776367,2.239500045776367,2.239500045776367,2.239500045776367,0
2016-08-18,2.25,2.259999990463257,2.2300000190734863,2.2300000190734863,10307
2016-08-19,2.2019999027252197,2.2019999027252197,2.2019999027252197,2.2019999027252197,0
2016-08-22,2.2100000381469727,2.2100000381469727,2.200000047683716,2.2100000381469727,4424
2016-08-23,2.2200000286102295,2.2300000190734863,2.2100000381469727,2.2200000286102295,10258
2016-08-24,2.191499948501587,2.191499948501587,2.191499948501587,2.191499948501587,0
2016-08-25,2.200000047683716,2.1700000762939453,2.1700000762939453,2.1700000762939453,16265
2016-08-26,2.2070000171661377,2.2070000171661377,2.2070000171661377,2.2070000171661377,0
2016-08-30,2.140000104904175,2.1700000762939453,2.1600000858306885,2.1700000762939453,7347
2016-08-31,2.130000114440918,2.130000114440918,2.0899999141693115,2.130000114440918,9585
2016-09-01,2.1500000953674316,2.1500000953674316,2.130000114440918,2.1500000953674316,3024
2016-09-02,2.180000066757202,2.200000047683716,2.180000066757202,2.180000066757202,10610
2016-09-05,2.192500114440918,2.192500114440918,2.192500114440918,2.192500114440918,0
2016-09-06,2.2300000190734863,2.240000009536743,2.2200000286102295,2.2200000286102295,8700
2016-09-07,2.2300000190734863,2.240000009536743,2.240000009536743,2.240000009536743,1488
2016-09-08,2.242000102996826,2.242000102996826,2.242000102996826,2.242000102996826,0
2016-09-09,2.2279999256134033,2.2279999256134033,2.2279999256134033,2.2279999256134033,0
2016-09-12,2.2200000286102295,2.190000057220459,2.190000057220459,2.190000057220459,400
2016-09-13,2.1600000858306885,2.140000104904175,2.140000104904175,2.140000104904175,544
2016-09-14,2.1700000762939453,2.1600000858306885,2.1600000858306885,2.1600000858306885,2223
2016-09-15,2.190000057220459,2.180000066757202,2.180000066757202,2.180000066757202,379800
2016-09-16,2.1714999675750732,2.1714999675750732,2.1714999675750732,2.1714999675750732,0
2016-09-19,2.2100000381469727,2.2300000190734863,2.2100000381469727,2.2300000190734863,6535
2016-09-20,2.248500108718872,2.248500108718872,2.248500108718872,2.248500108718872,0
2016-09-21,2.299999952316284,2.2899999618530273,2.2899999618530273,2.2899999618530273,3559
2016-09-22,2.319999933242798,2.319999933242798,2.299999952316284,2.299999952316284,8299
2016-09-23,2.2699999809265137,2.2699999809265137,2.259999990463257,2.259999990463257,63991
2016-09-26,2.2699999809265137,2.2799999713897705,2.2799999713897705,2.2799999713897705,2924
2016-09-27,2.253499984741211,2.253499984741211,2.253499984741211,2.253499984741211,0
2016-09-28,2.2300000190734863,2.25,2.25,2.25,9
2016-09-29,2.190000057220459,2.190000057220459,2.190000057220459,2.190000057220459,28300
2016-09-30,2.1875,2.1875,2.1875,2.1875,0
2016-10-03,2.190000057220459,2.190000057220459,2.190000057220459,2.190000057220459,0
2016-10-04,2.246500015258789,2.246500015258789,2.246500015258789,2.246500015258789,0
2016-10-05,2.2200000286102295,2.25,2.200000047683716,2.2100000381469727,41808
2016-10-06,2.1735000610351562,2.1735000610351562,2.1735000610351562,2.1735000610351562,0
2016-10-07,2.1700000762939453,2.180000066757202,2.180000066757202,2.180000066757202,219000
2016-10-10,2.180000066757202,2.190000057220459,2.190000057220459,2.190000057220459,3324
2016-10-11,2.1700000762939453,2.180000066757202,2.180000066757202,2.180000066757202,3000
2016-10-12,2.1575000286102295,2.1575000286102295,2.1575000286102295,2.1575000286102295,0
2016-10-13,2.240000009536743,2.240000009536743,2.240000009536743,2.240000009536743,6300
2016-10-14,2.2744998931884766,2.2744998931884766,2.2744998931884766,2.2744998931884766,0
2016-10-17,2.2899999618530273,2.2699999809265137,2.25,2.2699999809265137,3000
2016-10-18,2.309999942779541,2.319999933242798,2.319999933242798,2.319999933242798,2000
2016-10-19,2.2815001010894775,2.2815001010894775,2.2815001010894775,2.2815001010894775,0
2016-10-20,2.2644999027252197,2.2644999027252197,2.2644999027252197,2.2644999027252197,0
2016-10-21,2.234999895095825,2.234999895095825,2.234999895095825,2.234999895095825,0
2016-10-24,2.2300000190734863,2.2100000381469727,2.2100000381469727,2.2100000381469727,2000
2016-10-25,2.2200000286102295,2.2300000190734863,2.190000057220459,2.2300000190734863,1141
2016-10-26,2.2290000915527344,2.2290000915527344,2.2290000915527344,2.2290000915527344,0
2016-10-27,2.240000009536743,2.259999990463257,2.259999990463257,2.259999990463257,500
2016-10-28,2.2799999713897705,2.240000009536743,2.240000009536743,2.240000009536743,2866
2016-10-31,2.2300000190734863,2.25,2.2300000190734863,2.25,10080
2016-11-01,2.2100000381469727,2.2300000190734863,2.2100000381469727,2.2300000190734863,1197
2016-11-02,2.2144999504089355,2.2144999504089355,2.2144999504089355,2.2144999504089355,0
2016-11-03,2.200000047683716,2.2300000190734863,2.2300000190734863,2.2300000190734863,5881
2016-11-04,2.2200000286102295,2.200000047683716,2.200000047683716,2.200000047683716,120006
2016-11-07,2.2100000381469727,2.240000009536743,2.190000057220459,2.240000009536743,5906
2016-11-08,2.2290000915527344,2.2290000915527344,2.2290000915527344,2.2290000915527344,0
2016-11-09,2.2214999198913574,2.2214999198913574,2.2214999198913574,2.2214999198913574,0
2016-11-10,2.240000009536743,2.2300000190734863,2.2100000381469727,2.2300000190734863,21375
2016-11-11,2.2100000381469727,2.2799999713897705,2.200000047683716,2.200000047683716,170500
2016-11-14,2.200000047683716,2.25,2.25,2.25,700
2016-11-15,2.240000009536743,2.25,2.2300000190734863,2.25,49700
2016-11-16,2.2799999713897705,2.240000009536743,2.240000009536743,2.240000009536743,2095
2016-11-17,2.299999952316284,2.2899999618530273,2.2899999618530273,2.2899999618530273,41503
2016-11-18,2.309999942779541,2.3399999141693115,2.299999952316284,2.3299999237060547,28740
2016-11-21,2.316499948501587,2.316499948501587,2.316499948501587,2.316499948501587,0
2016-11-22,2.309999942779541,2.309999942779541,2.309999942779541,2.309999942779541,318432
2016-11-23,2.2955000400543213,2.2955000400543213,2.2955000400543213,2.2955000400543213,0
2016-11-24,2.2899999618530273,2.309999942779541,2.309999942779541,2.309999942779541,54
2016-11-25,2.2699999809265137,2.2899999618530273,2.2899999618530273,2.2899999618530273,50
2016-11-28,2.299999952316284,2.309999942779541,2.2899999618530273,2.2899999618530273,4350
2016-11-29,2.2899999618530273,2.299999952316284,2.299999952316284,2.299999952316284,2904
2016-11-30,2.2899999618530273,2.2899999618530273,2.2899999618530273,2.2899999618530273,15500
2016-12-01,2.2990000247955322,2.2990000247955322,2.2990000247955322,2.2990000247955322,0
2016-12-02,2.25,2.240000009536743,2.240000009536743,2.240000009536743,4700
2016-12-05,2.2885000705718994,2.2885000705718994,2.2885000705718994,2.2885000705718994,0
2016-12-06,2.2799999713897705,2.299999952316284,2.299999952316284,2.299999952316284,44650
2016-12-07,2.2760000228881836,2.2760000228881836,2.2760000228881836,2.2760000228881836,0
2016-12-08,2.2764999866485596,2.2764999866485596,2.2764999866485596,2.2764999866485596,0
2016-12-09,2.2899999618530273,2.299999952316284,2.299999952316284,2.299999952316284,750
2016-12-12,2.2799999713897705,2.2899999618530273,2.2699999809265137,2.2799999713897705,41075
2016-12-13,2.309999942779541,2.299999952316284,2.299999952316284,2.299999952316284,4000
2016-12-14,2.309999942779541,2.3499999046325684,2.299999952316284,2.309999942779541,4619
2016-12-15,2.2899999618530273,2.299999952316284,2.2699999809265137,2.2699999809265137,71462
2016-12-16,2.2699999809265137,2.299999952316284,2.2699999809265137,2.2899999618530273,8049
2016-12-19,2.2300000190734863,2.2799999713897705,2.2100000381469727,2.25,24719
2016-12-20,2.2200000286102295,2.240000009536743,2.2300000190734863,2.2300000190734863,4000
2016-12-21,2.259999990463257,2.240000009536743,2.2200000286102295,2.240000009536743,11328
2016-12-22,2.240000009536743,2.259999990463257,2.259999990463257,2.259999990463257,10000
2016-12-23,2.249500036239624,2.249500036239624,2.249500036239624,2.249500036239624,0
2016-12-28,2.2300000190734863,2.259999990463257,2.2300000190734863,2.259999990463257,2875
2016-12-29,2.240000009536743,2.240000009536743,2.240000009536743,2.240000009536743,30000
2016-12-30,2.2699999809265137,2.2699999809265137,2.2699999809265137,2.2699999809265137,10000
2017-01-03,2.2929999828338623,2.2929999828338623,2.2929999828338623,2.2929999828338623,0
2017-01-04,2.359999895095825,2.359999895095825,2.359999895095825,2.359999895095825,1001
2017-01-05,2.380000114440918,2.4000000953674316,2.369999885559082,2.369999885559082,5002
2017-01-06,2.3554999828338623,2.3554999828338623,2.3554999828338623,2.3554999828338623,0
2017-01-09,2.369999885559082,2.3499999046325684,2.3499999046325684,2.3499999046325684,50559
2017-01-10,2.3499999046325684,2.359999895095825,2.3299999237060547,2.3299999237060547,3198
2017-01-11,2.3394999504089355,2.3394999504089355,2.3394999504089355,2.3394999504089355,0
2017-01-12,2.3499999046325684,2.3399999141693115,2.3399999141693115,2.3399999141693115,2030
2017-01-13,2.309999942779541,2.309999942779541,2.309999942779541,2.309999942779541,78200
2017-01-16,2.309999942779541,2.2899999618530273,2.2899999618530273,2.2899999618530273,9200
2017-01-17,2.299999952316284,2.359999895095825,2.319999933242798,2.319999933242798,3463
2017-01-18,2.309999942779541,2.309999942779541,2.309999942779541,2.309999942779541,4690
2017-01-19,2.3299999237060547,2.319999933242798,2.319999933242798,2.319999933242798,4690
2017-01-20,2.3355000019073486,2.3355000019073486,2.3355000019073486,2.3355000019073486,0
2017-01-23,2.380000114440918,2.359999895095825,2.3499999046325684,2.3499999046325684,2000
2017-01-24,2.3399999141693115,2.380000114440918,2.380000114440918,2.380000114440918,40003
2017-01-25,2.359999895095825,2.359999895095825,2.3499999046325684,2.359999895095825,116789
2017-01-26,2.380000114440918,2.369999885559082,2.369999885559082,2.369999885559082,2200
2017-01-27,2.390000104904175,2.390000104904175,2.380000114440918,2.380000114440918,55243
2017-01-30,2.390000104904175,2.390000104904175,2.380000114440918,2.390000104904175,85012
2017-01-31,2.380000114440918,2.380000114440918,2.380000114440918,2.380000114440918,112
2017-02-01,2.430000066757202,2.4100000858306885,2.4100000858306885,2.4100000858306885,29700
2017-02-02,2.450000047683716,2.4700000286102295,2.440000057220459,2.440000057220459,13030
2017-02-03,2.4600000381469727,2.450000047683716,2.440000057220459,2.440000057220459,36365
2017-02-06,2.430000066757202,2.440000057220459,2.430000066757202,2.440000057220459,2667
2017-02-07,2.4200000762939453,2.4200000762939453,2.4100000858306885,2.4100000858306885,25001
2017-02-08,2.4200000762939453,2.4100000858306885,2.4000000953674316,2.4000000953674316,3520
2017-02-09,2.430000066757202,2.4200000762939453,2.4100000858306885,2.4100000858306885,3400
2017-02-10,2.4230000972747803,2.4230000972747803,2.4230000972747803,2.4230000972747803,0
2017-02-13,2.450000047683716,2.450000047683716,2.450000047683716,2.450000047683716,300
2017-02-14,2.4554998874664307,2.4554998874664307,2.4554998874664307,2.4554998874664307,0
2017-02-15,2.440000057220459,2.4600000381469727,2.430000066757202,2.430000066757202,1000
2017-02-16,2.4200000762939453,2.440000057220459,2.4100000858306885,2.4100000858306885,3100
2017-02-17,2.369999885559082,2.390000104904175,2.390000104904175,2.390000104904175,4180
2017-02-20,2.371999979019165,2.371999979019165,2.371999979019165,2.371999979019165,0
2017-02-21,2.380000114440918,2.380000114440918,2.369999885559082,2.380000114440918,11204
2017-02-22,2.390000104904175,2.390000104904175,2.390000104904175,2.390000104904175,6810
2017-02-23,2.3894999027252197,2.3894999027252197,2.3894999027252197,2.3894999027252197,0
2017-02-24,2.4100000858306885,2.4200000762939453,2.390000104904175,2.4100000858306885,19156
2017-02-27,2.4054999351501465,2.4054999351501465,2.4054999351501465,2.4054999351501465,0
2017-02-28,2.4019999504089355,2.4019999504089355,2.4019999504089355,2.4019999504089355,0
2017-03-01,2.4100000858306885,2.4000000953674316,2.4000000953674316,2.4000000953674316,717
2017-03-02,2.4700000286102295,2.4700000286102295,2.450000047683716,2.450000047683716,101600
2017-03-03,2.4140000343322754,2.4140000343322754,2.4140000343322754,2.4140000343322754,0
2017-03-06,2.4800000190734863,2.4700000286102295,2.4700000286102295,2.4700000286102295,10990
2017-03-07,2.453000068664551,2.453000068664551,2.453000068664551,2.453000068664551,0
2017-03-08,2.4600000381469727,2.4600000381469727,2.450000047683716,2.4600000381469727,22096
2017-03-09,2.450000047683716,2.4700000286102295,2.4700000286102295,2.4700000286102295,12230
2017-03-10,2.430000066757202,2.430000066757202,2.430000066757202,2.430000066757202,12096
2017-03-13,2.430000066757202,2.430000066757202,2.4200000762939453,2.4200000762939453,5311
2017-03-14,2.4200000762939453,2.4200000762939453,2.4200000762939453,2.4200000762939453,825
2017-03-15,2.430000066757202,2.4600000381469727,2.450000047683716,2.450000047683716,1879
2017-03-16,2.4600000381469727,2.4700000286102295,2.4600000381469727,2.4600000381469727,8385
2017-03-17,2.4600000381469727,2.450000047683716,2.450000047683716,2.450000047683716,2519
2017-03-20,2.4600000381469727,2.4700000286102295,2.4700000286102295,2.4700000286102295,386
2017-03-21,2.4200000762939453,2.4100000858306885,2.4100000858306885,2.4100000858306885,2200
2017-03-22,2.444499969482422,2.444499969482422,2.444499969482422,2.444499969482422,0
2017-03-23,2.436000108718872,2.436000108718872,2.436000108718872,2.436000108718872,0
2017-03-24,2.439500093460083,2.439500093460083,2.439500093460083,2.439500093460083,0
2017-03-27,2.4200000762939453,2.430000066757202,2.430000066757202,2.430000066757202,2500
2017-03-28,2.4200000762939453,2.4200000762939453,2.4200000762939453,2.4200000762939453,413
2017-03-29,2.4070000648498535,2.4070000648498535,2.4070000648498535,2.4070000648498535,0
2017-03-30,2.4010000228881836,2.4010000228881836,2.4010000228881836,2.4010000228881836,0
2017-03-31,2.4000000953674316,2.4100000858306885,2.4000000953674316,2.4000000953674316,18268
2017-04-03,2.390000104904175,2.450000047683716,2.4100000858306885,2.440000057220459,5921
2017-04-04,2.3454999923706055,2.3454999923706055,2.3454999923706055,2.3454999923706055,0
2017-04-05,2.359999895095825,2.3499999046325684,2.3499999046325684,2.3499999046325684,7042
2017-04-06,2.3499999046325684,2.3499999046325684,2.3499999046325684,2.3499999046325684,500
2017-04-07,2.3125,2.3125,2.3125,2.3125,0
2017-04-10,2.319999933242798,2.319999933242798,2.309999942779541,2.319999933242798,6270
2017-04-11,2.3399999141693115,2.369999885559082,2.3299999237060547,2.369999885559082,117433
2017-04-12,2.3499999046325684,2.3499999046325684,2.3399999141693115,2.3499999046325684,32598
2017-04-13,2.3519999980926514,2.3519999980926514,2.3519999980926514,2.3519999980926514,0
2017-04-18,2.4100000858306885,2.4100000858306885,2.4000000953674316,2.4000000953674316,91154
2017-04-19,2.4200000762939453,2.430000066757202,2.4100000858306885,2.430000066757202,2322
2017-04-20,2.434000015258789,2.434000015258789,2.434000015258789,2.434000015258789,0
2017-04-21,2.430000066757202,2.440000057220459,2.440000057220459,2.440000057220459,2611
2017-04-24,2.437999963760376,2.437999963760376,2.437999963760376,2.437999963760376,0
2017-04-25,2.4200000762939453,2.4200000762939453,2.4200000762939453,2.4200000762939453,70000
2017-04-26,2.450500011444092,2.450500011444092,2.450500011444092,2.450500011444092,0
2017-04-27,2.4049999713897705,2.4049999713897705,2.4049999713897705,2.4049999713897705,0
2017-04-28,2.4094998836517334,2.4094998836517334,2.4094998836517334,2.4094998836517334,0
2017-05-02,2.426500082015991,2.426500082015991,2.426500082015991,2.426500082015991,0
2017-05-03,2.436000108718872,2.436000108718872,2.436000108718872,2.436000108718872,0
2017-05-04,2.431999921798706,2.431999921798706,2.431999921798706,2.431999921798706,0
2017-05-05,2.4000000953674316,2.4200000762939453,2.4200000762939453,2.4200000762939453,1068
2017-05-08,2.377000093460083,2.377000093460083,2.377000093460083,2.377000093460083,0
2017-05-09,2.384500026702881,2.384500026702881,2.384500026702881,2.384500026702881,0
2017-05-10,2.3610000610351562,2.3610000610351562,2.3610000610351562,2.3610000610351562,0
2017-05-11,2.3945000171661377,2.3945000171661377,2.3945000171661377,2.3945000171661377,0
2017-05-12,2.5899999141693115,2.5199999809265137,2.5,2.5,589400
2017-05-15,2.609999895095825,2.7200000286102295,2.609999895095825,2.690000057220459,18907
2017-05-16,2.549999952316284,2.5899999141693115,2.569999933242798,2.569999933242798,13857
2017-05-17,2.5299999713897705,2.5199999809265137,2.5,2.5199999809265137,6846
2017-05-18,2.4560000896453857,2.4560000896453857,2.4560000896453857,2.4560000896453857,0
2017-05-19,2.4200000762939453,2.450000047683716,2.450000047683716,2.450000047683716,1789
2017-05-22,2.4135000705718994,2.4135000705718994,2.4135000705718994,2.4135000705718994,0
2017-05-23,2.4000000953674316,2.4100000858306885,2.4100000858306885,2.4100000858306885,1076
2017-05-24,2.390000104904175,2.430000066757202,2.390000104904175,2.390000104904175,22687
2017-05-25,2.378499984741211,2.378499984741211,2.378499984741211,2.378499984741211,0
2017-05-26,2.380000114440918,2.390000104904175,2.369999885559082,2.369999885559082,16833
2017-05-30,2.380000114440918,2.380000114440918,2.380000114440918,2.380000114440918,5383
2017-05-31,2.369999885559082,2.369999885559082,2.369999885559082,2.369999885559082,24000
2017-06-01,2.369999885559082,2.369999885559082,2.369999885559082,2.369999885559082,5300
2017-06-02,2.368000030517578,2.368000030517578,2.368000030517578,2.368000030517578,0
2017-06-05,2.3499999046325684,2.359999895095825,2.3499999046325684,2.359999895095825,212102
2017-06-06,2.3399999141693115,2.3399999141693115,2.3399999141693115,2.3399999141693115,0
2017-06-07,2.3345000743865967,2.3345000743865967,2.3345000743865967,2.3345000743865967,0
2017-06-08,2.3289999961853027,2.3289999961853027,2.3289999961853027,2.3289999961853027,0
2017-06-09,2.3405001163482666,2.3405001163482666,2.3405001163482666,2.3405001163482666,0
2017-06-12,2.322499990463257,2.322499990463257,2.322499990463257,2.322499990463257,0
2017-06-13,2.299999952316284,2.309999942779541,2.309999942779541,2.309999942779541,21187
2017-06-14,2.2874999046325684,2.2874999046325684,2.2874999046325684,2.2874999046325684,0
2017-06-15,2.240000009536743,2.240000009536743,2.240000009536743,2.240000009536743,252500
2017-06-16,2.2100000381469727,2.2300000190734863,2.2300000190734863,2.2300000190734863,29800
2017-06-19,2.2065000534057617,2.2065000534057617,2.2065000534057617,2.2065000534057617,0
2017-06-20,2.200000047683716,2.200000047683716,2.200000047683716,2.200000047683716,200
2017-06-21,2.190000057220459,2.190000057220459,2.190000057220459,2.190000057220459,3000
2017-06-22,2.1549999713897705,2.1549999713897705,2.1549999713897705,2.1549999713897705,0
2017-06-23,2.130000114440918,2.140000104904175,2.140000104904175,2.140000104904175,180
2017-06-26,2.130000114440918,2.130000114440918,2.130000114440918,2.130000114440918,0
2017-06-27,2.180000066757202,2.180000066757202,2.180000066757202,2.180000066757202,43000
2017-06-28,2.1700000762939453,2.1700000762939453,2.1700000762939453,2.1700000762939453,180
2017-06-29,2.1545000076293945,2.1545000076293945,2.1545000076293945,2.1545000076293945,0
2017-06-30,2.1500000953674316,2.1600000858306885,2.1600000858306885,2.1600000858306885,200
2017-07-03,2.187999963760376,2.187999963760376,2.187999963760376,2.187999963760376,0
2017-07-04,2.1700000762939453,2.180000066757202,2.180000066757202,2.180000066757202,5378
2017-07-05,2.140000104904175,2.1500000953674316,2.1500000953674316,2.1500000953674316,5300
2017-07-06,2.183000087738037,2.183000087738037,2.183000087738037,2.183000087738037,0
2017-07-07,2.190000057220459,2.190000057220459,2.190000057220459,2.190000057220459,363
2017-07-10,2.1700000762939453,2.1700000762939453,2.1700000762939453,2.1700000762939453,500
2017-07-11,2.1649999618530273,2.1649999618530273,2.1649999618530273,2.1649999618530273,0
2017-07-12,2.1600000858306885,2.1600000858306885,2.1600000858306885,2.1600000858306885,4000
2017-07-13,2.130000114440918,2.1600000858306885,2.1600000858306885,2.1600000858306885,4198
2017-07-14,2.130000114440918,2.140000104904175,2.140000104904175,2.140000104904175,3900
2017-07-17,2.1700000762939453,2.1600000858306885,2.140000104904175,2.140000104904175,4298
2017-07-18,2.1654999256134033,2.1654999256134033,2.1654999256134033,2.1654999256134033,0
2017-07-19,2.1740000247955322,2.1740000247955322,2.1740000247955322,2.1740000247955322,0
2017-07-20,2.2100000381469727,2.200000047683716,2.200000047683716,2.200000047683716,2800
2017-07-21,2.1700000762939453,2.180000066757202,2.1700000762939453,2.180000066757202,82461
2017-07-24,2.195499897003174,2.195499897003174,2.195499897003174,2.195499897003174,0
2017-07-25,2.196500062942505,2.196500062942505,2.196500062942505,2.196500062942505,0
2017-07-26,2.200000047683716,2.190000057220459,2.190000057220459,2.190000057220459,80002
2017-07-27,2.200500011444092,2.200500011444092,2.200500011444092,2.200500011444092,0
2017-07-28,2.2155001163482666,2.2155001163482666,2.2155001163482666,2.2155001163482666,0
2017-07-31,2.2200000286102295,2.200000047683716,2.190000057220459,2.190000057220459,1923
2017-08-01,2.2100000381469727,2.200000047683716,2.200000047683716,2.200000047683716,500
2017-08-02,2.25,2.25,2.240000009536743,2.240000009536743,158802
2017-08-03,2.25,2.259999990463257,2.25,2.259999990463257,14976
2017-08-04,2.259999990463257,2.259999990463257,2.259999990463257,2.259999990463257,332567
2017-08-07,2.2699999809265137,2.2699999809265137,2.2699999809265137,2.2699999809265137,825
2017-08-08,2.2699999809265137,2.2699999809265137,2.2699999809265137,2.2699999809265137,2200
2017-08-09,2.2734999656677246,2.2734999656677246,2.2734999656677246,2.2734999656677246,0
2017-08-10,2.242500066757202,2.242500066757202,2.242500066757202,2.242500066757202,0
2017-08-11,2.194499969482422,2.194499969482422,2.194499969482422,2.194499969482422,0
2017-08-14,2.1665000915527344,2.1665000915527344,2.1665000915527344,2.1665000915527344,0
2017-08-15,2.1500000953674316,2.1600000858306885,2.1600000858306885,2.1600000858306885,1040
2017-08-16,2.1500000953674316,2.1600000858306885,2.1500000953674316,2.1600000858306885,489334
2017-08-17,2.140000104904175,2.1500000953674316,2.1500000953674316,2.1500000953674316,75194
2017-08-18,2.1389999389648438,2.1389999389648438,2.1389999389648438,2.1389999389648438,0
2017-08-21,2.1600000858306885,2.1600000858306885,2.1600000858306885,2.1600000858306885,80202
2017-08-22,2.171999931335449,2.171999931335449,2.171999931335449,2.171999931335449,0
2017-08-23,2.2100000381469727,2.200000047683716,2.200000047683716,2.200000047683716,80002
2017-08-24,2.2200000286102295,2.2100000381469727,2.2100000381469727,2.2100000381469727,12076
2017-08-25,2.2304999828338623,2.2304999828338623,2.2304999828338623,2.2304999828338623,0
2017-08-29,2.25600004196167,2.25600004196167,2.25600004196167,2.25600004196167,0
2017-08-30,2.259999990463257,2.259999990463257,2.25,2.25,6074
2017-08-31,2.259999990463257,2.2699999809265137,2.25,2.259999990463257,497919
2017-09-01,2.299999952316284,2.2899999618530273,2.2899999618530273,2.2899999618530273,15715
2017-09-04,2.299999952316284,2.309999942779541,2.309999942779541,2.309999942779541,35600
2017-09-05,2.4000000953674316,2.4000000953674316,2.369999885559082,2.369999885559082,89942
2017-09-06,2.4089999198913574,2.4089999198913574,2.4089999198913574,2.4089999198913574,0
2017-09-07,2.375499963760376,2.375499963760376,2.375499963760376,2.375499963760376,0
2017-09-08,2.4100000858306885,2.390000104904175,2.390000104904175,2.390000104904175,86000
2017-09-11,2.3299999237060547,2.3399999141693115,2.319999933242798,2.3399999141693115,80288
2017-09-12,2.2799999713897705,2.299999952316284,2.299999952316284,2.299999952316284,1000
2017-09-13,2.2060000896453857,2.2060000896453857,2.2060000896453857,2.2060000896453857,0
2017-09-14,2.200000047683716,2.240000009536743,2.240000009536743,2.240000009536743,5923
2017-09-15,2.2100000381469727,2.2100000381469727,2.200000047683716,2.200000047683716,3285
2017-09-18,2.2320001125335693,2.2320001125335693,2.2320001125335693,2.2320001125335693,0
2017-09-19,2.2200000286102295,2.2200000286102295,2.2100000381469727,2.2100000381469727,5100
2017-09-20,2.2200000286102295,2.240000009536743,2.240000009536743,2.240000009536743,28200
2017-09-21,2.190000057220459,2.2200000286102295,2.190000057220459,2.2200000286102295,39800
2017-09-22,2.200000047683716,2.180000066757202,2.180000066757202,2.180000066757202,2000
2017-09-25,2.200000047683716,2.200000047683716,2.200000047683716,2.200000047683716,4500
2017-09-26,2.2100000381469727,2.2100000381469727,2.200000047683716,2.2100000381469727,2370
2017-09-27,2.1989998817443848,2.1989998817443848,2.1989998817443848,2.1989998817443848,0
2017-09-28,2.200000047683716,2.200000047683716,2.200000047683716,2.200000047683716,0
2017-09-29,2.2109999656677246,2.2109999656677246,2.2109999656677246,2.2109999656677246,0
2017-10-02,2.1700000762939453,2.200000047683716,2.190000057220459,2.190000057220459,5532
2017-10-03,2.180000066757202,2.1600000858306885,2.1600000858306885,2.1600000858306885,2800
2017-10-04,2.189500093460083,2.189500093460083,2.189500093460083,2.189500093460083,0
2017-10-05,2.203000068664551,2.203000068664551,2.203000068664551,2.203000068664551,0
2017-10-06,2.200000047683716,2.200000047683716,2.200000047683716,2.200000047683716,900
2017-10-09,2.200000047683716,2.200000047683716,2.200000047683716,2.200000047683716,45500
2017-10-10,2.2160000801086426,2.2160000801086426,2.2160000801086426,2.2160000801086426,0
2017-10-11,2.2109999656677246,2.2109999656677246,2.2109999656677246,2.2109999656677246,0
2017-10-12,2.180999994277954,2.180999994277954,2.180999994277954,2.180999994277954,0
2017-10-13,2.184000015258789,2.184000015258789,2.184000015258789,2.184000015258789,0
2017-10-16,2.1700000762939453,2.190000057220459,2.180000066757202,2.180000066757202,18285
2017-10-17,2.190000057220459,2.200000047683716,2.1700000762939453,2.1700000762939453,30207
2017-10-18,2.1700000762939453,2.1700000762939453,2.1600000858306885,2.1700000762939453,7500
2017-10-19,2.1700000762939453,2.1700000762939453,2.1700000762939453,2.1700000762939453,7350
2017-10-20,2.1480000019073486,2.1480000019073486,2.1480000019073486,2.1480000019073486,0
2017-10-23,2.2100000381469727,2.2200000286102295,2.2200000286102295,2.2200000286102295,109802
2017-10-24,2.240000009536743,2.2200000286102295,2.2200000286102295,2.2200000286102295,5923
2017-10-25,2.234999895095825,2.234999895095825,2.234999895095825,2.234999895095825,0
2017-10-26,2.191999912261963,2.191999912261963,2.191999912261963,2.191999912261963,0
2017-10-27,2.182499885559082,2.182499885559082,2.182499885559082,2.182499885559082,0
2017-10-30,2.2100000381469727,2.200000047683716,2.190000057220459,2.200000047683716,7500
2017-10-31,2.200000047683716,2.200000047683716,2.190000057220459,2.200000047683716,1700
2017-11-01,2.190000057220459,2.200000047683716,2.200000047683716,2.200000047683716,100
2017-11-02,2.2090001106262207,2.2090001106262207,2.2090001106262207,2.2090001106262207,0
2017-11-03,2.2044999599456787,2.2044999599456787,2.2044999599456787,2.2044999599456787,0
2017-11-06,2.200500011444092,2.200500011444092,2.200500011444092,2.200500011444092,0
2017-11-07,2.190000057220459,2.200000047683716,2.200000047683716,2.200000047683716,12037
2017-11-08,2.200000047683716,2.200000047683716,2.180000066757202,2.190000057220459,15122
2017-11-09,2.2190001010894775,2.2190001010894775,2.2190001010894775,2.2190001010894775,0
2017-11-10,2.200000047683716,2.200000047683716,2.200000047683716,2.200000047683716,3620
2017-11-13,2.2109999656677246,2.2109999656677246,2.2109999656677246,2.2109999656677246,0
2017-11-14,2.195499897003174,2.195499897003174,2.195499897003174,2.195499897003174,0
2017-11-15,2.19350004196167,2.19350004196167,2.19350004196167,2.19350004196167,0
2017-11-16,2.2100000381469727,2.200000047683716,2.200000047683716,2.200000047683716,3300
2017-11-17,2.2200000286102295,2.25,2.2200000286102295,2.2200000286102295,39000
2017-11-20,2.2239999771118164,2.2239999771118164,2.2239999771118164,2.2239999771118164,0
2017-11-21,2.259999990463257,2.259999990463257,2.259999990463257,2.259999990463257,0
2017-11-22,2.2644999027252197,2.2644999027252197,2.2644999027252197,2.2644999027252197,0
2017-11-23,2.2699999809265137,2.2699999809265137,2.259999990463257,2.259999990463257,12640
2017-11-24,2.2899999618530273,2.2899999618530273,2.2699999809265137,2.2699999809265137,2000
2017-11-27,2.2934999465942383,2.2934999465942383,2.2934999465942383,2.2934999465942383,0
2017-11-28,2.2980000972747803,2.2980000972747803,2.2980000972747803,2.2980000972747803,0
2017-11-29,2.3299999237060547,2.2899999618530273,2.2899999618530273,2.2899999618530273,5000
2017-11-30,2.3399999141693115,2.3499999046325684,2.3399999141693115,2.3499999046325684,141049
2017-12-01,2.3299999237060547,2.3499999046325684,2.3399999141693115,2.3399999141693115,5000
2017-12-04,2.3399999141693115,2.3499999046325684,2.3499999046325684,2.3499999046325684,2550
2017-12-05,2.3355000019073486,2.3355000019073486,2.3355000019073486,2.3355000019073486,0
2017-12-06,2.3299999237060547,2.3399999141693115,2.3399999141693115,2.3399999141693115,6315
2017-12-07,2.3320000171661377,2.3369998931884766,2.3369998931884766,2.3369998931884766,0
2017-12-08,2.369999885559082,2.359999895095825,2.3499999046325684,2.3499999046325684,6160
2017-12-11,2.369999885559082,2.369999885559082,2.369999885559082,2.369999885559082,0
2017-12-12,2.369999885559082,2.369999885559082,2.369999885559082,2.369999885559082,0
2017-12-13,2.369999885559082,2.369999885559082,2.369999885559082,2.369999885559082,0
2017-12-14,2.390000104904175,2.4000000953674316,2.359999895095825,2.359999895095825,9867
2017-12-15,2.430000066757202,2.430000066757202,2.4000000953674316,2.4000000953674316,107510
2017-12-18,2.430000066757202,2.430000066757202,2.430000066757202,2.430000066757202,0
2017-12-19,2.4100000858306885,2.4000000953674316,2.4000000953674316,2.4000000953674316,3800
2017-12-20,2.4100000858306885,2.4100000858306885,2.4100000858306885,2.4100000858306885,0
2017-12-21,2.4600000381469727,2.450000047683716,2.4000000953674316,2.430000066757202,13187
2017-12-22,2.490000009536743,2.4800000190734863,2.4800000190734863,2.4800000190734863,127833
2017-12-27,2.5199999809265137,2.4800000190734863,2.4700000286102295,2.4700000286102295,7436
2017-12-28,2.5199999809265137,2.5299999713897705,2.5299999713897705,2.5299999713897705,44665
2017-12-29,2.5,2.5199999809265137,2.5199999809265137,2.5199999809265137,44878
2018-01-02,2.490000009536743,2.5199999809265137,2.509999990463257,2.509999990463257,5442
2018-01-03,2.490000009536743,2.490000009536743,2.490000009536743,2.490000009536743,0
2018-01-04,2.5199999809265137,2.509999990463257,2.509999990463257,2.509999990463257,6000
2018-01-05,2.5,2.5399999618530273,2.5399999618530273,2.5399999618530273,1000
2018-01-08,2.5,2.5,2.5,2.5,0
2018-01-09,2.5,2.5,2.5,2.5,0
2018-01-10,2.5,2.5,2.5,2.5,0
2018-01-11,2.619999885559082,2.609999895095825,2.609999895095825,2.609999895095825,3739
2018-01-12,2.630000114440918,2.6600000858306885,2.6600000858306885,2.6600000858306885,20000
2018-01-15,2.630000114440918,2.630000114440918,2.630000114440918,2.630000114440918,0
2018-01-16,2.630000114440918,2.630000114440918,2.630000114440918,2.630000114440918,0
2018-01-17,2.630000114440918,2.630000114440918,2.630000114440918,2.630000114440918,0
2018-01-18,2.640000104904175,2.6600000858306885,2.6500000953674316,2.6600000858306885,119406
2018-01-19,2.6600000858306885,2.6600000858306885,2.6600000858306885,2.6600000858306885,6418
2018-01-22,2.6700000762939453,2.6700000762939453,2.6700000762939453,2.6700000762939453,1170
2018-01-23,2.6700000762939453,2.6700000762939453,2.6700000762939453,2.6700000762939453,0
2018-01-24,2.6700000762939453,2.6700000762939453,2.6700000762939453,2.6700000762939453,0
2018-01-25,2.619999885559082,2.630000114440918,2.630000114440918,2.630000114440918,972
2018-01-26,2.569999933242798,2.619999885559082,2.609999895095825,2.619999885559082,1193
2018-01-29,2.5299999713897705,2.559999942779541,2.5299999713897705,2.559999942779541,42449
2018-01-30,2.490000009536743,2.509999990463257,2.509999990463257,2.509999990463257,9665
2018-01-31,2.4800000190734863,2.4800000190734863,2.4800000190734863,2.4800000190734863,833
2018-02-01,2.5199999809265137,2.4800000190734863,2.4800000190734863,2.4800000190734863,1164
2018-02-02,2.4800000190734863,2.5199999809265137,2.509999990463257,2.509999990463257,741
2018-02-05,2.4700000286102295,2.4800000190734863,2.4800000190734863,2.4800000190734863,96
2018-02-06,2.450000047683716,2.440000057220459,2.440000057220459,2.440000057220459,3500
2018-02-07,2.440000057220459,2.450000047683716,2.450000047683716,2.450000047683716,443
2018-02-08,2.4600000381469727,2.4600000381469727,2.440000057220459,2.440000057220459,80339
2018-02-09,2.430000066757202,2.4700000286102295,2.450000047683716,2.4700000286102295,653
2018-02-12,2.450000047683716,2.4600000381469727,2.450000047683716,2.4600000381469727,140635
2018-02-13,2.430000066757202,2.440000057220459,2.440000057220459,2.440000057220459,18
2018-02-14,2.430000066757202,2.430000066757202,2.430000066757202,2.430000066757202,483
2018-02-15,2.4200000762939453,2.440000057220459,2.440000057220459,2.440000057220459,130
2018-02-16,2.430000066757202,2.4200000762939453,2.4200000762939453,2.4200000762939453,32
2018-02-19,2.430000066757202,2.4200000762939453,2.4200000762939453,2.4200000762939453,3643
2018-02-20,2.509999990463257,2.490000009536743,2.4600000381469727,2.4600000381469727,10768
2018-02-21,2.509999990463257,2.509999990463257,2.5,2.5,30622
2018-02-22,2.5199999809265137,2.5199999809265137,2.5199999809265137,2.5199999809265137,225956
2018-02-23,2.5299999713897705,2.509999990463257,2.509999990463257,2.509999990463257,72
2018-02-26,2.5799999237060547,2.5899999141693115,2.5899999141693115,2.5899999141693115,101
2018-02-27,2.569999933242798,2.569999933242798,2.569999933242798,2.569999933242798,976
2018-02-28,2.569999933242798,2.569999933242798,2.569999933242798,2.569999933242798,0
2018-03-01,2.569999933242798,2.569999933242798,2.569999933242798,2.569999933242798,0
2018-03-02,2.5799999237060547,2.5999999046325684,2.5999999046325684,2.5999999046325684,5346
2018-03-05,2.5799999237060547,2.5799999237060547,2.5799999237060547,2.5799999237060547,0
2018-03-06,2.640000104904175,2.7100000381469727,2.7100000381469727,2.7100000381469727,15000
2018-03-07,2.5999999046325684,2.619999885559082,2.609999895095825,2.609999895095825,3190
2018-03-08,2.6700000762939453,2.680000066757202,2.619999885559082,2.619999885559082,1940
2018-03-09,2.6700000762939453,2.690000057220459,2.6600000858306885,2.6700000762939453,6032
2018-03-12,2.619999885559082,2.630000114440918,2.630000114440918,2.630000114440918,21900
2018-03-13,2.619999885559082,2.619999885559082,2.619999885559082,2.619999885559082,0
2018-03-14,2.619999885559082,2.619999885559082,2.619999885559082,2.619999885559082,0
2018-03-15,2.619999885559082,2.619999885559082,2.619999885559082,2.619999885559082,0
2018-03-16,2.619999885559082,2.619999885559082,2.619999885559082,2.619999885559082,0
2018-03-19,2.619999885559082,2.619999885559082,2.619999885559082,2.619999885559082,0
2018-03-20,2.609999895095825,2.609999895095825,2.609999895095825,2.609999895095825,3965
2018-03-21,2.609999895095825,2.609999895095825,2.609999895095825,2.609999895095825,0
2018-03-22,2.609999895095825,2.609999895095825,2.609999895095825,2.609999895095825,0
2018-03-23,2.609999895095825,2.609999895095825,2.609999895095825,2.609999895095825,0
2018-03-26,2.609999895095825,2.609999895095825,2.609999895095825,2.609999895095825,0
2018-03-27,2.609999895095825,2.609999895095825,2.609999895095825,2.609999895095825,0
2018-03-28,2.559999942779541,2.559999942779541,2.559999942779541,2.559999942779541,35000
2018-03-29,2.559999942779541,2.549999952316284,2.549999952316284,2.549999952316284,5
2018-04-03,2.569999933242798,2.5799999237060547,2.549999952316284,2.559999942779541,12220
2018-04-04,2.509999990463257,2.5199999809265137,2.490000009536743,2.490000009536743,110779
2018-04-05,2.5799999237060547,2.549999952316284,2.549999952316284,2.549999952316284,342
2018-04-06,2.609999895095825,2.619999885559082,2.619999885559082,2.619999885559082,314
2018-04-09,2.630000114440918,2.630000114440918,2.630000114440918,2.630000114440918,147
2018-04-10,2.630500078201294,2.630500078201294,2.630500078201294,2.630500078201294,0
2018-04-11,2.630500078201294,2.630500078201294,2.630500078201294,2.630500078201294,0
2018-04-12,2.630500078201294,2.630500078201294,2.630500078201294,2.630500078201294,0
2018-04-13,2.630500078201294,2.630500078201294,2.630500078201294,2.630500078201294,0
2018-04-16,2.630500078201294,2.630500078201294,2.630500078201294,2.630500078201294,0
2018-04-17,2.630500078201294,2.630500078201294,2.630500078201294,2.630500078201294,0
2018-04-18,2.630500078201294,2.630500078201294,2.630500078201294,2.630500078201294,0
2018-04-19,2.619999885559082,2.609999895095825,2.609999895095825,2.609999895095825,1000
2018-04-20,2.6630001068115234,2.6630001068115234,2.6630001068115234,2.6630001068115234,0
2018-04-23,2.6630001068115234,2.6630001068115234,2.6630001068115234,2.6630001068115234,0
2018-04-24,2.6630001068115234,2.6630001068115234,2.6630001068115234,2.6630001068115234,0
2018-04-25,2.640000104904175,2.619999885559082,2.609999895095825,2.609999895095825,39455
2018-04-26,2.680000066757202,2.6600000858306885,2.6600000858306885,2.6600000858306885,5
2018-04-27,2.680999994277954,2.680999994277954,2.680999994277954,2.680999994277954,0
2018-04-30,2.6700000762939453,2.6700000762939453,2.6700000762939453,2.6700000762939453,16000
2018-05-01,2.6760001182556152,2.6760001182556152,2.6760001182556152,2.6760001182556152,0
2018-05-02,2.6760001182556152,2.6760001182556152,2.6760001182556152,2.6760001182556152,0
2018-05-03,2.6760001182556152,2.6760001182556152,2.6760001182556152,2.6760001182556152,0
2018-05-04,2.6760001182556152,2.6760001182556152,2.6760001182556152,2.6760001182556152,0
2018-05-08,2.7200000286102295,2.740000009536743,2.7200000286102295,2.740000009536743,6841
2018-05-09,2.7200000286102295,2.7200000286102295,2.7200000286102295,2.7200000286102295,59000
2018-05-10,2.700000047683716,2.7300000190734863,2.6600000858306885,2.7200000286102295,8913
2018-05-11,2.6600000858306885,2.7100000381469727,2.7100000381469727,2.7100000381469727,2185
2018-05-14,2.6700000762939453,2.6700000762939453,2.6700000762939453,2.6700000762939453,500
2018-05-15,2.6624999046325684,2.6624999046325684,2.6624999046325684,2.6624999046325684,0
2018-05-16,2.680000066757202,2.680000066757202,2.680000066757202,2.680000066757202,380
2018-05-17,2.690000057220459,2.690000057220459,2.690000057220459,2.690000057220459,0
2018-05-18,2.690000057220459,2.690000057220459,2.690000057220459,2.690000057220459,0
2018-05-21,2.690000057220459,2.690000057220459,2.690000057220459,2.690000057220459,0
2018-05-22,2.759999990463257,2.7899999618530273,2.7899999618530273,2.7899999618530273,8064
2018-05-23,2.7699999809265137,2.7899999618530273,2.7899999618530273,2.7899999618530273,350
2018-05-24,2.7709999084472656,2.7709999084472656,2.7709999084472656,2.7709999084472656,0
2018-05-25,2.799999952316284,2.799999952316284,2.799999952316284,2.799999952316284,340
2018-05-29,2.9600000381469727,2.990000009536743,2.9600000381469727,2.990000009536743,208160
2018-05-30,2.950000047683716,3.009999990463257,2.950000047683716,3.0,48377
2018-05-31,2.950000047683716,2.950000047683716,2.950000047683716,2.950000047683716,12000
2018-06-01,2.9600000381469727,2.990000009536743,2.9800000190734863,2.990000009536743,4600
2018-06-04,2.940000057220459,2.9600000381469727,2.950000047683716,2.950000047683716,1500
2018-06-05,2.859999895095825,2.880000114440918,2.880000114440918,2.880000114440918,1200
2018-06-06,2.890000104904175,2.9000000953674316,2.9000000953674316,2.9000000953674316,4295
2018-06-07,2.935499906539917,2.935499906539917,2.935499906539917,2.935499906539917,0
2018-06-08,3.0199999809265137,3.0199999809265137,3.0199999809265137,3.0199999809265137,2000
2018-06-11,3.0,3.0,3.0,3.0,4400
2018-06-12,3.009999990463257,3.0,3.0,3.0,500
2018-06-13,3.003999948501587,3.003999948501587,3.003999948501587,3.003999948501587,0
2018-06-14,3.003999948501587,3.003999948501587,3.003999948501587,3.003999948501587,0
2018-06-15,2.9000000953674316,2.9200000762939453,2.9200000762939453,2.9200000762939453,100
2018-06-18,2.869999885559082,2.869999885559082,2.8299999237060547,2.8399999141693115,26980
2018-06-19,2.7100000381469727,2.759999990463257,2.7100000381469727,2.759999990463257,26287
2018-06-20,2.7300000190734863,2.7300000190734863,2.7300000190734863,2.7300000190734863,200
2018-06-21,2.751499891281128,2.751499891281128,2.751499891281128,2.751499891281128,0
2018-06-22,2.75,2.7300000190734863,2.7300000190734863,2.7300000190734863,200
2018-06-25,2.740000009536743,2.759999990463257,2.759999990463257,2.759999990463257,100
2018-06-26,2.734999895095825,2.734999895095825,2.734999895095825,2.734999895095825,0
2018-06-27,2.75,2.740000009536743,2.7300000190734863,2.7300000190734863,2750
2018-06-28,2.7149999141693115,2.7149999141693115,2.7149999141693115,2.7149999141693115,0
2018-06-29,2.740000009536743,2.740000009536743,2.740000009536743,2.740000009536743,97670
2018-07-02,2.690000057220459,2.7200000286102295,2.7200000286102295,2.7200000286102295,200
2018-07-03,2.690000057220459,2.690000057220459,2.6700000762939453,2.6700000762939453,276600
2018-07-04,2.690000057220459,2.700000047683716,2.700000047683716,2.700000047683716,135
2018-07-05,2.6500000953674316,2.680000066757202,2.6700000762939453,2.680000066757202,3875
2018-07-06,2.7200000286102295,2.680000066757202,2.680000066757202,2.680000066757202,366
2018-07-09,2.75,2.7699999809265137,2.740000009536743,2.740000009536743,24020
2018-07-10,2.7799999713897705,2.759999990463257,2.759999990463257,2.759999990463257,114
2018-07-11,2.759999990463257,2.75,2.75,2.75,119
2018-07-12,2.7899999618530273,2.759999990463257,2.759999990463257,2.759999990463257,27
2018-07-13,2.8350000381469727,2.8350000381469727,2.8350000381469727,2.8350000381469727,0
2018-07-16,2.8350000381469727,2.8350000381469727,2.8350000381469727,2.8350000381469727,0
2018-07-17,2.8350000381469727,2.8350000381469727,2.8350000381469727,2.8350000381469727,0
2018-07-18,2.859999895095825,2.8499999046325684,2.8499999046325684,2.8499999046325684,600
2018-07-19,2.8389999866485596,2.8389999866485596,2.8389999866485596,2.8389999866485596,0
2018-07-20,2.8389999866485596,2.8389999866485596,2.8389999866485596,2.8389999866485596,0
2018-07-23,2.819999933242798,2.799999952316284,2.799999952316284,2.799999952316284,96
2018-07-24,2.809999942779541,2.809999942779541,2.809999942779541,2.809999942779541,0
2018-07-25,2.8499999046325684,2.859999895095825,2.8399999141693115,2.8399999141693115,21400
2018-07-26,2.8485000133514404,2.8485000133514404,2.8485000133514404,2.8485000133514404,0
2018-07-27,2.8485000133514404,2.8485000133514404,2.8485000133514404,2.8485000133514404,0
2018-07-30,2.8485000133514404,2.8485000133514404,2.8485000133514404,2.8485000133514404,0
2018-07-31,2.9100000858306885,2.9000000953674316,2.9000000953674316,2.9000000953674316,250
2018-08-01,2.890000104904175,2.930000066757202,2.930000066757202,2.930000066757202,1998
2018-08-02,2.859999895095825,2.869999885559082,2.8499999046325684,2.869999885559082,11980
2018-08-03,2.819999933242798,2.819999933242798,2.819999933242798,2.819999933242798,100
2018-08-06,2.869999885559082,2.859999895095825,2.859999895095825,2.859999895095825,24100
2018-08-07,2.8399999141693115,2.8299999237060547,2.8299999237060547,2.8299999237060547,3500
2018-08-08,2.8315000534057617,2.8315000534057617,2.8315000534057617,2.8315000534057617,0
2018-08-09,2.8315000534057617,2.8315000534057617,2.8315000534057617,2.8315000534057617,0
2018-08-10,2.8299999237060547,2.8299999237060547,2.8299999237060547,2.8299999237060547,100
2018-08-13,2.679500102996826,2.679500102996826,2.679500102996826,2.679500102996826,0
2018-08-14,2.679500102996826,2.679500102996826,2.679500102996826,2.679500102996826,0
2018-08-15,2.679500102996826,2.679500102996826,2.679500102996826,2.679500102996826,0
2018-08-16,2.6600000858306885,2.6700000762939453,2.6700000762939453,2.6700000762939453,155
2018-08-17,2.640000104904175,2.6500000953674316,2.6500000953674316,2.6500000953674316,390
2018-08-20,2.6600000858306885,2.690000057220459,2.680000066757202,2.680000066757202,33080
2018-08-21,2.700000047683716,2.700000047683716,2.690000057220459,2.690000057220459,3780
2018-08-22,2.6700000762939453,2.700000047683716,2.700000047683716,2.700000047683716,415
2018-08-23,2.640500068664551,2.640500068664551,2.640500068664551,2.640500068664551,0
2018-08-24,2.640500068664551,2.640500068664551,2.640500068664551,2.640500068664551,0
2018-08-28,2.7200000286102295,2.700000047683716,2.700000047683716,2.700000047683716,770
2018-08-29,2.6700000762939453,2.700000047683716,2.700000047683716,2.700000047683716,50
2018-08-30,2.6700000762939453,2.690000057220459,2.6500000953674316,2.690000057220459,3005
2018-08-31,2.680000066757202,2.6700000762939453,2.6700000762939453,2.6700000762939453,120
2018-09-03,2.6700000762939453,2.680000066757202,2.680000066757202,2.680000066757202,5
2018-09-04,2.6500000953674316,2.6700000762939453,2.6700000762939453,2.6700000762939453,100
2018-09-05,2.6600000858306885,2.6700000762939453,2.6700000762939453,2.6700000762939453,155
2018-09-06,2.640000104904175,2.640000104904175,2.640000104904175,2.640000104904175,235
2018-09-07,2.700000047683716,2.6500000953674316,2.640000104904175,2.640000104904175,355
2018-09-10,2.7100000381469727,2.700000047683716,2.680000066757202,2.680000066757202,12150
2018-09-11,2.680000066757202,2.7100000381469727,2.700000047683716,2.7100000381469727,613735
2018-09-12,2.700000047683716,2.680000066757202,2.680000066757202,2.680000066757202,11030
2018-09-13,2.6500000953674316,2.6600000858306885,2.6600000858306885,2.6600000858306885,215
2018-09-14,2.6500000953674316,2.6500000953674316,2.6500000953674316,2.6500000953674316,65
2018-09-17,2.6654999256134033,2.6654999256134033,2.6654999256134033,2.6654999256134033,0
2018-09-18,2.6654999256134033,2.6654999256134033,2.6654999256134033,2.6654999256134033,0
2018-09-19,2.6654999256134033,2.6654999256134033,2.6654999256134033,2.6654999256134033,0
2018-09-20,2.5399999618530273,2.559999942779541,2.5399999618530273,2.559999942779541,4770
2018-09-21,2.559999942779541,2.5399999618530273,2.5399999618530273,2.5399999618530273,35
2018-09-24,2.559999942779541,2.5799999237060547,2.5799999237060547,2.5799999237060547,35
2018-09-25,2.569999933242798,2.549999952316284,2.549999952316284,2.549999952316284,100
2018-09-26,2.559999942779541,2.569999933242798,2.569999933242798,2.569999933242798,160
2018-09-27,2.5199999809265137,2.549999952316284,2.549999952316284,2.549999952316284,50
2018-09-28,2.5,2.5299999713897705,2.5,2.5299999713897705,270551
2018-10-01,2.490000009536743,2.4700000286102295,2.4700000286102295,2.4700000286102295,5
2018-10-02,2.4800000190734863,2.4700000286102295,2.4700000286102295,2.4700000286102295,40
2018-10-03,2.490000009536743,2.4800000190734863,2.4800000190734863,2.4800000190734863,310
2018-10-04,2.4700000286102295,2.490000009536743,2.490000009536743,2.490000009536743,860
2018-10-05,2.4700000286102295,2.4800000190734863,2.4700000286102295,2.4800000190734863,3205
2018-10-08,2.490000009536743,2.490000009536743,2.490000009536743,2.490000009536743,1665
2018-10-09,2.5,2.5199999809265137,2.5199999809265137,2.5199999809265137,560
2018-10-10,2.5,2.490000009536743,2.490000009536743,2.490000009536743,180
2018-10-11,2.490000009536743,2.4800000190734863,2.4800000190734863,2.4800000190734863,3160
2018-10-12,2.549999952316284,2.549999952316284,2.549999952316284,2.549999952316284,2310
2018-10-15,2.5460000038146973,2.5460000038146973,2.5460000038146973,2.5460000038146973,0
2018-10-16,2.549999952316284,2.559999942779541,2.559999942779541,2.559999942779541,4043
2018-10-17,2.5299999713897705,2.559999942779541,2.559999942779541,2.559999942779541,110
2018-10-18,2.5399999618530273,2.5299999713897705,2.5299999713897705,2.5299999713897705,120
2018-10-19,2.5199999809265137,2.5399999618530273,2.5199999809265137,2.5399999618530273,1770
2018-10-22,2.5789999961853027,2.5789999961853027,2.5789999961853027,2.5789999961853027,0
2018-10-23,2.553499937057495,2.553499937057495,2.553499937057495,2.553499937057495,0
2018-10-24,2.5480000972747803,2.5480000972747803,2.5480000972747803,2.5480000972747803,0
2018-10-25,2.505000114440918,2.505000114440918,2.505000114440918,2.505000114440918,0
2018-10-26,2.5409998893737793,2.5409998893737793,2.5409998893737793,2.5409998893737793,0
2018-10-29,2.5334999561309814,2.5334999561309814,2.5334999561309814,2.5334999561309814,0
2018-10-30,2.5,2.4800000190734863,2.4800000190734863,2.4800000190734863,2571
2018-10-31,2.496999979019165,2.496999979019165,2.496999979019165,2.496999979019165,0
2018-11-01,2.578000068664551,2.578000068664551,2.578000068664551,2.578000068664551,0
2018-11-02,2.556999921798706,2.556999921798706,2.556999921798706,2.556999921798706,0
2018-11-05,2.559999942779541,2.559999942779541,2.559999942779541,2.559999942779541,0
2018-11-06,2.510499954223633,2.510499954223633,2.510499954223633,2.510499954223633,0
2018-11-07,2.559999942779541,2.549999952316284,2.549999952316284,2.549999952316284,23800
2018-11-08,2.5764999389648438,2.5764999389648438,2.5764999389648438,2.5764999389648438,0
2018-11-09,2.5260000228881836,2.5260000228881836,2.5260000228881836,2.5260000228881836,0
2018-11-12,2.501499891281128,2.501499891281128,2.501499891281128,2.501499891281128,0
2018-11-13,2.4660000801086426,2.4660000801086426,2.4660000801086426,2.4660000801086426,0
2018-11-14,2.495500087738037,2.495500087738037,2.495500087738037,2.495500087738037,0
2018-11-15,2.496000051498413,2.496000051498413,2.496000051498413,2.496000051498413,0
2018-11-16,2.509999990463257,2.5,2.5,2.5,4000
2018-11-19,2.4855000972747803,2.4855000972747803,2.4855000972747803,2.4855000972747803,0
2018-11-20,2.4660000801086426,2.4660000801086426,2.4660000801086426,2.4660000801086426,0
2018-11-21,2.507999897003174,2.507999897003174,2.507999897003174,2.507999897003174,0
2018-11-22,2.508500099182129,2.508500099182129,2.508500099182129,2.508500099182129,0
2018-11-23,2.4660000801086426,2.4660000801086426,2.4660000801086426,2.4660000801086426,0
2018-11-26,2.4714999198913574,2.4714999198913574,2.4714999198913574,2.4714999198913574,0
2018-11-27,2.4744999408721924,2.4744999408721924,2.4744999408721924,2.4744999408721924,0
2018-11-28,2.503000020980835,2.503000020980835,2.503000020980835,2.503000020980835,0
2018-11-29,2.5,2.5,2.5,2.5,3900
2018-11-30,2.5199999809265137,2.5199999809265137,2.5199999809265137,2.5199999809265137,0
2018-12-03,2.5969998836517334,2.5969998836517334,2.5969998836517334,2.5969998836517334,0
2018-12-04,2.5309998989105225,2.5309998989105225,2.5309998989105225,2.5309998989105225,0
2018-12-05,2.5880000591278076,2.5880000591278076,2.5880000591278076,2.5880000591278076,0
2018-12-06,2.506999969482422,2.506999969482422,2.506999969482422,2.506999969482422,0
2018-12-07,2.559999942779541,2.5199999809265137,2.5199999809265137,2.5199999809265137,200
2018-12-10,2.5344998836517334,2.5344998836517334,2.5344998836517334,2.5344998836517334,0
2018-12-11,2.556999921798706,2.556999921798706,2.556999921798706,2.556999921798706,0
2018-12-12,2.547499895095825,2.547499895095825,2.547499895095825,2.547499895095825,0
2018-12-13,2.5209999084472656,2.5209999084472656,2.5209999084472656,2.5209999084472656,0
2018-12-14,2.5244998931884766,2.5244998931884766,2.5244998931884766,2.5244998931884766,0
2018-12-17,2.486999988555908,2.486999988555908,2.486999988555908,2.486999988555908,0
2018-12-18,2.486999988555908,2.486999988555908,2.486999988555908,2.486999988555908,0
2018-12-19,2.4639999866485596,2.4639999866485596,2.4639999866485596,2.4639999866485596,0
2018-12-20,2.427500009536743,2.427500009536743,2.427500009536743,2.427500009536743,0
2018-12-21,2.3434998989105225,2.3434998989105225,2.3434998989105225,2.3434998989105225,0
2018-12-24,2.319999933242798,2.3399999141693115,2.3399999141693115,2.3399999141693115,5000
2018-12-27,2.299999952316284,2.299999952316284,2.299999952316284,2.299999952316284,269
2018-12-28,2.299499988555908,2.299499988555908,2.299499988555908,2.299499988555908,0
2018-12-31,2.313499927520752,2.313499927520752,2.313499927520752,2.313499927520752,0
2019-01-02,2.2799999713897705,2.299999952316284,2.2699999809265137,2.299999952316284,60096
2019-01-03,2.259999990463257,2.259999990463257,2.259999990463257,2.259999990463257,0
2019-01-04,2.323499917984009,2.323499917984009,2.323499917984009,2.323499917984009,0
2019-01-07,2.3399999141693115,2.359999895095825,2.3499999046325684,2.3499999046325684,4000
2019-01-08,2.299999952316284,2.299999952316284,2.299999952316284,2.299999952316284,75
2019-01-09,2.322999954223633,2.322999954223633,2.322999954223633,2.322999954223633,0
2019-01-10,2.3299999237060547,2.3399999141693115,2.3299999237060547,2.3399999141693115,6463
2019-01-11,2.3125,2.3125,2.3125,2.3125,0
2019-01-14,2.3334999084472656,2.3334999084472656,2.3334999084472656,2.3334999084472656,0
2019-01-15,2.321000099182129,2.321000099182129,2.321000099182129,2.321000099182129,0
2019-01-16,2.3389999866485596,2.3389999866485596,2.3389999866485596,2.3389999866485596,0
2019-01-17,2.361999988555908,2.361999988555908,2.361999988555908,2.361999988555908,0
2019-01-18,2.364500045776367,2.364500045776367,2.364500045776367,2.364500045776367,0
2019-01-21,2.3475000858306885,2.3475000858306885,2.3475000858306885,2.3475000858306885,0
2019-01-22,2.3399999141693115,2.359999895095825,2.3399999141693115,2.359999895095825,6600
2019-01-23,2.359999895095825,2.359999895095825,2.359999895095825,2.359999895095825,0
2019-01-24,2.3399999141693115,2.359999895095825,2.3299999237060547,2.3399999141693115,784
2019-01-25,2.3499999046325684,2.3399999141693115,2.3399999141693115,2.3399999141693115,716
2019-01-28,2.3464999198913574,2.3464999198913574,2.3464999198913574,2.3464999198913574,0
2019-01-29,2.3505001068115234,2.3505001068115234,2.3505001068115234,2.3505001068115234,0
2019-01-30,2.3554999828338623,2.3554999828338623,2.3554999828338623,2.3554999828338623,0
2019-01-31,2.368000030517578,2.365999937057495,2.365999937057495,2.365999937057495,1375
2019-02-01,2.372499942779541,2.372499942779541,2.372499942779541,2.372499942779541,0
2019-02-04,2.3310000896453857,2.3480000495910645,2.3480000495910645,2.3480000495910645,100
2019-02-05,2.3510000705718994,2.3299999237060547,2.3299999237060547,2.3299999237060547,2212
2019-02-06,2.3554999828338623,2.3554999828338623,2.3554999828338623,2.3554999828338623,0
2019-02-07,2.319999933242798,2.3519999980926514,2.3519999980926514,2.3519999980926514,2500
2019-02-08,2.318000078201294,2.3410000801086426,2.3410000801086426,2.3410000801086426,250
2019-02-11,2.2739999294281006,2.2739999294281006,2.2739999294281006,2.2739999294281006,0
2019-02-12,2.2320001125335693,2.263000011444092,2.263000011444092,2.263000011444092,100
2019-02-13,2.2360000610351562,2.244999885559082,2.240000009536743,2.240000009536743,4919
2019-02-14,2.236999988555908,2.240000009536743,2.240000009536743,2.240000009536743,576
2019-02-15,2.255000114440918,2.253999948501587,2.253999948501587,2.253999948501587,50
2019-02-18,2.25600004196167,2.25600004196167,2.25600004196167,2.25600004196167,0
2019-02-19,2.259500026702881,2.2799999713897705,2.2799999713897705,2.2799999713897705,1137
2019-02-20,2.2720000743865967,2.2720000743865967,2.2720000743865967,2.2720000743865967,0
2019-02-21,2.2990000247955322,2.299999952316284,2.299999952316284,2.299999952316284,5700
2019-02-22,2.2690000534057617,2.3440001010894775,2.2909998893737793,2.3440001010894775,1323
2019-02-25,2.306999921798706,2.306999921798706,2.306999921798706,2.306999921798706,0
2019-02-26,2.2720000743865967,2.2799999713897705,2.2799999713897705,2.2799999713897705,100
2019-02-27,2.2660000324249268,2.2660000324249268,2.2660000324249268,2.2660000324249268,0
2019-02-28,2.2885000705718994,2.2885000705718994,2.2885000705718994,2.2885000705718994,0
2019-03-01,2.2850000858306885,2.303999900817871,2.303999900817871,2.303999900817871,30000
2019-03-04,2.30649995803833,2.30649995803833,2.30649995803833,2.30649995803833,0
2019-03-05,2.313499927520752,2.313499927520752,2.313499927520752,2.313499927520752,0
2019-03-06,2.3505001068115234,2.3505001068115234,2.3505001068115234,2.3505001068115234,0
2019-03-07,2.2950000762939453,2.2950000762939453,2.2950000762939453,2.2950000762939453,0
2019-03-08,2.301500082015991,2.301500082015991,2.301500082015991,2.301500082015991,0
2019-03-11,2.308500051498413,2.305000066757202,2.305000066757202,2.305000066757202,4700
2019-03-12,2.3329999446868896,2.3329999446868896,2.3329999446868896,2.3329999446868896,0
2019-03-13,2.361999988555908,2.365999937057495,2.365999937057495,2.365999937057495,750
2019-03-14,2.3334999084472656,2.3340001106262207,2.3340001106262207,2.3340001106262207,141
2019-03-15,2.376499891281128,2.376499891281128,2.376499891281128,2.376499891281128,0
2019-03-18,2.365000009536743,2.365999937057495,2.365999937057495,2.365999937057495,1715
2019-03-19,2.385499954223633,2.385499954223633,2.385499954223633,2.385499954223633,0
2019-03-20,2.377500057220459,2.377500057220459,2.377500057220459,2.377500057220459,0
2019-03-21,2.390500068664551,2.390500068664551,2.390500068664551,2.390500068664551,0
2019-03-22,2.4030001163482666,2.4030001163482666,2.4030001163482666,2.4030001163482666,0
2019-03-25,2.427999973297119,2.437000036239624,2.3949999809265137,2.3949999809265137,7690
2019-03-26,2.442500114440918,2.442500114440918,2.442500114440918,2.442500114440918,0
2019-03-27,2.4110000133514404,2.4110000133514404,2.4110000133514404,2.4110000133514404,0
2019-03-28,2.377000093460083,2.377000093460083,2.377000093460083,2.377000093460083,0
2019-03-29,2.429500102996826,2.429500102996826,2.429500102996826,2.429500102996826,0
2019-04-01,2.437999963760376,2.434999942779541,2.430000066757202,2.430000066757202,145
2019-04-02,2.4130001068115234,2.4130001068115234,2.4130001068115234,2.4130001068115234,0
2019-04-03,2.434000015258789,2.434000015258789,2.434000015258789,2.434000015258789,0
2019-04-04,2.434499979019165,2.434499979019165,2.434499979019165,2.434499979019165,0
2019-04-05,2.4584999084472656,2.450000047683716,2.430000066757202,2.430000066757202,1563
2019-04-08,2.4725000858306885,2.4725000858306885,2.4725000858306885,2.4725000858306885,0
2019-04-09,2.4619998931884766,2.4619998931884766,2.4619998931884766,2.4619998931884766,0
2019-04-10,2.446500062942505,2.446500062942505,2.446500062942505,2.446500062942505,0
2019-04-11,2.452500104904175,2.452500104904175,2.452500104904175,2.452500104904175,0
2019-04-12,2.4674999713897705,2.4674999713897705,2.4674999713897705,2.4674999713897705,0
2019-04-15,2.4075000286102295,2.4075000286102295,2.4075000286102295,2.4075000286102295,0
2019-04-16,2.443000078201294,2.443000078201294,2.443000078201294,2.443000078201294,0
2019-04-17,2.4739999771118164,2.4739999771118164,2.4739999771118164,2.4739999771118164,0
2019-04-18,2.438499927520752,2.438499927520752,2.438499927520752,2.438499927520752,0
2019-04-23,2.4375,2.4375,2.4375,2.4375,0
2019-04-24,2.4144999980926514,2.4144999980926514,2.4144999980926514,2.4144999980926514,0
2019-04-25,2.4375,2.4375,2.4375,2.4375,0
2019-04-26,2.4235000610351562,2.4235000610351562,2.4235000610351562,2.4235000610351562,0
2019-04-29,2.4065001010894775,2.4065001010894775,2.4065001010894775,2.4065001010894775,0
2019-04-30,2.3994998931884766,2.3994998931884766,2.3994998931884766,2.3994998931884766,0
2019-05-01,2.367500066757202,2.367500066757202,2.367500066757202,2.367500066757202,0
2019-05-02,2.367000102996826,2.367000102996826,2.367000102996826,2.367000102996826,0
2019-05-03,2.371999979019165,2.371999979019165,2.371999979019165,2.371999979019165,0
2019-05-07,2.30649995803833,2.30649995803833,2.30649995803833,2.30649995803833,0
2019-05-08,2.2639999389648438,2.2990000247955322,2.2990000247955322,2.2990000247955322,500
2019-05-09,2.180999994277954,2.240000009536743,2.200000047683716,2.240000009536743,3975
2019-05-10,2.187000036239624,2.187000036239624,2.187000036239624,2.187000036239624,0
2019-05-13,2.0404999256134033,2.1110000610351562,2.1110000610351562,2.1110000610351562,1000
2019-05-14,2.0820000171661377,2.0820000171661377,2.0820000171661377,2.0820000171661377,0
2019-05-15,2.0799999237060547,2.0799999237060547,2.0799999237060547,2.0799999237060547,0
2019-05-16,2.0864999294281006,2.0864999294281006,2.0864999294281006,2.0864999294281006,0
2019-05-17,2.07450008392334,2.07450008392334,2.07450008392334,2.07450008392334,0
2019-05-20,2.0859999656677246,2.0859999656677246,2.0859999656677246,2.0859999656677246,0
2019-05-21,2.1085000038146973,2.1085000038146973,2.1085000038146973,2.1085000038146973,0
2019-05-22,2.0859999656677246,2.0859999656677246,2.0859999656677246,2.0859999656677246,0
2019-05-23,2.125,2.125,2.125,2.125,0
2019-05-24,2.1424999237060547,2.1424999237060547,2.1424999237060547,2.1424999237060547,0
2019-05-28,2.1559998989105225,2.1649999618530273,2.1649999618530273,2.1649999618530273,43
2019-05-29,2.1644999980926514,2.1644999980926514,2.1644999980926514,2.1644999980926514,0
2019-05-30,2.1554999351501465,2.1554999351501465,2.1554999351501465,2.1554999351501465,0
2019-05-31,2.1714999675750732,2.1714999675750732,2.1714999675750732,2.1714999675750732,0
2019-06-03,2.1605000495910645,2.1050000190734863,2.1050000190734863,2.1050000190734863,5800
2019-06-04,2.177500009536743,2.177500009536743,2.177500009536743,2.177500009536743,0
2019-06-05,2.1484999656677246,2.1484999656677246,2.1484999656677246,2.1484999656677246,0
2019-06-06,2.135499954223633,2.135499954223633,2.135499954223633,2.135499954223633,0
2019-06-07,2.077500104904175,2.077500104904175,2.077500104904175,2.077500104904175,0
2019-06-10,2.055000066757202,2.069999933242798,2.0280001163482666,2.069999933242798,506
2019-06-11,2.0490000247955322,2.0490000247955322,2.0490000247955322,2.0490000247955322,0
2019-06-12,2.0799999237060547,2.0799999237060547,2.0799999237060547,2.0799999237060547,0
2019-06-13,2.1029999256134033,2.0899999141693115,2.0859999656677246,2.0899999141693115,7100
2019-06-14,2.0915000438690186,2.0915000438690186,2.0915000438690186,2.0915000438690186,0
2019-06-17,2.1019999980926514,2.1019999980926514,2.1019999980926514,2.1019999980926514,0
2019-06-18,2.127500057220459,2.127500057220459,2.127500057220459,2.127500057220459,0
2019-06-19,2.125499963760376,2.125499963760376,2.125499963760376,2.125499963760376,0
2019-06-20,2.1064999103546143,2.1064999103546143,2.1064999103546143,2.1064999103546143,0
2019-06-21,2.0815000534057617,2.0815000534057617,2.0815000534057617,2.0815000534057617,0
2019-06-24,2.0789999961853027,2.0789999961853027,2.0789999961853027,2.0789999961853027,0
2019-06-25,2.078000068664551,2.078000068664551,2.078000068664551,2.078000068664551,0
2019-06-26,2.1089999675750732,2.1089999675750732,2.1089999675750732,2.1089999675750732,0
2019-06-27,2.0985000133514404,2.0985000133514404,2.0985000133514404,2.0985000133514404,0
2019-06-28,2.0989999771118164,2.0989999771118164,2.0989999771118164,2.0989999771118164,0
2019-07-01,2.124500036239624,2.1600000858306885,2.1600000858306885,2.1600000858306885,1946
2019-07-02,2.1034998893737793,2.0999999046325684,2.0999999046325684,2.0999999046325684,100
2019-07-03,2.131500005722046,2.131500005722046,2.131500005722046,2.131500005722046,0
2019-07-04,2.124000072479248,2.124000072479248,2.124000072479248,2.124000072479248,0
2019-07-05,2.1064999103546143,2.1064999103546143,2.1064999103546143,2.1064999103546143,0
2019-07-08,2.0889999866485596,2.0889999866485596,2.0889999866485596,2.0889999866485596,0
2019-07-09,1.9950000047683716,2.055000066757202,1.9950000047683716,2.055000066757202,69886
2019-07-10,2.0264999866485596,2.0199999809265137,2.0190000534057617,2.0199999809265137,64927
2019-07-11,1.9989999532699585,1.9989999532699585,1.9989999532699585,1.9989999532699585,0
2019-07-12,2.00600004196167,1.996999979019165,1.996999979019165,1.996999979019165,6385
2019-07-15,1.9984999895095825,1.9984999895095825,1.9984999895095825,1.9984999895095825,0
2019-07-16,1.9954999685287476,2.009999990463257,1.996000051498413,2.009999990463257,33070
2019-07-17,1.9800000190734863,1.9800000190734863,1.9800000190734863,1.9800000190734863,0
2019-07-18,1.9609999656677246,1.968000054359436,1.9500000476837158,1.968000054359436,72075
2019-07-19,1.9869999885559082,1.9670000076293945,1.9570000171661377,1.9670000076293945,2800
2019-07-22,2.006500005722046,2.007999897003174,2.007999897003174,2.007999897003174,12650
2019-07-23,1.996000051498413,1.9989999532699585,1.9989999532699585,1.9989999532699585,1
2019-07-24,2.0255000591278076,2.046999931335449,2.046999931335449,2.046999931335449,1000
2019-07-25,2.0299999713897705,2.0420000553131104,2.0360000133514404,2.0420000553131104,12500
2019-07-26,2.0234999656677246,2.00600004196167,2.00600004196167,2.00600004196167,248
2019-07-29,2.0144999027252197,2.0144999027252197,2.0144999027252197,2.0144999027252197,0
2019-07-30,2.0,2.0,2.0,2.0,0
2019-07-31,2.009500026702881,2.0199999809265137,2.0199999809265137,2.0199999809265137,10000
2019-08-01,2.0164999961853027,2.0164999961853027,2.0164999961853027,2.0164999961853027,0
2019-08-02,1.9190000295639038,1.9500000476837158,1.9420000314712524,1.9500000476837158,2400
2019-08-05,1.8459999561309814,1.843999981880188,1.815000057220459,1.815000057220459,24850
2019-08-06,1.840999960899353,1.843999981880188,1.843999981880188,1.843999981880188,6800
2019-08-07,1.8324999809265137,1.8300000429153442,1.8300000429153442,1.8300000429153442,750
2019-08-08,1.8769999742507935,1.8930000066757202,1.8600000143051147,1.8600000143051147,9610
2019-08-09,1.8619999885559082,1.8559999465942383,1.8530000448226929,1.8559999465942383,18000
2019-08-12,1.8240000009536743,1.850000023841858,1.850000023841858,1.850000023841858,50
2019-08-13,1.8769999742507935,1.8769999742507935,1.8769999742507935,1.8769999742507935,0
2019-08-14,1.8795000314712524,1.878000020980835,1.8669999837875366,1.878000020980835,10700
2019-08-15,1.8845000267028809,1.8899999856948853,1.8799999952316284,1.8799999952316284,13400
2019-08-16,1.8984999656677246,1.8969999551773071,1.8899999856948853,1.8899999856948853,11348
2019-08-19,1.8899999856948853,1.8890000581741333,1.8839999437332153,1.8890000581741333,1278
2019-08-20,1.8845000267028809,1.8899999856948853,1.8849999904632568,1.8899999856948853,18650
2019-08-21,1.8839999437332153,1.871000051498413,1.871000051498413,1.871000051498413,6700
2019-08-22,1.875499963760376,1.875499963760376,1.875499963760376,1.875499963760376,0
2019-08-23,1.8480000495910645,1.8480000495910645,1.8480000495910645,1.8480000495910645,0
2019-08-27,1.850000023841858,1.8769999742507935,1.8259999752044678,1.8259999752044678,40800
2019-08-28,1.850000023841858,1.8459999561309814,1.8459999561309814,1.8459999561309814,6800
2019-08-29,1.8624999523162842,1.8624999523162842,1.8624999523162842,1.8624999523162842,0
2019-08-30,1.8609999418258667,1.8609999418258667,1.8609999418258667,1.8609999418258667,0
2019-09-02,1.8615000247955322,1.8615000247955322,1.8615000247955322,1.8615000247955322,0
2019-09-03,1.840499997138977,1.8480000495910645,1.843000054359436,1.8480000495910645,7423
2019-09-04,1.8370000123977661,1.8370000123977661,1.8370000123977661,1.8370000123977661,0
2019-09-05,1.8704999685287476,1.8559999465942383,1.8559999465942383,1.8559999465942383,6850
2019-09-06,1.847499966621399,1.875,1.875,1.875,7500
2019-09-09,1.8680000305175781,1.8600000143051147,1.8600000143051147,1.8600000143051147,8500
2019-09-10,1.8825000524520874,1.8825000524520874,1.8825000524520874,1.8825000524520874,0
2019-09-11,1.8795000314712524,1.8730000257492065,1.8730000257492065,1.8730000257492065,6700
2019-09-12,1.9220000505447388,1.8940000534057617,1.8940000534057617,1.8940000534057617,200
2019-09-13,1.9824999570846558,1.9824999570846558,1.9824999570846558,1.9824999570846558,0
2019-09-16,1.9809999465942383,1.9809999465942383,1.9809999465942383,1.9809999465942383,0
2019-09-17,1.9359999895095825,1.9780000448226929,1.940999984741211,1.9780000448226929,15613
2019-09-18,1.9205000400543213,1.9205000400543213,1.9205000400543213,1.9205000400543213,0
2019-09-19,1.9264999628067017,1.9264999628067017,1.9264999628067017,1.9264999628067017,0
2019-09-20,1.905500054359436,1.9210000038146973,1.9049999713897705,1.9210000038146973,7350
2019-09-23,1.9385000467300415,1.9385000467300415,1.9385000467300415,1.9385000467300415,0
2019-09-24,1.906000018119812,1.909999966621399,1.8969999551773071,1.909999966621399,72706
2019-09-25,1.906000018119812,1.906000018119812,1.906000018119812,1.906000018119812,0
2019-09-26,1.905500054359436,1.905500054359436,1.905500054359436,1.905500054359436,0
2019-09-27,1.9160000085830688,1.910599946975708,1.910599946975708,1.910599946975708,1711
2019-09-30,1.9220000505447388,1.9179999828338623,1.9179999828338623,1.9179999828338623,1
2019-10-01,1.930999994277954,1.930999994277954,1.930999994277954,1.930999994277954,0
2019-10-02,1.9170000553131104,1.9170000553131104,1.9170000553131104,1.9170000553131104,0
2019-10-03,1.9774999618530273,1.9539999961853027,1.9450000524520874,1.9450000524520874,13700
2019-10-04,1.9500000476837158,1.9600000381469727,1.9600000381469727,1.9600000381469727,11800
2019-10-07,1.9555000066757202,1.9639999866485596,1.9600000381469727,1.9639999866485596,4350
2019-10-08,1.944000005722046,1.944000005722046,1.944000005722046,1.944000005722046,0
2019-10-09,1.972000002861023,1.972000002861023,1.972000002861023,1.972000002861023,0
2019-10-10,1.9674999713897705,1.9739999771118164,1.9620000123977661,1.9739999771118164,83929
2019-10-11,2.0134999752044678,2.007999897003174,1.965000033378601,1.9700000286102295,28350
2019-10-14,1.9919999837875366,2.049999952316284,2.0390000343322754,2.049999952316284,86924
2019-10-15,2.0,1.9980000257492065,1.9980000257492065,1.9980000257492065,450
2019-10-16,2.0374999046325684,2.0209999084472656,2.0209999084472656,2.0209999084472656,450
2019-10-17,2.0425000190734863,2.0425000190734863,2.0425000190734863,2.0425000190734863,0
2019-10-18,2.066999912261963,2.066999912261963,2.066999912261963,2.066999912261963,0
2019-10-21,2.053999900817871,2.068000078201294,2.0409998893737793,2.068000078201294,50000
2019-10-22,2.059499979019165,2.0480000972747803,2.0090699195861816,2.0480000972747803,200
2019-10-23,2.0485000610351562,2.052999973297119,2.052999973297119,2.052999973297119,600
2019-10-24,2.052500009536743,2.0597000122070312,2.0597000122070312,2.0597000122070312,1711
2019-10-25,2.072999954223633,2.072999954223633,2.072999954223633,2.072999954223633,0
2019-10-28,2.0485000610351562,2.0485000610351562,2.0485000610351562,2.0485000610351562,0
2019-10-29,2.053999900817871,2.0543301105499268,2.0543301105499268,2.0543301105499268,377000
2019-10-30,2.0789999961853027,2.0789999961853027,2.0789999961853027,2.0789999961853027,0
2019-10-31,2.0380001068115234,2.0725998878479004,2.0380001068115234,2.0380001068115234,223299
2019-11-01,2.0350000858306885,2.0350000858306885,2.0350000858306885,2.0350000858306885,0
2019-11-04,2.0209999084472656,2.0209999084472656,2.0209999084472656,2.0209999084472656,0
2019-11-05,2.0320000648498535,2.0239999294281006,2.0239999294281006,2.0239999294281006,7904
2019-11-06,2.0234999656677246,2.0234999656677246,2.0234999656677246,2.0234999656677246,0
2019-11-07,2.0339999198913574,2.0339999198913574,2.0339999198913574,2.0339999198913574,110000
2019-11-08,2.0329999923706055,2.0429999828338623,2.015000104904175,2.0429999828338623,41201
2019-11-11,2.0464999675750732,2.0464999675750732,2.0464999675750732,2.0464999675750732,0
2019-11-12,2.0425000190734863,2.0399999618530273,2.0399999618530273,2.0399999618530273,6500
2019-11-13,2.0394999980926514,2.0480000972747803,2.0480000972747803,2.0480000972747803,1100
2019-11-14,2.0409998893737793,2.0409998893737793,2.0409998893737793,2.0409998893737793,0
2019-11-15,2.059499979019165,2.059499979019165,2.059499979019165,2.059499979019165,0
2019-11-18,2.0164999961853027,2.0164999961853027,2.0164999961853027,2.0164999961853027,0
2019-11-19,2.0239999294281006,2.0510900020599365,2.0510900020599365,2.0510900020599365,142390
2019-11-20,2.0225000381469727,2.0225000381469727,2.0225000381469727,2.0225000381469727,0
2019-11-21,1.9869999885559082,1.9869999885559082,1.9869999885559082,1.9869999885559082,0
2019-11-22,1.9830000400543213,1.9830000400543213,1.9830000400543213,1.9830000400543213,0
2019-11-25,2.0239999294281006,2.0239999294281006,2.0239999294281006,2.0239999294281006,0
2019-11-26,2.0344998836517334,2.0344998836517334,2.0344998836517334,2.0344998836517334,0
2019-11-27,2.0269999504089355,2.0269999504089355,2.0269999504089355,2.0269999504089355,0
2019-11-28,2.0425000190734863,2.0425000190734863,2.0425000190734863,2.0425000190734863,0
2019-11-29,2.01200008392334,2.01200008392334,2.01200008392334,2.01200008392334,0
2019-12-02,2.0250000953674316,2.0250000953674316,2.0250000953674316,2.0250000953674316,0
2019-12-03,1.9759999513626099,1.9759999513626099,1.9759999513626099,1.9759999513626099,0
2019-12-04,1.9869999885559082,1.9800000190734863,1.9490000009536743,1.9800000190734863,5000
2019-12-05,2.00600004196167,2.00600004196167,2.00600004196167,2.00600004196167,0
2019-12-06,2.0250000953674316,2.0250000953674316,2.0250000953674316,2.0250000953674316,0
2019-12-09,2.005500078201294,2.005500078201294,2.005500078201294,2.005500078201294,0
2019-12-10,2.0299999713897705,2.0299999713897705,2.0299999713897705,2.0299999713897705,0
2019-12-11,2.0325000286102295,2.0325000286102295,2.0325000286102295,2.0325000286102295,0
2019-12-12,2.075500011444092,2.0820000171661377,2.0299999713897705,2.0299999713897705,2341
2019-12-13,2.055500030517578,2.0869998931884766,2.0869998931884766,2.0869998931884766,1501
2019-12-16,2.051500082015991,2.0840001106262207,2.0840001106262207,2.0840001106262207,100
2019-12-17,2.057499885559082,2.057499885559082,2.057499885559082,2.057499885559082,0
2019-12-18,2.063999891281128,2.058000087738037,2.055000066757202,2.055000066757202,4805
2019-12-19,2.0804998874664307,2.0804998874664307,2.0804998874664307,2.0804998874664307,0
2019-12-20,2.1034998893737793,2.1034998893737793,2.1034998893737793,2.1034998893737793,0
2019-12-23,2.119499921798706,2.119499921798706,2.119499921798706,2.119499921798706,0
2019-12-24,2.116499900817871,2.116499900817871,2.116499900817871,2.116499900817871,0
2019-12-27,2.127000093460083,2.140000104904175,2.140000104904175,2.140000104904175,1250
2019-12-30,2.1429998874664307,2.1429998874664307,2.1429998874664307,2.1429998874664307,0
2019-12-31,2.1505000591278076,2.1449999809265137,2.1449999809265137,2.1449999809265137,2500
2020-01-02,2.1364998817443848,2.1519999504089355,2.140000104904175,2.1440000534057617,9318
2020-01-03,2.132999897003174,2.132999897003174,2.132999897003174,2.132999897003174,0
2020-01-06,2.1575000286102295,2.1519999504089355,2.1419999599456787,2.1519999504089355,28600
2020-01-07,2.1510000228881836,2.1510000228881836,2.1510000228881836,2.1510000228881836,0
2020-01-08,2.1535000801086426,2.1535000801086426,2.1535000801086426,2.1535000801086426,0
2020-01-09,2.178999900817871,2.178999900817871,2.178999900817871,2.178999900817871,0
2020-01-10,2.181999921798706,2.181999921798706,2.181999921798706,2.181999921798706,0
2020-01-13,2.2044999599456787,2.2100000381469727,2.2100000381469727,2.2100000381469727,1000
2020-01-14,2.2054998874664307,2.200000047683716,2.196310043334961,2.200000047683716,4
2020-01-15,2.188499927520752,2.180000066757202,2.180000066757202,2.180000066757202,360
2020-01-16,2.1565001010894775,2.1565001010894775,2.1565001010894775,2.1565001010894775,0
2020-01-17,2.194499969482422,2.194499969482422,2.194499969482422,2.194499969482422,0
2020-01-20,2.1989998817443848,2.1989998817443848,2.1989998817443848,2.1989998817443848,0
2020-01-21,2.1364998817443848,2.1679298877716064,2.1679298877716064,2.1679298877716064,122721
2020-01-22,2.191999912261963,2.191999912261963,2.191999912261963,2.191999912261963,0
2020-01-23,2.1610000133514404,2.1610000133514404,2.1610000133514404,2.1610000133514404,0
2020-01-24,2.1494998931884766,2.1494998931884766,2.1494998931884766,2.1494998931884766,0
2020-01-27,2.133500099182129,2.132999897003174,2.124000072479248,2.124000072479248,15800
2020-01-28,2.1624999046325684,2.1624999046325684,2.1624999046325684,2.1624999046325684,0
2020-01-29,2.1710000038146973,2.1710000038146973,2.1710000038146973,2.1710000038146973,0
2020-01-30,2.121500015258789,2.117000102996826,2.115000009536743,2.117000102996826,7700
2020-01-31,2.0920000076293945,2.0999999046325684,2.0920000076293945,2.0999999046325684,11355
2020-02-03,2.072000026702881,2.072000026702881,2.072000026702881,2.072000026702881,0
2020-02-04,2.0894999504089355,2.0894999504089355,2.0894999504089355,2.0894999504089355,0
2020-02-05,2.0855000019073486,2.111999988555908,2.111999988555908,2.111999988555908,4750
2020-02-06,2.0859999656677246,2.0859999656677246,2.0859999656677246,2.0859999656677246,0
2020-02-07,2.0899999141693115,2.0899999141693115,2.0899999141693115,2.0899999141693115,0
2020-02-10,2.0975000858306885,2.0975000858306885,2.0959999561309814,2.0959999561309814,32010
2020-02-11,2.0975000858306885,2.0975000858306885,2.0975000858306885,2.0975000858306885,0
2020-02-12,2.1110000610351562,2.1110000610351562,2.1110000610351562,2.1110000610351562,0
2020-02-13,2.1054999828338623,2.1054999828338623,2.1054999828338623,2.1054999828338623,0
2020-02-14,2.0964999198913574,2.0889999866485596,2.0889999866485596,2.0889999866485596,70000
2020-02-17,2.0940001010894775,2.072000026702881,2.072000026702881,2.072000026702881,2000
2020-02-18,2.11899995803833,2.11899995803833,2.11899995803833,2.11899995803833,0
2020-02-19,2.125499963760376,2.125499963760376,2.125499963760376,2.125499963760376,0
2020-02-20,2.1135001182556152,2.1135001182556152,2.1135001182556152,2.1135001182556152,0
2020-02-21,2.1135001182556152,2.1135001182556152,2.1135001182556152,2.1135001182556152,0
2020-02-24,2.0220000743865967,2.0220000743865967,2.0220000743865967,2.0220000743865967,0
2020-02-25,2.0420000553131104,2.049999952316284,2.049999952316284,2.049999952316284,185
2020-02-26,2.0144999027252197,2.01200008392334,2.01200008392334,2.01200008392334,8750
2020-02-27,1.941499948501587,1.941499948501587,1.941499948501587,1.941499948501587,0
2020-02-28,1.8609999418258667,1.8990000486373901,1.8609999418258667,1.8619999885559082,300600
2020-03-02,1.9275000095367432,1.9249999523162842,1.9249999523162842,1.9249999523162842,29600
2020-03-03,1.9234999418258667,1.9479999542236328,1.9479999542236328,1.9479999542236328,28500
2020-03-04,1.934000015258789,1.934000015258789,1.934000015258789,1.934000015258789,0
2020-03-05,1.9455000162124634,1.9299999475479126,1.9299999475479126,1.9299999475479126,28400
2020-03-06,1.9149999618530273,1.9149999618530273,1.9149999618530273,1.9149999618530273,0
2020-03-09,1.8890000581741333,1.899999976158142,1.8680000305175781,1.8680000305175781,15596
2020-03-10,1.8695000410079956,1.8695000410079956,1.8695000410079956,1.8695000410079956,0
2020-03-11,1.8819999694824219,1.8819999694824219,1.8819999694824219,1.8819999694824219,0
2020-03-12,1.8255000114440918,1.8240000009536743,1.8240000009536743,1.8240000009536743,29200
2020-03-13,1.8504999876022339,1.840000033378601,1.840000033378601,1.840000033378601,625
2020-03-16,1.7955000400543213,1.784000039100647,1.784000039100647,1.784000039100647,4900
2020-03-17,1.8009999990463257,1.809999942779541,1.809999942779541,1.809999942779541,250
2020-03-18,1.7304999828338623,1.7619999647140503,1.7619999647140503,1.7619999647140503,8000
2020-03-19,1.6460000276565552,1.6460000276565552,1.6460000276565552,1.6460000276565552,0
2020-03-20,1.6475000381469727,1.7100000381469727,1.687999963760376,1.7100000381469727,3980
2020-03-23,1.569000005722046,1.5889999866485596,1.559999942779541,1.5889999866485596,7480
2020-03-24,1.6670000553131104,1.6670000553131104,1.6670000553131104,1.6670000553131104,0
2020-03-25,1.621500015258789,1.6330000162124634,1.6150000095367432,1.6330000162124634,7516
2020-03-26,1.6169999837875366,1.628000020980835,1.628000020980835,1.628000020980835,18500
2020-03-27,1.5779999494552612,1.5779999494552612,1.5779999494552612,1.5779999494552612,0
2020-03-30,1.50600004196167,1.5479999780654907,1.4980000257492065,1.5479999780654907,71700
2020-03-31,1.559999942779541,1.559999942779541,1.559999942779541,1.559999942779541,0
2020-04-01,1.499500036239624,1.5360000133514404,1.5,1.5360000133514404,8900
2020-04-02,1.5460000038146973,1.5499999523162842,1.5219999551773071,1.5219999551773071,10400
2020-04-03,1.5520000457763672,1.5449999570846558,1.5399999618530273,1.5399999618530273,2000
2020-04-06,1.628999948501587,1.6399999856948853,1.565000057220459,1.565000057220459,5237
2020-04-07,1.6130000352859497,1.6130000352859497,1.6130000352859497,1.6130000352859497,0
2020-04-08,1.6440000534057617,1.6449999809265137,1.6399999856948853,1.6449999809265137,26850
2020-04-09,1.6454999446868896,1.6549999713897705,1.649999976158142,1.6549999713897705,2050
2020-04-14,1.6165000200271606,1.625,1.621000051498413,1.625,3805
2020-04-15,1.6024999618530273,1.6024999618530273,1.6024999618530273,1.6024999618530273,0
2020-04-16,1.6119999885559082,1.6119999885559082,1.6119999885559082,1.6119999885559082,0
2020-04-17,1.627500057220459,1.6419999599456787,1.6360000371932983,1.6360000371932983,4137
2020-04-20,1.6395000219345093,1.6299999952316284,1.6109999418258667,1.6150000095367432,34310
2020-04-21,1.5989999771118164,1.61899995803833,1.61899995803833,1.61899995803833,33500
2020-04-22,1.6990000009536743,1.687000036239624,1.63100004196167,1.63100004196167,74200
2020-04-23,1.715499997138977,1.7300000190734863,1.7230000495910645,1.7269999980926514,36699
2020-04-24,1.6885000467300415,1.7100000381469727,1.7100000381469727,1.7100000381469727,150
2020-04-27,1.6729999780654907,1.6770000457763672,1.6770000457763672,1.6770000457763672,32600
2020-04-28,1.7265000343322754,1.7230000495910645,1.684999942779541,1.684999942779541,40550
2020-04-29,1.7300000190734863,1.7339999675750732,1.7339999675750732,1.7339999675750732,50
2020-04-30,1.7374999523162842,1.7389999628067017,1.725000023841858,1.7389999628067017,3084
2020-05-01,1.7089999914169312,1.718000054359436,1.6829999685287476,1.718000054359436,31950
2020-05-04,1.6505000591278076,1.652999997138977,1.652999997138977,1.652999997138977,32200
2020-05-05,1.6360000371932983,1.6660000085830688,1.6339999437332153,1.6660000085830688,81750
2020-05-06,1.6655000448226929,1.6579999923706055,1.6330000162124634,1.6330000162124634,42862
2020-05-07,1.6829999685287476,1.6829999685287476,1.6829999685287476,1.6829999685287476,0
2020-05-11,1.7274999618530273,1.7000000476837158,1.7000000476837158,1.7000000476837158,500
2020-05-12,1.7354999780654907,1.7400000095367432,1.7400000095367432,1.7400000095367432,5000
2020-05-13,1.7649999856948853,1.7649999856948853,1.7649999856948853,1.7649999856948853,0
2020-05-14,1.7515000104904175,1.7515000104904175,1.7515000104904175,1.7515000104904175,0
2020-05-15,1.7575000524520874,1.7799999713897705,1.75600004196167,1.7799999713897705,7000
2020-05-18,1.7610000371932983,1.7890000343322754,1.7799999713897705,1.7799999713897705,33727
2020-05-19,1.8044999837875366,1.7699999809265137,1.7690000534057617,1.7690000534057617,15350
2020-05-20,1.7869999408721924,1.7869999408721924,1.7869999408721924,1.7869999408721924,0
2020-05-21,1.7710000276565552,1.7799999713897705,1.7799999713897705,1.7799999713897705,500
2020-05-22,1.7450000047683716,1.7359999418258667,1.7359999418258667,1.7359999418258667,8250
2020-05-26,1.7734999656677246,1.7690000534057617,1.7690000534057617,1.7690000534057617,677
2020-05-27,1.7589999437332153,1.781999945640564,1.781999945640564,1.781999945640564,468
2020-05-28,1.7584999799728394,1.7584999799728394,1.7584999799728394,1.7584999799728394,0
2020-05-29,1.7304999828338623,1.7304999828338623,1.7304999828338623,1.7304999828338623,0
2020-06-01,1.8335000276565552,1.8335000276565552,1.8335000276565552,1.8335000276565552,0
2020-06-02,1.8480000495910645,1.840000033378601,1.8370000123977661,1.8370000123977661,335
2020-06-03,1.8329999446868896,1.8329999446868896,1.8329999446868896,1.8329999446868896,0
2020-06-04,1.8285000324249268,1.8285000324249268,1.8285000324249268,1.8285000324249268,0
2020-06-05,1.8650000095367432,1.8350000381469727,1.8339999914169312,1.8350000381469727,3500
2020-06-08,1.8650000095367432,1.8799999952316284,1.8799999952316284,1.8799999952316284,468
2020-06-09,1.8380000591278076,1.850000023841858,1.850000023841858,1.850000023841858,5854
2020-06-10,1.8265000581741333,1.8265000581741333,1.8265000581741333,1.8265000581741333,0
2020-06-11,1.8285000324249268,1.8020000457763672,1.8020000457763672,1.8020000457763672,120
2020-06-12,1.819000005722046,1.819000005722046,1.819000005722046,1.819000005722046,0
2020-06-15,1.781499981880188,1.8020000457763672,1.8020000457763672,1.7869999408721924,300
2020-06-16,1.8049999475479126,1.8109999895095825,1.8109999895095825,1.8109999895095825,1130
2020-06-17,1.8309999704360962,1.8309999704360962,1.8309999704360962,1.8309999704360962,0
2020-06-18,1.8365000486373901,1.8365000486373901,1.8365000486373901,1.8365000486373901,0
2020-06-19,1.8359999656677246,1.8359999656677246,1.8359999656677246,1.8359999656677246,0
2020-06-22,1.8229999542236328,1.8229999542236328,1.8229999542236328,1.8229999542236328,0
2020-06-23,1.8220000267028809,1.8220000267028809,1.8220000267028809,1.8220000267028809,0
2020-06-24,1.8220000267028809,1.8220000267028809,1.8220000267028809,1.8220000267028809,0
2020-06-25,1.8229999542236328,1.8229999542236328,1.8229999542236328,1.8229999542236328,0
2020-06-26,1.8240000009536743,1.8240000009536743,1.8240000009536743,1.8240000009536743,0
2020-06-29,1.809999942779541,1.809000015258789,1.809000015258789,1.809000015258789,550
2020-06-30,1.8279999494552612,1.8279999494552612,1.8279999494552612,1.8279999494552612,0
2020-07-01,1.909999966621399,1.9019999504089355,1.8949999809265137,1.8949999809265137,1026
2020-07-02,1.9144999980926514,1.9270000457763672,1.9199999570846558,1.9270000457763672,200
2020-07-03,1.9270000457763672,1.9600000381469727,1.8940000534057617,1.9600000381469727,308
2020-07-06,1.9494999647140503,1.934999942779541,1.934999942779541,1.934999942779541,10000
2020-07-07,1.9359999895095825,1.9160000085830688,1.901170015335083,1.9160000085830688,500
2020-07-08,1.965999960899353,1.9600000381469727,1.9600000381469727,1.9600000381469727,4700
2020-07-09,1.9600000381469727,1.9600000381469727,1.9600000381469727,1.9600000381469727,0
2020-07-10,1.965499997138977,1.965499997138977,1.965499997138977,1.965499997138977,0
2020-07-13,1.944000005722046,1.944000005722046,1.944000005722046,1.944000005722046,0
2020-07-14,1.9194999933242798,1.9194999933242798,1.9194999933242798,1.9194999933242798,0
2020-07-15,1.9220000505447388,1.9220000505447388,1.9220000505447388,1.9220000505447388,0
2020-07-16,1.906000018119812,1.8899999856948853,1.8869999647140503,1.8899999856948853,57200
2020-07-17,1.903499960899353,1.903499960899353,1.903499960899353,1.903499960899353,0
2020-07-20,1.9194999933242798,1.9194999933242798,1.9194999933242798,1.9194999933242798,0
2020-07-21,1.934000015258789,1.9299999475479126,1.9199999570846558,1.9299999475479126,13442
2020-07-22,1.9184999465942383,1.909999966621399,1.909999966621399,1.909999966621399,10348
2020-07-23,1.9049999713897705,1.9049999713897705,1.9049999713897705,1.9049999713897705,0
2020-07-24,1.8339999914169312,1.8339999914169312,1.8339999914169312,1.8339999914169312,0
2020-07-27,1.8634999990463257,1.88100004196167,1.8700000047683716,1.8700000047683716,57403
2020-07-28,1.8730000257492065,1.8730000257492065,1.8730000257492065,1.8730000257492065,0
2020-07-29,1.8795000314712524,1.8860000371932983,1.8860000371932983,1.8860000371932983,105
2020-07-30,1.8819999694824219,1.8819999694824219,1.8819999694824219,1.8819999694824219,0
2020-07-31,1.9175000190734863,1.9160000085830688,1.902999997138977,1.902999997138977,45354
2020-08-03,1.94350004196167,1.9249999523162842,1.9199999570846558,1.9199999570846558,2266
2020-08-04,1.9559999704360962,1.9559999704360962,1.9559999704360962,1.9559999704360962,0
2020-08-05,1.971500039100647,1.9700000286102295,1.9700000286102295,1.9700000286102295,1264
2020-08-06,1.9739999771118164,1.975000023841858,1.975000023841858,1.975000023841858,500
2020-08-07,1.906000018119812,1.9839999675750732,1.9160000085830688,1.9839999675750732,31260
2020-08-10,1.9184999465942383,1.909000039100647,1.909000039100647,1.909000039100647,2528
2020-08-11,1.9375,1.9375,1.9375,1.9375,0
2020-08-12,1.9394999742507935,1.9559999704360962,1.937000036239624,1.937000036239624,9226
2020-08-13,1.9285000562667847,1.9285000562667847,1.9285000562667847,1.9285000562667847,0
2020-08-14,1.93149995803833,1.9229999780654907,1.9229999780654907,1.9229999780654907,700
2020-08-17,1.9459999799728394,1.9459999799728394,1.9459999799728394,1.9459999799728394,0
2020-08-18,1.9294999837875366,1.9294999837875366,1.9294999837875366,1.9294999837875366,0
2020-08-19,1.934000015258789,1.934000015258789,1.9229999780654907,1.934000015258789,3676
2020-08-20,1.9444999694824219,1.940000057220459,1.940000057220459,1.940000057220459,28400
2020-08-21,1.968999981880188,1.968999981880188,1.968999981880188,1.968999981880188,0
2020-08-24,2.004499912261963,2.009999990463257,1.975000023841858,1.975000023841858,64456
2020-08-25,2.0164999961853027,2.0309998989105225,2.0139999389648438,2.0309998989105225,8801
2020-08-26,2.013000011444092,2.013000011444092,2.013000011444092,2.013000011444092,0
2020-08-27,1.996000051498413,1.996000051498413,1.996000051498413,1.996000051498413,0
2020-08-28,1.9859999418258667,1.9869999885559082,1.9869999885559082,1.9869999885559082,900
2020-09-01,2.0269999504089355,2.0230000019073486,2.006999969482422,2.006999969482422,53282
2020-09-02,1.9845000505447388,2.009999990463257,1.9869999885559082,2.009999990463257,23360
2020-09-03,1.9635000228881836,1.9635000228881836,1.9635000228881836,1.9635000228881836,0
2020-09-04,1.9674999713897705,1.9674999713897705,1.9674999713897705,1.9674999713897705,0
2020-09-07,1.9865000247955322,1.9865000247955322,1.9865000247955322,1.9865000247955322,0
2020-09-08,1.9524999856948853,1.9859999418258667,1.9859999418258667,1.9859999418258667,7600
2020-09-09,1.9555000066757202,1.9550000429153442,1.8960000276565552,1.9420000314712524,15447
2020-09-10,1.9845000505447388,1.9845000505447388,1.9845000505447388,1.9845000505447388,0
2020-09-11,1.9895000457763672,1.9895000457763672,1.9895000457763672,1.9895000457763672,0
2020-09-14,2.0309998989105225,2.009999990463257,2.0,2.0,31868
2020-09-15,2.0169999599456787,2.0380001068115234,2.0199999809265137,2.0380001068115234,27105
2020-09-16,2.0429999828338623,2.0429999828338623,2.0429999828338623,2.0429999828338623,0
2020-09-17,2.0139999389648438,2.0139999389648438,2.0139999389648438,2.0139999389648438,0
2020-09-18,2.006999969482422,2.006999969482422,2.003000020980835,2.006999969482422,67305
2020-09-21,1.9919999837875366,2.007999897003174,2.005000114440918,2.007999897003174,1000
2020-09-22,1.9984999895095825,1.9984999895095825,1.9984999895095825,1.9984999895095825,0
2020-09-23,1.993499994277954,1.993499994277954,1.993499994277954,1.993499994277954,0
2020-09-24,1.9819999933242798,1.9819999933242798,1.9819999933242798,1.9819999933242798,0
2020-09-25,2.009000062942505,2.003000020980835,1.996999979019165,2.003000020980835,8050
2020-09-28,2.0250000953674316,2.0220000743865967,2.0220000743865967,2.0220000743865967,900
2020-09-29,1.9800000190734863,1.9800000190734863,1.9800000190734863,1.9800000190734863,0
2020-09-30,2.009500026702881,2.013000011444092,2.013000011444092,2.013000011444092,17000
2020-10-01,2.007999897003174,2.007999897003174,2.007999897003174,2.007999897003174,0
2020-10-02,1.9954999685287476,1.9954999685287476,1.9954999685287476,1.9954999685287476,0
2020-10-05,2.0394999980926514,2.0394999980926514,2.0394999980926514,2.0394999980926514,0
2020-10-06,2.0329999923706055,2.0380001068115234,2.0380001068115234,2.0380001068115234,13000
2020-10-07,2.06850004196167,2.063999891281128,2.063999891281128,2.063999891281128,400
2020-10-08,2.073499917984009,2.073499917984009,2.073499917984009,2.073499917984009,0
2020-10-09,2.0950000286102295,2.0950000286102295,2.0950000286102295,2.0950000286102295,0
2020-10-12,2.111999988555908,2.1105000972747803,2.1059999465942383,2.1059999465942383,847
2020-10-13,2.1029999256134033,2.0920000076293945,2.0920000076293945,2.0920000076293945,1500
2020-10-14,2.0959999561309814,2.0940001010894775,2.0940001010894775,2.0940001010894775,16000
2020-10-15,2.1024999618530273,2.1024999618530273,2.1024999618530273,2.1024999618530273,0
2020-10-16,2.127500057220459,2.1194000244140625,2.1194000244140625,2.1194000244140625,3000
2020-10-19,2.1644999980926514,2.1549999713897705,2.1500000953674316,2.1549999713897705,2900
2020-10-20,2.1514999866485596,2.174999952316284,2.1449999809265137,2.174999952316284,16400
2020-10-21,2.1735000610351562,2.174999952316284,2.1559998989105225,2.1559998989105225,12100
2020-10-22,2.197999954223633,2.197999954223633,2.197999954223633,2.197999954223633,0
2020-10-23,2.182499885559082,2.182499885559082,2.182499885559082,2.182499885559082,0
2020-10-26,2.2044999599456787,2.2044999599456787,2.2044999599456787,2.2044999599456787,0
2020-10-27,2.196500062942505,2.2109999656677246,2.2109999656677246,2.2109999656677246,280
2020-10-28,2.1554999351501465,2.1554999351501465,2.1554999351501465,2.1554999351501465,0
2020-10-29,2.133500099182129,2.133500099182129,2.133500099182129,2.133500099182129,0
2020-10-30,2.117500066757202,2.117500066757202,2.117500066757202,2.117500066757202,0
2020-11-02,2.0999999046325684,2.0999999046325684,2.0999999046325684,2.0999999046325684,0
2020-11-03,2.130000114440918,2.130000114440918,2.130000114440918,2.130000114440918,0
2020-11-04,2.140500068664551,2.1389999389648438,2.125999927520752,2.125999927520752,8949
2020-11-05,2.1484999656677246,2.1484999656677246,2.1484999656677246,2.1484999656677246,0
2020-11-06,2.1105000972747803,2.1105000972747803,2.1105000972747803,2.1105000972747803,0
2020-11-09,2.128499984741211,2.109999895095825,2.109999895095825,2.109999895095825,18500
2020-11-10,2.132499933242798,2.130000114440918,2.130000114440918,2.130000114440918,1600
2020-11-11,2.127000093460083,2.1470000743865967,2.1429998874664307,2.1470000743865967,70352
2020-11-12,2.1070001125335693,2.127000093460083,2.127000093460083,2.127000093460083,1
2020-11-13,2.0950000286102295,2.097599983215332,2.097599983215332,2.097599983215332,620
2020-11-16,2.134000062942505,2.130000114440918,2.0920000076293945,2.0920000076293945,56370
2020-11-17,2.115499973297119,2.13700008392334,2.119999885559082,2.13100004196167,994
2020-11-18,2.131500005722046,2.134000062942505,2.134000062942505,2.134000062942505,13000
2020-11-19,2.128000020980835,2.138000011444092,2.138000011444092,2.138000011444092,13000
2020-11-20,2.1389999389648438,2.1500000953674316,2.1500000953674316,2.1500000953674316,1000
2020-11-23,2.194499969482422,2.194499969482422,2.194499969482422,2.194499969482422,0
2020-11-24,2.1559998989105225,2.190000057220459,2.1700000762939453,2.190000057220459,2305
2020-11-25,2.1559998989105225,2.1679999828338623,2.1549999713897705,2.1679999828338623,9315
2020-11-26,2.1579999923706055,2.1579999923706055,2.1429998874664307,2.1579999923706055,5002
2020-11-27,2.1644999980926514,2.1579999923706055,2.1579999923706055,2.1579999923706055,610
2020-11-30,2.1524999141693115,2.181999921798706,2.1600000858306885,2.181999921798706,27401
2020-12-01,2.1614999771118164,2.1440000534057617,2.1440000534057617,2.1440000534057617,1
2020-12-02,2.1470000743865967,2.1480000019073486,2.130000114440918,2.1480000019073486,12424
2020-12-03,2.119499921798706,2.131999969482422,2.131999969482422,2.131999969482422,8640
2020-12-04,2.138000011444092,2.138000011444092,2.131999969482422,2.131999969482422,1276
2020-12-07,2.1445000171661377,2.1445000171661377,2.1445000171661377,2.1445000171661377,0
2020-12-08,2.133500099182129,2.133500099182129,2.133500099182129,2.133500099182129,0
2020-12-09,2.1554999351501465,2.1610000133514404,2.135999917984009,2.135999917984009,38071
2020-12-10,2.194000005722046,2.194000005722046,2.194000005722046,2.194000005722046,0
2020-12-11,2.2149999141693115,2.2090001106262207,2.2060000896453857,2.2090001106262207,13300
2020-12-14,2.2200000286102295,2.236999988555908,2.2249999046325684,2.236999988555908,13178
2020-12-15,2.2309999465942383,2.2209999561309814,2.2170000076293945,2.2170000076293945,33000
2020-12-16,2.250999927520752,2.257999897003174,2.246999979019165,2.246999979019165,55778
2020-12-17,2.2964999675750732,2.2790000438690186,2.263000011444092,2.263000011444092,9008
2020-12-18,2.2799999713897705,2.2939999103546143,2.2890000343322754,2.2929999828338623,37939
2020-12-21,2.2295000553131104,2.263000011444092,2.2139999866485596,2.263000011444092,35608
2020-12-22,2.2135000228881836,2.2130000591278076,2.2130000591278076,2.2130000591278076,2000
2020-12-23,2.255500078201294,2.2679998874664307,2.2100000381469727,2.2100000381469727,605
2020-12-24,2.2739999294281006,2.2739999294281006,2.2739999294281006,2.2739999294281006,0
2020-12-29,2.2750000953674316,2.256999969482422,2.256999969482422,2.256999969482422,1200
2020-12-30,2.319000005722046,2.2980000972747803,2.2980000972747803,2.2980000972747803,1400
2020-12-31,2.317500114440918,2.317500114440918,2.317500114440918,2.317500114440918,0
2021-01-04,2.3475000858306885,2.372999906539917,2.3410000801086426,2.3410000801086426,903
2021-01-05,2.372499942779541,2.359999895095825,2.359999895095825,2.359999895095825,2000
2021-01-06,2.3884999752044678,2.3959999084472656,2.3929998874664307,2.3959999084472656,127522
2021-01-07,2.381999969482422,2.390000104904175,2.380000114440918,2.390000104904175,4500
2021-01-08,2.367500066757202,2.369999885559082,2.369999885559082,2.369999885559082,305
2021-01-11,2.369999885559082,2.359999895095825,2.3380000591278076,2.359999895095825,37408
2021-01-12,2.3910000324249268,2.4049999713897705,2.3540000915527344,2.385999917984009,11
2021-01-13,2.4114999771118164,2.444999933242798,2.4100000858306885,2.4100000858306885,24463
2021-01-14,2.4165000915527344,2.4165000915527344,2.4165000915527344,2.4165000915527344,0
2021-01-15,2.4075000286102295,2.4075000286102295,2.4075000286102295,2.4075000286102295,0
2021-01-18,2.4124999046325684,2.496999979019165,2.496999979019165,2.496999979019165,30
2021-01-19,2.4054999351501465,2.4230000972747803,2.4140000343322754,2.4230000972747803,7015
2021-01-20,2.4135000705718994,2.4149999618530273,2.322999954223633,2.4100000858306885,20463
2021-01-21,2.444999933242798,2.453000068664551,2.444000005722046,2.453000068664551,20436
2021-01-22,2.430000066757202,2.440000057220459,2.4010000228881836,2.440000057220459,6700
2021-01-25,2.436000108718872,2.444000005722046,2.428999900817871,2.430999994277954,375214
2021-01-26,2.429500102996826,2.446000099182129,2.231760025024414,2.446000099182129,580
2021-01-27,2.4045000076293945,2.4549999237060547,2.4240000247955322,2.4549999237060547,6084
2021-01-28,2.378999948501587,2.4230000972747803,2.4230000972747803,2.4230000972747803,33
2021-01-29,2.38100004196167,2.368000030517578,2.361999988555908,2.364000082015991,15395
2021-02-01,2.3894999027252197,2.4140000343322754,2.4100000858306885,2.4140000343322754,1402
2021-02-02,2.385499954223633,2.385499954223633,2.385499954223633,2.385499954223633,0
2021-02-03,2.4014999866485596,2.4130001068115234,2.377000093460083,2.4130001068115234,2700
2021-02-04,2.4674999713897705,2.4079999923706055,2.4079999923706055,2.4079999923706055,33
2021-02-05,2.4769999980926514,2.5339999198913574,2.497999906539917,2.5160000324249268,25723
2021-02-08,2.4839999675750732,2.506999969482422,2.4660000801086426,2.4860000610351562,978
2021-02-09,2.570499897003174,2.5799999237060547,2.50600004196167,2.5160000324249268,16448
2021-02-10,2.5215001106262207,2.569999933242798,2.549999952316284,2.569999933242798,38264
2021-02-11,2.546999931335449,2.5409998893737793,2.509999990463257,2.5409998893737793,803
2021-02-12,2.559499979019165,2.5840001106262207,2.5350000858306885,2.5840001106262207,215
2021-02-15,2.5889999866485596,2.687000036239624,2.609999895095825,2.687000036239624,6242
2021-02-16,2.6024999618530273,2.630000114440918,2.630000114440918,2.630000114440918,75
2021-02-17,2.617500066757202,2.7049999237060547,2.6019999980926514,2.7049999237060547,25402
2021-02-18,2.624500036239624,2.6689999103546143,2.619999885559082,2.6689999103546143,29003
2021-02-19,2.6389999389648438,2.6440000534057617,2.6440000534057617,2.6440000534057617,215
2021-02-22,2.680000066757202,2.7039999961853027,2.674999952316284,2.674999952316284,230
2021-02-23,2.690500020980835,2.7119998931884766,2.697999954223633,2.697999954223633,794
2021-02-24,2.7170000076293945,2.7200000286102295,2.690000057220459,2.697999954223633,23107
2021-02-25,2.680000066757202,2.803999900817871,2.6600000858306885,2.7709999084472656,49179
2021-02-26,2.5994999408721924,2.680000066757202,2.5739998817443848,2.680000066757202,2755
2021-03-01,2.6644999980926514,2.7200000286102295,2.6659998893737793,2.6659998893737793,10625
2021-03-02,2.6470000743865967,2.6589999198913574,2.624000072479248,2.6540000438690186,311
2021-03-03,2.5880000591278076,2.6610000133514404,2.640000104904175,2.6480000019073486,18614
2021-03-04,2.6070001125335693,2.5959999561309814,2.549999952316284,2.571000099182129,1750
2021-03-05,2.5399999618530273,2.619999885559082,2.484999895095825,2.619999885559082,14336
2021-03-08,2.566999912261963,2.5910000801086426,2.5,2.5,6393
2021-03-09,2.496000051498413,2.549999952316284,2.5,2.549999952316284,7085
2021-03-10,2.502500057220459,2.505000114440918,2.441999912261963,2.4790000915527344,46658
2021-03-11,2.5759999752044678,2.559999942779541,2.5329999923706055,2.5329999923706055,16385
2021-03-12,2.559499979019165,2.566999912261963,2.549999952316284,2.566999912261963,2260
2021-03-15,2.5455000400543213,2.5369999408721924,2.5329999923706055,2.5329999923706055,4001
2021-03-16,2.5360000133514404,2.5299999713897705,2.51200008392334,2.5299999713897705,12152
2021-03-17,2.5385000705718994,2.562000036239624,2.509000062942505,2.509000062942505,31408
2021-03-18,2.5169999599456787,2.513000011444092,2.509999990463257,2.513000011444092,6228
2021-03-19,2.4839999675750732,2.489000082015991,2.430999994277954,2.489000082015991,68
2021-03-22,2.4739999771118164,2.440000057220459,2.434999942779541,2.440000057220459,733
2021-03-23,2.442500114440918,2.440000057220459,2.424999952316284,2.440000057220459,945
2021-03-24,2.4000000953674316,2.424999952316284,2.3910000324249268,2.424999952316284,8198
2021-03-25,2.2690000534057617,2.299999952316284,2.299999952316284,2.299999952316284,7246
2021-03-26,2.3540000915527344,2.3299999237060547,2.3299999237060547,2.3299999237060547,410
2021-03-29,2.3475000858306885,2.3299999237060547,2.3299999237060547,2.3299999237060547,10
2021-03-30,2.3485000133514404,2.375,2.3320000171661377,2.375,568
2021-03-31,2.310499906539917,2.367000102996826,2.3299999237060547,2.3299999237060547,77626
2021-04-01,2.2734999656677246,2.378999948501587,2.3359999656677246,2.3610000610351562,4077
2021-04-06,2.3489999771118164,2.371999979019165,2.315999984741211,2.315999984741211,2296
2021-04-07,2.308500051498413,2.3499999046325684,2.315000057220459,2.3499999046325684,16638
2021-04-08,2.371000051498413,2.380000114440918,2.3450000286102295,2.3480000495910645,25972
2021-04-09,2.4005000591278076,2.4170000553131104,2.379199981689453,2.4170000553131104,128
2021-04-12,2.3505001068115234,2.3949999809265137,2.3429999351501465,2.3949999809265137,2
2021-04-13,2.3564999103546143,2.3564999103546143,2.3564999103546143,2.3564999103546143,0
2021-04-14,2.4075000286102295,2.430000066757202,2.4159998893737793,2.430000066757202,23911
2021-04-15,2.44950008392334,2.5260000228881836,2.434999942779541,2.5260000228881836,8245
2021-04-16,2.439500093460083,2.49399995803833,2.4372000694274902,2.492000102996826,5127
2021-04-19,2.445499897003174,2.4700000286102295,2.450000047683716,2.450000047683716,1019
2021-04-20,2.446000099182129,2.4570000171661377,2.4570000171661377,2.4570000171661377,4
2021-04-21,2.4560000896453857,2.4560000896453857,2.4560000896453857,2.4560000896453857,0
2021-04-22,2.491499900817871,2.49399995803833,2.4679999351501465,2.49399995803833,16
2021-04-23,2.5215001106262207,2.5199999809265137,2.496999979019165,2.496999979019165,1082
2021-04-26,2.552500009536743,2.552500009536743,2.552500009536743,2.552500009536743,0
2021-04-27,2.6070001125335693,2.5799999237060547,2.572000026702881,2.572000026702881,2926
2021-04-28,2.5915000438690186,2.6010000705718994,2.569999933242798,2.569999933242798,129829
2021-04-29,2.4765000343322754,2.5534000396728516,2.4600000381469727,2.5460000038146973,23080
2021-04-30,2.5169999599456787,2.497999906539917,2.497999906539917,2.497999906539917,25
2021-05-04,2.4825000762939453,2.549999952316284,2.5,2.503999948501587,12424
2021-05-05,2.494999885559082,2.5239999294281006,2.490000009536743,2.5179998874664307,71598
2021-05-06,2.5739998817443848,2.5969998836517334,2.486999988555908,2.486999988555908,20613
2021-05-07,2.55049991607666,2.618000030517578,2.5169999599456787,2.5869998931884766,3901
2021-05-10,2.5114998817443848,2.559999942779541,2.5160000324249268,2.559999942779541,424025
2021-05-11,2.512500047683716,2.523699998855591,2.523699998855591,2.523699998855591,4000
2021-05-12,2.5304999351501465,2.5490000247955322,2.5490000247955322,2.5490000247955322,11583
2021-05-13,2.4755001068115234,2.496999979019165,2.450000047683716,2.496999979019165,605
2021-05-14,2.4079999923706055,2.4779999256134033,2.4079999923706055,2.4779999256134033,9935
2021-05-17,2.3585000038146973,2.4119999408721924,2.384000062942505,2.388000011444092,136
2021-05-18,2.3965001106262207,2.421999931335449,2.3919999599456787,2.4030001163482666,18533
2021-05-19,2.36299991607666,2.4210000038146973,2.36299991607666,2.4210000038146973,19308
2021-05-20,2.3499999046325684,2.4159998893737793,2.3380000591278076,2.4159998893737793,1036
2021-05-21,2.3445000648498535,2.38700008392334,2.381999969482422,2.381999969482422,8
2021-05-24,2.36299991607666,2.382999897003174,2.3420000076293945,2.382999897003174,6570
2021-05-25,2.3864998817443848,2.38100004196167,2.359999895095825,2.380000114440918,1809
2021-05-26,2.359499931335449,2.3929998874664307,2.3399999141693115,2.3929998874664307,59969
2021-05-27,2.3440001010894775,2.36299991607666,2.36299991607666,2.36299991607666,256
2021-05-28,2.3559999465942383,2.3559999465942383,2.3559999465942383,2.3559999465942383,0
2021-06-01,2.4184999465942383,2.3889999389648438,2.3670101165771484,2.3889999389648438,50
2021-06-02,2.3970000743865967,2.4210000038146973,2.3949999809265137,2.3949999809265137,31209
2021-06-03,2.4105000495910645,2.4105000495910645,2.4105000495910645,2.4105000495910645,0
2021-06-04,2.442500114440918,2.450000047683716,2.436000108718872,2.436000108718872,257
2021-06-07,2.4535000324249268,2.4670000076293945,2.447000026702881,2.4670000076293945,2041
2021-06-08,2.4514999389648438,2.4539999961853027,2.4110000133514404,2.4110000133514404,3540
2021-06-09,2.4605000019073486,2.4820001125335693,2.4549999237060547,2.4549999237060547,62084
2021-06-10,2.4800000190734863,2.4809999465942383,2.4809999465942383,2.4809999465942383,500
2021-06-11,2.500499963760376,2.496999979019165,2.4769999980926514,2.496999979019165,2500
2021-06-14,2.438999891281128,2.438999891281128,2.3959999084472656,2.4040000438690186,1200
2021-06-15,2.453000068664551,2.4885499477386475,2.440000057220459,2.440000057220459,33205
2021-06-16,2.4539999961853027,2.440000057220459,2.440000057220459,2.440000057220459,250
2021-06-17,2.3965001106262207,2.424999952316284,2.424999952316284,2.424999952316284,242
2021-06-18,2.4075000286102295,2.4000000953674316,2.4000000953674316,2.4000000953674316,600
2021-06-21,2.4114999771118164,2.4114999771118164,2.4114999771118164,2.4114999771118164,0
2021-06-22,2.431999921798706,2.3950600624084473,2.3950600624084473,2.3950600624084473,320123
2021-06-23,2.4605000019073486,2.4605000019073486,2.4605000019073486,2.4605000019073486,0
2021-06-24,2.4535000324249268,2.4535000324249268,2.4535000324249268,2.4535000324249268,0
2021-06-25,2.4709999561309814,2.490000009536743,2.430999994277954,2.430999994277954,168
2021-06-28,2.4809999465942383,2.4519999027252197,2.4519999027252197,2.4519999027252197,219
2021-06-29,2.4795000553131104,2.4700000286102295,2.4041800498962402,2.4700000286102295,1199
2021-06-30,2.44950008392334,2.492000102996826,2.4100000858306885,2.4570000171661377,14526
2021-07-01,2.421999931335449,2.421999931335449,2.421999931335449,2.421999931335449,0
2021-07-02,2.4644999504089355,2.4644999504089355,2.4644999504089355,2.4644999504089355,0
2021-07-05,2.443000078201294,2.443000078201294,2.443000078201294,2.443000078201294,0
2021-07-06,2.4825000762939453,2.5190000534057617,2.4055299758911133,2.5190000534057617,832
2021-07-07,2.4660000801086426,2.490000009536743,2.4660000801086426,2.490000009536743,62828
2021-07-08,2.4570000171661377,2.444000005722046,2.444000005722046,2.444000005722046,2500
2021-07-09,2.4825000762939453,2.4825000762939453,2.4825000762939453,2.4825000762939453,0
2021-07-12,2.489000082015991,2.4579999446868896,2.4579999446868896,2.4579999446868896,78
2021-07-13,2.494999885559082,2.5,2.484339952468872,2.5,3700
2021-07-14,2.5320000648498535,2.5490000247955322,2.5299999713897705,2.5399999618530273,8210
2021-07-15,2.5394999980926514,2.559999942779541,2.51200008392334,2.559999942779541,1330
2021-07-16,2.5420000553131104,2.5190000534057617,2.503000020980835,2.503000020980835,1452
2021-07-19,2.4539999961853027,2.5299999713897705,2.4489998817443848,2.5299999713897705,1839
2021-07-20,2.509000062942505,2.545919895172119,2.4800000190734863,2.4800000190734863,7699
2021-07-21,2.503000020980835,2.484999895095825,2.484999895095825,2.484999895095825,25046
2021-07-22,2.5385000705718994,2.5385000705718994,2.5385000705718994,2.5385000705718994,0
2021-07-23,2.5255000591278076,2.565999984741211,2.5429999828338623,2.565999984741211,10581
2021-07-26,2.5394999980926514,2.5,2.5,2.5,12554
2021-07-27,2.555999994277954,2.5789999961853027,2.5443599224090576,2.5789999961853027,1276
2021-07-28,2.571500062942505,2.5799999237060547,2.5390000343322754,2.5799999237060547,121955
2021-07-29,2.555999994277954,2.5840001106262207,2.5840001106262207,2.5840001106262207,15555
2021-07-30,2.5329999923706055,2.5850000381469727,2.5199999809265137,2.5850000381469727,33580
2021-08-02,2.5455000400543213,2.5455000400543213,2.5455000400543213,2.5455000400543213,0
2021-08-03,2.5339999198913574,2.5546300411224365,2.502000093460083,2.5299999713897705,3850
2021-08-04,2.553999900817871,2.5450000762939453,2.5450000762939453,2.5450000762939453,38730
2021-08-05,2.56850004196167,2.571000099182129,2.5399999618530273,2.571000099182129,2798
2021-08-06,2.5950000286102295,2.569200038909912,2.569200038909912,2.569200038909912,266
2021-08-09,2.564500093460083,2.5999999046325684,2.5999999046325684,2.5999999046325684,360
2021-08-10,2.5975000858306885,2.630000114440918,2.609999895095825,2.609999895095825,6437
2021-08-11,2.5829999446868896,2.5999999046325684,2.5999999046325684,2.5999999046325684,75773
2021-08-12,2.5840001106262207,2.5850000381469727,2.5850000381469727,2.5850000381469727,400
2021-08-13,2.6649999618530273,2.5889999866485596,2.5889999866485596,2.5889999866485596,1547
2021-08-16,2.6644999980926514,2.7320001125335693,2.6596999168395996,2.7320001125335693,6200
2021-08-17,2.7219998836517334,2.7249999046325684,2.6350200176239014,2.693000078201294,250550
2021-08-18,2.683000087738037,2.678999900817871,2.6670000553131104,2.6670000553131104,32341
2021-08-19,2.630500078201294,2.6710000038146973,2.63700008392334,2.6710000038146973,5990
2021-08-20,2.638000011444092,2.624000072479248,2.563999891281128,2.563999891281128,6247
2021-08-23,2.6364998817443848,2.6364998817443848,2.6364998817443848,2.6364998817443848,0
2021-08-24,2.6414999961853027,2.693389892578125,2.562299966812134,2.6059999465942383,21360
2021-08-25,2.677500009536743,2.6700000762939453,2.6700000762939453,2.6700000762939453,7425
2021-08-26,2.6540000438690186,2.6619999408721924,2.6600000858306885,2.6600000858306885,75750
2021-08-27,2.6659998893737793,2.6659998893737793,2.6659998893737793,2.6659998893737793,0
2021-08-31,2.621999979019165,2.690000057220459,2.619999885559082,2.690000057220459,37124
2021-09-01,2.617500066757202,2.622999906539917,2.617000102996826,2.61899995803833,33740
2021-09-02,2.634000062942505,2.634000062942505,2.634000062942505,2.634000062942505,0
2021-09-03,2.6665000915527344,2.6665000915527344,2.6665000915527344,2.6665000915527344,0
2021-09-06,2.6600000858306885,2.617000102996826,2.617000102996826,2.617000102996826,1995
2021-09-07,2.6584999561309814,2.6107099056243896,2.6107099056243896,2.6107099056243896,233035
2021-09-08,2.6700000762939453,2.680999994277954,2.6649999618530273,2.6649999618530273,5938
2021-09-09,2.6514999866485596,2.6570000648498535,2.6519999504089355,2.6549999713897705,102600
2021-09-10,2.631999969482422,2.638000011444092,2.638000011444092,2.638000011444092,1000
2021-09-13,2.630000114440918,2.630000114440918,2.630000114440918,2.630000114440918,0
2021-09-14,2.632499933242798,2.643850088119507,2.628000020980835,2.631999969482422,60811
2021-09-15,2.6384999752044678,2.6410000324249268,2.6410000324249268,2.6410000324249268,81836
2021-09-16,2.618000030517578,2.63100004196167,2.625,2.628999948501587,60550
2021-09-17,2.6064999103546143,2.6440000534057617,2.5810000896453857,2.615000009536743,394422
2021-09-20,2.5364999771118164,2.5859999656677246,2.5360000133514404,2.5829999446868896,302690
2021-09-21,2.5334999561309814,2.6281299591064453,2.5290000438690186,2.5290000438690186,130730
2021-09-22,2.561000108718872,2.569999933242798,2.559999942779541,2.566999912261963,86872
2021-09-23,2.5915000438690186,2.5799999237060547,2.572999954223633,2.572999954223633,64500
2021-09-24,2.687999963760376,2.7090001106262207,2.6110000610351562,2.6110000610351562,107439
2021-09-27,2.7795000076293945,2.819999933242798,2.7699999809265137,2.7769999504089355,144994
2021-09-28,2.8315000534057617,2.861999988555908,2.5397300720214844,2.7929999828338623,41951
2021-09-29,2.865999937057495,2.930999994277954,2.865999937057495,2.86899995803833,277277
2021-09-30,2.9195001125335693,2.941999912261963,2.9049999713897705,2.941999912261963,137082
2021-10-01,2.9769999980926514,3.0239999294281006,2.9760000705718994,2.9800000190734863,72835
2021-10-04,2.9730000495910645,3.00600004196167,2.950000047683716,2.953000068664551,24351
2021-10-05,3.1549999713897705,3.125999927520752,2.8976800441741943,3.0169999599456787,20284
2021-10-06,3.123500108718872,3.322999954223633,3.180999994277954,3.200000047683716,98035
2021-10-07,3.0945000648498535,3.180000066757202,3.0799999237060547,3.180000066757202,59413
2021-10-08,3.1735000610351562,3.256999969482422,3.253999948501587,3.25600004196167,16350
2021-10-11,3.1050000190734863,3.122999906539917,3.052000045776367,3.0869998931884766,77878
2021-10-12,3.061000108718872,3.187000036239624,3.0369999408721924,3.180000066757202,146374
2021-10-13,2.934000015258789,2.98799991607666,2.934000015258789,2.9800000190734863,283260
2021-10-14,2.993000030517578,3.006999969482422,2.9749999046325684,3.006999969482422,162410
2021-10-15,3.0220000743865967,3.193000078201294,3.0850000381469727,3.0850000381469727,63486
2021-10-18,2.99399995803833,3.0769999027252197,2.9820001125335693,3.069000005722046,164810
2021-10-19,3.0360000133514404,3.0483601093292236,2.9830000400543213,3.0360000133514404,168308
2021-10-20,3.066499948501587,3.061000108718872,3.005000114440918,3.0190000534057617,105482
2021-10-21,3.052000045776367,3.1070001125335693,3.0369999408721924,3.0820000171661377,179260
2021-10-22,3.0450000762939453,3.071000099182129,3.0350000858306885,3.0350000858306885,58335
2021-10-25,3.055500030517578,3.0810000896453857,3.0439999103546143,3.0799999237060547,88820
2021-10-26,3.0889999866485596,3.0920000076293945,2.997999906539917,3.0920000076293945,4054
2021-10-27,3.112499952316284,3.109999895095825,3.053999900817871,3.053999900817871,38611
2021-10-28,3.1654999256134033,3.1730000972747803,3.13700008392334,3.13700008392334,69274
2021-10-29,3.2105000019073486,3.2320001125335693,3.203000068664551,3.2109999656677246,99715
2021-11-01,3.4175000190734863,3.375,3.325000047683716,3.325000047683716,150580
2021-11-02,3.328000068664551,3.384999990463257,3.1111299991607666,3.368000030517578,125780
2021-11-03,3.3294999599456787,3.3359999656677246,3.2699999809265137,3.2939999103546143,160792
2021-11-04,3.2834999561309814,3.3259999752044678,3.299999952316284,3.3239998817443848,58000
2021-11-05,3.2760000228881836,3.315999984741211,3.2809998989105225,3.305000066757202,55922
2021-11-08,3.303999900817871,3.3350000381469727,3.313999891281128,3.313999891281128,4800
2021-11-09,3.321500062942505,3.33843994140625,3.2971999645233154,3.305999994277954,44003
2021-11-10,3.371999979019165,3.384999990463257,3.3580000400543213,3.3580000400543213,80008
2021-11-11,3.371000051498413,3.359999895095825,3.359999895095825,3.359999895095825,12000
2021-11-12,3.365000009536743,3.3589999675750732,3.3450000286102295,3.3499999046325684,35900
2021-11-15,3.3510000705718994,3.3540000915527344,3.313999891281128,3.3499999046325684,26437
2021-11-16,3.3454999923706055,3.3645200729370117,3.3245201110839844,3.3380000591278076,7503
2021-11-17,3.439500093460083,3.444999933242798,3.3510000705718994,3.3510000705718994,52119
2021-11-18,3.3519999980926514,3.4100000858306885,3.3359999656677246,3.4100000858306885,56546
2021-11-19,3.379499912261963,3.384000062942505,3.3480000495910645,3.38100004196167,23700
2021-11-22,3.361999988555908,3.378999948501587,3.368000030517578,3.369999885559082,25232
2021-11-23,3.3424999713897705,3.3474700450897217,3.3289999961853027,3.3389999866485596,47261
2021-11-24,3.371999979019165,3.36299991607666,3.359999895095825,3.359999895095825,7763
2021-11-25,3.374500036239624,3.374500036239624,3.374500036239624,3.374500036239624,0
2021-11-26,3.252000093460083,3.3340001106262207,3.2209999561309814,3.3340001106262207,84048
2021-11-29,3.234499931335449,3.2750000953674316,3.255000114440918,3.2750000953674316,22506
2021-11-30,3.0950000286102295,3.262660026550293,3.1080000400543213,3.1419999599456787,12026
2021-12-01,3.077500104904175,3.114000082015991,3.114000082015991,3.114000082015991,7503
2021-12-02,3.0274999141693115,3.065999984741211,3.0239999294281006,3.0250000953674316,76394
2021-12-03,3.0390000343322754,3.046999931335449,3.0,3.0,25692
2021-12-06,3.0945000648498535,3.0969998836517334,3.072000026702881,3.072000026702881,29600
2021-12-07,3.1089999675750732,3.11299991607666,3.015170097351074,3.11299991607666,7885
2021-12-08,3.0759999752044678,3.1040000915527344,3.1040000915527344,3.1040000915527344,17700
2021-12-09,3.0929999351501465,3.0929999351501465,3.059999942779541,3.059999942779541,20000
2021-12-10,3.0934998989105225,3.0889999866485596,3.0889999866485596,3.0889999866485596,7503
2021-12-13,3.1080000400543213,3.11299991607666,3.111999988555908,3.11299991607666,808
2021-12-14,3.0910000801086426,3.111999988555908,3.0833001136779785,3.111999988555908,28886
2021-12-15,3.0764999389648438,3.0899999141693115,3.069999933242798,3.0899999141693115,143607
2021-12-16,3.125499963760376,3.1059999465942383,3.0999999046325684,3.1010000705718994,85823
2021-12-17,3.134500026702881,3.1519999504089355,3.130000114440918,3.1519999504089355,46503
2021-12-20,3.0429999828338623,3.0959999561309814,3.0390000343322754,3.0959999561309814,30941
2021-12-21,3.135499954223633,3.16336989402771,3.0810000896453857,3.0810000896453857,118502
2021-12-22,3.1689999103546143,3.1700000762939453,3.124000072479248,3.124000072479248,50600
2021-12-23,3.177500009536743,3.1679999828338623,3.1640000343322754,3.1640000343322754,25200
2021-12-24,3.1714999675750732,3.1714999675750732,3.1714999675750732,3.1714999675750732,0
2021-12-29,3.2834999561309814,3.2760000228881836,3.2300000190734863,3.2300000190734863,28730
2021-12-30,3.3440001010894775,3.319000005722046,3.319000005722046,3.319000005722046,100
2021-12-31,3.2834999561309814,3.319999933242798,3.319999933242798,3.319999933242798,1000
2022-01-04,3.36899995803833,3.4000000953674316,3.2426600456237793,3.3259999752044678,57459
2022-01-05,3.378499984741211,3.4040000438690186,3.371000051498413,3.4040000438690186,37619
2022-01-06,3.3429999351501465,3.365000009536743,3.3369998931884766,3.365000009536743,19640
2022-01-07,3.3550000190734863,3.3550000190734863,3.3550000190734863,3.3550000190734863,0
2022-01-10,3.3559999465942383,3.3550000190734863,3.3550000190734863,3.3550000190734863,2380
2022-01-11,3.375499963760376,3.378000020980835,3.3582799434661865,3.378000020980835,1003
2022-01-12,3.4010000228881836,3.427999973297119,3.4059998989105225,3.4119999408721924,61349
2022-01-13,3.4024999141693115,3.438999891281128,3.3970000743865967,3.438999891281128,56609
2022-01-14,3.42549991607666,3.4649999141693115,3.4159998893737793,3.4159998893737793,32531
2022-01-17,3.4800000190734863,3.4800000190734863,3.4800000190734863,3.4800000190734863,0
2022-01-18,3.5179998874664307,3.500999927520752,3.3638100624084473,3.4809999465942383,16792
2022-01-19,3.5915000438690186,3.5920000076293945,3.5409998893737793,3.5409998893737793,90221
2022-01-20,3.5824999809265137,3.5910000801086426,3.569999933242798,3.5910000801086426,25657
2022-01-21,3.5429999828338623,3.555999994277954,3.5399999618530273,3.549999952316284,30400
2022-01-24,3.497999906539917,3.555000066757202,3.490000009536743,3.5329999923706055,93651
2022-01-25,3.504499912261963,3.552720069885254,3.466200113296509,3.505000114440918,5262
2022-01-26,3.557499885559082,3.5409998893737793,3.515000104904175,3.5339999198913574,70730
2022-01-27,3.5329999923706055,3.5390000343322754,3.5280001163482666,3.5390000343322754,35940
2022-01-28,3.559000015258789,3.5329999923706055,3.48799991607666,3.48799991607666,24614
2022-01-31,3.686500072479248,3.6649999618530273,3.627000093460083,3.634999990463257,45134
2022-02-01,3.700000047683716,3.747999906539917,3.5345098972320557,3.7330000400543213,8688
2022-02-02,3.679500102996826,3.700000047683716,3.684999942779541,3.700000047683716,16447
2022-02-03,3.690999984741211,3.6470000743865967,3.6449999809265137,3.6470000743865967,2400
2022-02-04,3.6714999675750732,3.7309999465942383,3.6760001182556152,3.7309999465942383,17119
2022-02-07,3.6584999561309814,3.674999952316284,3.6559998989105225,3.6700000762939453,16000
2022-02-08,3.6554999351501465,3.6893599033355713,3.634000062942505,3.634000062942505,9889
2022-02-09,3.6740000247955322,3.693000078201294,3.6730000972747803,3.693000078201294,29606
2022-02-10,3.672499895095825,3.672499895095825,3.672499895095825,3.672499895095825,0
2022-02-11,3.6579999923706055,3.6619999408721924,3.63700008392334,3.6449999809265137,18650
2022-02-14,3.5739998817443848,3.5959999561309814,3.5399999618530273,3.5959999561309814,14076
2022-02-15,3.5769999027252197,3.711859941482544,3.578000068664551,3.5859999656677246,31400
2022-02-16,3.561000108718872,3.566999912261963,3.5299999713897705,3.566999912261963,104589
2022-02-17,3.5355000495910645,3.5355000495910645,3.5355000495910645,3.5355000495910645,0
2022-02-18,3.5804998874664307,3.569000005722046,3.5260000228881836,3.5260000228881836,2200
2022-02-21,3.5869998931884766,3.619999885559082,3.619999885559082,3.619999885559082,514
2022-02-22,3.566999912261963,3.5889999866485596,3.55499005317688,3.566999912261963,40093
2022-02-23,3.565999984741211,3.5940001010894775,3.5829999446868896,3.5869998931884766,66696
2022-02-24,3.567500114440918,3.7049999237060547,3.561000108718872,3.640000104904175,30600
2022-02-25,3.4765000343322754,3.5,3.444999933242798,3.5,18307
2022-02-28,3.5269999504089355,3.5269999504089355,3.5269999504089355,3.5269999504089355,0
2022-03-01,3.634999990463257,3.634999990463257,3.5360000133514404,3.5360000133514404,63100
2022-03-02,3.5739998817443848,3.6480000019073486,3.5799999237060547,3.638000011444092,43142
2022-03-03,3.5394999980926514,3.549999952316284,3.5199999809265137,3.549999952316284,6500
2022-03-04,3.506500005722046,3.5769999027252197,3.5299999713897705,3.5350000858306885,15734
2022-03-07,3.437000036239624,3.486999988555908,3.4089999198913574,3.4700000286102295,52265
2022-03-08,3.4709999561309814,3.5467000007629395,3.4709999561309814,3.492000102996826,21645
2022-03-09,3.490999937057495,3.5260000228881836,3.48799991607666,3.5250000953674316,45695
2022-03-10,3.4730000495910645,3.5160000324249268,3.4779999256134033,3.492000102996826,48828
2022-03-11,3.572999954223633,3.6070001125335693,3.499000072479248,3.5199999809265137,84975
2022-03-14,3.5139999389648438,3.5239999294281006,3.5160000324249268,3.5239999294281006,14502
2022-03-15,3.546999931335449,3.5299999713897705,3.4245800971984863,3.493000030517578,47856
2022-03-16,3.546999931335449,3.5969998836517334,3.5450000762939453,3.555000066757202,43510
2022-03-17,3.617500066757202,3.631999969482422,3.578000068664551,3.578000068664551,78000
2022-03-18,3.750999927520752,3.740000009536743,3.628000020980835,3.628000020980835,53765
2022-03-21,3.8405001163482666,3.875999927520752,3.7960000038146973,3.796999931335449,24020
2022-03-22,3.8334999084472656,3.8380000591278076,3.514349937438965,3.8350000381469727,70823
2022-03-23,3.875999927520752,3.928999900817871,3.86899995803833,3.9100000858306885,88044
2022-03-24,3.875,3.885999917984009,3.8320000171661377,3.8320000171661377,73038
2022-03-25,4.024499893188477,4.025000095367432,3.8989999294281006,3.8989999294281006,108748
2022-03-28,4.013000011444092,4.204999923706055,3.992000102996826,4.199999809265137,130732
2022-03-29,4.084000110626221,5.153240203857422,3.901400089263916,4.1570000648498535,112172
2022-03-30,4.119999885559082,4.111999988555908,4.046999931335449,4.073999881744385,63679
2022-03-31,4.072500228881836,4.1529998779296875,4.065000057220459,4.1529998779296875,37279
2022-04-01,4.025000095367432,4.038000106811523,4.038000106811523,4.038000106811523,13500
2022-04-04,4.0945000648498535,4.041999816894531,4.041999816894531,4.041999816894531,2153
2022-04-05,4.083000183105469,4.144999980926514,4.054599761962891,4.11299991607666,23423
2022-04-06,4.020500183105469,4.063000202178955,4.02400016784668,4.063000202178955,59652
2022-04-07,3.990999937057495,4.001999855041504,4.001999855041504,4.001999855041504,1300
2022-04-08,3.950500011444092,3.9670000076293945,3.9489998817443848,3.9590001106262207,17998
2022-04-11,3.994499921798706,3.99399995803833,3.9100000858306885,3.928999900817871,67471
2022-04-12,4.0945000648498535,4.114999771118164,4.011620044708252,4.0970001220703125,52660
2022-04-13,4.103000164031982,4.164000034332275,4.084000110626221,4.151000022888184,81522
2022-04-14,4.192500114440918,4.318999767303467,4.196000099182129,4.25,29497
2022-04-19,4.127500057220459,4.296999931335449,4.127999782562256,4.296999931335449,149471
2022-04-20,4.18149995803833,4.211999893188477,4.138000011444092,4.139999866485596,234717
2022-04-21,4.124000072479248,4.150000095367432,4.126999855041504,4.150000095367432,10012
2022-04-22,4.11299991607666,4.111000061035156,4.040999889373779,4.104000091552734,293990
2022-04-25,3.99399995803833,4.013000011444092,3.9649999141693115,4.013000011444092,46843
2022-04-26,4.046999931335449,4.186079978942871,4.050000190734863,4.050000190734863,659
2022-04-27,4.25600004196167,4.177000045776367,4.119999885559082,4.133999824523926,44239
2022-04-28,4.269000053405762,4.296000003814697,4.224999904632568,4.258999824523926,15605
2022-04-29,4.448500156402588,4.46999979019165,4.420000076293945,4.420000076293945,3019
2022-05-03,4.4730000495910645,4.558000087738037,4.0517802238464355,4.46999979019165,105019
2022-05-04,4.564499855041504,4.585000038146973,4.486000061035156,4.486000061035156,7180
2022-05-05,4.491000175476074,4.627999782562256,4.480000019073486,4.609000205993652,34887
2022-05-06,4.3460001945495605,4.434000015258789,4.333000183105469,4.408999919891357,71541
2022-05-09,4.309999942779541,4.375999927520752,4.324999809265137,4.343999862670898,27640
2022-05-10,4.291999816894531,4.5260701179504395,4.267000198364258,4.316999912261963,27332
2022-05-11,4.285999774932861,4.314000129699707,4.269000053405762,4.314000129699707,13208
2022-05-12,4.357500076293945,4.364999771118164,4.28000020980835,4.300000190734863,54372
2022-05-13,4.302499771118164,4.349999904632568,4.295000076293945,4.349999904632568,44882
2022-05-16,4.450500011444092,4.466000080108643,4.433000087738037,4.466000080108643,43118
2022-05-17,4.453999996185303,4.51800012588501,4.305039882659912,4.511000156402588,76694
2022-05-18,4.3125,4.380000114440918,4.302999973297119,4.380000114440918,51100
2022-05-19,4.420000076293945,4.420000076293945,4.230000019073486,4.322000026702881,39102
2022-05-20,4.2820000648498535,4.419000148773193,4.26200008392334,4.416999816894531,116787
2022-05-23,4.297999858856201,4.313000202178955,4.260000228881836,4.275000095367432,63078
2022-05-24,4.230500221252441,4.435029983520508,4.21999979019165,4.232999801635742,54233
2022-05-25,4.380000114440918,4.396999835968018,4.2220001220703125,4.2220001220703125,168120
2022-05-26,4.2210001945495605,4.315000057220459,4.197000026702881,4.315000057220459,48740
2022-05-27,4.19950008392334,4.2230000495910645,4.208000183105469,4.2230000495910645,70389
2022-05-30,4.170000076293945,4.238999843597412,4.210000038146973,4.210000038146973,25459
2022-05-31,4.19350004196167,4.23799991607666,4.196000099182129,4.203000068664551,81575
2022-06-01,4.105999946594238,4.129000186920166,4.074999809265137,4.124000072479248,225002
2022-06-06,4.1529998779296875,4.210999965667725,4.166999816894531,4.171999931335449,22290
2022-06-07,4.09250020980835,4.152490139007568,4.083000183105469,4.085000038146973,97492
2022-06-08,4.165500164031982,4.13700008392334,4.111000061035156,4.114999771118164,53320
2022-06-09,4.266499996185303,4.271999835968018,4.177000045776367,4.177000045776367,62100
2022-06-10,4.359000205993652,4.373000144958496,4.306000232696533,4.308000087738037,32598
2022-06-13,4.236999988555908,4.269000053405762,4.209000110626221,4.223999977111816,89457
2022-06-14,4.228499889373779,4.2779998779296875,4.151899814605713,4.2779998779296875,27632
2022-06-15,4.141499996185303,4.199999809265137,4.136000156402588,4.199999809265137,117269
2022-06-16,4.166500091552734,4.177999973297119,4.109000205993652,4.11899995803833,283291
2022-06-17,4.119999885559082,4.160999774932861,4.132999897003174,4.158999919891357,88059
2022-06-20,4.083499908447266,4.079999923706055,4.002999782562256,4.057000160217285,6494
2022-06-21,4.061999797821045,4.2332000732421875,4.060999870300293,4.078999996185303,95912
2022-06-22,3.7980000972747803,3.88100004196167,3.7939999103546143,3.880000114440918,430367
2022-06-23,3.5924999713897705,3.696000099182129,3.562000036239624,3.696000099182129,362741
2022-06-24,3.432499885559082,3.571000099182129,3.431999921798706,3.440999984741211,441047
2022-06-27,3.2844998836517334,3.388000011444092,3.240000009536743,3.3580000400543213,238075
2022-06-28,3.2799999713897705,3.631160020828247,3.321000099182129,3.3949999809265137,110767
2022-06-29,3.4144999980926514,3.4030001163482666,3.3269999027252197,3.3269999027252197,116123
2022-06-30,3.438499927520752,3.3940000534057617,3.361999988555908,3.361999988555908,37634
2022-07-01,3.3394999504089355,3.328000068664551,3.316999912261963,3.328000068664551,6741
2022-07-04,3.4045000076293945,3.4045000076293945,3.4045000076293945,3.4045000076293945,0
2022-07-05,3.2679998874664307,3.390630006790161,3.2739999294281006,3.305999994277954,18050
2022-07-06,3.1519999504089355,3.265000104904175,3.125,3.265000104904175,17836
2022-07-07,3.190000057220459,3.2139999866485596,3.1449999809265137,3.1459999084472656,39675
2022-07-08,3.3264999389648438,3.3420000076293945,3.1540000438690186,3.1540000438690186,362955
2022-07-11,3.2720000743865967,3.2880001068115234,3.2699999809265137,3.2880001068115234,276
2022-07-12,3.1575000286102295,3.311569929122925,3.101030111312866,3.249000072479248,33851
2022-07-13,3.0969998836517334,3.125,3.0160000324249268,3.111999988555908,294500
2022-07-14,2.947499990463257,3.0290000438690186,2.930000066757202,3.0220000743865967,212500
2022-07-15,3.183500051498413,3.183500051498413,3.183500051498413,3.183500051498413,0
2022-07-18,3.23799991607666,3.190000057220459,3.190000057220459,3.190000057220459,300
2022-07-19,3.24399995803833,3.138159990310669,3.030679941177368,3.138159990310669,26
2022-07-20,3.258500099182129,3.258500099182129,3.258500099182129,3.258500099182129,0
2022-07-21,3.194000005722046,3.194000005722046,3.194000005722046,3.194000005722046,0
2022-07-22,3.194000005722046,3.2060000896453857,3.2060000896453857,3.2060000896453857,151
2022-07-25,3.1600000858306885,3.1600000858306885,3.1600000858306885,3.1600000858306885,0
2022-07-26,3.252000093460083,3.2860000133514404,3.1942501068115234,3.2790000438690186,37792
2022-07-27,3.3334999084472656,3.3519999980926514,3.3519999980926514,3.3519999980926514,119
2022-07-28,3.365000009536743,3.380000114440918,3.380000114440918,3.380000114440918,299
2022-07-29,3.3635001182556152,3.361999988555908,3.361999988555908,3.361999988555908,40
2022-08-01,3.247999906539917,3.3389999866485596,3.3389999866485596,3.3389999866485596,4570
2022-08-02,3.311500072479248,3.349139928817749,3.2762699127197266,3.349139928817749,157
2022-08-03,3.317500114440918,3.3239998817443848,3.3239998817443848,3.3239998817443848,7383
2022-08-04,3.2880001068115234,3.2880001068115234,3.2880001068115234,3.2880001068115234,0
2022-08-05,3.388000011444092,3.388000011444092,3.388000011444092,3.388000011444092,0
2022-08-08,3.371500015258789,3.371500015258789,3.371500015258789,3.371500015258789,0
2022-08-09,3.4535000324249268,3.3528900146484375,3.2879700660705566,3.3528900146484375,59
2022-08-10,3.575500011444092,3.4130001068115234,3.4130001068115234,3.4130001068115234,261
2022-08-11,3.6085000038146973,3.563999891281128,3.563999891281128,3.563999891281128,500
2022-08-12,3.6545000076293945,3.6050000190734863,3.6050000190734863,3.6050000190734863,1
2022-08-15,4.03000020980835,3.809999942779541,3.809999942779541,3.809999942779541,2670
2022-08-16,4.156499862670898,4.170000076293945,3.4006199836730957,4.059999942779541,17950
2022-08-17,3.927000045776367,4.119999885559082,3.9000000953674316,4.119999885559082,18301
2022-08-18,3.937999963760376,3.947999954223633,3.944000005722046,3.947999954223633,3085
2022-08-19,4.026500225067139,4.026500225067139,4.026500225067139,4.026500225067139,0
2022-08-22,4.000500202178955,4.089000225067139,3.9630000591278076,4.065000057220459,3866
2022-08-23,3.940500020980835,4.070559978485107,4.06125020980835,4.070559978485107,541
2022-08-24,4.00600004196167,3.990999937057495,3.990999937057495,3.990999937057495,3750
2022-08-25,4.075500011444092,4.005000114440918,4.005000114440918,4.005000114440918,350
2022-08-26,4.073500156402588,4.050000190734863,4.050000190734863,4.050000190734863,12
2022-08-30,3.944499969482422,4.006519794464111,3.944000005722046,3.944000005722046,200
2022-08-31,3.9649999141693115,3.944000005722046,3.940000057220459,3.940000057220459,6800
2022-09-01,3.825000047683716,3.9200000762939453,3.8259999752044678,3.9159998893737793,43379
2022-09-02,3.7114999294281006,3.7130000591278076,3.7039999961853027,3.7049999237060547,165
2022-09-05,3.573499917984009,3.573499917984009,3.573499917984009,3.573499917984009,0
2022-09-06,3.627500057220459,4.04311990737915,3.7851901054382324,3.7851901054382324,367
2022-09-07,3.5954999923706055,3.5954999923706055,3.5954999923706055,3.5954999923706055,0
2022-09-08,3.6484999656677246,3.6484999656677246,3.6484999656677246,3.6484999656677246,0
2022-09-09,3.6554999351501465,3.6554999351501465,3.6554999351501465,3.6554999351501465,0
2022-09-12,3.734999895095825,3.747999906539917,3.7179999351501465,3.7179999351501465,1635
2022-09-13,3.5799999237060547,3.6686699390411377,3.5810000896453857,3.5810000896453857,25
2022-09-14,3.5824999809265137,3.5999999046325684,3.5999999046325684,3.5999999046325684,222
2022-09-15,3.6034998893737793,3.6034998893737793,3.6034998893737793,3.6034998893737793,0
2022-09-16,3.444499969482422,3.6019999980926514,3.50600004196167,3.50600004196167,189009
2022-09-20,3.2850000858306885,3.6694300174713135,3.309999942779541,3.3540000915527344,3666
2022-09-21,3.378999948501587,3.321000099182129,3.321000099182129,3.321000099182129,253
2022-09-22,3.3540000915527344,3.4130001068115234,3.4000000953674316,3.4000000953674316,1730
2022-09-23,3.2119998931884766,3.2639999389648438,3.1740000247955322,3.2639999389648438,130
2022-09-26,3.2225000858306885,3.236999988555908,3.236999988555908,3.236999988555908,2362
2022-09-27,3.121000051498413,3.3254001140594482,3.119999885559082,3.1500000953674316,9139
2022-09-28,3.0940001010894775,3.0329999923706055,3.0329999923706055,3.0329999923706055,10000
2022-09-29,2.993000030517578,3.0460000038146973,2.996000051498413,3.0460000038146973,838
2022-09-30,2.9665000438690186,2.994999885559082,2.994999885559082,2.994999885559082,136
2022-10-03,2.9144999980926514,3.0,2.990000009536743,3.0,22639
2022-10-04,3.072999954223633,3.1339900493621826,2.9749999046325684,2.9749999046325684,26514
2022-10-05,2.8914999961853027,3.1540000438690186,2.924999952316284,3.1540000438690186,2513
2022-10-06,2.9054999351501465,2.8970000743865967,2.8970000743865967,2.8970000743865967,134
2022-10-07,2.9030001163482666,2.941999912261963,2.8480000495910645,2.8480000495910645,3182
2022-10-10,3.19350004196167,3.065000057220459,2.950000047683716,2.9579999446868896,12348
2022-10-11,3.073499917984009,3.0880000591278076,3.0051000118255615,3.0880000591278076,1339
2022-10-12,3.052000045776367,3.053999900817871,3.0290000438690186,3.0290000438690186,1650
2022-10-13,2.946000099182129,2.9189999103546143,2.9189999103546143,2.9189999103546143,500
2022-10-14,2.933500051498413,2.9609999656677246,2.9040000438690186,2.9040000438690186,13236
2022-10-17,2.928999900817871,2.937000036239624,2.937000036239624,2.937000036239624,730
2022-10-18,2.875499963760376,3.016849994659424,2.9200000762939453,2.9200000762939453,501
2022-10-19,2.750999927520752,2.8919999599456787,2.753000020980835,2.8919999599456787,1733
2022-10-20,2.7355000972747803,2.760999917984009,2.746000051498413,2.746000051498413,1817
2022-10-21,2.7065000534057617,2.7209999561309814,2.6670000553131104,2.703000068664551,24480
2022-10-24,2.7300000190734863,2.7890000343322754,2.7300000190734863,2.7890000343322754,1556
2022-10-25,2.756999969482422,2.885119915008545,2.696000099182129,2.696000099182129,295
2022-10-26,2.7890000343322754,2.7890000343322754,2.7890000343322754,2.7890000343322754,0
2022-10-27,2.6440000534057617,2.7100000381469727,2.7100000381469727,2.7100000381469727,1110
2022-10-28,2.5225000381469727,2.5880000591278076,2.549999952316284,2.5880000591278076,2300
2022-10-31,2.505000114440918,2.5309998989105225,2.5160000324249268,2.5309998989105225,3000
2022-11-01,2.7230000495910645,2.711319923400879,2.6549301147460938,2.6700000762939453,94903
2022-11-02,2.80049991607666,2.7920000553131104,2.7330000400543213,2.7330000400543213,3548
2022-11-03,2.9110000133514404,2.8399999141693115,2.753999948501587,2.753999948501587,2925
2022-11-04,3.0859999656677246,3.0859999656677246,3.0859999656677246,3.0859999656677246,0
2022-11-07,3.067500114440918,2.9560000896453857,2.9189999103546143,2.9189999103546143,600
2022-11-08,3.121000051498413,2.8545100688934326,2.755229949951172,2.755229949951172,63
2022-11-09,3.0789999961853027,3.0350000858306885,3.0350000858306885,3.0350000858306885,6000
2022-11-10,3.0185000896453857,3.0209999084472656,3.003000020980835,3.003000020980835,585
2022-11-11,3.0915000438690186,3.0829999446868896,3.0829999446868896,3.0829999446868896,5000
2022-11-14,3.0195000171661377,3.0429999828338623,3.009000062942505,3.009000062942505,37250
2022-11-15,3.1059999465942383,3.067840099334717,3.0600500106811523,3.0600500106811523,68
2022-11-16,3.118499994277954,3.194999933242798,3.124000072479248,3.130000114440918,20114
2022-11-17,3.0460000038146973,3.066999912261963,3.061000108718872,3.066999912261963,23338
2022-11-18,3.0260000228881836,2.9639999866485596,2.9619998931884766,2.9619998931884766,22400
2022-11-21,2.8575000762939453,2.9089999198913574,2.884999990463257,2.884999990463257,72800
2022-11-22,2.940999984741211,3.12214994430542,2.884000062942505,2.8980000019073486,2104
2022-11-23,2.9704999923706055,2.950000047683716,2.950000047683716,2.950000047683716,2
2022-11-24,2.9730000495910645,3.0179998874664307,2.864000082015991,2.927999973297119,6140
2022-11-25,2.9260001182556152,2.9549999237060547,2.9549999237060547,2.9549999237060547,4851
2022-11-28,2.799999952316284,2.799999952316284,2.799999952316284,2.799999952316284,0
2022-11-29,2.8459999561309814,2.975490093231201,2.8540000915527344,2.8540000915527344,6700
2022-11-30,2.991499900817871,2.991499900817871,2.991499900817871,2.991499900817871,0
2022-12-01,3.0415000915527344,3.071000099182129,3.0209999084472656,3.071000099182129,28927
2022-12-02,2.990000009536743,3.015000104904175,3.015000104904175,3.015000104904175,5513
2022-12-05,2.993499994277954,2.993499994277954,2.993499994277954,2.993499994277954,0
2022-12-06,3.0490000247955322,3.003700017929077,2.932529926300049,3.003700017929077,74
2022-12-07,2.9774999618530273,3.0329999923706055,3.0329999923706055,3.0329999923706055,23124
2022-12-08,2.931999921798706,2.931999921798706,2.931999921798706,2.931999921798706,0
2022-12-09,2.9695000648498535,2.9700000286102295,2.9690001010894775,2.9690001010894775,3806
2022-12-12,2.8559999465942383,2.8559999465942383,2.8559999465942383,2.8559999465942383,0
2022-12-13,2.9514999389648438,3.0357000827789307,2.997999906539917,2.997999906539917,108
2022-12-14,2.931999921798706,2.931999921798706,2.931999921798706,2.931999921798706,0
2022-12-15,2.9049999713897705,2.9170000553131104,2.9170000553131104,2.9170000553131104,18800
2022-12-16,2.92549991607666,2.872999906539917,2.872999906539917,2.872999906539917,18900
2022-12-19,3.0234999656677246,2.9619998931884766,2.9210000038146973,2.9210000038146973,19387
2022-12-20,3.111999988555908,3.0950000286102295,2.9079198837280273,2.9549999237060547,3255
2022-12-21,3.1640000343322754,3.186000108718872,3.1519999504089355,3.1519999504089355,16722
2022-12-22,3.0369999408721924,3.052000045776367,3.052000045776367,3.052000045776367,17400
2022-12-23,3.072000026702881,3.069999933242798,3.069999933242798,3.069999933242798,9800
2022-12-28,2.992500066757202,3.0239999294281006,3.0239999294281006,3.0239999294281006,400
2022-12-29,2.9739999771118164,2.9739999771118164,2.9739999771118164,2.9739999771118164,0
2022-12-30,3.0195000171661377,3.0195000171661377,3.0195000171661377,3.0195000171661377,0
2023-01-03,2.989000082015991,3.0820000171661377,3.0064001083374023,3.0820000171661377,1500
2023-01-04,2.9200000762939453,2.9600000381469727,2.9549999237060547,2.9600000381469727,14117
2023-01-05,2.9719998836517334,2.950000047683716,2.950000047683716,2.950000047683716,301
2023-01-06,3.0374999046325684,3.0374999046325684,3.0374999046325684,3.0374999046325684,0
2023-01-09,3.1559998989105225,3.1519999504089355,3.128999948501587,3.128999948501587,151
2023-01-10,3.065999984741211,3.0859999656677246,2.9796199798583984,3.0859999656677246,12653
2023-01-11,3.0195000171661377,3.0195000171661377,3.0195000171661377,3.0195000171661377,0
2023-01-12,2.990000009536743,2.990000009536743,2.990000009536743,2.990000009536743,0
2023-01-13,2.9570000171661377,2.9639999866485596,2.950000047683716,2.9539999961853027,759
2023-01-16,2.987499952316284,2.987499952316284,2.987499952316284,2.987499952316284,0
2023-01-17,2.9714999198913574,3.125,2.9639999866485596,2.9639999866485596,832
2023-01-18,3.069000005722046,3.0859999656677246,3.0290000438690186,3.0290000438690186,1681
2023-01-19,3.0394999980926514,3.0399999618530273,3.0399999618530273,3.0399999618530273,175
2023-01-20,3.0869998931884766,3.0859999656677246,3.071000099182129,3.0859999656677246,1795
2023-01-23,3.190000057220459,3.0869998931884766,3.0869998931884766,3.0869998931884766,145
2023-01-24,3.124000072479248,3.1410000324249268,2.967869997024536,3.128000020980835,674
2023-01-25,3.125,3.1089999675750732,3.1089999675750732,3.1089999675750732,300
2023-01-26,3.172499895095825,3.1500000953674316,3.1500000953674316,3.1500000953674316,60
2023-01-27,3.1135001182556152,3.119999885559082,3.119999885559082,3.119999885559082,13100
2023-01-30,3.062000036239624,3.075000047683716,3.075000047683716,3.075000047683716,150
2023-01-31,3.1135001182556152,3.177220106124878,3.072999954223633,3.0910000801086426,14620
2023-02-01,3.1040000915527344,3.127000093460083,3.0999999046325684,3.127000093460083,92970
2023-02-02,3.127500057220459,3.134999990463257,3.0859999656677246,3.0940001010894775,722
2023-02-03,3.0764999389648438,3.075000047683716,3.072000026702881,3.075000047683716,1499
2023-02-06,3.0264999866485596,3.0759999752044678,3.0490000247955322,3.0759999752044678,250
2023-02-07,3.0355000495910645,3.0898900032043457,3.087239980697632,3.087239980697632,31
2023-02-08,3.063499927520752,3.063499927520752,3.063499927520752,3.063499927520752,0
2023-02-09,3.0789999961853027,3.0789999961853027,3.0789999961853027,3.0789999961853027,0
2023-02-10,3.06850004196167,3.06850004196167,3.06850004196167,3.06850004196167,0
2023-02-13,3.1050000190734863,3.0230000019073486,3.0230000019073486,3.0230000019073486,212
2023-02-14,3.063999891281128,3.1028599739074707,3.052380084991455,3.0810000896453857,500
2023-02-15,2.9779999256134033,3.0360000133514404,3.0,3.0360000133514404,16354
2023-02-16,2.924999952316284,2.924999952316284,2.924999952316284,2.924999952316284,0
2023-02-17,2.935499906539917,2.9140000343322754,2.9140000343322754,2.9140000343322754,75
2023-02-20,2.92549991607666,2.875999927520752,2.875999927520752,2.875999927520752,8236
2023-02-21,2.928499937057495,3.0387399196624756,2.9200000762939453,2.999000072479248,266152
2023-02-22,2.9684998989105225,2.9749999046325684,2.927000045776367,2.927000045776367,19685
2023-02-23,2.9630000591278076,2.9630000591278076,2.9630000591278076,2.9630000591278076,0
2023-02-24,3.0320000648498535,2.950000047683716,2.950000047683716,2.950000047683716,1050
2023-02-27,3.0355000495910645,3.0309998989105225,3.0209999084472656,3.0209999084472656,658
2023-02-28,3.0460000038146973,3.055000066757202,2.9208900928497314,3.055000066757202,500
2023-03-01,3.059999942779541,3.058000087738037,3.046999931335449,3.046999931335449,1280
2023-03-02,3.0360000133514404,3.0929999351501465,3.0929999351501465,3.0929999351501465,416
2023-03-03,3.0209999084472656,3.0420000553131104,3.0420000553131104,3.0420000553131104,3885
2023-03-06,3.0460000038146973,3.0250000953674316,3.0209999084472656,3.0250000953674316,553
2023-03-07,2.9800000190734863,3.0771000385284424,2.9809999465942383,3.0369999408721924,1075
2023-03-08,2.9649999141693115,2.9649999141693115,2.9649999141693115,2.9649999141693115,1169
2023-03-09,2.9719998836517334,2.9719998836517334,2.9719998836517334,2.9719998836517334,0
2023-03-10,2.880000114440918,2.859999895095825,2.859999895095825,2.859999895095825,15000
2023-03-13,2.940999984741211,2.9200000762939453,2.9200000762939453,2.9200000762939453,115
2023-03-14,2.927500009536743,2.9414000511169434,2.8570001125335693,2.9260001182556152,30401
2023-03-15,2.8345000743865967,2.8429999351501465,2.8429999351501465,2.8429999351501465,350
2023-03-16,2.866499900817871,2.866499900817871,2.866499900817871,2.866499900817871,0
2023-03-17,2.7850000858306885,2.8499999046325684,2.818000078201294,2.8499999046325684,33123
2023-03-20,2.7634999752044678,2.7990000247955322,2.740000009536743,2.7990000247955322,5333
2023-03-21,2.796999931335449,2.900010108947754,2.7990000247955322,2.825000047683716,552
2023-03-22,2.8320000171661377,2.86299991607666,2.8239998817443848,2.8459999561309814,22158
2023-03-23,2.7844998836517334,2.7844998836517334,2.7844998836517334,2.7844998836517334,0
2023-03-24,2.746000051498413,2.746000051498413,2.746000051498413,2.746000051498413,0
2023-03-27,2.8475000858306885,2.8410000801086426,2.7780001163482666,2.7780001163482666,4327
2023-03-28,2.944000005722046,2.9059998989105225,2.7957100868225098,2.9059998989105225,565
2023-03-29,2.9560000896453857,2.9560000896453857,2.9560000896453857,2.9560000896453857,0
2023-03-30,2.997999906539917,2.994999885559082,2.984999895095825,2.994999885559082,37200
2023-03-31,3.007999897003174,2.997999906539917,2.997999906539917,2.997999906539917,628
2023-04-03,2.9584999084472656,2.986999988555908,2.986999988555908,2.986999988555908,29157
2023-04-04,2.8959999084472656,2.9560201168060303,2.9075698852539062,2.9075698852539062,107
2023-04-05,2.930999994277954,2.9149999618530273,2.9100000858306885,2.9100000858306885,23201
2023-04-06,2.996000051498413,2.9700000286102295,2.9700000286102295,2.9700000286102295,250
2023-04-11,2.9635000228881836,2.9863998889923096,2.9769999980926514,2.9769999980926514,17433
2023-04-12,2.9695000648498535,2.9700000286102295,2.9590001106262207,2.9700000286102295,9852
2023-04-13,2.9885001182556152,2.9885001182556152,2.9885001182556152,2.9885001182556152,0
2023-04-14,2.996000051498413,2.996000051498413,2.996000051498413,2.996000051498413,0
2023-04-17,2.984499931335449,3.00600004196167,2.990000009536743,3.0,17061
2023-04-18,3.0299999713897705,3.046999931335449,2.9664499759674072,3.046999931335449,1500
2023-04-19,3.069000005722046,3.065000057220459,3.0399999618530273,3.0399999618530273,5728
2023-04-20,2.890000104904175,3.010999917984009,2.941999912261963,3.010999917984009,18416
2023-04-21,2.9079999923706055,2.9110000133514404,2.885999917984009,2.885999917984009,23661
2023-04-24,2.930500030517578,2.9200000762939453,2.884000062942505,2.884000062942505,983
2023-04-25,2.812999963760376,3.00927996635437,2.799999952316284,2.869999885559082,6093
2023-04-26,2.819999933242798,2.859999895095825,2.821000099182129,2.859999895095825,21911
2023-04-27,2.874000072479248,2.880000114440918,2.880000114440918,2.880000114440918,300
2023-04-28,2.882499933242798,2.882499933242798,2.882499933242798,2.882499933242798,0
2023-05-02,2.888000011444092,2.947000026702881,2.867449998855591,2.940000057220459,23066
2023-05-03,2.8459999561309814,2.8350000381469727,2.8350000381469727,2.8350000381469727,2055
2023-05-04,2.944000005722046,2.938999891281128,2.927000045776367,2.938999891281128,3430
2023-05-05,3.0199999809265137,3.0299999713897705,3.0299999713897705,3.0299999713897705,14132
2023-05-09,2.9024999141693115,2.9564199447631836,2.9119999408721924,2.943000078201294,13336
2023-05-10,2.9260001182556152,2.9079999923706055,2.9079999923706055,2.9079999923706055,12813
2023-05-11,2.8884999752044678,2.8884999752044678,2.8884999752044678,2.8884999752044678,0
2023-05-12,2.8889999389648438,2.8889999389648438,2.8889999389648438,2.8889999389648438,0
2023-05-15,2.9835000038146973,2.9835000038146973,2.9835000038146973,2.9835000038146973,0
2023-05-16,2.993000030517578,2.984999895095825,2.9304399490356445,2.984999895095825,23840
2023-05-17,3.0420000553131104,3.0199999809265137,3.009999990463257,3.009999990463257,16789
2023-05-18,3.124500036239624,3.117000102996826,3.0999999046325684,3.117000102996826,4752
2023-05-19,3.1519999504089355,3.1519999504089355,3.1519999504089355,3.1519999504089355,0
2023-05-22,3.066999912261963,3.125,3.125,3.125,4085
2023-05-23,3.049499988555908,3.008389949798584,2.949350118637085,2.949350118637085,11
2023-05-24,2.9574999809265137,2.9760000705718994,2.9760000705718994,2.9760000705718994,1350
2023-05-25,2.930999994277954,2.9600000381469727,2.9600000381469727,2.9600000381469727,2500
2023-05-26,2.940999984741211,2.931999921798706,2.931999921798706,2.931999921798706,161
2023-05-30,3.060499906539917,3.0891599655151367,3.014470100402832,3.0891599655151367,50
2023-05-31,3.001499891281128,3.0199999809265137,2.994999885559082,3.0199999809265137,36746
2023-06-01,3.121999979019165,3.0859999656677246,3.0850000381469727,3.0859999656677246,2038
2023-06-02,3.128499984741211,3.121999979019165,3.121999979019165,3.121999979019165,343
2023-06-05,3.11299991607666,3.0999999046325684,3.0999999046325684,3.0999999046325684,2020
2023-06-06,3.0845000743865967,3.1160600185394287,3.0360300540924072,3.069999933242798,350
2023-06-07,3.062000036239624,3.062000036239624,3.062000036239624,3.062000036239624,0
2023-06-08,3.063499927520752,3.0789999961853027,3.0789999961853027,3.0789999961853027,1117
2023-06-09,3.056999921798706,3.053999900817871,3.053999900817871,3.053999900817871,18000
2023-06-12,3.0369999408721924,3.0360000133514404,3.0360000133514404,3.0360000133514404,1248
2023-06-13,3.0220000743865967,3.0714399814605713,3.0399999618530273,3.0399999618530273,300
2023-06-14,2.9839999675750732,2.986999988555908,2.9839999675750732,2.986999988555908,1683
2023-06-15,2.9539999961853027,2.9679999351501465,2.9670000076293945,2.9670000076293945,575
2023-06-16,2.990999937057495,2.9800000190734863,2.9730000495910645,2.9800000190734863,1660
2023-06-19,2.984999895095825,2.9189999103546143,2.9189999103546143,2.9189999103546143,2828
2023-06-20,3.0204999446868896,3.0160200595855713,2.9719998836517334,2.9839999675750732,4190
2023-06-21,2.989000082015991,3.002000093460083,2.9830000400543213,3.0,9284
2023-06-22,2.9749999046325684,2.990000009536743,2.9679999351501465,2.989000082015991,296728
2023-06-23,2.946000099182129,2.9719998836517334,2.947000026702881,2.9719998836517334,2726
2023-06-26,2.8945000171661377,2.8945000171661377,2.8945000171661377,2.8945000171661377,0
2023-06-27,2.875,3.013129949569702,2.9872500896453857,3.013129949569702,4936
2023-06-28,2.8935000896453857,2.8989999294281006,2.8989999294281006,2.8989999294281006,3000
2023-06-29,2.9045000076293945,2.882999897003174,2.882999897003174,2.882999897003174,100
2023-06-30,2.997999906539917,2.997999906539917,2.997999906539917,2.997999906539917,0
2023-07-03,3.0464999675750732,3.0260000228881836,3.0260000228881836,3.0260000228881836,2064
2023-07-04,3.0385000705718994,2.9779999256134033,2.9096899032592773,2.9779999256134033,321
2023-07-05,2.9790000915527344,3.0169999599456787,2.9800000190734863,3.0169999599456787,7221
2023-07-06,2.9825000762939453,2.996000051498413,2.9820001125335693,2.996000051498413,3812
2023-07-07,3.010499954223633,2.9820001125335693,2.9820001125335693,2.9820001125335693,10
2023-07-10,2.9814999103546143,3.0220000743865967,3.0220000743865967,3.0220000743865967,224
2023-07-11,3.055000066757202,3.062000036239624,2.9959299564361572,3.009999990463257,7050
2023-07-12,3.0834999084472656,3.0834999084472656,3.0834999084472656,3.0834999084472656,0
2023-07-13,3.054500102996826,3.059000015258789,3.0339999198913574,3.059000015258789,3519
2023-07-14,3.051500082015991,3.053999900817871,3.053999900817871,3.053999900817871,5000
2023-07-17,3.0785000324249268,3.0799999237060547,3.0350000858306885,3.053999900817871,28652
2023-07-18,3.0829999446868896,3.1080000400543213,3.0365099906921387,3.1080000400543213,6736
2023-07-19,3.130000114440918,3.0980000495910645,3.0980000495910645,3.0980000495910645,120
2023-07-20,3.1459999084472656,3.1459999084472656,3.1459999084472656,3.1459999084472656,0
2023-07-21,3.1445000171661377,3.193000078201294,3.121000051498413,3.193000078201294,70753
2023-07-24,3.180000066757202,3.1659998893737793,3.1510000228881836,3.1510000228881836,5500
2023-07-25,3.2125000953674316,3.2049999237060547,3.0881800651550293,3.184999942779541,44744
2023-07-26,3.2894999980926514,3.2820000648498535,3.259999990463257,3.259999990463257,311
2023-07-27,3.2114999294281006,3.256999969482422,3.2300000190734863,3.240000009536743,3731
2023-07-28,3.1619999408721924,3.1760001182556152,3.1659998893737793,3.1659998893737793,2
2023-07-31,3.1605000495910645,3.1605000495910645,3.1605000495910645,3.1605000495910645,0
2023-08-01,3.198499917984009,3.2257299423217773,3.187999963760376,3.2060000896453857,28579
2023-08-02,3.1665000915527344,3.200000047683716,3.200000047683716,3.200000047683716,11421
2023-08-03,3.1619999408721924,3.1610000133514404,3.1449999809265137,3.1600000858306885,29559
2023-08-04,3.176500082015991,3.183000087738037,3.183000087738037,3.183000087738037,2415
2023-08-07,3.186000108718872,3.197000026702881,3.187999963760376,3.197000026702881,1767
2023-08-08,3.184000015258789,3.1951699256896973,3.158210039138794,3.171999931335449,24980
2023-08-09,3.177999973297119,3.184999942779541,3.184999942779541,3.184999942779541,1900
2023-08-10,3.2190001010894775,3.2239999771118164,3.194999933242798,3.194999933242798,30869
2023-08-11,3.2125000953674316,3.190000057220459,3.190000057220459,3.190000057220459,1500
2023-08-14,3.2290000915527344,3.25,3.2160000801086426,3.2160000801086426,34827
2023-08-15,3.2060000896453857,3.240000009536743,3.184760093688965,3.240000009536743,37338
2023-08-16,3.184999942779541,3.181999921798706,3.181999921798706,3.181999921798706,2200
2023-08-17,3.1575000286102295,3.1710000038146973,3.1670000553131104,3.1710000038146973,20829
2023-08-18,3.1449999809265137,3.1429998874664307,3.1429998874664307,3.1429998874664307,2103
2023-08-21,3.1459999084472656,3.191999912261963,3.1519999504089355,3.191999912261963,1780
2023-08-22,3.177500009536743,3.2398900985717773,3.1559998989105225,3.1559998989105225,50
2023-08-23,3.2130000591278076,3.2139999866485596,3.200000047683716,3.200000047683716,2800
2023-08-24,3.2279999256134033,3.244999885559082,3.2160000801086426,3.2330000400543213,208284
2023-08-25,3.2734999656677246,3.2790000438690186,3.252000093460083,3.253999948501587,37025
2023-08-29,3.2769999504089355,3.253000020980835,3.1714699268341064,3.253000020980835,4442
2023-08-30,3.2915000915527344,3.2850000858306885,3.2850000858306885,3.2850000858306885,414
2023-08-31,3.308500051498413,3.308500051498413,3.308500051498413,3.308500051498413,0
2023-09-01,3.375,3.371999979019165,3.3499999046325684,3.3580000400543213,2459
2023-09-04,3.4075000286102295,3.390000104904175,3.322000026702881,3.322000026702881,3710
2023-09-05,3.321000099182129,3.319999933242798,3.2523701190948486,3.2829999923706055,112155
2023-09-06,3.306999921798706,3.3469998836517334,3.2950000762939453,3.3469998836517334,31490
2023-09-07,3.2149999141693115,3.24399995803833,3.24399995803833,3.24399995803833,3000
2023-09-08,3.25600004196167,3.25600004196167,3.25600004196167,3.25600004196167,80
2023-09-11,3.303999900817871,3.296999931335449,3.296999931335449,3.296999931335449,16900
2023-09-12,3.303999900817871,3.389280080795288,3.2950000762939453,3.2950000762939453,18000
2023-09-13,3.2725000381469727,3.2725000381469727,3.2725000381469727,3.2725000381469727,0
2023-09-14,3.296999931335449,3.2890000343322754,3.2720000743865967,3.2720000743865967,660
2023-09-15,3.2755000591278076,3.318000078201294,3.2909998893737793,3.309999942779541,8838
2023-09-18,3.2899999618530273,3.2909998893737793,3.2739999294281006,3.2739999294281006,26800
2023-09-19,3.299499988555908,3.325000047683716,3.2736101150512695,3.308000087738037,12218
2023-09-20,3.2899999618530273,3.2769999504089355,3.2769999504089355,3.2769999504089355,2792
2023-09-21,3.247999906539917,3.249000072479248,3.249000072479248,3.249000072479248,1300
2023-09-22,3.234999895095825,3.234999895095825,3.234999895095825,3.234999895095825,0
2023-09-25,3.247499942779541,3.246999979019165,3.240999937057495,3.246999979019165,439
2023-09-26,3.3424999713897705,3.3420000076293945,3.322890043258667,3.3399999141693115,16941
2023-09-27,3.3454999923706055,3.3499999046325684,3.3340001106262207,3.3340001106262207,33000
2023-09-28,3.383500099182129,3.384999990463257,3.384999990463257,3.384999990463257,510
2023-09-29,3.2855000495910645,3.359999895095825,3.3519999980926514,3.359999895095825,16450
2023-10-02,3.302500009536743,3.2929999828338623,3.2929999828338623,3.2929999828338623,500
2023-10-03,3.2855000495910645,3.3220999240875244,3.288029909133911,3.288029909133911,179
2023-10-04,3.2945001125335693,3.2909998893737793,3.2909998893737793,3.2909998893737793,15000
2023-10-05,3.2820000648498535,3.2820000648498535,3.2820000648498535,3.2820000648498535,0
2023-10-06,3.2804999351501465,3.2804999351501465,3.2804999351501465,3.2804999351501465,0
2023-10-09,3.2844998836517334,3.2844998836517334,3.2844998836517334,3.2844998836517334,0
2023-10-10,3.239000082015991,3.3003199100494385,3.3003199100494385,3.3003199100494385,34
2023-10-11,3.190000057220459,3.203000068664551,3.194999933242798,3.203000068664551,3229
2023-10-12,3.190500020980835,3.190500020980835,3.190500020980835,3.190500020980835,0
2023-10-13,3.246500015258789,3.246500015258789,3.246500015258789,3.246500015258789,0
2023-10-16,3.242500066757202,3.24399995803833,3.24399995803833,3.24399995803833,5950
2023-10-17,3.1605000495910645,3.218519926071167,3.184999942779541,3.184999942779541,1600
2023-10-18,3.1519999504089355,3.1019999980926514,3.1010000705718994,3.1019999980926514,2844
2023-10-19,3.125999927520752,3.125999927520752,3.125999927520752,3.125999927520752,7703
2023-10-20,3.1045000553131104,3.115999937057495,3.0889999866485596,3.115999937057495,23600
2023-10-23,3.185499906539917,3.1440000534057617,3.1440000534057617,3.1440000534057617,6000
2023-10-24,3.122499942779541,3.131160020828247,3.1081700325012207,3.1081700325012207,44
2023-10-25,3.178499937057495,3.178499937057495,3.178499937057495,3.178499937057495,0
2023-10-26,3.2074999809265137,3.2074999809265137,3.2074999809265137,3.2074999809265137,0
2023-10-27,3.19350004196167,3.19350004196167,3.19350004196167,3.19350004196167,0
2023-10-30,3.1540000438690186,3.2200000286102295,3.1589999198913574,3.2200000286102295,1875
2023-10-31,3.0885000228881836,3.1611599922180176,3.0899999141693115,3.1010000705718994,300
2023-11-01,3.0195000171661377,3.065000057220459,3.0390000343322754,3.065000057220459,9013
2023-11-02,3.0425000190734863,3.0350000858306885,3.0199999809265137,3.0260000228881836,5517
2023-11-03,3.0164999961853027,3.0269999504089355,3.01200008392334,3.0260000228881836,19377
2023-11-06,2.9665000438690186,3.015000104904175,2.9800000190734863,3.015000104904175,5750
2023-11-07,2.9230000972747803,3.0603699684143066,2.9100000858306885,2.921999931335449,3300
2023-11-08,2.877000093460083,2.890000104904175,2.890000104904175,2.890000104904175,581
2023-11-09,2.9024999141693115,2.859999895095825,2.859999895095825,2.859999895095825,425
2023-11-10,2.924499988555908,2.8910000324249268,2.890000104904175,2.890000104904175,6718
2023-11-13,2.9010000228881836,2.9119999408721924,2.9119999408721924,2.9119999408721924,3086
2023-11-14,2.999500036239624,3.0,2.902750015258789,2.996999979019165,33049
2023-11-15,2.9774999618530273,3.0,2.9739999771118164,3.0,1500
2023-11-16,2.9565000534057617,2.934999942779541,2.934999942779541,2.934999942779541,55
2023-11-17,2.99399995803833,2.99399995803833,2.99399995803833,2.99399995803833,0
2023-11-20,2.9885001182556152,2.9885001182556152,2.9885001182556152,2.9885001182556152,0
2023-11-21,2.947499990463257,2.9423201084136963,2.9233500957489014,2.9233500957489014,112
2023-11-22,2.9595000743865967,2.9560000896453857,2.9519999027252197,2.9549999237060547,13662
2023-11-23,2.992500066757202,3.0199999809265137,3.0199999809265137,3.0199999809265137,100
2023-11-24,2.9825000762939453,2.9700000286102295,2.9690001010894775,2.9700000286102295,142158
2023-11-27,2.9184999465942383,2.930999994277954,2.930000066757202,2.930999994277954,14262
2023-11-28,2.929500102996826,3.0098700523376465,2.9019999504089355,2.9019999504089355,1400
2023-11-29,2.928499937057495,2.940999984741211,2.9179999828338623,2.940999984741211,22570
2023-11-30,2.933000087738037,2.933000087738037,2.933000087738037,2.933000087738037,0
2023-12-01,2.9574999809265137,2.9574999809265137,2.9574999809265137,2.9574999809265137,0
2023-12-04,2.9049999713897705,2.930000066757202,2.930000066757202,2.930000066757202,427
2023-12-05,2.934499979019165,2.9383299350738525,2.869999885559082,2.884999990463257,5287
2023-12-06,2.945499897003174,2.945499897003174,2.945499897003174,2.945499897003174,0
2023-12-07,3.0420000553131104,3.0420000553131104,3.0420000553131104,3.0420000553131104,0
2023-12-08,2.999500036239624,2.996000051498413,2.996000051498413,2.996000051498413,5765
2023-12-11,3.0144999027252197,3.006999969482422,3.006999969482422,3.006999969482422,3125
2023-12-12,2.993499994277954,3.0504701137542725,2.892009973526001,2.994999885559082,5688
2023-12-13,2.987499952316284,2.987499952316284,2.987499952316284,2.987499952316284,0
2023-12-14,2.9885001182556152,2.996999979019165,2.990999937057495,2.990999937057495,3905
2023-12-15,2.9514999389648438,2.996000051498413,2.9700000286102295,2.996000051498413,21325
2023-12-18,2.9375,2.938999891281128,2.9040000438690186,2.938999891281128,452
2023-12-19,2.933500051498413,2.993910074234009,2.930000066757202,2.930000066757202,750
2023-12-20,2.930500030517578,2.930500030517578,2.930500030517578,2.930500030517578,0
2023-12-21,2.9210000038146973,2.8959999084472656,2.8959999084472656,2.8959999084472656,978
2023-12-22,2.9509999752044678,2.9509999752044678,2.9509999752044678,2.9509999752044678,0
2023-12-27,2.937000036239624,2.937000036239624,2.937000036239624,2.937000036239624,0
2023-12-28,2.9779999256134033,2.9719998836517334,2.9719998836517334,2.9719998836517334,275
2023-12-29,2.987499952316284,2.987499952316284,2.987499952316284,2.987499952316284,0
2024-01-02,2.9709999561309814,3.0126700401306152,3.00600004196167,3.00600004196167,250
2024-01-03,3.003499984741211,2.994999885559082,2.9649999141693115,2.9649999141693115,224
2024-01-04,2.9590001106262207,2.9590001106262207,2.9590001106262207,2.9590001106262207,0
2024-01-05,2.952500104904175,2.9709999561309814,2.9579999446868896,2.9700000286102295,2542
2024-01-08,2.944000005722046,2.953000068664551,2.953000068664551,2.953000068664551,398
2024-01-09,2.987499952316284,2.9984700679779053,2.9751698970794678,2.9984700679779053,261
2024-01-10,2.9584999084472656,2.9584999084472656,2.9584999084472656,2.9584999084472656,0
2024-01-11,3.009500026702881,3.0139999389648438,3.0139999389648438,3.0139999389648438,5767
2024-01-12,3.0209999084472656,3.0160000324249268,3.0160000324249268,3.0160000324249268,8845
2024-01-15,3.005000114440918,3.005000114440918,3.005000114440918,3.005000114440918,0
2024-01-16,2.9855000972747803,3.0171899795532227,2.9841599464416504,2.990000009536743,500
2024-01-17,3.0225000381469727,3.0225000381469727,3.0225000381469727,3.0225000381469727,0
2024-01-18,3.0450000762939453,3.0450000762939453,3.0450000762939453,3.0450000762939453,0
2024-01-19,3.128499984741211,3.1050000190734863,3.052000045776367,3.052000045776367,7503
2024-01-22,3.1389999389648438,3.1500000953674316,3.1500000953674316,3.1500000953674316,362
2024-01-23,3.127500057220459,3.131999969482422,3.0575900077819824,3.128999948501587,915
2024-01-24,3.1510000228881836,3.138000011444092,3.130000114440918,3.134999990463257,5707
2024-01-25,3.1549999713897705,3.1689999103546143,3.1540000438690186,3.1619999408721924,7645
2024-01-26,3.1440000534057617,3.1630001068115234,3.1630001068115234,3.1630001068115234,50
2024-01-29,3.123500108718872,3.1510000228881836,3.130000114440918,3.134999990463257,1383
2024-01-30,3.125,3.144089937210083,3.09552001953125,3.13100004196167,5715
2024-01-31,3.1594998836517334,3.184999942779541,3.13700008392334,3.13700008392334,73390
2024-02-01,3.2265000343322754,3.2019999027252197,3.1600000858306885,3.1600000858306885,545
2024-02-02,3.2209999561309814,3.2320001125335693,3.2009999752044678,3.2009999752044678,35100
2024-02-05,3.2309999465942383,3.2200000286102295,3.1989998817443848,3.2200000286102295,781
2024-02-06,3.245500087738037,3.2048799991607666,3.1497299671173096,3.2048799991607666,1431
2024-02-07,3.2755000591278076,3.2755000591278076,3.2755000591278076,3.2755000591278076,0
2024-02-08,3.2950000762939453,3.2950000762939453,3.2950000762939453,3.2950000762939453,0
2024-02-09,3.3984999656677246,3.380000114440918,3.3299999237060547,3.3299999237060547,900
2024-02-12,3.3304998874664307,3.378999948501587,3.312999963760376,3.36299991607666,4755
2024-02-13,3.4124999046325684,3.4200000762939453,3.2396299839019775,3.375999927520752,1300
2024-02-14,3.490999937057495,3.490999937057495,3.490999937057495,3.490999937057495,0
2024-02-15,3.494499921798706,3.5290000438690186,3.510999917984009,3.5290000438690186,4603
2024-02-16,3.5160000324249268,3.5439999103546143,3.5250000953674316,3.5250000953674316,700
2024-02-19,3.4820001125335693,3.5360000133514404,3.5360000133514404,3.5360000133514404,1810
2024-02-20,3.3864998817443848,3.443619966506958,3.3076400756835938,3.3076400756835938,939
2024-02-21,3.4630000591278076,3.4630000591278076,3.4630000591278076,3.4630000591278076,0
2024-02-22,3.4804999828338623,3.4839999675750732,3.4700000286102295,3.4839999675750732,7154
2024-02-23,3.4670000076293945,3.4670000076293945,3.4670000076293945,3.4670000076293945,150
2024-02-26,3.4630000591278076,3.4800000190734863,3.4800000190734863,3.4800000190734863,50
2024-02-27,3.5915000438690186,3.569999933242798,3.3957200050354004,3.569999933242798,458
2024-02-28,3.753999948501587,3.816999912261963,3.7149999141693115,3.747999906539917,219046
2024-02-29,3.680500030517578,3.680500030517578,3.680500030517578,3.680500030517578,0
2024-03-01,3.5320000648498535,3.6559998989105225,3.5320000648498535,3.6559998989105225,331
2024-03-04,3.6064999103546143,3.5439999103546143,3.5439999103546143,3.5439999103546143,2000
2024-03-05,3.4679999351501465,3.7542800903320312,3.490000009536743,3.490000009536743,726
2024-03-06,3.5339999198913574,3.569999933242798,3.5299999713897705,3.5299999713897705,1615
2024-03-07,3.672499895095825,3.672499895095825,3.672499895095825,3.672499895095825,0
2024-03-08,3.5274999141693115,3.694999933242798,3.5820000171661377,3.694999933242798,10951
2024-03-11,3.568000078201294,3.568000078201294,3.568000078201294,3.568000078201294,0
2024-03-12,3.5139999389648438,3.531709909439087,3.4800000190734863,3.4800000190734863,588
2024-03-13,3.500499963760376,3.505000114440918,3.5,3.5,900
2024-03-14,3.453000068664551,3.4760000705718994,3.4760000705718994,3.4760000705718994,130
2024-03-15,3.4755001068115234,3.4755001068115234,3.4755001068115234,3.4755001068115234,0
2024-03-18,3.506999969482422,3.506999969482422,3.506999969482422,3.506999969482422,0
2024-03-19,3.4230000972747803,3.4888699054718018,3.424999952316284,3.431999921798706,45000
2024-03-20,3.4135000705718994,3.4000000953674316,3.3429999351501465,3.3970000743865967,63930
2024-03-21,3.4045000076293945,3.4045000076293945,3.4045000076293945,3.4045000076293945,0
2024-03-22,3.3975000381469727,3.4570000171661377,3.4100000858306885,3.443000078201294,6805
2024-03-25,3.4010000228881836,3.4010000228881836,3.4010000228881836,3.4010000228881836,0
2024-03-26,3.496000051498413,3.4700000286102295,3.342400074005127,3.430999994277954,3198
2024-03-27,3.365999937057495,3.440000057220459,3.365999937057495,3.440000057220459,3740
2024-03-28,3.382999897003174,3.378000020980835,3.378000020980835,3.378000020980835,1700
2024-04-02,3.4000000953674316,3.4619998931884766,3.4110000133514404,3.4179999828338623,13307
2024-04-03,3.322000026702881,3.3239998817443848,3.3239998817443848,3.3239998817443848,1829
2024-04-04,3.253999948501587,3.2639999389648438,3.239000082015991,3.2639999389648438,700
2024-04-05,3.2144999504089355,3.2144999504089355,3.2144999504089355,3.2144999504089355,0
2024-04-08,3.2065000534057617,3.250999927520752,3.250999927520752,3.250999927520752,560
2024-04-09,3.2225000858306885,3.498039960861206,3.4310600757598877,3.498039960861206,174
2024-04-10,3.181999921798706,3.2200000286102295,3.2200000286102295,3.2200000286102295,2600
2024-04-11,3.13700008392334,3.1429998874664307,3.1429998874664307,3.1429998874664307,534
2024-04-12,3.0954999923706055,3.0954999923706055,3.0954999923706055,3.0954999923706055,0
2024-04-15,3.0959999561309814,3.130000114440918,3.0959999561309814,3.130000114440918,6866
2024-04-16,3.0230000019073486,3.1843299865722656,3.0199999809265137,3.1089999675750732,3619
2024-04-17,2.989000082015991,3.0260000228881836,3.0230000019073486,3.0230000019073486,2500
2024-04-18,2.926500082015991,2.9619998931884766,2.9079999923706055,2.9619998931884766,903
2024-04-19,2.941999912261963,2.9800000190734863,2.9519999027252197,2.9519999027252197,2000
2024-04-22,2.98799991607666,3.0,2.9800000190734863,2.9800000190734863,1560
2024-04-23,2.9605000019073486,3.2398900985717773,2.9679999351501465,2.9679999351501465,1000
2024-04-24,2.9674999713897705,2.9800000190734863,2.9660000801086426,2.9660000801086426,4281
2024-04-25,2.9635000228881836,2.9635000228881836,2.9635000228881836,2.9635000228881836,0
2024-04-26,2.9544999599456787,2.9544999599456787,2.9544999599456787,2.9544999599456787,0
2024-04-29,2.993000030517578,3.0199999809265137,2.999000072479248,2.999000072479248,1450
2024-04-30,2.865000009536743,3.0340499877929688,2.9000000953674316,2.9210000038146973,1510
2024-05-01,2.7825000286102295,2.8359999656677246,2.819999933242798,2.8359999656677246,1201
2024-05-02,2.7690000534057617,2.7690000534057617,2.7690000534057617,2.7690000534057617,0
2024-05-03,2.996000051498413,2.7809998989105225,2.75,2.75,900
2024-05-07,2.8519999980926514,2.969369888305664,2.8440001010894775,2.8440001010894775,1062
2024-05-08,2.8910000324249268,2.8940000534057617,2.811000108718872,2.872999906539917,2269
2024-05-09,2.874500036239624,2.9000000953674316,2.875,2.875,205
2024-05-10,2.859999895095825,2.8889999389648438,2.7929999828338623,2.8889999389648438,13750
2024-05-13,2.8489999771118164,2.8480000495910645,2.8480000495910645,2.8480000495910645,445
2024-05-14,2.753000020980835,2.920599937438965,2.759999990463257,2.815000057220459,5116
2024-05-15,2.763000011444092,2.75,2.7149999141693115,2.7209999561309814,3303
2024-05-16,2.799999952316284,2.799999952316284,2.799999952316284,2.799999952316284,0
2024-05-17,2.7774999141693115,2.8299999237060547,2.7260000705718994,2.8299999237060547,6528
2024-05-20,2.7790000438690186,2.8289999961853027,2.7899999618530273,2.7899999618530273,1350
2024-05-21,2.805000066757202,2.8500499725341797,2.75,2.816999912261963,2156
2024-05-22,2.869999885559082,2.8949999809265137,2.7750000953674316,2.861999988555908,14189
2024-05-23,2.9760000705718994,2.9519999027252197,2.9000000953674316,2.9000000953674316,54428
2024-05-24,2.92549991607666,3.01200008392334,2.933000087738037,2.9600000381469727,4900
2024-05-28,3.0,3.059999942779541,2.8929998874664307,3.01200008392334,4421
2024-05-29,2.9660000801086426,3.0399999618530273,2.9049999713897705,3.0399999618530273,9287
2024-05-30,2.8359999656677246,3.0250000953674316,2.812999963760376,2.9630000591278076,5336
2024-05-31,2.80049991607666,2.875999927520752,2.799999952316284,2.8380000591278076,1027
2024-06-03,2.684999942779541,2.7960000038146973,2.6579999923706055,2.7960000038146973,40029
2024-06-04,2.678999900817871,2.7279999256134033,2.6480000019073486,2.696000099182129,1514
2024-06-05,2.744499921798706,2.7850000858306885,2.734999895095825,2.734999895095825,3045
2024-06-06,2.740000009536743,2.7690000534057617,2.742000102996826,2.742000102996826,18
2024-06-07,2.7269999980926514,2.8010001182556152,2.744999885559082,2.8010001182556152,35
2024-06-10,2.621999979019165,2.7260000705718994,2.618000030517578,2.677999973297119,11878
2024-06-11,2.684000015258789,2.6600000858306885,2.628000020980835,2.6600000858306885,407
2024-06-12,2.638000011444092,2.671999931335449,2.6579999923706055,2.6579999923706055,715
2024-06-13,2.6489999294281006,2.677999973297119,2.640000104904175,2.640000104904175,1554
2024-06-14,2.6475000381469727,2.691999912261963,2.624000072479248,2.624000072479248,1820
2024-06-17,2.6115000247955322,2.6640000343322754,2.5999999046325684,2.5999999046325684,3619
2024-06-18,2.7060000896453857,2.635999917984009,2.5959999561309814,2.621000051498413,74952
2024-06-19,2.6760001182556152,2.6760001182556152,2.6760001182556152,2.6760001182556152,0
2024-06-20,2.683000087738037,2.683000087738037,2.683000087738037,2.683000087738037,0
2024-06-21,2.6594998836517334,2.7060000896453857,2.7060000896453857,2.7060000896453857,23
2024-06-24,2.7070000171661377,2.7019999027252197,2.6740000247955322,2.6740000247955322,1278
2024-06-25,2.743000030517578,2.746999979019165,2.7070000171661377,2.7100000381469727,5226
2024-06-26,2.749500036239624,2.7929999828338623,2.7269999980926514,2.76200008392334,1773
2024-06-27,2.7325000762939453,2.7980000972747803,2.740000009536743,2.75,75252
2024-06-28,2.75,2.802000045776367,2.75,2.7720000743865967,251
2024-07-01,2.686000108718872,2.7260000705718994,2.680999994277954,2.700000047683716,2427
2024-07-02,2.682499885559082,2.755000114440918,2.6619999408721924,2.7260000705718994,5038
2024-07-03,2.683000087738037,2.7260000705718994,2.680000066757202,2.680000066757202,3358
2024-07-04,2.677000045776367,2.7079999446868896,2.7079999446868896,2.7079999446868896,1808
2024-07-05,2.617000102996826,2.677000045776367,2.609999895095825,2.677000045776367,4187
2024-07-08,2.627000093460083,2.6730000972747803,2.6730000972747803,2.6730000972747803,3
2024-07-09,2.623500108718872,2.634000062942505,2.5999999046325684,2.634000062942505,1
2024-07-10,2.619999885559082,2.5929999351501465,2.5899999141693115,2.5929999351501465,1042
2024-07-11,2.630000114440918,2.683000087738037,2.630000114440918,2.630000114440918,5459
2024-07-12,2.6110000610351562,2.6440000534057617,2.61899995803833,2.6440000534057617,107
2024-07-15,2.688999891281128,2.684000015258789,2.6500000953674316,2.6760001182556152,1156
2024-07-16,2.6480000019073486,2.687999963760376,2.6489999294281006,2.6489999294281006,71
2024-07-17,2.6700000762939453,2.7079999446868896,2.6510000228881836,2.700000047683716,1010
2024-07-18,2.6510000228881836,2.694999933242798,2.630000114440918,2.6600000858306885,2839
2024-07-19,2.621000051498413,2.6760001182556152,2.630000114440918,2.6500000953674316,5788
2024-07-22,2.5950000286102295,2.677999973297119,2.5999999046325684,2.635999917984009,9444
2024-07-23,2.568000078201294,2.624000072479248,2.556999921798706,2.5899999141693115,13761
2024-07-24,2.5409998893737793,2.552000045776367,2.4860000610351562,2.51200008392334,34457
2024-07-25,2.5329999923706055,2.5369999408721924,2.5179998874664307,2.5239999294281006,40
2024-07-26,2.510999917984009,2.5369999408721924,2.507999897003174,2.5369999408721924,5131
2024-07-29,2.5480000972747803,2.6029999256134033,2.509999990463257,2.509999990463257,1603
2024-07-30,2.571000099182129,2.572000026702881,2.549999952316284,2.549999952316284,810
2024-07-31,2.5290000438690186,2.5759999752044678,2.5239999294281006,2.556999921798706,3944
2024-08-01,2.5169999599456787,2.5759999752044678,2.5190000534057617,2.546999931335449,46381
2024-08-02,2.5445001125335693,2.5420000553131104,2.4790000915527344,2.5309998989105225,5234
2024-08-05,2.48799991607666,2.513000011444092,2.438999891281128,2.502000093460083,4151
2024-08-06,2.505000114440918,2.5309998989105225,2.4830000400543213,2.503000020980835,412
2024-08-07,2.5179998874664307,2.497999906539917,2.4800000190734863,2.4800000190734863,62
2024-08-08,2.494999885559082,2.492000102996826,2.4749999046325684,2.4749999046325684,2031
2024-08-09,2.5285000801086426,2.5269999504089355,2.513000011444092,2.513000011444092,17
2024-08-12,2.554500102996826,2.5929999351501465,2.5399999618530273,2.556999921798706,3435
2024-08-13,2.5309998989105225,2.5799999237060547,2.493000030517578,2.5799999237060547,814
2024-08-14,2.489000082015991,2.5169999599456787,2.5,2.5160000324249268,138
2024-08-15,2.496500015258789,2.5350000858306885,2.489000082015991,2.496000051498413,269
2024-08-16,2.4790000915527344,2.5280001163482666,2.490000009536743,2.5280001163482666,125
2024-08-19,2.565500020980835,2.5439999103546143,2.515000104904175,2.5250000953674316,180
2024-08-20,2.559000015258789,2.5850000381469727,2.5339999198913574,2.5339999198913574,1000
2024-08-21,2.5799999237060547,2.5929999351501465,2.569999933242798,2.578000068664551,5352
2024-08-22,2.5769999027252197,2.6029999256134033,2.568000078201294,2.5940001010894775,6512
2024-08-23,2.629499912261963,2.638000011444092,2.5799999237060547,2.5940001010894775,22975
2024-08-27,2.5915000438690186,2.6510000228881836,2.562999963760376,2.640000104904175,6320
2024-08-28,2.5455000400543213,2.5810000896453857,2.5439999103546143,2.569000005722046,413
2024-08-29,2.5999999046325684,2.6040000915527344,2.565000057220459,2.565000057220459,160
2024-08-30,2.5804998874664307,2.635999917984009,2.5920000076293945,2.5920000076293945,174
2024-09-02,2.5959999561309814,2.6530001163482666,2.5369999408721924,2.6110000610351562,3740
2024-09-03,2.63100004196167,2.628999948501587,2.5880000591278076,2.5980000495910645,5173
2024-09-04,2.5929999351501465,2.5810000896453857,2.5810000896453857,2.5810000896453857,7
2024-09-05,2.5855000019073486,2.5889999866485596,2.5490000247955322,2.5490000247955322,3
2024-09-06,2.5269999504089355,2.563999891281128,2.5,2.552000045776367,3652
2024-09-09,2.510999917984009,2.5339999198913574,2.506999969482422,2.5339999198913574,79
2024-09-10,2.5344998836517334,2.5199999809265137,2.4830000400543213,2.4830000400543213,191
2024-09-11,2.5764999389648438,2.5889999866485596,2.565999984741211,2.5889999866485596,13
2024-09-12,2.5880000591278076,2.632999897003174,2.575000047683716,2.627000093460083,212
2024-09-13,2.6080000400543213,2.61899995803833,2.6059999465942383,2.61899995803833,57
2024-09-16,2.674999952316284,2.687999963760376,2.617000102996826,2.617000102996826,37
2024-09-17,2.6695001125335693,2.703000068664551,2.6570000648498535,2.703000068664551,2221
2024-09-18,2.632999897003174,2.694999933242798,2.6470000743865967,2.694999933242798,422
2024-09-19,2.700500011444092,2.690000057220459,2.690000057220459,2.690000057220459,268
2024-09-20,2.746000051498413,2.75600004196167,2.7230000495910645,2.7239999771118164,16665
2024-09-23,2.7365000247955322,2.7639999389648438,2.7239999771118164,2.73799991607666,1956
2024-09-24,2.746999979019165,2.7829999923706055,2.71016001701355,2.7639999389648438,2686
2024-09-25,2.742500066757202,2.753000020980835,2.690000057220459,2.740000009536743,1687
2024-09-26,2.749500036239624,2.740999937057495,2.740999937057495,2.740999937057495,1640
2024-09-27,2.7095000743865967,2.7095000743865967,2.7095000743865967,2.7095000743865967,0
2024-09-30,2.740000009536743,2.7820000648498535,2.7219998836517334,2.740000009536743,19759
2024-10-01,2.7274999618530273,2.7639999389648438,2.7100000381469727,2.7100000381469727,277
2024-10-02,2.7309999465942383,2.736999988555908,2.7039999961853027,2.7039999961853027,5551
2024-10-03,2.684999942779541,2.7750000953674316,2.6700000762939453,2.694000005722046,2124
2024-10-04,2.7260000705718994,2.734999895095825,2.6440000534057617,2.7149999141693115,1097
2024-10-07,2.750499963760376,2.750999927520752,2.7260000705718994,2.7300000190734863,12150
2024-10-08,2.674999952316284,2.743000030517578,2.694000005722046,2.743000030517578,251
2024-10-09,2.7044999599456787,2.690999984741211,2.6579999923706055,2.6579999923706055,244
2024-10-10,2.687000036239624,2.687000036239624,2.674999952316284,2.674999952316284,6853
2024-10-11,2.736999988555908,2.743000030517578,2.7090001106262207,2.736999988555908,143
2024-10-14,2.6470000743865967,2.671999931335449,2.621000051498413,2.671999931335449,6655
2024-10-15,2.6389999389648438,2.6700000762939453,2.615000009536743,2.615000009536743,1153
2024-10-16,2.6684999465942383,2.6700000762939453,2.6700000762939453,2.6700000762939453,15
2024-10-17,2.6410000324249268,2.6410000324249268,2.5999999046325684,2.619999885559082,1053
2024-10-18,2.6419999599456787,2.6700000762939453,2.6029999256134033,2.6519999504089355,4434
2024-10-21,2.700500011444092,2.6989998817443848,2.6619999408721924,2.681999921798706,2056
2024-10-22,2.684000015258789,2.734999895095825,2.683000087738037,2.693000078201294,34
2024-10-23,2.7105000019073486,2.7170000076293945,2.694999933242798,2.694999933242798,1349
2024-10-24,2.7028000354766846,2.7028000354766846,2.7028000354766846,2.7028000354766846,23854
2024-10-25,2.6489999294281006,2.6530001163482666,2.6530001163482666,2.6530001163482666,1180
2024-10-28,2.628499984741211,2.6470000743865967,2.6050000190734863,2.634999990463257,384
2024-10-29,2.6429998874664307,2.6429998874664307,2.5999999046325684,2.6429998874664307,8349
2024-10-30,2.618499994277954,2.63700008392334,2.625,2.625,22
2024-10-31,2.5894999504089355,2.619999885559082,2.5999999046325684,2.615000009536743,1271
2024-11-01,2.626499891281128,2.6600000858306885,2.5510001182556152,2.5510001182556152,544
2024-11-04,2.6070001125335693,2.640000104904175,2.625999927520752,2.634000062942505,33
2024-11-05,2.611999988555908,2.5950000286102295,2.5889999866485596,2.5889999866485596,325
2024-11-06,2.6019999980926514,2.6029999256134033,2.5799999237060547,2.5850000381469727,1423
2024-11-07,2.6554999351501465,2.6619999408721924,2.5840001106262207,2.6419999599456787,3944
2024-11-08,2.629499912261963,2.640000104904175,2.617000102996826,2.634999990463257,9072
2024-11-11,2.609499931335449,2.6589999198913574,2.6480000019073486,2.6589999198913574,18
2024-11-12,2.5824999809265137,2.618000030517578,2.6029999256134033,2.618000030517578,18
2024-11-13,2.5464999675750732,2.6080000400543213,2.5399999618530273,2.5399999618530273,52
2024-11-14,2.563499927520752,2.5869998931884766,2.559999942779541,2.559999942779541,8204
2024-11-15,2.508500099182129,2.572999954223633,2.490000009536743,2.5209999084472656,5848
2024-11-18,2.500499963760376,2.503000020980835,2.490000009536743,2.503000020980835,1558
2024-11-19,2.503499984741211,2.4830000400543213,2.438999891281128,2.450000047683716,4745
2024-11-20,2.5415000915527344,2.5250000953674316,2.4800000190734863,2.513000011444092,1394
2024-11-21,2.559999942779541,2.566999912261963,2.5239999294281006,2.555999994277954,15624
2024-11-22,2.562999963760376,2.5899999141693115,2.503000020980835,2.571000099182129,689
2024-11-25,2.5905001163482666,2.617000102996826,2.5759999752044678,2.5899999141693115,40671
2024-11-26,2.5869998931884766,2.5769999027252197,2.5739998817443848,2.5739998817443848,729
2024-11-27,2.5929999351501465,2.5959999561309814,2.5829999446868896,2.5920000076293945,7839
2024-11-28,2.5980000495910645,2.5490000247955322,2.5490000247955322,2.5490000247955322,952
2024-11-29,2.6080000400543213,2.6559998989105225,2.5399999618530273,2.5399999618530273,13105
2024-12-02,2.5864999294281006,2.634000062942505,2.5490000247955322,2.5490000247955322,35
2024-12-03,2.5875000953674316,2.6029999256134033,2.555000066757202,2.555000066757202,3626
2024-12-04,2.5880000591278076,2.5840001106262207,2.5840001106262207,2.5840001106262207,1
2024-12-05,2.577500104904175,2.5999999046325684,2.5940001010894775,2.5999999046325684,2772
2024-12-06,2.5429999828338623,2.572000026702881,2.5490000247955322,2.559999942779541,1845
2024-12-09,2.547499895095825,2.5739998817443848,2.5220000743865967,2.546999931335449,925
2024-12-10,2.5190000534057617,2.5329999923706055,2.51200008392334,2.5329999923706055,1525
2024-12-11,2.5260000228881836,2.5460000038146973,2.51200008392334,2.5139999389648438,416
2024-12-12,2.5464999675750732,2.555000066757202,2.503999948501587,2.503999948501587,274
2024-12-13,2.5169999599456787,2.5299999713897705,2.5209999084472656,2.5299999713897705,13
2024-12-16,2.5134999752044678,2.5380001068115234,2.507999897003174,2.51200008392334,6108
2024-12-17,2.49399995803833,2.51200008392334,2.486999988555908,2.486999988555908,1824
2024-12-18,2.4865000247955322,2.486999988555908,2.4700000286102295,2.4700000286102295,34
2024-12-19,2.4535000324249268,2.4730000495910645,2.4549999237060547,2.4730000495910645,2547
2024-12-20,2.453000068664551,2.4839999675750732,2.4560000896453857,2.4839999675750732,29
2024-12-23,2.5230000019073486,2.5439999103546143,2.49399995803833,2.49399995803833,1076
2024-12-24,2.510499954223633,2.5220000743865967,2.509999990463257,2.509999990463257,4880
2024-12-27,2.492000102996826,2.5350000858306885,2.447000026702881,2.5199999809265137,6543
2024-12-30,2.492500066757202,2.497999906539917,2.490000009536743,2.496999979019165,4921
2024-12-31,2.491499900817871,2.505000114440918,2.4560000896453857,2.505000114440918,713
2025-01-02,2.508500099182129,2.5260000228881836,2.496999979019165,2.496999979019165,1951
2025-01-03,2.4595000743865967,2.4730000495910645,2.4700000286102295,2.4700000286102295,1283
2025-01-06,2.492000102996826,2.4860000610351562,2.4660000801086426,2.4660000801086426,1003
2025-01-07,2.500499963760376,2.510999917984009,2.503999948501587,2.510999917984009,421
2025-01-08,2.4860000610351562,2.496000051498413,2.4820001125335693,2.484999895095825,676
2025-01-09,2.484999895095825,2.4790000915527344,2.4790000915527344,2.4790000915527344,18
2025-01-10,2.486999988555908,2.4779999256134033,2.4779999256134033,2.4779999256134033,20
2025-01-13,2.44350004196167,2.444000005722046,2.427999973297119,2.437000036239624,862
2025-01-14,2.4514999389648438,2.48799991607666,2.4579999446868896,2.4679999351501465,17541
2025-01-15,2.4584999084472656,2.4820001125335693,2.4549999237060547,2.4590001106262207,1347
2025-01-16,2.437000036239624,2.506999969482422,2.430000066757202,2.434999942779541,15344
2025-01-17,2.4560000896453857,2.4830000400543213,2.424999952316284,2.4260001182556152,101771
2025-01-20,2.4595000743865967,2.4730000495910645,2.444999933242798,2.444999933242798,327
2025-01-21,2.44950008392334,2.44950008392334,2.44950008392334,2.44950008392334,0
2025-01-22,2.4605000019073486,2.4719998836517334,2.4719998836517334,2.4719998836517334,42
2025-01-23,2.44950008392334,2.4779999256134033,2.447000026702881,2.4779999256134033,1403
2025-01-24,2.4660000801086426,2.51200008392334,2.430999994277954,2.4809999465942383,1224
2025-01-27,2.4574999809265137,2.4760000705718994,2.437999963760376,2.4709999561309814,12642
2025-01-28,2.4619998931884766,2.4579999446868896,2.437000036239624,2.437000036239624,5442
2025-01-29,2.4375,2.4590001106262207,2.434000015258789,2.444000005722046,4
2025-01-30,2.4184999465942383,2.440999984741211,2.4149999618530273,2.4230000972747803,61388
2025-01-31,2.3970000743865967,2.4059998989105225,2.3910000324249268,2.4000000953674316,9172
2025-02-03,2.3959999084472656,2.4079999923706055,2.3737800121307373,2.374000072479248,6245
2025-02-04,2.437999963760376,2.4700000286102295,2.4040000438690186,2.4040000438690186,91281
2025-02-05,2.4230000972747803,2.484999895095825,2.424999952316284,2.4489998817443848,17364
2025-02-06,2.4075000286102295,2.4130001068115234,2.3989999294281006,2.4049999713897705,33951
2025-02-07,2.4049999713897705,2.421999931335449,2.4119999408721924,2.421999931335449,6443
2025-02-10,2.430000066757202,2.438999891281128,2.380000114440918,2.4159998893737793,6977
2025-02-11,2.4590001106262207,2.446000099182129,2.440999984741211,2.440999984741211,267
2025-02-12,2.4735000133514404,2.4660000801086426,2.4549999237060547,2.4579999446868896,15076
2025-02-13,2.436500072479248,2.4570000171661377,2.434999942779541,2.4519999027252197,15541
2025-02-14,2.4560000896453857,2.484999895095825,2.4179999828338623,2.4179999828338623,20471
2025-02-17,2.450000047683716,2.503999948501587,2.434999942779541,2.496000051498413,1010
2025-02-18,2.4760000705718994,2.5199999809265137,2.4639999866485596,2.4800000190734863,34968
2025-02-19,2.436000108718872,2.50600004196167,2.441999912261963,2.441999912261963,5141
2025-02-20,2.424999952316284,2.440000057220459,2.4200000762939453,2.4200000762939453,19363
2025-02-21,2.4210000038146973,2.427999973297119,2.4140000343322754,2.4149999618530273,63366
2025-02-24,2.440999984741211,2.4600000381469727,2.4070000648498535,2.4170000553131104,7057
2025-02-25,2.427500009536743,2.4189999103546143,2.4130001068115234,2.4189999103546143,316
2025-02-26,2.4200000762939453,2.4560000896453857,2.4000000953674316,2.4059998989105225,25032
2025-02-27,2.4140000343322754,2.4040000438690186,2.4000000953674316,2.4000000953674316,230
2025-02-28,2.371999979019165,2.4040000438690186,2.359999895095825,2.390000104904175,2645
2025-03-03,2.3570001125335693,2.4070000648498535,2.3499999046325684,2.3589999675750732,5121
2025-03-04,2.248500108718872,2.309000015258789,2.24399995803833,2.2950000762939453,108282
2025-03-05,2.2790000438690186,2.305999994277954,2.2699999809265137,2.2769999504089355,7790
2025-03-06,2.3570001125335693,2.322000026702881,2.312000036239624,2.312000036239624,6501
2025-03-07,2.3580000400543213,2.3519999980926514,2.3299999237060547,2.3369998931884766,207
2025-03-10,2.377500057220459,2.431999921798706,2.3540000915527344,2.3540000915527344,59
2025-03-11,2.377500057220459,2.421999931335449,2.364000082015991,2.364000082015991,15175
2025-03-12,2.4010000228881836,2.4049999713897705,2.3919999599456787,2.3919999599456787,1505
2025-03-13,2.4040000438690186,2.4010000228881836,2.3929998874664307,2.3949999809265137,4033
2025-03-14,2.4200000762939453,2.4210000038146973,2.4000000953674316,2.4210000038146973,1047
2025-03-17,2.4045000076293945,2.428999900817871,2.4040000438690186,2.428999900817871,159
2025-03-18,2.3959999084472656,2.4049999713897705,2.390000104904175,2.3970000743865967,6080
2025-03-19,2.380500078201294,2.377000093460083,2.377000093460083,2.377000093460083,122
2025-03-20,2.376499891281128,2.368000030517578,2.368000030517578,2.368000030517578,25454
2025-03-21,2.3529999256134033,2.3519999980926514,2.3480000495910645,2.3480000495910645,1506
2025-03-24,2.3585000038146973,2.377000093460083,2.3480000495910645,2.377000093460083,10904
2025-03-25,2.3485000133514404,2.36899995803833,2.3559999465942383,2.36899995803833,36
2025-03-26,2.365000009536743,2.384000062942505,2.3589999675750732,2.384000062942505,354
2025-03-27,2.4014999866485596,2.4110000133514404,2.368000030517578,2.4010000228881836,62183
2025-03-28,2.4010000228881836,2.4089999198913574,2.3970000743865967,2.4030001163482666,1798
2025-03-31,2.3954999446868896,2.4019999504089355,2.384000062942505,2.3980000019073486,2436
2025-04-01,2.444999933242798,2.440999984741211,2.3959999084472656,2.3989999294281006,7981
2025-04-02,2.452500104904175,2.493000030517578,2.453000068664551,2.4560000896453857,35039
2025-04-03,2.315000057220459,2.3350000381469727,2.299999952316284,2.3269999027252197,5510
2025-04-04,2.240999937057495,2.318000078201294,2.135999917984009,2.2890000343322754,70971
2025-04-07,2.3345000743865967,2.3499999046325684,2.25,2.252000093460083,13934
2025-04-08,2.368499994277954,2.384000062942505,2.302999973297119,2.365999937057495,213
2025-04-09,2.36299991607666,2.371000051498413,2.2990000247955322,2.3440001010894775,7953
2025-04-10,2.4040000438690186,2.4240000247955322,2.371000051498413,2.371999979019165,17847
2025-04-11,2.384999990463257,2.4040000438690186,2.3420000076293945,2.3989999294281006,1074
2025-04-14,2.3394999504089355,2.4200000762939453,2.3589999675750732,2.4200000762939453,2369
2025-04-15,2.367000102996826,2.375999927520752,2.309000015258789,2.3540000915527344,855
2025-04-16,2.370500087738037,2.371999979019165,2.3480000495910645,2.3480000495910645,7
2025-04-17,2.384999990463257,2.385999917984009,2.372999906539917,2.372999906539917,1197
2025-04-22,2.3949999809265137,2.4130001068115234,2.368000030517578,2.3889999389648438,4118
2025-04-23,2.4375,2.4690001010894775,2.4260001182556152,2.4560000896453857,44085
2025-04-24,2.4704999923706055,2.4679999351501465,2.440000057220459,2.4509999752044678,13018
2025-04-25,2.452500104904175,2.499000072479248,2.4660000801086426,2.4690001010894775,1624
2025-04-28,2.4084999561309814,2.433000087738037,2.4030001163482666,2.430000066757202,878
2025-04-29,2.376499891281128,2.4100000858306885,2.4010000228881836,2.4010000228881836,3787
2025-04-30,2.3475000858306885,2.365000009536743,2.3489999771118164,2.3510000705718994,11249
2025-05-01,2.3420000076293945,2.3499999046325684,2.3410000801086426,2.3480000495910645,6489
2025-05-02,2.43149995803833,2.4549999237060547,2.3589999675750732,2.372999906539917,11510
2025-05-06,2.427000045776367,2.434999942779541,2.430000066757202,2.430000066757202,191
2025-05-07,2.4175000190734863,2.450000047683716,2.4149999618530273,2.430000066757202,5475
2025-05-08,2.378499984741211,2.4059998989105225,2.3970000743865967,2.4059998989105225,2
2025-05-09,2.3864998817443848,2.4089999198913574,2.375999927520752,2.4089999198913574,10
2025-05-12,2.4019999504089355,2.4609999656677246,2.4140000343322754,2.4609999656677246,530
2025-05-13,2.372499942779541,2.3910000324249268,2.371999979019165,2.3910000324249268,3341
2025-05-14,2.3635001182556152,2.375999927520752,2.361999988555908,2.361999988555908,7522
2025-05-15,2.3299999237060547,2.367000102996826,2.3329999446868896,2.367000102996826,56
2025-05-16,2.3259999752044678,2.3429999351501465,2.3359999656677246,2.3359999656677246,1018
2025-05-19,2.3559999465942383,2.371000051498413,2.309999942779541,2.309999942779541,12165
2025-05-20,2.359999895095825,2.3529999256134033,2.3410000801086426,2.3529999256134033,182
2025-05-21,2.3564999103546143,2.359999895095825,2.3450000286102295,2.3450000286102295,286
2025-05-22,2.3350000381469727,2.3610000610351562,2.3399999141693115,2.3610000610351562,1319
2025-05-23,2.365000009536743,2.3559999465942383,2.3310000896453857,2.3420000076293945,907
2025-05-27,2.3464999198913574,2.367000102996826,2.3540000915527344,2.367000102996826,2000
2025-05-28,2.3289999961853027,2.3350000381469727,2.3299999237060547,2.3350000381469727,13451
2025-05-29,2.313999891281128,2.3499999046325684,2.3150999546051025,2.3320000171661377,81576
2025-05-30,2.325500011444092,2.3469998836517334,2.309999942779541,2.312000036239624,720
2025-06-02,2.369499921798706,2.385999917984009,2.359999895095825,2.3610000610351562,917
2025-06-03,2.365999937057495,2.36299991607666,2.3440001010894775,2.3440001010894775,53111
2025-06-04,2.3299999237060547,2.3580000400543213,2.3350000381469727,2.3580000400543213,14
2025-06-05,2.3394999504089355,2.3589999675750732,2.322999954223633,2.3380000591278076,21579
2025-06-06,2.3564999103546143,2.3499999046325684,2.3499999046325684,2.3499999046325684,557
2025-06-09,2.3524999618530273,2.3559999465942383,2.3420000076293945,2.3559999465942383,865
2025-06-10,2.3394999504089355,2.364000082015991,2.3559999465942383,2.3580000400543213,102
2025-06-11,2.3385000228881836,2.375999927520752,2.2850000858306885,2.2850000858306885,68738
2025-06-12,2.315500020980835,2.3320000171661377,2.321000099182129,2.325000047683716,1689
2025-06-13,2.3524999618530273,2.3440001010894775,2.3299999237060547,2.3440001010894775,3962
2025-06-16,2.3534998893737793,2.378000020980835,2.3420000076293945,2.378000020980835,12
2025-06-17,2.3485000133514404,2.384000062942505,2.3540000915527344,2.384000062942505,8
2025-06-18,2.311000108718872,2.321000099182129,2.2990000247955322,2.319999933242798,1844
2025-06-19,2.305999994277954,2.3529999256134033,2.2950000762939453,2.3489999771118164,19828
2025-06-20,2.308500051498413,2.328000068664551,2.2679998874664307,2.305999994277954,670
2025-06-23,2.325000047683716,2.3350000381469727,2.2980000972747803,2.305000066757202,8334
2025-06-24,2.361999988555908,2.359999895095825,2.302000045776367,2.302000045776367,1651
2025-06-25,2.36299991607666,2.3570001125335693,2.3570001125335693,2.3570001125335693,2003
2025-06-26,2.383500099182129,2.369999885559082,2.3459999561309814,2.369999885559082,728
2025-06-27,2.3989999294281006,2.4049999713897705,2.3910000324249268,2.4049999713897705,19905
2025-06-30,2.3884999752044678,2.382889986038208,2.369999885559082,2.369999885559082,2240
2025-07-01,2.36899995803833,2.3929998874664307,2.3570001125335693,2.369999885559082,2715
2025-07-02,2.373500108718872,2.374000072479248,2.361999988555908,2.374000072479248,1310
2025-07-03,2.366499900817871,2.375,2.374000072479248,2.374000072479248,503
2025-07-04,2.369499921798706,2.384000062942505,2.384000062942505,2.384000062942505,2
2025-07-07,2.3415000438690186,2.3369998931884766,2.3369998931884766,2.3369998931884766,0
2025-07-08,2.3285000324249268,2.3529999256134033,2.3340001106262207,2.3510000705718994,75978
2025-07-09,2.3494999408721924,2.3489999771118164,2.3399999141693115,2.3399999141693115,2120
2025-07-10,2.3420000076293945,2.3420000076293945,2.3420000076293945,2.3420000076293945,0
2025-07-11,2.3355000019073486,2.3469998836517334,2.3320000171661377,2.3320000171661377,18999
2025-07-14,2.3485000133514404,2.3519999980926514,2.3369998931884766,2.3369998931884766,136291
2025-07-15,2.381999969482422,2.36899995803833,2.3559999465942383,2.3559999465942383,12241
2025-07-16,2.378000020980835,2.4049999713897705,2.36899995803833,2.375999927520752,2023
2025-07-17,2.375499963760376,2.374000072479248,2.372999906539917,2.372999906539917,146
2025-07-18,2.370500087738037,2.3970000743865967,2.375,2.3940000534057617,2700
2025-07-21,2.359999895095825,2.38100004196167,2.361999988555908,2.369999885559082,2608
2025-07-22,2.3585000038146973,2.361999988555908,2.3610000610351562,2.3610000610351562,11
2025-07-23,2.36899995803833,2.3970000743865967,2.371999979019165,2.374000072479248,686
2025-07-24,2.385499954223633,2.381999969482422,2.371999979019165,2.377000093460083,534
2025-07-25,2.36299991607666,2.38100004196167,2.378000020980835,2.378000020980835,5009
2025-07-28,2.376499891281128,2.375,2.361999988555908,2.371000051498413,449
2025-07-29,2.3445000648498535,2.36899995803833,2.3499999046325684,2.36899995803833,1470
2025-07-30,2.3380000591278076,2.3440001010894775,2.3399999141693115,2.3440001010894775,70
2025-07-31,2.3424999713897705,2.3399999141693115,2.3399999141693115,2.3399999141693115,3704
2025-08-01,2.305000066757202,2.3259999752044678,2.3259999752044678,2.3259999752044678,4
2025-08-04,2.315000057220459,2.3289999961853027,2.315000057220459,2.315000057220459,9
2025-08-05,2.3294999599456787,2.3299999237060547,2.318000078201294,2.321000099182129,25174
2025-08-06,2.3259999752044678,2.3329999446868896,2.3329999446868896,2.3329999446868896,0
2025-08-07,2.320499897003174,2.321000099182129,2.321000099182129,2.321000099182129,12784
2025-08-08,2.310499906539917,2.309999942779541,2.2890000343322754,2.2960000038146973,21815
2025-08-11,2.319999933242798,2.3289999961853027,2.321000099182129,2.3289999961853027,28910
2025-08-12,2.3320000171661377,2.3269999027252197,2.316999912261963,2.316999912261963,801
2025-08-13,2.3575000762939453,2.3575000762939453,2.3575000762939453,2.3575000762939453,0
2025-08-14,2.3505001068115234,2.3459999561309814,2.3459999561309814,2.3459999561309814,0
2025-08-15,2.3399999141693115,2.343980073928833,2.3380000591278076,2.3389999866485596,1221
2025-08-18,2.3505001068115234,2.3559999465942383,2.3399999141693115,2.3420000076293945,549
2025-08-19,2.3385000228881836,2.3399999141693115,2.3380000591278076,2.3399999141693115,4
2025-08-20,2.3445000648498535,2.3580000400543213,2.3540000915527344,2.3540000915527344,5202
2025-08-21,2.3480000495910645,2.3469998836517334,2.3440001010894775,2.3469998836517334,21006
2025-08-22,2.371999979019165,2.3580000400543213,2.3489999771118164,2.3559999465942383,10078
2025-08-26,2.318000078201294,2.36899995803833,2.319000005722046,2.3420000076293945,27328
2025-08-27,2.319000005722046,2.321000099182129,2.315000057220459,2.321000099182129,16
2025-08-28,2.3385000228881836,2.3540000915527344,2.309999942779541,2.309999942779541,286
2025-08-29,2.315999984741211,2.3420000076293945,2.322000026702881,2.3420000076293945,11808
2025-09-01,2.313999891281128,2.3450000286102295,2.2835700511932373,2.3450000286102295,146
2025-09-02,2.296999931335449,2.321000099182129,2.2980000972747803,2.302000045776367,17802
2025-09-03,2.303499937057495,2.325000047683716,2.2990000247955322,2.2990000247955322,82
2025-09-04,2.2945001125335693,2.306999921798706,2.305999994277954,2.305999994277954,706
2025-09-05,2.30049991607666,2.309000015258789,2.2939999103546143,2.2939999103546143,1121
2025-09-08,2.303499937057495,2.305999994277954,2.2929999828338623,2.2960000038146973,821
2025-09-09,2.311000108718872,2.312000036239624,2.305000066757202,2.309000015258789,2684
2025-09-10,2.3269999027252197,2.3269999027252197,2.322999954223633,2.3239998817443848,13751
2025-09-11,2.3294999599456787,2.3259999752044678,2.312999963760376,2.312999963760376,20059
2025-09-12,2.322000026702881,2.322000026702881,2.313999891281128,2.318000078201294,11896
2025-09-15,2.325500011444092,2.328000068664551,2.313999891281128,2.3239998817443848,2190
2025-09-16,2.3480000495910645,2.3450000286102295,2.322999954223633,2.322999954223633,31
2025-09-17,2.3440001010894775,2.36299991607666,2.3529999256134033,2.3529999256134033,91282
2025-09-18,2.325000047683716,2.3299999237060547,2.3259999752044678,2.3289999961853027,464
2025-09-19,2.313499927520752,2.3340001106262207,2.319000005722046,2.319000005722046,13350
2025-09-22,2.308500051498413,2.311000108718872,2.311000108718872,2.311000108718872,2
2025-09-23,2.321000099182129,2.3259999752044678,2.305999994277954,2.306999921798706,65979
2025-09-24,2.305500030517578,2.318000078201294,2.313999891281128,2.318000078201294,685
2025-09-25,2.308000087738037,2.305999994277954,2.305000066757202,2.305000066757202,809
2025-09-26,2.306999921798706,2.309999942779541,2.302999973297119,2.302999973297119,29
2025-09-29,2.309999942779541,2.316999912261963,2.309999942779541,2.312999963760376,37
2025-09-30,2.2920000553131104,2.2920000553131104,2.2739999294281006,2.2820000648498535,9794
2025-10-01,2.2799999713897705,2.2950000762939453,2.2730000019073486,2.2899999618530273,251
2025-10-02,2.2709999084472656,2.2939999103546143,2.2920000553131104,2.2920000553131104,5
2025-10-03,2.2825000286102295,2.2730000019073486,2.2660000324249268,2.2660000324249268,20
2025-10-06,2.2744998931884766,2.2839999198913574,2.2809998989105225,2.2809998989105225,158
2025-10-07,2.251499891281128,2.2709999084472656,2.255000114440918,2.2699999809265137,401
2025-10-08,2.25600004196167,2.25,2.243000030517578,2.25,3979
2025-10-09,2.259000062942505,2.2720000743865967,2.265000104904175,2.2690000534057617,32813
2025-10-10,2.2249999046325684,2.25,2.240999937057495,2.246000051498413,195
2025-10-13,2.2300000190734863,2.247999906539917,2.2279999256134033,2.244999885559082,2251
2025-10-14,2.2084999084472656,2.2160000801086426,2.200000047683716,2.200000047683716,7198
2025-10-15,2.2295000553131104,2.2320001125335693,2.2149999141693115,2.2300000190734863,2291
2025-10-16,2.2265000343322754,2.2260000705718994,2.2130000591278076,2.2239999771118164,718
2025-10-17,2.237499952316284,2.2239999771118164,2.2239999771118164,2.2239999771118164,8
2025-10-20,2.248500108718872,2.263000011444092,2.24399995803833,2.247999906539917,845
2025-10-21,2.256999969482422,2.253000020980835,2.2300000190734863,2.2300000190734863,144
2025-10-22,2.2330000400543213,2.25,2.242000102996826,2.25,279
2025-10-23,2.2330000400543213,2.23799991607666,2.23799991607666,2.23799991607666,31
2025-10-24,2.2437798976898193,2.2437798976898193,2.2437798976898193,2.2437798976898193,0
2025-10-27,2.255000114440918,2.2709999084472656,2.260999917984009,2.2679998874664307,2176
2025-10-28,2.2639999389648438,2.2720000743865967,2.255000114440918,2.2699999809265137,310
2025-10-29,2.299999952316284,2.303999900817871,2.2769999504089355,2.299999952316284,39809
2025-10-30,2.2769999504089355,2.2750000953674316,2.263000011444092,2.2669999599456787,9565
2025-10-31,2.2874999046325684,2.2679998874664307,2.26200008392334,2.2669999599456787,642
2025-11-03,2.2855000495910645,2.302999973297119,2.2799999713897705,2.296999931335449,42776
2025-11-04,2.2874999046325684,2.2890000343322754,2.2790000438690186,2.2890000343322754,15381
2025-11-05,2.2850000858306885,2.2790000438690186,2.2780001163482666,2.2780001163482666,105
2025-11-06,2.263000011444092,2.2760000228881836,2.2760000228881836,2.2760000228881836,3849
2025-11-07,2.2260000705718994,2.259999990463257,2.25600004196167,2.25600004196167,414
2025-11-10,2.2360000610351562,2.265000104904175,2.240000009536743,2.265000104904175,34
2025-11-11,2.245500087738037,2.259000062942505,2.240999937057495,2.255000114440918,1067
2025-11-12,2.2119998931884766,2.2320001125335693,2.2320001125335693,2.2320001125335693,9
2025-11-13,2.2079999446868896,2.2200000286102295,2.2179999351501465,2.2179999351501465,2374
2025-11-14,2.2214999198913574,2.2130000591278076,2.197000026702881,2.2079999446868896,17809
2025-11-17,2.191499948501587,2.197999954223633,2.190000057220459,2.194000005722046,29395
2025-11-18,2.2160000801086426,2.2049999237060547,2.191999912261963,2.194999933242798,10949
2025-11-19,2.196000099182129,2.2119998931884766,2.194010019302368,2.203000068664551,2502
2025-11-20,2.184499979019165,2.197000026702881,2.184000015258789,2.190000057220459,10833
2025-11-21,2.1735000610351562,2.1760001182556152,2.1600000858306885,2.1740000247955322,83504
2025-11-24,2.196500062942505,2.2039999961853027,2.196000099182129,2.2039999961853027,821
2025-11-25,2.190000057220459,2.2079999446868896,2.187999963760376,2.2070000171661377,89230
2025-11-26,2.2130000591278076,2.197000026702881,2.197000026702881,2.197000026702881,75
2025-11-27,2.2090001106262207,2.240000009536743,2.174999952316284,2.2209999561309814,623
2025-11-28,2.2144999504089355,2.25,2.1500000953674316,2.25,11339
2025-12-01,2.2044999599456787,2.2079999446868896,2.2060000896453857,2.2079999446868896,216
2025-12-02,2.2109999656677246,2.2170000076293945,2.184999942779541,2.2049999237060547,20630
2025-12-03,2.2095000743865967,2.2130000591278076,2.2130000591278076,2.2130000591278076,7238
2025-12-04,2.200500011444092,2.2139999866485596,2.200000047683716,2.2139999866485596,15640
2025-12-05,2.186500072479248,2.2239999771118164,2.196000099182129,2.2239999771118164,7515
2025-12-08,2.186000108718872,2.197999954223633,2.186000108718872,2.197999954223633,2921
2025-12-09,2.188999891281128,2.190000057220459,2.183000087738037,2.183000087738037,13819
2025-12-10,2.190000057220459,2.194999933242798,2.190000057220459,2.190999984741211,17058
2025-12-11,2.194000005722046,2.194999933242798,2.190999984741211,2.190999984741211,6508
2025-12-12,2.183000087738037,2.200000047683716,2.183000087738037,2.188999891281128,1807
2025-12-15,2.188999891281128,2.203000068664551,2.188999891281128,2.194000005722046,9390
2025-12-16,2.1614999771118164,2.190000057220459,2.190000057220459,2.190000057220459,2723
2025-12-17,2.17549991607666,2.177000045776367,2.1689999103546143,2.1689999103546143,35059
2025-12-18,2.177999973297119,2.180000066757202,2.180000066757202,2.180000066757202,103
2025-12-19,2.181999921798706,2.186000108718872,2.186000108718872,2.186000108718872,17
2025-12-22,2.178499937057495,2.194999933242798,2.186000108718872,2.186000108718872,236
2025-12-23,2.200000047683716,2.200000047683716,1.92917001247406,2.187000036239624,17939
2025-12-24,2.194999933242798,2.2019999027252197,2.191999912261963,2.200000047683716,1
2025-12-29,2.2155001163482666,2.240999937057495,2.2060000896453857,2.2090001106262207,1507
2025-12-30,2.2079999446868896,2.2200000286102295,2.210020065307617,2.2179999351501465,4535
2025-12-31,2.2090001106262207,2.2119998931884766,2.2119998931884766,2.2119998931884766,18940
2026-01-02,2.187999963760376,2.2290000915527344,2.184999942779541,2.188999891281128,393
2026-01-05,2.2135000228881836,2.2149999141693115,2.2060000896453857,2.2060000896453857,6004
2026-01-06,2.247999906539917,2.243000030517578,2.2300000190734863,2.2300000190734863,8178
2026-01-07,2.234999895095825,2.246999979019165,2.234999895095825,2.246999979019165,18420
2026-01-08,2.2144999504089355,2.2239999771118164,2.2119998931884766,2.2239999771118164,30983
2026-01-09,2.2144999504089355,2.2109999656677246,2.2090001106262207,2.2090001106262207,1007
2026-01-12,2.2360000610351562,2.240000009536743,2.236999988555908,2.236999988555908,475
2026-01-13,2.2284998893737793,2.23799991607666,2.2309999465942383,2.2320001125335693,29
2026-01-14,2.2274999618530273,2.2339999675750732,2.2300000190734863,2.2339999675750732,932
2026-01-15,2.2269999980926514,2.256999969482422,2.2269999980926514,2.2300000190734863,7663
2026-01-16,2.2179999351501465,2.246999979019165,2.2149999141693115,2.2179999351501465,19076
2026-01-19,2.2204999923706055,2.2204999923706055,2.2204999923706055,2.2204999923706055,0
2026-01-20,2.2165000438690186,2.2200000286102295,2.2200000286102295,2.2200000286102295,495
2026-01-21,2.2149999141693115,2.2119998931884766,2.183000087738037,2.2119998931884766,82
2026-01-22,2.2105000019073486,2.2209999561309814,2.2100000381469727,2.2170000076293945,30735
2026-01-23,2.19950008392334,2.2179999351501465,2.188999891281128,2.194000005722046,1385
2026-01-26,2.1545000076293945,2.188999891281128,2.1500000953674316,2.184000015258789,38671
2026-01-27,2.1875,2.186000108718872,2.1649999618530273,2.1740000247955322,24611
2026-01-28,2.197000026702881,2.2130000591278076,2.197000026702881,2.2049999237060547,6382
2026-01-29,2.1740000247955322,2.2009999752044678,2.1389999389648438,2.200000047683716,103454
2026-01-30,2.174999952316284,2.178999900817871,2.1700000762939453,2.1700000762939453,1655
2026-02-02,2.1630001068115234,2.1549999713897705,2.1429998874664307,2.1480000019073486,2416
2026-02-03,2.1549999713897705,2.1549999713897705,2.1549999713897705,2.1549999713897705,9553
2026-02-04,2.1470000743865967,2.1519999504089355,2.1429998874664307,2.1500000953674316,2214
2026-02-05,2.121000051498413,2.134999990463257,2.125,2.134999990463257,118
2026-02-06,2.118499994277954,2.124000072479248,2.117000102996826,2.11899995803833,5595
2026-02-09,2.121999979019165,2.118000030517578,2.0999999046325684,2.109999895095825,42484
2026-02-10,2.132499933242798,2.1389999389648438,2.13100004196167,2.132999897003174,23288
2026-02-11,2.127000093460083,2.127000093460083,2.127000093460083,2.127000093460083,56
2026-02-12,2.128000020980835,2.132999897003174,2.128000020980835,2.132999897003174,4519
2026-02-13,2.128999948501587,2.134999990463257,2.132999897003174,2.132999897003174,8338
2026-02-16,2.134000062942505,2.1640000343322754,2.128999948501587,2.128999948501587,57
2026-02-17,2.1135001182556152,2.125999927520752,2.11299991607666,2.125999927520752,151
2026-02-18,2.127500057220459,2.128000020980835,2.125999927520752,2.125999927520752,2463
2026-02-19,2.127000093460083,2.13700008392334,2.13100004196167,2.13700008392334,10458
2026-02-20,2.179500102996826,2.1679999828338623,2.1510000228881836,2.1510000228881836,6534
2026-02-23,2.1705000400543213,2.180000066757202,2.180000066757202,2.180000066757202,178
2026-02-24,2.187999963760376,2.1989998817443848,2.184999942779541,2.184999942779541,26610
2026-02-25,2.200000047683716,2.2019999027252197,2.1989998817443848,2.1989998817443848,59996
2026-02-26,2.183000087738037,2.180999994277954,2.180999994277954,2.180999994277954,13533
2026-02-27,2.1875,2.180000066757202,2.1740000247955322,2.180000066757202,3059
2026-03-02,2.1565001010894775,2.1619999408721924,2.1559998989105225,2.1710000038146973,12671
2026-03-03,2.131999969482422,2.1579999923706055,2.128999948501587,2.1579999923706055,32349
2026-03-04,2.1449999809265137,2.1549999713897705,2.1419999599456787,2.1419999599456787,1257
2026-03-05,2.121000051498413,2.1410000324249268,2.121000051498413,2.1410000324249268,2173
2026-03-06,2.138000011444092,2.1489999294281006,2.138000011444092,2.1429998874664307,15108
2026-03-09,2.1519999504089355,2.171999931335449,2.1429998874664307,2.1540000438690186,50107
2026-03-10,2.182499885559082,2.180999994277954,2.1640000343322754,2.180000066757202,4772
2026-03-11,2.1735000610351562,2.190999984741211,2.1768798828125,2.178999900817871,4028
2026-03-12,2.178999900817871,2.188999891281128,2.1740000247955322,2.1740000247955322,26834
2026-03-13,2.191499948501587,2.2019999027252197,2.193000078201294,2.2019999027252197,16986
2026-03-16,2.2825000286102295,2.265000104904175,2.2343900203704834,2.25,127043
2026-03-17,2.297499895095825,2.305000066757202,2.2709999084472656,2.2839999198913574,35220
2026-03-18,2.296999931335449,2.311000108718872,2.2739999294281006,2.2899999618530273,99517
2026-03-19,2.263000011444092,2.2890000343322754,2.246000051498413,2.2890000343322754,62938
2026-03-20,2.246000051498413,2.2720000743865967,2.240000009536743,2.2690000534057617,86819
2026-03-23,2.2365000247955322,2.2667601108551025,2.2260000705718994,2.256999969482422,100586
2026-03-24,2.244499921798706,2.2641000747680664,2.2300000190734863,2.2300000190734863,48004
2026-03-25,2.2690000534057617,2.2679998874664307,2.25600004196167,2.2679998874664307,5527
2026-03-26,2.315000057220459,2.312000036239624,2.2699999809265137,2.2790000438690186,35476
2026-03-27,2.3340001106262207,2.3389101028442383,2.303149938583374,2.312999963760376,64118
2026-03-30,2.3510000705718994,2.372999906539917,2.3299999237060547,2.3540000915527344,387414
2026-03-31,2.367500066757202,2.385999917984009,2.3399999141693115,2.3469998836517334,167238
2026-04-01,2.3320000171661377,2.3320000171661377,2.2950000762939453,2.315000057220459,26866
2026-04-02,2.372999906539917,2.380000114440918,2.3428800106048584,2.3570001125335693,202527
2026-04-07,2.3919999599456787,2.484999895095825,2.3889999389648438,2.3910000324249268,19563
2026-04-08,2.390500068664551,2.3931500911712646,2.3570001125335693,2.36299991607666,23949
2026-04-09,2.433500051498413,2.436850070953369,2.379879951477051,2.382999897003174,24599
2026-04-10,2.437000036239624,2.4549999237060547,2.436880111694336,2.450000047683716,21208
2026-04-13,2.4570000171661377,2.4561800956726074,2.4435300827026367,2.444000005722046,32623
2026-04-14,2.502500057220459,2.505850076675415,2.492000102996826,2.493000030517578,53102
2026-04-15,2.503999948501587,2.5245399475097656,2.492000102996826,2.492000102996826,87770
2026-04-16,2.5415000915527344,2.549999952316284,2.5230000019073486,2.5429999828338623,48515
2026-04-17,2.5464999675750732,2.566999912261963,2.5,2.5429999828338623,57569
2026-04-20,2.5954999923706055,2.5899999141693115,2.565999984741211,2.5829999446868896,25898
2026-04-21,2.618000030517578,2.634999990463257,2.5799999237060547,2.5989999771118164,42979
2026-04-22,2.555000066757202,2.635999917984009,2.555000066757202,2.625,51307
2026-04-23,2.5889999866485596,2.5889999866485596,2.5369999408721924,2.5450000762939453,129696
2026-04-24,2.565999984741211,2.565999984741211,2.565999984741211,2.565999984741211,2005
