date,close_corn,high_corn,low_corn,open_corn,volume_corn,close_soybean,high_soybean,low_soybean,open_soybean,volume_soybean
2011-09-19,45.650001525878906,45.91999816894531,45.0,45.459999084472656,114300,24.549999237060547,24.549999237060547,24.549999237060547,24.549999237060547,100
2011-09-20,45.540000915527344,46.720001220703125,45.369998931884766,46.11000061035156,117200,25.07999992370605,25.07999992370605,24.65999984741211,24.989999771118164,1200
2011-09-21,44.79999923706055,46.040000915527344,44.75,45.900001525878906,83300,24.34000015258789,25.11000061035156,24.34000015258789,24.959999084472656,4400
2011-09-22,42.9900016784668,44.66999816894531,42.650001525878906,43.959999084472656,352500,24.0,24.0,24.0,24.0,100
2011-09-23,42.45000076293945,43.38999938964844,42.400001525878906,42.9900016784668,158800,23.0,24.43000030517578,23.0,24.43000030517578,300
2011-09-26,43.209999084472656,43.400001525878906,42.400001525878906,42.400001525878906,71000,23.459999084472656,23.459999084472656,23.26000022888184,23.31999969482422,1000
2011-09-27,43.20000076293945,44.560001373291016,43.09999847412109,44.380001068115234,106400,23.38999938964844,23.479999542236328,23.38999938964844,23.479999542236328,300
2011-09-28,41.869998931884766,43.33000183105469,41.84999847412109,43.06999969482422,177700,22.709999084472656,23.26000022888184,22.709999084472656,23.26000022888184,2200
2011-09-29,42.470001220703125,42.61000061035156,41.91999816894531,42.15999984741211,146300,22.90999984741211,22.90999984741211,22.82999992370605,22.82999992370605,1600
2011-09-30,39.880001068115234,40.72999954223633,39.81999969482422,40.70000076293945,238500,22.1299991607666,22.600000381469727,22.1299991607666,22.600000381469727,600
2011-10-03,39.83000183105469,40.29999923706055,38.720001220703125,39.16999816894531,221400,21.71999931335449,22.01000022888184,21.71999931335449,22.01000022888184,1600
2011-10-04,39.88999938964844,39.97999954223633,39.04999923706055,39.209999084472656,115400,21.690000534057617,21.96999931335449,21.690000534057617,21.959999084472656,1900
2011-10-05,41.0,41.0,39.9900016784668,39.9900016784668,66900,21.65999984741211,21.690000534057617,21.65999984741211,21.690000534057617,1000
2011-10-06,40.84000015258789,41.33000183105469,40.7400016784668,41.119998931884766,48000,21.59000015258789,22.09000015258789,21.59000015258789,22.09000015258789,200
2011-10-07,40.54999923706055,40.77999877929688,40.31999969482422,40.59000015258789,34400,21.729999542236328,21.729999542236328,21.71999931335449,21.71999931335449,1100
2011-10-10,40.84000015258789,41.41999816894531,40.59999847412109,40.790000915527344,53500,21.920000076293945,22.18000030517578,21.920000076293945,22.18000030517578,2200
2011-10-11,43.27999877929688,43.310001373291016,40.66999816894531,40.90999984741211,145400,21.920000076293945,21.920000076293945,21.920000076293945,21.920000076293945,0
2011-10-12,42.90999984741211,43.09999847412109,42.09999847412109,42.9900016784668,168200,22.82999992370605,22.84000015258789,22.729999542236328,22.729999542236328,2300
2011-10-13,42.47999954223633,42.75,41.7400016784668,42.540000915527344,73900,22.950000762939453,22.950000762939453,22.950000762939453,22.950000762939453,500
2011-10-14,42.9900016784668,43.27000045776367,42.5,42.97999954223633,34600,23.280000686645508,24.399999618530277,23.13999938964844,24.399999618530277,3800
2011-10-17,42.900001525878906,43.09999847412109,41.959999084472656,42.630001068115234,20500,23.0,23.239999771118164,22.799999237060547,22.799999237060547,2000
2011-10-18,42.86000061035156,42.959999084472656,42.20000076293945,42.20000076293945,64700,22.799999237060547,22.899999618530277,22.770000457763672,22.770000457763672,1700
2011-10-19,42.54999923706055,43.18999862670898,42.36000061035156,43.06999969482422,95500,22.520000457763672,23.040000915527344,22.520000457763672,23.040000915527344,4100
2011-10-20,43.2599983215332,43.31999969482422,42.36000061035156,42.560001373291016,49300,22.299999237060547,22.700000762939453,22.1200008392334,22.700000762939453,8600
2011-10-21,43.34000015258789,44.0,43.11000061035156,43.59999847412109,105500,22.57999992370605,22.84000015258789,22.57999992370605,22.84000015258789,1500
2011-10-24,43.20000076293945,43.91999816894531,43.18000030517578,43.790000915527344,46800,22.59000015258789,22.850000381469727,22.59000015258789,22.850000381469727,1600
2011-10-25,43.43000030517578,43.70000076293945,43.22999954223633,43.70000076293945,35400,22.700000762939453,22.799999237060547,22.61000061035156,22.71999931335449,3300
2011-10-26,42.84999847412109,43.75,42.45000076293945,43.75,64100,22.479999542236328,22.51000022888184,22.479999542236328,22.51000022888184,500
2011-10-27,43.61000061035156,43.84999847412109,42.79999923706055,43.380001068115234,103400,23.07999992370605,23.07999992370605,22.690000534057617,22.71999931335449,1600
2011-10-28,43.810001373291016,43.88999938964844,43.25,43.43000030517578,58600,22.61000061035156,22.989999771118164,22.61000061035156,22.989999771118164,2000
2011-10-31,43.209999084472656,43.470001220703125,42.72999954223633,43.40999984741211,63300,22.209999084472656,22.32999992370605,22.209999084472656,22.32999992370605,600
2011-11-01,43.2400016784668,43.869998931884766,42.06999969482422,42.08000183105469,83400,22.209999084472656,22.229999542236328,21.959999084472656,21.959999084472656,2400
2011-11-02,43.0,43.75,42.720001220703125,43.75,67400,22.209999084472656,22.209999084472656,22.209999084472656,22.209999084472656,0
2011-11-03,43.5,43.75,43.22999954223633,43.52000045776367,113800,22.770000457763672,22.770000457763672,22.56999969482422,22.63999938964844,900
2011-11-04,43.540000915527344,43.7400016784668,42.95000076293945,43.33000183105469,56900,22.520000457763672,22.739999771118164,22.5,22.739999771118164,1000
2011-11-07,43.72999954223633,43.790000915527344,43.22999954223633,43.70000076293945,40200,22.25,22.5,22.149999618530277,22.5,1800
2011-11-08,44.09000015258789,44.209999084472656,43.52999877929688,43.709999084472656,89400,22.270000457763672,22.290000915527344,22.270000457763672,22.290000915527344,400
2011-11-09,43.22999954223633,43.84999847412109,42.88999938964844,43.81999969482422,115400,21.959999084472656,22.25,21.8799991607666,22.200000762939453,2500
2011-11-10,42.56999969482422,43.5,42.41999816894531,43.5,49200,21.59000015258789,21.739999771118164,21.59000015258789,21.739999771118164,1600
2011-11-11,42.040000915527344,42.52000045776367,41.72999954223633,42.34000015258789,106700,21.59000015258789,21.59000015258789,21.59000015258789,21.59000015258789,0
2011-11-14,41.66999816894531,42.0,41.459999084472656,41.77999877929688,68500,21.709999084472656,21.799999237060547,21.709999084472656,21.799999237060547,1200
2011-11-15,42.310001373291016,42.40999984741211,41.58000183105469,41.79999923706055,55200,21.93000030517578,21.93000030517578,21.93000030517578,21.93000030517578,100
2011-11-16,41.959999084472656,42.38999938964844,41.84999847412109,42.11000061035156,46000,21.920000076293945,22.229999542236328,21.920000076293945,22.229999542236328,300
2011-11-17,40.4900016784668,42.06999969482422,40.310001373291016,41.97999954223633,135700,21.600000381469727,21.770000457763672,21.600000381469727,21.770000457763672,1000
2011-11-18,40.22999954223633,40.52999877929688,39.75,40.43000030517578,93900,21.600000381469727,21.600000381469727,21.600000381469727,21.600000381469727,0
2011-11-21,39.68999862670898,39.90999984741211,39.20000076293945,39.810001373291016,71500,21.170000076293945,21.170000076293945,21.1200008392334,21.1200008392334,1400
2011-11-22,39.40999984741211,39.56999969482422,39.25,39.52999877929688,44700,21.25,21.25,21.25,21.25,300
2011-11-23,38.84000015258789,39.22999954223633,38.59999847412109,39.20000076293945,50600,20.670000076293945,20.88999938964844,20.670000076293945,20.81999969482422,500
2011-11-25,38.5,39.119998931884766,38.380001068115234,38.52000045776367,25100,20.530000686645508,20.530000686645508,20.5,20.5,200
2011-11-28,38.9900016784668,39.29999923706055,38.84999847412109,39.09000015258789,24300,20.8700008392334,20.8700008392334,20.61000061035156,20.61000061035156,300
2011-11-29,39.540000915527344,39.880001068115234,39.02999877929688,39.04999923706055,67500,20.71999931335449,20.71999931335449,20.71999931335449,20.71999931335449,300
2011-11-30,39.59000015258789,40.119998931884766,39.33000183105469,39.91999816894531,51600,20.84000015258789,21.13999938964844,20.84000015258789,21.13999938964844,2200
2011-12-01,39.380001068115234,39.83000183105469,39.119998931884766,39.66999816894531,36200,20.75,20.75,20.75,20.75,100
2011-12-02,39.18999862670898,39.650001525878906,39.060001373291016,39.400001525878906,82400,20.96999931335449,20.96999931335449,20.96999931335449,20.96999931335449,400
2011-12-05,38.970001220703125,39.56999969482422,38.83000183105469,39.560001373291016,26600,20.96999931335449,20.96999931335449,20.96999931335449,20.96999931335449,0
2011-12-06,39.22999954223633,39.290000915527344,38.25,38.40999984741211,203400,20.96999931335449,20.96999931335449,20.96999931335449,20.96999931335449,0
2011-12-07,38.97999954223633,39.33000183105469,38.650001525878906,39.2400016784668,26200,20.82999992370605,20.920000076293945,20.82999992370605,20.920000076293945,2400
2011-12-08,39.27999877929688,39.54999923706055,38.43000030517578,38.66999816894531,48100,20.8799991607666,21.0,20.8799991607666,21.0,200
2011-12-09,38.959999084472656,39.52999877929688,38.540000915527344,39.119998931884766,43800,20.420000076293945,20.420000076293945,20.420000076293945,20.420000076293945,1000
2011-12-12,38.869998931884766,39.02999877929688,38.34000015258789,38.58000183105469,39100,20.420000076293945,20.420000076293945,20.420000076293945,20.420000076293945,0
2011-12-13,38.88999938964844,39.310001373291016,38.77999877929688,38.959999084472656,22700,20.649999618530277,20.729999542236328,20.600000381469727,20.600000381469727,2200
2011-12-14,38.0099983215332,38.79999923706055,38.0099983215332,38.79999923706055,53200,20.649999618530277,20.649999618530277,20.649999618530277,20.649999618530277,0
2011-12-15,37.93999862670898,38.20000076293945,37.79999923706055,38.08000183105469,58400,20.649999618530277,20.649999618530277,20.649999618530277,20.649999618530277,0
2011-12-16,38.310001373291016,38.56999969482422,37.9900016784668,38.0099983215332,30500,20.780000686645508,20.780000686645508,20.780000686645508,20.780000686645508,200
2011-12-19,39.2599983215332,39.52000045776367,38.880001068115234,38.880001068115234,58300,20.81999969482422,20.899999618530277,20.81999969482422,20.899999618530277,300
2011-12-20,39.84999847412109,39.88999938964844,39.41999816894531,39.77999877929688,77100,20.81999969482422,20.81999969482422,20.81999969482422,20.81999969482422,0
2011-12-21,40.310001373291016,40.45000076293945,39.5,39.630001068115234,46500,21.32999992370605,21.32999992370605,21.049999237060547,21.049999237060547,1100
2011-12-22,40.27999877929688,40.709999084472656,40.15999984741211,40.43999862670898,33600,21.34000015258789,22.440000534057617,21.229999542236328,21.3700008392334,5900
2011-12-23,40.40999984741211,40.47999954223633,40.09000015258789,40.40999984741211,47100,21.31999969482422,21.31999969482422,21.280000686645508,21.280000686645508,300
2011-12-27,41.16999816894531,41.29999923706055,40.15999984741211,40.27000045776367,74100,21.920000076293945,21.920000076293945,21.40999984741211,21.40999984741211,7800
2011-12-28,41.619998931884766,41.880001068115234,41.08000183105469,41.209999084472656,139200,21.729999542236328,22.030000686645508,21.729999542236328,22.030000686645508,800
2011-12-29,41.5,41.790000915527344,41.27000045776367,41.68000030517578,85900,21.809999465942383,21.809999465942383,21.670000076293945,21.790000915527344,1700
2011-12-30,41.97999954223633,41.9900016784668,41.4900016784668,41.4900016784668,41200,22.059999465942383,22.059999465942383,21.850000381469727,21.850000381469727,1200
2012-01-03,42.619998931884766,42.9900016784668,42.18000030517578,42.72999954223633,114100,22.290000915527344,22.3799991607666,22.0,22.0,3500
2012-01-04,42.5099983215332,42.95000076293945,42.20000076293945,42.790000915527344,43900,22.15999984741211,22.190000534057617,22.100000381469727,22.100000381469727,900
2012-01-05,41.5099983215332,42.25,41.34999847412109,42.25,87400,21.850000381469727,21.90999984741211,21.770000457763672,21.770000457763672,1800
2012-01-06,41.34999847412109,41.79999923706055,41.2599983215332,41.720001220703125,31000,21.5,22.1299991607666,21.489999771118164,22.1299991607666,1300
2012-01-09,42.18999862670898,42.52000045776367,41.869998931884766,42.04999923706055,153700,22.13999938964844,22.13999938964844,21.739999771118164,21.93000030517578,1000
2012-01-10,42.04999923706055,42.209999084472656,41.86000061035156,42.09000015258789,64800,22.06999969482422,22.06999969482422,22.0,22.0,500
2012-01-11,42.060001373291016,42.060001373291016,41.619998931884766,41.77999877929688,41600,21.729999542236328,21.850000381469727,21.700000762939453,21.82999992370605,2500
2012-01-12,39.75,40.0,39.06999969482422,39.560001373291016,250700,21.290000915527344,21.290000915527344,20.850000381469727,20.850000381469727,1900
2012-01-13,39.18999862670898,39.77000045776367,38.95000076293945,39.52999877929688,70400,21.15999984741211,21.15999984741211,21.15999984741211,21.15999984741211,1100
2012-01-17,39.25,39.54999923706055,39.18000030517578,39.54999923706055,51000,21.200000762939453,21.209999084472656,21.200000762939453,21.209999084472656,1800
2012-01-18,38.63999938964844,39.09000015258789,38.59999847412109,39.0,96200,21.15999984741211,21.15999984741211,21.11000061035156,21.11000061035156,2000
2012-01-19,39.2599983215332,39.33000183105469,38.619998931884766,38.619998931884766,65700,21.3799991607666,21.3799991607666,21.3799991607666,21.3799991607666,1000
2012-01-20,39.45000076293945,39.459999084472656,38.84999847412109,39.34999847412109,41200,21.34000015258789,21.34000015258789,21.34000015258789,21.34000015258789,200
2012-01-23,39.81999969482422,39.84000015258789,39.34000015258789,39.70000076293945,92800,21.34000015258789,21.34000015258789,21.34000015258789,21.34000015258789,0
2012-01-24,40.36000061035156,40.540000915527344,39.540000915527344,39.650001525878906,91100,21.34000015258789,21.34000015258789,21.34000015258789,21.34000015258789,0
2012-01-25,40.66999816894531,40.75,39.9900016784668,40.380001068115234,91600,21.82999992370605,21.82999992370605,21.68000030517578,21.68000030517578,5900
2012-01-26,40.65999984741211,41.20000076293945,40.61000061035156,41.20000076293945,50600,21.75,21.989999771118164,21.75,21.989999771118164,600
2012-01-27,41.06999969482422,41.130001068115234,40.630001068115234,40.79999923706055,39400,21.75,21.75,21.75,21.75,0
2012-01-30,40.54999923706055,40.75,40.25,40.66999816894531,29200,21.100000381469727,21.65999984741211,21.100000381469727,21.649999618530277,10500
2012-01-31,40.880001068115234,41.0099983215332,40.5099983215332,40.97999954223633,105800,21.399999618530277,21.399999618530277,21.399999618530277,21.399999618530277,100
2012-02-01,41.0099983215332,41.59000015258789,40.93000030517578,41.25,67000,21.399999618530277,21.399999618530277,21.399999618530277,21.399999618530277,0
2012-02-02,41.33000183105469,41.400001525878906,40.75,40.75,27200,21.399999618530277,21.399999618530277,21.399999618530277,21.399999618530277,0
2012-02-03,41.290000915527344,41.45000076293945,40.970001220703125,41.33000183105469,26400,22.040000915527344,22.040000915527344,21.809999465942383,21.809999465942383,700
2012-02-06,41.380001068115234,41.45000076293945,41.150001525878906,41.310001373291016,9500,22.06999969482422,22.06999969482422,22.0,22.049999237060547,2400
2012-02-07,41.06999969482422,41.25,40.9900016784668,41.220001220703125,16900,21.899999618530277,21.989999771118164,21.38999938964844,21.989999771118164,4700
2012-02-08,41.08000183105469,41.34999847412109,40.40999984741211,41.310001373291016,37200,22.020000457763672,22.020000457763672,21.93000030517578,21.950000762939453,13900
2012-02-09,40.619998931884766,41.43000030517578,40.40999984741211,40.97999954223633,51400,22.07999992370605,22.200000762939453,22.07999992370605,22.07999992370605,7300
2012-02-10,40.150001525878906,40.66999816894531,40.06999969482422,40.33000183105469,80200,22.07999992370605,22.07999992370605,22.07999992370605,22.07999992370605,0
2012-02-13,40.61000061035156,40.79999923706055,40.34000015258789,40.43000030517578,60600,22.200000762939453,22.200000762939453,21.959999084472656,21.959999084472656,2000
2012-02-14,40.34000015258789,40.63999938964844,40.18999862670898,40.56999969482422,25700,22.270000457763672,22.36000061035156,22.270000457763672,22.280000686645508,11000
2012-02-15,39.95000076293945,40.56999969482422,39.84999847412109,40.34999847412109,24500,22.36000061035156,22.420000076293945,22.299999237060547,22.420000076293945,1700
2012-02-16,40.40999984741211,40.540000915527344,39.84999847412109,39.880001068115234,27800,22.31999969482422,22.56999969482422,22.31999969482422,22.56999969482422,700
2012-02-17,40.63999938964844,41.02999877929688,40.4900016784668,40.68000030517578,48400,22.459999084472656,22.63999938964844,22.31999969482422,22.31999969482422,500
2012-02-21,40.18000030517578,40.5099983215332,39.880001068115234,40.5099983215332,36400,22.3700008392334,22.420000076293945,22.31999969482422,22.420000076293945,1500
2012-02-22,40.5,40.540000915527344,39.900001525878906,40.060001373291016,27200,22.350000381469727,22.690000534057617,22.350000381469727,22.690000534057617,300
2012-02-23,40.31999969482422,40.540000915527344,39.970001220703125,40.52999877929688,21600,22.8799991607666,22.8799991607666,22.489999771118164,22.540000915527344,4600
2012-02-24,40.27000045776367,40.34999847412109,39.869998931884766,40.2400016784668,61000,22.59000015258789,22.84000015258789,22.59000015258789,22.84000015258789,800
2012-02-27,40.38999938964844,40.56999969482422,39.900001525878906,39.91999816894531,21700,22.170000076293945,22.799999237060547,22.07999992370605,22.549999237060547,1700
2012-02-28,41.02999877929688,41.08000183105469,40.47999954223633,40.560001373291016,44700,22.96999931335449,23.01000022888184,22.850000381469727,22.959999084472656,15800
2012-02-29,41.09000015258789,41.310001373291016,40.959999084472656,41.2400016784668,41200,21.299999237060547,23.18000030517578,21.299999237060547,23.18000030517578,3900
2012-03-01,40.9900016784668,41.18999862670898,40.83000183105469,40.93000030517578,34000,23.36000061035156,23.36000061035156,22.850000381469727,23.290000915527344,12000
2012-03-02,41.130001068115234,41.130001068115234,40.63999938964844,40.9900016784668,112000,23.299999237060547,23.299999237060547,23.100000381469727,23.100000381469727,1300
2012-03-05,41.2599983215332,41.59999847412109,41.09000015258789,41.25,115100,23.200000762939453,23.350000381469727,23.200000762939453,23.350000381469727,3600
2012-03-06,40.66999816894531,41.060001373291016,40.52999877929688,40.810001373291016,111900,23.190000534057617,23.190000534057617,22.82999992370605,22.82999992370605,1300
2012-03-07,40.040000915527344,40.9900016784668,39.95000076293945,40.9900016784668,53800,23.399999618530277,23.399999618530277,23.239999771118164,23.239999771118164,1100
2012-03-08,39.83000183105469,40.5099983215332,39.70000076293945,40.27999877929688,62900,23.5,23.5,23.040000915527344,23.489999771118164,1300
2012-03-09,40.18000030517578,40.79999923706055,39.63999938964844,39.91999816894531,55900,23.59000015258789,23.59000015258789,23.1200008392334,23.450000762939453,5400
2012-03-12,40.97999954223633,41.09999847412109,40.18000030517578,40.5099983215332,69500,23.030000686645508,23.530000686645508,23.030000686645508,23.530000686645508,1900
2012-03-13,40.959999084472656,41.34999847412109,40.86000061035156,41.34999847412109,41600,23.21999931335449,23.479999542236328,23.21999931335449,23.459999084472656,600
2012-03-14,41.04999923706055,41.18000030517578,40.709999084472656,41.0,28000,23.5,24.790000915527344,23.440000534057617,24.790000915527344,2600
2012-03-15,41.31999969482422,41.5,41.11000061035156,41.119998931884766,179100,23.90999984741211,23.90999984741211,23.700000762939453,23.709999084472656,2000
2012-03-16,41.56999969482422,41.63999938964844,41.18999862670898,41.47999954223633,38600,23.940000534057617,23.940000534057617,23.700000762939453,23.86000061035156,4100
2012-03-19,41.11000061035156,41.400001525878906,41.04999923706055,41.380001068115234,64500,23.6200008392334,23.950000762939453,23.61000061035156,23.950000762939453,1500
2012-03-20,40.29999923706055,40.86000061035156,40.130001068115234,40.79999923706055,74000,23.34000015258789,23.459999084472656,23.34000015258789,23.3700008392334,3000
2012-03-21,40.0,40.56999969482422,39.95000076293945,40.13999938964844,68800,23.34000015258789,23.34000015258789,23.34000015258789,23.34000015258789,0
2012-03-22,40.0,40.08000183105469,39.630001068115234,39.90999984741211,92000,23.51000022888184,23.63999938964844,23.32999992370605,23.32999992370605,4200
2012-03-23,40.040000915527344,40.34000015258789,39.84000015258789,40.150001525878906,22000,23.899999618530277,23.90999984741211,23.6200008392334,23.6200008392334,3200
2012-03-26,39.720001220703125,40.43000030517578,39.68000030517578,39.959999084472656,23900,24.01000022888184,24.030000686645508,23.68000030517578,23.68000030517578,8700
2012-03-27,39.33000183105469,39.880001068115234,39.33000183105469,39.77999877929688,37100,23.780000686645508,24.280000686645508,23.520000457763672,23.850000381469727,6100
2012-03-28,38.560001373291016,39.38999938964844,38.4900016784668,39.290000915527344,41900,23.540000915527344,24.280000686645508,23.540000915527344,23.65999984741211,400
2012-03-29,37.59000015258789,38.52999877929688,37.5099983215332,38.5,79400,23.63999938964844,23.63999938964844,23.34000015258789,23.489999771118164,1400
2012-03-30,39.2599983215332,39.63999938964844,38.31999969482422,38.9900016784668,118300,24.100000381469727,24.200000762939453,23.540000915527344,23.540000915527344,2400
2012-04-02,39.709999084472656,39.77000045776367,38.880001068115234,39.209999084472656,64700,24.34000015258789,24.57999992370605,24.25,24.450000762939453,5800
2012-04-03,39.810001373291016,39.900001525878906,39.560001373291016,39.72999954223633,53100,24.600000381469727,24.600000381469727,24.280000686645508,24.350000381469727,1700
2012-04-04,39.47999954223633,39.59999847412109,39.09000015258789,39.560001373291016,21200,24.38999938964844,24.38999938964844,24.38999938964844,24.38999938964844,500
2012-04-05,39.650001525878906,39.77000045776367,39.310001373291016,39.47999954223633,27100,24.420000076293945,24.43000030517578,24.399999618530277,24.43000030517578,700
2012-04-09,39.40999984741211,39.720001220703125,39.310001373291016,39.66999816894531,31000,24.65999984741211,24.65999984741211,24.299999237060547,24.399999618530277,9400
2012-04-10,38.790000915527344,39.470001220703125,38.66999816894531,39.2400016784668,77000,24.13999938964844,24.770000457763672,24.09000015258789,24.770000457763672,5400
2012-04-11,38.83000183105469,39.04999923706055,38.66999816894531,39.04999923706055,23400,23.799999237060547,24.420000076293945,23.799999237060547,24.420000076293945,2800
2012-04-12,38.90999984741211,39.20000076293945,38.90999984741211,39.040000915527344,7500,24.11000061035156,24.540000915527344,24.11000061035156,24.239999771118164,4400
2012-04-13,38.22999954223633,39.22999954223633,38.060001373291016,39.22999954223633,20500,24.3700008392334,24.57999992370605,24.11000061035156,24.57999992370605,8500
2012-04-16,37.540000915527344,38.11000061035156,37.52999877929688,38.0,26400,23.950000762939453,24.200000762939453,23.920000076293945,24.200000762939453,7800
2012-04-17,37.47999954223633,37.84999847412109,37.43000030517578,37.63999938964844,103400,24.15999984741211,24.399999618530277,24.15999984741211,24.399999618530277,1300
2012-04-18,37.16999816894531,37.630001068115234,37.0099983215332,37.630001068115234,26000,23.8700008392334,23.989999771118164,23.729999542236328,23.950000762939453,7500
2012-04-19,38.18999862670898,38.41999816894531,37.88999938964844,38.02000045776367,105000,24.0,24.040000915527344,23.86000061035156,23.950000762939453,3400
2012-04-20,37.5099983215332,38.4900016784668,37.43999862670898,38.369998931884766,43700,23.959999084472656,24.3700008392334,23.8799991607666,24.0,4900
2012-04-23,38.130001068115234,38.18999862670898,37.54999923706055,37.66999816894531,33700,24.040000915527344,24.040000915527344,23.899999618530277,23.899999618530277,400
2012-04-24,38.040000915527344,38.77999877929688,37.84999847412109,38.43999862670898,59500,24.200000762939453,24.309999465942383,24.1200008392334,24.309999465942383,1000
2012-04-25,37.84999847412109,38.45000076293945,37.77999877929688,38.16999816894531,29800,24.309999465942383,24.34000015258789,24.25,24.34000015258789,1900
2012-04-26,37.7599983215332,37.880001068115234,37.470001220703125,37.84999847412109,35200,24.18000030517578,24.540000915527344,24.13999938964844,24.540000915527344,5900
2012-04-27,38.34999847412109,38.68999862670898,37.970001220703125,37.970001220703125,58500,24.530000686645508,24.57999992370605,24.3700008392334,24.51000022888184,9800
2012-04-30,38.88999938964844,38.88999938964844,38.290000915527344,38.630001068115234,24000,24.459999084472656,24.600000381469727,24.26000022888184,24.309999465942383,3300
2012-05-01,38.220001220703125,38.560001373291016,38.20000076293945,38.33000183105469,18900,24.530000686645508,24.59000015258789,24.18000030517578,24.190000534057617,4500
2012-05-02,37.5,38.310001373291016,37.38999938964844,38.209999084472656,21000,24.15999984741211,24.799999237060547,24.15999984741211,24.479999542236328,12000
2012-05-03,37.560001373291016,37.77000045776367,37.290000915527344,37.56999969482422,45000,24.09000015258789,24.200000762939453,24.020000457763672,24.020000457763672,2000
2012-05-04,37.5099983215332,37.66999816894531,36.65999984741211,37.45000076293945,89700,23.90999984741211,24.1299991607666,23.90999984741211,24.01000022888184,8300
2012-05-07,37.5,37.59999847412109,36.97999954223633,37.25,18000,24.15999984741211,24.200000762939453,23.649999618530277,23.649999618530277,1900
2012-05-08,37.709999084472656,38.0,37.45000076293945,37.619998931884766,39100,23.450000762939453,23.770000457763672,23.450000762939453,23.65999984741211,1900
2012-05-09,36.77999877929688,37.459999084472656,36.7400016784668,37.459999084472656,23000,23.5,23.549999237060547,23.209999084472656,23.209999084472656,800
2012-05-10,35.880001068115234,36.470001220703125,35.75,36.2599983215332,102000,23.950000762939453,24.200000762939453,23.709999084472656,24.200000762939453,10100
2012-05-11,35.68000030517578,36.130001068115234,35.22999954223633,35.779998779296875,85000,23.149999618530277,23.770000457763672,22.96999931335449,23.770000457763672,6300
2012-05-14,35.529998779296875,36.08000183105469,35.529998779296875,35.650001525878906,27000,22.649999618530277,22.88999938964844,22.32999992370605,22.32999992370605,12200
2012-05-15,36.27999877929688,36.41999816894531,35.86000061035156,35.86000061035156,45000,23.049999237060547,23.049999237060547,22.75,22.850000381469727,600
2012-05-16,37.060001373291016,37.130001068115234,35.959999084472656,35.959999084472656,34100,23.0,23.0,22.63999938964844,22.959999084472656,14400
2012-05-17,36.97999954223633,37.27000045776367,36.75,37.11000061035156,24700,22.700000762939453,23.15999984741211,22.700000762939453,22.88999938964844,900
2012-05-18,37.34000015258789,37.900001525878906,37.2400016784668,37.2400016784668,24500,22.459999084472656,22.84000015258789,22.25,22.700000762939453,4600
2012-05-21,37.4900016784668,38.11000061035156,37.470001220703125,37.54999923706055,23000,23.100000381469727,23.100000381469727,22.84000015258789,22.84000015258789,2000
2012-05-22,36.43000030517578,37.36000061035156,36.220001220703125,37.130001068115234,20200,22.01000022888184,22.82999992370605,22.01000022888184,22.75,2700
2012-05-23,36.560001373291016,36.59000015258789,35.86000061035156,36.130001068115234,23000,22.190000534057617,22.239999771118164,22.190000534057617,22.239999771118164,400
2012-05-24,35.97999954223633,36.66999816894531,35.619998931884766,36.59000015258789,12700,22.31999969482422,22.440000534057617,22.26000022888184,22.299999237060547,1600
2012-05-25,36.41999816894531,36.5,36.04999923706055,36.27999877929688,23900,22.149999618530277,22.46999931335449,22.149999618530277,22.40999984741211,600
2012-05-29,35.97999954223633,36.31999969482422,35.68000030517578,36.22999954223633,19800,22.520000457763672,22.6299991607666,22.520000457763672,22.520000457763672,2800
2012-05-30,36.36000061035156,36.470001220703125,35.79999923706055,36.209999084472656,17500,22.96999931335449,22.96999931335449,22.700000762939453,22.700000762939453,700
2012-05-31,36.209999084472656,36.58000183105469,36.18000030517578,36.220001220703125,12700,22.38999938964844,22.770000457763672,22.32999992370605,22.38999938964844,16200
2012-06-01,35.68000030517578,36.709999084472656,35.52000045776367,36.13999938964844,22400,22.270000457763672,22.270000457763672,22.1299991607666,22.1299991607666,4300
2012-06-04,36.34000015258789,36.47999954223633,36.06999969482422,36.27999877929688,52400,22.31999969482422,22.31999969482422,22.31999969482422,22.31999969482422,200
2012-06-05,35.529998779296875,36.369998931884766,35.400001525878906,36.310001373291016,66700,22.190000534057617,22.3700008392334,22.190000534057617,22.3700008392334,1300
2012-06-06,36.18000030517578,36.310001373291016,35.790000915527344,35.790000915527344,14700,22.82999992370605,22.82999992370605,22.65999984741211,22.65999984741211,4800
2012-06-07,37.220001220703125,37.43999862670898,36.709999084472656,36.77999877929688,37000,23.65999984741211,23.65999984741211,23.170000076293945,23.18000030517578,4000
2012-06-08,37.68999862670898,37.83000183105469,37.16999816894531,37.16999816894531,66700,23.239999771118164,23.239999771118164,23.1299991607666,23.229999542236328,1300
2012-06-11,36.77000045776367,37.68000030517578,36.7599983215332,37.63999938964844,48200,23.18000030517578,23.440000534057617,23.18000030517578,23.440000534057617,800
2012-06-12,36.15999984741211,36.630001068115234,36.0,36.61000061035156,31800,23.170000076293945,23.200000762939453,23.059999465942383,23.200000762939453,6400
2012-06-13,35.560001373291016,36.04999923706055,35.5099983215332,35.77000045776367,54100,22.88999938964844,23.07999992370605,22.850000381469727,22.850000381469727,41200
2012-06-14,36.04999923706055,36.209999084472656,35.79999923706055,36.09999847412109,29300,22.780000686645508,23.40999984741211,22.700000762939453,23.09000015258789,24400
2012-06-15,35.470001220703125,36.27000045776367,35.2400016784668,35.959999084472656,43700,22.959999084472656,23.5,18.270000457763672,18.270000457763672,5200
2012-06-18,37.04999923706055,37.220001220703125,35.61000061035156,35.630001068115234,83200,23.1200008392334,23.350000381469727,23.100000381469727,23.100000381469727,23500
2012-06-19,38.709999084472656,38.810001373291016,38.06999969482422,38.09999847412109,89800,23.82999992370605,24.049999237060547,23.739999771118164,23.850000381469727,54600
2012-06-20,38.90999984741211,38.95000076293945,38.0,38.18999862670898,79100,23.959999084472656,24.149999618530277,23.729999542236328,23.809999465942383,50900
2012-06-21,37.7599983215332,38.970001220703125,37.7599983215332,38.36000061035156,71100,23.56999969482422,24.049999237060547,23.350000381469727,23.950000762939453,115600
2012-06-22,38.0,38.88999938964844,37.91999816894531,38.709999084472656,31600,23.32999992370605,24.399999618530277,23.290000915527344,23.88999938964844,25600
2012-06-25,40.209999084472656,40.310001373291016,39.45000076293945,39.45000076293945,129800,24.6200008392334,24.6299991607666,24.290000915527344,24.399999618530277,25500
2012-06-26,41.61000061035156,41.70000076293945,40.54999923706055,40.95000076293945,213800,24.239999771118164,24.59000015258789,24.239999771118164,24.59000015258789,7100
2012-06-27,42.13999938964844,42.90999984741211,41.81999969482422,42.65999984741211,256300,24.239999771118164,24.649999618530277,24.190000534057617,24.63999938964844,13300
2012-06-28,41.79999923706055,42.86000061035156,41.68000030517578,42.0,194400,24.0,24.280000686645508,22.799999237060547,24.0,18100
2012-06-29,42.09999847412109,42.93999862670898,41.84000015258789,42.52000045776367,213700,24.3799991607666,24.690000534057617,24.299999237060547,24.34000015258789,54700
2012-07-02,43.52999877929688,43.619998931884766,43.02999877929688,43.29999923706055,187700,24.71999931335449,24.809999465942383,24.15999984741211,24.780000686645508,45400
2012-07-03,44.61000061035156,44.630001068115234,43.959999084472656,44.0099983215332,187500,25.200000762939453,25.200000762939453,24.84000015258789,24.8799991607666,18700
2012-07-05,46.41999816894531,46.709999084472656,45.11000061035156,46.56999969482422,580500,26.0,26.0,25.11000061035156,25.489999771118164,67400
2012-07-06,45.33000183105469,45.90999984741211,45.29999923706055,45.709999084472656,241300,25.3799991607666,25.700000762939453,25.3700008392334,25.670000076293945,28400
2012-07-09,47.59999847412109,47.84999847412109,47.119998931884766,47.630001068115234,351100,26.270000457763672,26.86000061035156,25.989999771118164,26.21999931335449,75600
2012-07-10,46.869998931884766,47.43000030517578,46.709999084472656,46.970001220703125,279300,25.940000534057617,26.1200008392334,25.81999969482422,25.989999771118164,21800
2012-07-11,45.95000076293945,48.11000061035156,44.810001373291016,47.959999084472656,674000,25.559999465942383,26.40999984741211,25.0,26.3700008392334,33300
2012-07-12,47.38999938964844,47.880001068115234,46.5,46.58000183105469,265800,25.86000061035156,25.90999984741211,25.63999938964844,25.75,41800
2012-07-13,48.02999877929688,48.310001373291016,47.2599983215332,48.09000015258789,423100,26.200000762939453,26.790000915527344,25.899999618530277,26.26000022888184,66600
2012-07-16,49.84999847412109,50.08000183105469,49.290000915527344,49.560001373291016,524900,26.959999084472656,26.979999542236328,26.479999542236328,26.729999542236328,132800
2012-07-17,49.7400016784668,50.380001068115234,49.20000076293945,49.93000030517578,628500,26.65999984741211,26.959999084472656,26.399999618530277,26.959999084472656,79100
2012-07-18,50.0099983215332,50.04999923706055,49.0,49.310001373291016,481800,26.950000762939453,26.979999542236328,26.459999084472656,26.61000061035156,177400
2012-07-19,48.7599983215332,50.72999954223633,48.619998931884766,50.2400016784668,561800,27.059999465942383,27.57999992370605,26.81999969482422,27.239999771118164,124100
2012-07-20,49.93999862670898,50.0,49.16999816894531,49.810001373291016,371400,27.489999771118164,27.489999771118164,27.170000076293945,27.32999992370605,85500
2012-07-23,49.59999847412109,50.130001068115234,48.81999969482422,49.15999984741211,376400,26.559999465942383,26.989999771118164,26.36000061035156,26.799999237060547,117400
2012-07-24,49.209999084472656,49.27999877929688,47.09999847412109,48.86000061035156,570600,25.540000915527344,25.93000030517578,25.1299991607666,25.88999938964844,203500
2012-07-25,49.77000045776367,50.20000076293945,49.59000015258789,49.97999954223633,286800,26.450000762939453,26.479999542236328,26.059999465942383,26.26000022888184,71400
2012-07-26,49.29999923706055,50.06999969482422,48.880001068115234,49.93000030517578,213600,25.57999992370605,26.520000457763672,25.559999465942383,26.520000457763672,42500
2012-07-27,50.08000183105469,50.33000183105469,49.709999084472656,49.86000061035156,223000,26.26000022888184,26.299999237060547,26.020000457763672,26.13999938964844,37600
2012-07-30,51.27000045776367,51.369998931884766,50.91999816894531,51.2599983215332,393000,26.8700008392334,26.8799991607666,26.63999938964844,26.82999992370605,59200
2012-07-31,50.93999862670898,51.29999923706055,50.619998931884766,51.29999923706055,258600,26.75,27.030000686645508,26.6200008392334,26.96999931335449,44500
2012-08-01,50.61000061035156,50.88999938964844,49.59999847412109,50.54999923706055,241200,26.559999465942383,26.729999542236328,26.200000762939453,26.65999984741211,77800
2012-08-02,50.5099983215332,50.91999816894531,49.900001525878906,49.9900016784668,209800,26.479999542236328,26.540000915527344,26.200000762939453,26.21999931335449,45700
2012-08-03,51.0099983215332,51.5,50.619998931884766,50.619998931884766,268100,26.63999938964844,26.780000686645508,26.540000915527344,26.540000915527344,48200
2012-08-06,50.93000030517578,51.209999084472656,50.310001373291016,50.52000045776367,136300,25.979999542236328,26.32999992370605,25.88999938964844,26.059999465942383,60800
2012-08-07,50.7599983215332,51.18999862670898,50.4900016784668,51.0099983215332,124200,25.799999237060547,26.34000015258789,25.75,26.26000022888184,40600
2012-08-08,51.61000061035156,51.650001525878906,50.52999877929688,50.75,190800,26.030000686645508,26.059999465942383,25.75,25.950000762939453,24500
2012-08-09,51.93999862670898,52.13999938964844,51.72999954223633,51.79999923706055,363600,26.700000762939453,26.700000762939453,26.149999618530277,26.170000076293945,97900
2012-08-10,51.36000061035156,52.119998931884766,51.27000045776367,51.650001525878906,454900,27.01000022888184,27.09000015258789,26.799999237060547,26.809999465942383,70600
2012-08-13,50.400001525878906,50.869998931884766,50.20000076293945,50.43999862670898,273200,26.229999542236328,26.96999931335449,26.18000030517578,26.96999931335449,25300
2012-08-14,50.18000030517578,50.560001373291016,50.150001525878906,50.5,136800,26.209999084472656,26.3700008392334,26.07999992370605,26.3700008392334,40100
2012-08-15,50.790000915527344,50.97999954223633,50.369998931884766,50.43999862670898,123200,26.71999931335449,26.739999771118164,26.420000076293945,26.43000030517578,23000
2012-08-16,50.81999969482422,51.02999877929688,50.63999938964844,50.86000061035156,125200,26.440000534057617,26.65999984741211,26.440000534057617,26.63999938964844,36500
2012-08-17,50.77999877929688,51.18999862670898,50.7599983215332,50.959999084472656,152500,26.729999542236328,26.780000686645508,26.600000381469727,26.670000076293945,28700
2012-08-20,51.95000076293945,51.95000076293945,50.970001220703125,51.060001373291016,285700,27.26000022888184,27.309999465942383,26.8700008392334,26.88999938964844,24300
2012-08-21,52.66999816894531,52.709999084472656,52.130001068115234,52.13999938964844,290600,27.959999084472656,28.0,27.6200008392334,27.6200008392334,45300
2012-08-22,52.5,52.66999816894531,52.119998931884766,52.59000015258789,156300,28.020000457763672,28.040000915527344,27.790000915527344,27.920000076293945,69200
2012-08-23,51.34999847412109,52.4900016784668,51.290000915527344,52.27000045776367,136300,27.63999938964844,28.1200008392334,27.600000381469727,28.09000015258789,47300
2012-08-24,51.209999084472656,51.75,50.95000076293945,51.650001525878906,91400,27.959999084472656,28.030000686645508,27.799999237060547,27.920000076293945,29900
2012-08-27,50.790000915527344,51.27000045776367,50.77999877929688,50.95000076293945,92100,27.86000061035156,28.170000076293945,27.75,28.1299991607666,45900
2012-08-28,50.72999954223633,51.02000045776367,50.650001525878906,50.75,75500,28.09000015258789,28.09000015258789,27.649999618530277,27.75,42500
2012-08-29,51.459999084472656,51.63999938964844,50.81999969482422,50.93000030517578,83400,28.34000015258789,28.36000061035156,27.979999542236328,28.100000381469727,18600
2012-08-30,51.290000915527344,51.720001220703125,51.209999084472656,51.40999984741211,82800,28.540000915527344,28.6200008392334,28.26000022888184,28.290000915527344,27600
2012-08-31,50.93999862670898,51.22999954223633,50.560001373291016,51.20000076293945,146200,28.420000076293945,28.459999084472656,28.270000457763672,28.3700008392334,32700
2012-09-04,51.310001373291016,51.75,50.91999816894531,51.220001220703125,134200,28.850000381469727,28.8799991607666,28.63999938964844,28.68000030517578,45200
2012-09-05,50.81999969482422,51.130001068115234,50.66999816894531,51.11000061035156,67400,28.530000686645508,28.76000022888184,28.43000030517578,28.76000022888184,29100
2012-09-06,51.02999877929688,51.310001373291016,50.70000076293945,50.93000030517578,85700,28.43000030517578,28.600000381469727,28.3700008392334,28.399999618530277,39700
2012-09-07,50.9900016784668,51.45000076293945,50.79999923706055,50.900001525878906,74400,28.270000457763672,28.57999992370605,28.170000076293945,28.239999771118164,23200
2012-09-10,50.34000015258789,51.310001373291016,50.15999984741211,51.11000061035156,147900,27.979999542236328,28.290000915527344,27.959999084472656,28.200000762939453,33100
2012-09-11,50.0099983215332,50.619998931884766,49.959999084472656,50.4900016784668,142300,27.670000076293945,27.979999542236328,27.670000076293945,27.959999084472656,30500
2012-09-12,49.650001525878906,50.0099983215332,49.34000015258789,49.540000915527344,301400,28.43000030517578,28.459999084472656,27.989999771118164,27.989999771118164,26400
2012-09-13,49.970001220703125,50.0,49.619998931884766,49.83000183105469,124300,28.549999237060547,28.59000015258789,28.309999465942383,28.459999084472656,19200
2012-09-14,50.5,50.70000076293945,50.18999862670898,50.2400016784668,135900,28.5,28.86000061035156,28.489999771118164,28.729999542236328,16200
2012-09-17,48.59000015258789,49.560001373291016,48.45000076293945,49.45000076293945,337200,27.280000686645508,28.049999237060547,27.200000762939453,28.049999237060547,72400
2012-09-18,48.0099983215332,48.709999084472656,47.900001525878906,48.43999862670898,217600,27.0,27.3700008392334,26.86000061035156,27.030000686645508,37300
2012-09-19,48.66999816894531,48.84000015258789,48.04999923706055,48.33000183105469,140800,27.40999984741211,27.489999771118164,27.299999237060547,27.36000061035156,10400
2012-09-20,48.27999877929688,48.70000076293945,47.84000015258789,48.43999862670898,142100,26.739999771118164,27.40999984741211,26.71999931335449,27.3799991607666,38300
2012-09-21,48.380001068115234,48.650001525878906,48.20000076293945,48.47999954223633,112500,26.920000076293945,27.0,26.690000534057617,26.850000381469727,23600
2012-09-24,48.119998931884766,48.25,47.709999084472656,48.130001068115234,92900,26.739999771118164,26.770000457763672,26.5,26.59000015258789,18500
2012-09-25,48.130001068115234,48.43999862670898,47.880001068115234,48.400001525878906,48100,26.75,27.020000457763672,26.68000030517578,27.020000457763672,21600
2012-09-26,46.88999938964844,47.70000076293945,46.7599983215332,47.63999938964844,131900,26.1299991607666,26.5,26.049999237060547,26.489999771118164,38700
2012-09-27,46.22999954223633,46.619998931884766,45.93000030517578,46.310001373291016,183900,25.959999084472656,26.200000762939453,25.959999084472656,25.96999931335449,21100
2012-09-28,48.41999816894531,48.68000030517578,47.540000915527344,47.65999984741211,228400,26.57999992370605,26.770000457763672,25.93000030517578,25.93000030517578,20800
2012-10-01,48.36000061035156,48.900001525878906,48.11000061035156,48.68000030517578,74500,26.06999969482422,26.459999084472656,26.059999465942383,26.3700008392334,29300
2012-10-02,48.380001068115234,48.40999984741211,47.95000076293945,48.0,35500,25.739999771118164,25.93000030517578,25.670000076293945,25.739999771118164,17200
2012-10-03,48.290000915527344,48.59999847412109,47.86000061035156,48.04999923706055,45800,25.799999237060547,25.899999618530277,25.450000762939453,25.6299991607666,63200
2012-10-04,48.119998931884766,48.81999969482422,48.08000183105469,48.65999984741211,45900,25.920000076293945,26.309999465942383,25.920000076293945,26.229999542236328,24400
2012-10-05,47.720001220703125,48.0099983215332,47.56999969482422,48.0,45600,25.90999984741211,26.040000915527344,25.850000381469727,25.989999771118164,11600
2012-10-08,47.45000076293945,47.68000030517578,47.290000915527344,47.34999847412109,33600,25.82999992370605,25.86000061035156,25.649999618530277,25.649999618530277,8800
2012-10-09,47.41999816894531,47.790000915527344,47.41999816894531,47.650001525878906,45100,25.88999938964844,26.11000061035156,25.88999938964844,26.09000015258789,7600
2012-10-10,47.34999847412109,47.56999969482422,46.970001220703125,47.369998931884766,98900,25.63999938964844,25.84000015258789,25.6299991607666,25.81999969482422,13700
2012-10-11,49.2400016784668,49.34000015258789,48.380001068115234,48.560001373291016,216500,26.06999969482422,26.190000534057617,25.950000762939453,26.059999465942383,8400
2012-10-12,48.060001373291016,48.91999816894531,47.77999877929688,48.84999847412109,131300,25.700000762939453,25.790000915527344,25.51000022888184,25.790000915527344,5900
2012-10-15,47.18999862670898,47.58000183105469,46.84999847412109,47.5099983215332,65000,25.25,25.32999992370605,25.1200008392334,25.280000686645508,10000
2012-10-16,47.119998931884766,47.4900016784668,46.9900016784668,47.369998931884766,52600,25.299999237060547,25.51000022888184,25.299999237060547,25.440000534057617,7400
2012-10-17,47.459999084472656,47.52999877929688,47.09999847412109,47.310001373291016,45900,25.530000686645508,25.540000915527344,25.3700008392334,25.40999984741211,7000
2012-10-18,48.220001220703125,48.34000015258789,47.68999862670898,47.68999862670898,68000,26.049999237060547,26.049999237060547,25.71999931335449,25.71999931335449,21900
2012-10-19,48.2400016784668,48.59999847412109,48.119998931884766,48.20000076293945,91500,25.770000457763672,26.100000381469727,25.75,25.96999931335449,29800
2012-10-22,48.2400016784668,48.470001220703125,48.13999938964844,48.36000061035156,70400,25.90999984741211,26.020000457763672,25.84000015258789,25.950000762939453,10800
2012-10-23,48.04999923706055,48.13999938964844,47.61000061035156,47.810001373291016,38200,25.940000534057617,25.940000534057617,25.57999992370605,25.65999984741211,7400
2012-10-24,48.18000030517578,48.63999938964844,48.02000045776367,48.09999847412109,77400,26.09000015258789,26.15999984741211,26.020000457763672,26.020000457763672,11700
2012-10-25,47.7599983215332,48.25,47.619998931884766,48.25,36900,26.06999969482422,26.11000061035156,25.979999542236328,26.07999992370605,14600
2012-10-26,47.56999969482422,47.790000915527344,47.45000076293945,47.790000915527344,38200,26.059999465942383,26.07999992370605,25.950000762939453,26.030000686645508,9700
2012-10-31,48.13999938964844,48.400001525878906,47.68000030517578,47.77999877929688,55200,25.950000762939453,26.100000381469727,25.739999771118164,26.100000381469727,20200
2012-11-01,48.2599983215332,48.61000061035156,48.040000915527344,48.34999847412109,79000,26.100000381469727,26.25,26.100000381469727,26.149999618530277,6400
2012-11-02,47.58000183105469,47.93000030517578,47.38999938964844,47.900001525878906,51700,25.6200008392334,25.790000915527344,25.6200008392334,25.790000915527344,5900
2012-11-05,47.34000015258789,47.75,47.150001525878906,47.66999816894531,44200,25.3799991607666,25.600000381469727,25.3799991607666,25.59000015258789,7600
2012-11-06,47.56999969482422,47.59999847412109,47.380001068115234,47.40999984741211,43600,25.540000915527344,25.61000061035156,25.540000915527344,25.540000915527344,2100
2012-11-07,47.68999862670898,48.06999969482422,47.15999984741211,47.5,66600,25.489999771118164,25.530000686645508,25.3799991607666,25.450000762939453,11800
2012-11-08,47.560001373291016,47.88999938964844,47.52000045776367,47.75,54400,25.309999465942383,25.489999771118164,25.309999465942383,25.450000762939453,11700
2012-11-09,47.31999969482422,48.220001220703125,47.18999862670898,47.52999877929688,142000,24.68000030517578,24.959999084472656,24.68000030517578,24.90999984741211,24400
2012-11-12,46.09999847412109,47.13999938964844,45.68000030517578,47.130001068115234,175700,23.940000534057617,24.290000915527344,23.920000076293945,24.290000915527344,25300
2012-11-13,46.04999923706055,46.25,45.5,46.16999816894531,115500,23.90999984741211,24.059999465942383,23.71999931335449,24.020000457763672,17100
2012-11-14,46.13999938964844,46.34000015258789,45.900001525878906,46.20000076293945,62000,23.979999542236328,24.170000076293945,23.96999931335449,24.15999984741211,5900
2012-11-15,45.93000030517578,46.2400016784668,45.880001068115234,46.04999923706055,43200,23.82999992370605,24.100000381469727,23.81999969482422,24.030000686645508,99200
2012-11-16,46.18000030517578,46.380001068115234,45.369998931884766,45.63999938964844,156000,23.59000015258789,23.65999984741211,23.440000534057617,23.57999992370605,14200
2012-11-19,46.959999084472656,47.04999923706055,46.41999816894531,46.41999816894531,71500,23.82999992370605,23.90999984741211,23.799999237060547,23.799999237060547,7200
2012-11-20,47.150001525878906,47.45000076293945,46.7400016784668,46.77000045776367,29500,24.07999992370605,24.1200008392334,23.61000061035156,23.63999938964844,5500
2012-11-21,47.150001525878906,47.380001068115234,47.02999877929688,47.29999923706055,22000,24.0,24.1299991607666,23.96999931335449,24.1299991607666,3700
2012-11-23,47.38999938964844,47.560001373291016,47.18000030517578,47.18000030517578,23500,24.059999465942383,24.149999618530277,24.01000022888184,24.01000022888184,1500
2012-11-26,47.59000015258789,47.790000915527344,47.43999862670898,47.58000183105469,40100,24.299999237060547,24.309999465942383,24.1299991607666,24.26000022888184,20200
2012-11-27,48.34000015258789,48.34000015258789,47.68000030517578,47.68000030517578,47700,24.61000061035156,24.61000061035156,24.40999984741211,24.420000076293945,5700
2012-11-28,48.34000015258789,48.4900016784668,47.959999084472656,48.0099983215332,52000,24.530000686645508,24.549999237060547,24.459999084472656,24.520000457763672,10100
2012-11-29,48.06999969482422,48.400001525878906,48.0099983215332,48.22999954223633,50200,24.670000076293945,24.68000030517578,24.540000915527344,24.56999969482422,17600
2012-11-30,47.84999847412109,47.95000076293945,47.459999084472656,47.7599983215332,29200,24.51000022888184,24.520000457763672,24.36000061035156,24.440000534057617,8100
2012-12-03,47.97999954223633,48.34000015258789,47.66999816894531,48.27000045776367,26900,24.790000915527344,24.809999465942383,24.6200008392334,24.700000762939453,7600
2012-12-04,47.93999862670898,47.959999084472656,47.560001373291016,47.90999984741211,58000,24.739999771118164,24.75,24.51000022888184,24.63999938964844,4200
2012-12-05,48.290000915527344,48.34000015258789,47.900001525878906,47.93000030517578,28100,25.11000061035156,25.11000061035156,24.88999938964844,24.88999938964844,4700
2012-12-06,47.959999084472656,48.02000045776367,47.709999084472656,48.0,35500,25.09000015258789,25.190000534057617,25.09000015258789,25.190000534057617,13900
2012-12-07,47.18000030517578,47.68000030517578,47.02999877929688,47.61000061035156,87700,25.170000076293945,25.280000686645508,25.01000022888184,25.100000381469727,17100
2012-12-10,46.86000061035156,46.869998931884766,46.47999954223633,46.7599983215332,68300,25.170000076293945,25.170000076293945,24.799999237060547,24.979999542236328,25300
2012-12-11,46.59999847412109,46.9900016784668,46.34000015258789,46.72999954223633,23000,25.01000022888184,25.18000030517578,24.950000762939453,25.06999969482422,7400
2012-12-12,46.34000015258789,46.52999877929688,46.0099983215332,46.4900016784668,35100,25.01000022888184,25.01000022888184,24.8700008392334,24.8700008392334,3400
2012-12-13,46.15999984741211,46.38999938964844,45.77000045776367,46.369998931884766,42900,24.93000030517578,25.020000457763672,24.93000030517578,25.0,1600
2012-12-14,46.56999969482422,46.630001068115234,46.18000030517578,46.18000030517578,49000,25.149999618530277,25.149999618530277,25.09000015258789,25.09000015258789,4700
2012-12-17,46.220001220703125,46.56999969482422,46.08000183105469,46.52999877929688,24100,25.18000030517578,25.25,25.059999465942383,25.18000030517578,11200
2012-12-18,46.130001068115234,46.13999938964844,45.7400016784668,45.790000915527344,50200,24.75,24.989999771118164,24.75,24.809999465942383,13900
2012-12-19,45.060001373291016,46.220001220703125,45.040000915527344,45.9900016784668,110200,24.40999984741211,24.799999237060547,24.3700008392334,24.780000686645508,9700
2012-12-20,44.47999954223633,44.65999984741211,44.20000076293945,44.34999847412109,83800,24.040000915527344,24.190000534057617,24.0,24.09000015258789,12900
2012-12-21,44.70000076293945,44.900001525878906,44.58000183105469,44.70000076293945,45600,24.36000061035156,24.399999618530277,24.209999084472656,24.209999084472656,8100
2012-12-24,44.81999969482422,44.88999938964844,44.650001525878906,44.77999877929688,27700,24.479999542236328,24.479999542236328,24.40999984741211,24.459999084472656,5300
2012-12-26,44.15999984741211,44.959999084472656,44.119998931884766,44.83000183105469,71700,24.21999931335449,25.989999771118164,24.21999931335449,24.5,3400
2012-12-27,44.040000915527344,44.150001525878906,43.91999816894531,44.150001525878906,57400,24.26000022888184,24.32999992370605,24.15999984741211,24.26000022888184,7200
2012-12-28,44.16999816894531,44.27000045776367,43.880001068115234,43.97999954223633,90600,24.229999542236328,24.34000015258789,24.170000076293945,24.21999931335449,5300
2012-12-31,44.31999969482422,44.380001068115234,43.91999816894531,43.970001220703125,53300,24.06999969482422,24.11000061035156,24.030000686645508,24.040000915527344,4600
2013-01-02,43.65999984741211,45.310001373291016,43.63999938964844,44.33000183105469,136000,23.88999938964844,24.5,23.729999542236328,24.5,5300
2013-01-03,43.43999862670898,43.880001068115234,43.36000061035156,43.4900016784668,66400,23.850000381469727,23.850000381469727,23.59000015258789,23.6299991607666,6400
2013-01-04,42.77000045776367,43.34999847412109,42.68000030517578,43.34999847412109,163800,23.450000762939453,23.729999542236328,23.280000686645508,23.729999542236328,12200
2013-01-07,42.91999816894531,43.15999984741211,42.630001068115234,43.02000045776367,48900,23.600000381469727,23.649999618530277,23.440000534057617,23.6299991607666,4600
2013-01-08,43.20000076293945,43.40999984741211,42.900001525878906,43.08000183105469,128800,23.739999771118164,23.799999237060547,23.649999618530277,23.71999931335449,9100
2013-01-09,43.560001373291016,43.59000015258789,43.18000030517578,43.2599983215332,76800,23.75,23.780000686645508,23.65999984741211,23.780000686645508,5800
2013-01-10,43.72999954223633,43.75,43.5,43.54999923706055,67900,23.59000015258789,23.850000381469727,23.59000015258789,23.76000022888184,15000
2013-01-11,43.9900016784668,44.59000015258789,42.880001068115234,43.52000045776367,212300,23.479999542236328,23.61000061035156,23.190000534057617,23.40999984741211,21500
2013-01-14,44.77999877929688,44.83000183105469,44.22999954223633,44.310001373291016,151000,24.059999465942383,24.09000015258789,23.13999938964844,23.13999938964844,17600
2013-01-15,45.20000076293945,45.220001220703125,44.61000061035156,44.61000061035156,92000,23.979999542236328,24.15999984741211,23.979999542236328,24.1200008392334,7200
2013-01-16,45.220001220703125,45.29999923706055,44.72999954223633,45.209999084472656,51400,24.36000061035156,24.36000061035156,24.149999618530277,24.149999618530277,12300
2013-01-17,44.77000045776367,45.0,44.68999862670898,44.93000030517578,50900,24.1299991607666,24.309999465942383,24.07999992370605,24.280000686645508,35300
2013-01-18,45.0099983215332,45.11000061035156,44.77000045776367,44.970001220703125,58300,24.190000534057617,24.200000762939453,24.06999969482422,24.11000061035156,3900
2013-01-22,45.040000915527344,45.34000015258789,44.970001220703125,45.310001373291016,55800,24.559999465942383,24.6299991607666,24.46999931335449,24.46999931335449,15700
2013-01-23,44.72999954223633,45.15999984741211,44.66999816894531,44.66999816894531,44200,24.3799991607666,24.56999969482422,24.309999465942383,24.46999931335449,5400
2013-01-24,44.68000030517578,44.7599983215332,44.400001525878906,44.5,36800,24.3799991607666,24.3799991607666,24.11000061035156,24.15999984741211,6900
2013-01-25,44.41999816894531,44.81999969482422,44.38999938964844,44.470001220703125,31600,24.34000015258789,24.399999618530277,24.239999771118164,24.239999771118164,10300
2013-01-28,44.970001220703125,44.970001220703125,44.41999816894531,44.45000076293945,21600,24.5,24.5,24.290000915527344,24.290000915527344,13300
2013-01-29,44.810001373291016,44.97999954223633,44.810001373291016,44.93999862670898,25100,24.530000686645508,24.57999992370605,24.450000762939453,24.56999969482422,4400
2013-01-30,45.43000030517578,45.459999084472656,45.16999816894531,45.20000076293945,53700,25.01000022888184,25.020000457763672,24.809999465942383,24.850000381469727,11500
2013-01-31,45.5,45.52999877929688,45.06999969482422,45.29999923706055,80500,24.88999938964844,24.88999938964844,24.65999984741211,24.850000381469727,8600
2013-02-01,45.18000030517578,45.7400016784668,45.15999984741211,45.63999938964844,36500,24.940000534057617,25.01000022888184,24.940000534057617,25.01000022888184,7400
2013-02-04,45.209999084472656,45.560001373291016,45.04999923706055,45.369998931884766,23800,25.18000030517578,25.31999969482422,25.149999618530277,25.200000762939453,41600
2013-02-05,45.06999969482422,45.06999969482422,44.650001525878906,44.9900016784668,54500,25.270000457763672,25.270000457763672,25.020000457763672,25.06999969482422,5700
2013-02-06,44.34000015258789,44.560001373291016,44.220001220703125,44.52000045776367,96300,25.09000015258789,25.1200008392334,24.979999542236328,25.020000457763672,8000
2013-02-07,43.56999969482422,44.119998931884766,43.459999084472656,43.9900016784668,89300,24.8799991607666,25.06999969482422,24.8799991607666,25.040000915527344,8300
2013-02-08,43.34999847412109,43.869998931884766,43.18999862670898,43.52999877929688,132800,24.26000022888184,24.950000762939453,24.200000762939453,24.950000762939453,13300
2013-02-11,42.86000061035156,43.33000183105469,42.709999084472656,43.209999084472656,52800,23.959999084472656,23.989999771118164,23.88999938964844,23.96999931335449,9300
2013-02-12,42.75,42.88999938964844,42.43000030517578,42.86000061035156,61900,23.86000061035156,24.020000457763672,23.81999969482422,24.01000022888184,41600
2013-02-13,42.650001525878906,42.810001373291016,42.400001525878906,42.5,23000,23.920000076293945,23.93000030517578,23.75,23.75,3900
2013-02-14,42.619998931884766,42.65999984741211,42.29999923706055,42.540000915527344,120900,23.799999237060547,23.809999465942383,23.6200008392334,23.670000076293945,3600
2013-02-15,42.650001525878906,43.0,42.5099983215332,42.90999984741211,96000,23.86000061035156,23.8799991607666,23.799999237060547,23.850000381469727,7600
2013-02-19,42.43999862670898,42.72999954223633,42.16999816894531,42.720001220703125,55000,24.420000076293945,24.440000534057617,24.1299991607666,24.13999938964844,13700
2013-02-20,42.59000015258789,42.630001068115234,42.209999084472656,42.369998931884766,50100,24.549999237060547,24.63999938964844,24.40999984741211,24.530000686645508,9000
2013-02-21,42.0099983215332,42.33000183105469,41.90999984741211,42.29999923706055,38600,24.5,24.57999992370605,24.420000076293945,24.520000457763672,3300
2013-02-22,41.959999084472656,42.25,41.810001373291016,42.119998931884766,60300,24.15999984741211,24.799999237060547,24.15999984741211,24.770000457763672,7800
2013-02-25,41.68000030517578,42.0099983215332,41.619998931884766,41.720001220703125,25000,24.040000915527344,24.149999618530277,23.899999618530277,24.149999618530277,4500
2013-02-26,42.290000915527344,42.36000061035156,41.810001373291016,41.810001373291016,76800,23.940000534057617,24.11000061035156,23.81999969482422,23.989999771118164,5000
2013-02-27,42.2400016784668,42.52000045776367,42.150001525878906,42.52000045776367,72500,24.01000022888184,24.1299991607666,23.899999618530277,24.1200008392334,9100
2013-02-28,42.58000183105469,42.68999862670898,42.25,42.27000045776367,28400,24.170000076293945,24.38999938964844,24.15999984741211,24.15999984741211,8800
2013-03-01,42.68999862670898,42.77999877929688,42.2599983215332,42.31999969482422,44400,24.11000061035156,24.1200008392334,23.93000030517578,23.989999771118164,20000
2013-03-04,42.25,42.810001373291016,41.95000076293945,42.70000076293945,21700,24.1200008392334,24.13999938964844,24.049999237060547,24.049999237060547,1800
2013-03-05,42.540000915527344,42.709999084472656,42.36000061035156,42.36000061035156,40900,24.36000061035156,24.520000457763672,24.34000015258789,24.5,2900
2013-03-06,41.65999984741211,42.369998931884766,41.59999847412109,42.369998931884766,41500,24.459999084472656,24.51000022888184,24.309999465942383,24.32999992370605,9900
2013-03-07,41.70000076293945,41.709999084472656,41.290000915527344,41.560001373291016,42200,24.489999771118164,24.530000686645508,24.38999938964844,24.459999084472656,5600
2013-03-08,42.11000061035156,42.25,41.59000015258789,41.720001220703125,74400,24.38999938964844,24.57999992370605,24.170000076293945,24.520000457763672,6200
2013-03-11,42.63999938964844,42.95000076293945,42.150001525878906,42.18999862670898,30600,24.450000762939453,24.51000022888184,24.43000030517578,24.440000534057617,1100
2013-03-12,43.0,43.09000015258789,42.619998931884766,42.75,27500,24.40999984741211,24.40999984741211,24.309999465942383,24.309999465942383,1300
2013-03-13,42.68000030517578,42.90999984741211,42.20000076293945,42.90999984741211,19900,24.059999465942383,24.09000015258789,24.0,24.06999969482422,6500
2013-03-14,43.11000061035156,43.13999938964844,42.720001220703125,42.7400016784668,143600,24.1200008392334,24.1200008392334,23.56999969482422,23.950000762939453,10400
2013-03-15,43.220001220703125,43.2400016784668,42.68999862670898,42.84999847412109,56100,23.5,23.88999938964844,23.46999931335449,23.670000076293945,17300
2013-03-18,43.310001373291016,43.34999847412109,42.81999969482422,42.959999084472656,28500,23.700000762939453,23.700000762939453,23.6299991607666,23.670000076293945,4600
2013-03-19,43.45000076293945,43.52000045776367,42.9900016784668,43.119998931884766,30500,23.670000076293945,23.770000457763672,23.649999618530277,23.649999618530277,5500
2013-03-20,43.86000061035156,43.880001068115234,43.36000061035156,43.65999984741211,39700,23.899999618530277,23.899999618530277,23.65999984741211,23.739999771118164,4000
2013-03-21,44.02000045776367,44.02000045776367,43.58000183105469,43.66999816894531,18900,24.040000915527344,25.0,23.88999938964844,25.0,5400
2013-03-22,43.59000015258789,43.709999084472656,43.40999984741211,43.66999816894531,21200,23.96999931335449,24.13999938964844,23.93000030517578,24.100000381469727,9300
2013-03-25,43.9900016784668,44.13999938964844,43.63999938964844,43.65999984741211,32900,24.030000686645508,24.149999618530277,23.030000686645508,23.030000686645508,8700
2013-03-26,43.959999084472656,44.08000183105469,43.7599983215332,44.0099983215332,20500,24.170000076293945,24.56999969482422,24.170000076293945,24.200000762939453,1000
2013-03-27,43.97999954223633,44.220001220703125,43.77999877929688,43.959999084472656,33800,24.15999984741211,24.200000762939453,24.06999969482422,24.06999969482422,10800
2013-03-28,40.900001525878906,43.93000030517578,40.86000061035156,43.91999816894531,201800,24.229999542236328,24.229999542236328,23.51000022888184,24.049999237060547,20900
2013-04-01,40.20000076293945,40.7400016784668,39.310001373291016,40.70000076293945,151900,23.11000061035156,23.68000030517578,23.11000061035156,23.65999984741211,22400
2013-04-02,40.18999862670898,40.5,39.619998931884766,40.369998931884766,102900,23.6200008392334,23.709999084472656,23.15999984741211,23.15999984741211,19300
2013-04-03,40.31999969482422,40.40999984741211,39.93000030517578,40.33000183105469,81300,23.200000762939453,23.6200008392334,23.030000686645508,23.559999465942383,10000
2013-04-04,39.91999816894531,40.34999847412109,39.79999923706055,40.060001373291016,23100,23.149999618530277,23.149999618530277,22.100000381469727,23.01000022888184,21900
2013-04-05,39.81999969482422,40.060001373291016,39.52000045776367,40.02999877929688,42500,23.100000381469727,23.149999618530277,23.100000381469727,23.11000061035156,2400
2013-04-08,39.66999816894531,39.88999938964844,39.47999954223633,39.79999923706055,60000,22.850000381469727,23.21999931335449,22.799999237060547,23.11000061035156,9900
2013-04-09,40.25,40.369998931884766,39.08000183105469,39.08000183105469,60400,23.350000381469727,23.36000061035156,22.420000076293945,22.420000076293945,4300
2013-04-10,40.58000183105469,41.41999816894531,39.880001068115234,40.400001525878906,112800,23.290000915527344,23.290000915527344,23.290000915527344,23.290000915527344,100
2013-04-11,40.630001068115234,41.11000061035156,40.560001373291016,40.720001220703125,18800,23.190000534057617,23.350000381469727,22.670000076293945,22.670000076293945,3800
2013-04-12,41.18999862670898,41.20000076293945,39.08000183105469,40.02000045776367,36700,23.440000534057617,23.479999542236328,23.059999465942383,23.059999465942383,6600
2013-04-15,39.7599983215332,40.56999969482422,39.68000030517578,40.27000045776367,63100,23.06999969482422,24.059999465942383,22.61000061035156,22.61000061035156,1700
2013-04-16,40.560001373291016,40.68999862670898,40.02999877929688,40.02999877929688,65200,23.270000457763672,23.270000457763672,22.31999969482422,22.729999542236328,2600
2013-04-17,40.77000045776367,41.09999847412109,40.56999969482422,40.56999969482422,77300,23.25,23.299999237060547,22.989999771118164,23.290000915527344,8000
2013-04-18,40.43000030517578,41.20000076293945,40.36000061035156,41.13999938964844,36200,23.3799991607666,23.5,23.309999465942383,23.5,5800
2013-04-19,40.619998931884766,40.83000183105469,40.43000030517578,40.59999847412109,53400,23.1299991607666,23.25,23.1299991607666,23.25,500
2013-04-22,39.77999877929688,40.11000061035156,39.68000030517578,40.11000061035156,40400,22.979999542236328,23.020000457763672,22.51000022888184,22.51000022888184,2600
2013-04-23,38.90999984741211,40.0,38.869998931884766,40.0,34900,22.809999465942383,23.030000686645508,22.26000022888184,22.26000022888184,2700
2013-04-24,39.34000015258789,39.400001525878906,39.02999877929688,39.400001525878906,16200,22.600000381469727,22.75,22.51000022888184,22.709999084472656,7200
2013-04-25,39.58000183105469,39.7400016784668,39.29999923706055,39.41999816894531,14600,23.09000015258789,23.09000015258789,22.51000022888184,22.51000022888184,7800
2013-04-26,39.27000045776367,39.63999938964844,39.150001525878906,39.63999938964844,75400,23.200000762939453,23.799999237060547,22.82999992370605,23.799999237060547,15600
2013-04-29,41.84000015258789,41.97999954223633,40.150001525878906,40.150001525878906,171100,23.56999969482422,23.799999237060547,23.100000381469727,23.799999237060547,15200
2013-04-30,41.4900016784668,42.130001068115234,41.380001068115234,42.130001068115234,113800,23.51000022888184,24.200000762939453,23.100000381469727,23.149999618530277,14100
2013-05-01,41.09999847412109,41.369998931884766,40.59999847412109,40.869998931884766,91200,23.09000015258789,23.90999984741211,22.979999542236328,23.90999984741211,12800
2013-05-02,41.86000061035156,41.93999862670898,41.150001525878906,41.47999954223633,31800,23.01000022888184,23.09000015258789,23.01000022888184,23.09000015258789,1600
2013-05-03,41.619998931884766,42.27999877929688,41.5099983215332,42.27999877929688,47800,23.46999931335449,23.46999931335449,23.229999542236328,23.229999542236328,2900
2013-05-06,40.18000030517578,40.470001220703125,39.93000030517578,40.34000015258789,110000,23.030000686645508,23.229999542236328,23.0,23.200000762939453,10900
2013-05-07,40.290000915527344,40.560001373291016,39.88999938964844,40.13999938964844,53800,23.18000030517578,23.3700008392334,23.01000022888184,23.229999542236328,10300
2013-05-08,39.86000061035156,40.22999954223633,39.52999877929688,40.09999847412109,53800,23.209999084472656,23.299999237060547,23.0,23.0,3000
2013-05-09,40.54999923706055,40.79999923706055,39.77000045776367,39.81999969482422,97500,23.420000076293945,23.59000015258789,22.809999465942383,23.21999931335449,12500
2013-05-10,39.77999877929688,40.470001220703125,39.25,40.43000030517578,70600,23.1200008392334,23.6299991607666,23.100000381469727,23.6299991607666,7500
2013-05-13,40.81999969482422,41.0,40.0099983215332,40.0099983215332,61400,23.31999969482422,23.600000381469727,23.190000534057617,23.5,4900
2013-05-14,40.810001373291016,40.84999847412109,40.5,40.59999847412109,48400,23.31999969482422,23.36000061035156,23.200000762939453,23.200000762939453,400
2013-05-15,40.34000015258789,40.79999923706055,40.2599983215332,40.459999084472656,31600,23.200000762939453,23.6299991607666,23.200000762939453,23.6299991607666,2700
2013-05-16,39.72999954223633,40.27000045776367,39.650001525878906,40.20000076293945,68400,23.51000022888184,23.61000061035156,23.280000686645508,23.479999542236328,18700
2013-05-17,39.59000015258789,39.83000183105469,39.33000183105469,39.65999984741211,54000,23.57999992370605,23.6200008392334,23.280000686645508,23.5,9000
2013-05-20,39.54999923706055,39.790000915527344,39.150001525878906,39.540000915527344,72200,23.57999992370605,23.600000381469727,23.270000457763672,23.40999984741211,20400
2013-05-21,39.27000045776367,39.459999084472656,38.84000015258789,39.09000015258789,51700,23.32999992370605,23.56999969482422,23.32999992370605,23.3799991607666,9800
2013-05-22,40.20000076293945,40.2400016784668,39.29999923706055,39.29999923706055,63600,23.84000015258789,23.84000015258789,23.239999771118164,23.239999771118164,8200
2013-05-23,40.540000915527344,40.630001068115234,39.79999923706055,40.09999847412109,56300,23.82999992370605,24.030000686645508,23.399999618530277,24.030000686645508,11700
2013-05-24,40.619998931884766,40.650001525878906,40.0099983215332,40.04999923706055,21100,23.940000534057617,23.950000762939453,23.88999938964844,23.940000534057617,3400
2013-05-28,41.68000030517578,41.810001373291016,41.150001525878906,41.59999847412109,95700,24.549999237060547,24.559999465942383,24.059999465942383,24.059999465942383,20400
2013-05-29,42.43999862670898,42.540000915527344,41.369998931884766,41.7599983215332,93600,24.68000030517578,24.790000915527344,24.38999938964844,24.690000534057617,21600
2013-05-30,42.369998931884766,43.0,41.86000061035156,42.86000061035156,86100,24.63999938964844,24.850000381469727,24.399999618530277,24.850000381469727,8300
2013-05-31,42.470001220703125,42.84000015258789,42.04999923706055,42.25,115500,24.770000457763672,25.059999465942383,24.770000457763672,24.899999618530277,19300
2013-06-03,42.09000015258789,42.88999938964844,41.38999938964844,42.810001373291016,105300,25.38999938964844,25.399999618530277,25.100000381469727,25.299999237060547,17100
2013-06-04,41.7400016784668,41.77000045776367,41.18999862670898,41.65999984741211,39300,25.1299991607666,25.34000015258789,24.86000061035156,24.90999984741211,12700
2013-06-05,40.77999877929688,41.40999984741211,40.77999877929688,41.33000183105469,37100,24.71999931335449,25.01000022888184,24.61000061035156,24.61000061035156,23300
2013-06-06,41.5,41.5,40.86000061035156,40.86000061035156,27900,24.75,24.770000457763672,24.520000457763672,24.71999931335449,12200
2013-06-07,42.0,42.08000183105469,41.43000030517578,41.66999816894531,38000,25.229999542236328,25.25,24.899999618530277,24.940000534057617,16900
2013-06-10,41.16999816894531,41.68999862670898,40.61000061035156,41.68999862670898,52700,25.1200008392334,25.229999542236328,24.86000061035156,25.07999992370605,10100
2013-06-11,41.4900016784668,41.540000915527344,40.93000030517578,41.18000030517578,31400,25.229999542236328,25.229999542236328,25.0,25.09000015258789,11300
2013-06-12,40.720001220703125,41.310001373291016,40.209999084472656,41.16999816894531,72900,24.93000030517578,25.229999542236328,24.56999969482422,25.229999542236328,19300
2013-06-13,40.59000015258789,40.66999816894531,40.04999923706055,40.66999816894531,23000,24.84000015258789,24.84000015258789,24.46999931335449,24.700000762939453,10200
2013-06-14,40.2599983215332,40.619998931884766,40.22999954223633,40.36000061035156,30300,24.690000534057617,24.84000015258789,24.57999992370605,24.84000015258789,2300
2013-06-17,41.0099983215332,41.060001373291016,39.97999954223633,40.0,56000,24.489999771118164,24.51000022888184,23.86000061035156,24.38999938964844,21700
2013-06-18,41.650001525878906,41.68999862670898,40.66999816894531,40.7599983215332,53200,24.530000686645508,24.59000015258789,24.440000534057617,24.540000915527344,6400
2013-06-19,42.79999923706055,43.0,41.400001525878906,41.5,85200,24.71999931335449,24.93000030517578,24.43000030517578,24.530000686645508,8400
2013-06-20,42.09000015258789,42.47999954223633,41.59000015258789,42.41999816894531,76900,24.309999465942383,24.459999084472656,24.309999465942383,24.3700008392334,2800
2013-06-21,41.900001525878906,42.209999084472656,41.7400016784668,41.84000015258789,39400,24.020000457763672,24.200000762939453,23.959999084472656,23.959999084472656,1400
2013-06-24,41.15999984741211,41.2400016784668,40.900001525878906,40.93999862670898,51000,23.600000381469727,24.100000381469727,22.549999237060547,23.82999992370605,12300
2013-06-25,40.91999816894531,41.29999923706055,40.70000076293945,41.13999938964844,26800,24.229999542236328,24.239999771118164,23.450000762939453,23.450000762939453,12400
2013-06-26,40.90999984741211,41.18000030517578,40.68999862670898,41.02000045776367,23400,24.1200008392334,24.1200008392334,23.799999237060547,23.799999237060547,800
2013-06-27,40.47999954223633,40.650001525878906,40.34999847412109,40.650001525878906,40400,24.0,24.200000762939453,23.790000915527344,23.790000915527344,1900
2013-06-28,38.66999816894531,40.400001525878906,38.400001525878906,40.400001525878906,274300,23.549999237060547,24.06999969482422,23.540000915527344,24.06999969482422,9700
2013-07-01,38.06999969482422,38.58000183105469,37.970001220703125,38.45000076293945,109200,23.59000015258789,23.649999618530277,23.36000061035156,23.649999618530277,1400
2013-07-02,38.20000076293945,38.29999923706055,37.7400016784668,38.06999969482422,83100,23.56999969482422,23.65999984741211,23.13999938964844,23.13999938964844,5500
2013-07-03,38.16999816894531,38.45000076293945,37.88999938964844,38.45000076293945,42100,23.649999618530277,23.649999618530277,23.040000915527344,23.040000915527344,600
2013-07-05,37.52999877929688,38.27000045776367,37.43999862670898,38.02000045776367,49300,23.479999542236328,23.520000457763672,23.479999542236328,23.520000457763672,300
2013-07-08,37.900001525878906,38.08000183105469,37.79999923706055,37.86000061035156,64100,23.65999984741211,23.68000030517578,23.65999984741211,23.68000030517578,200
2013-07-09,39.41999816894531,39.5,38.27000045776367,38.27000045776367,146400,24.1299991607666,24.1299991607666,23.88999938964844,23.88999938964844,6300
2013-07-10,39.38999938964844,39.54999923706055,39.18000030517578,39.310001373291016,44100,24.209999084472656,24.88999938964844,24.13999938964844,24.88999938964844,1800
2013-07-11,39.65999984741211,39.84999847412109,38.59999847412109,39.400001525878906,73100,24.25,24.25,23.6299991607666,23.6299991607666,12700
2013-07-12,38.54999923706055,39.68999862670898,38.47999954223633,39.380001068115234,54300,23.649999618530277,23.809999465942383,23.649999618530277,23.809999465942383,2200
2013-07-15,38.150001525878906,38.36000061035156,38.02999877929688,38.27000045776367,34000,23.75,23.780000686645508,23.649999618530277,23.65999984741211,1200
2013-07-16,38.54999923706055,39.040000915527344,38.34999847412109,38.45000076293945,24700,24.190000534057617,24.290000915527344,24.13999938964844,24.149999618530277,1200
2013-07-17,38.0,38.34000015258789,37.95000076293945,38.29999923706055,37500,23.940000534057617,24.13999938964844,23.940000534057617,23.959999084472656,1500
2013-07-18,37.790000915527344,37.84999847412109,37.459999084472656,37.709999084472656,55200,23.850000381469727,23.8799991607666,23.739999771118164,23.8799991607666,3100
2013-07-19,37.900001525878906,37.93000030517578,37.2599983215332,37.560001373291016,50700,23.82999992370605,23.82999992370605,23.82999992370605,23.82999992370605,200
2013-07-22,37.790000915527344,37.79999923706055,37.43999862670898,37.540000915527344,30700,24.11000061035156,24.190000534057617,24.0,24.0,1600
2013-07-23,37.0099983215332,37.9900016784668,36.66999816894531,37.9900016784668,170700,23.76000022888184,24.020000457763672,23.709999084472656,24.01000022888184,3100
2013-07-24,36.59999847412109,37.09000015258789,36.4900016784668,36.79999923706055,123800,23.479999542236328,24.0,22.899999618530277,24.0,2700
2013-07-25,36.41999816894531,36.970001220703125,36.16999816894531,36.869998931884766,56000,23.040000915527344,23.239999771118164,22.950000762939453,23.239999771118164,5800
2013-07-26,36.15999984741211,36.4900016784668,36.150001525878906,36.4900016784668,83100,23.01000022888184,23.100000381469727,22.780000686645508,22.780000686645508,8200
2013-07-29,36.02999877929688,36.40999984741211,35.84000015258789,36.18999862670898,44800,23.0,23.0,22.989999771118164,22.989999771118164,600
2013-07-30,36.15999984741211,36.31999969482422,35.97999954223633,36.2400016784668,44200,22.63999938964844,23.0,22.63999938964844,23.0,8300
2013-07-31,36.34000015258789,36.400001525878906,35.97999954223633,35.9900016784668,43100,22.709999084472656,22.739999771118164,22.690000534057617,22.690000534057617,1600
2013-08-01,35.54999923706055,36.59999847412109,35.27000045776367,36.59999847412109,96100,22.489999771118164,22.65999984741211,22.440000534057617,22.549999237060547,10600
2013-08-02,35.279998779296875,35.599998474121094,35.15999984741211,35.349998474121094,47200,22.25,22.71999931335449,22.239999771118164,22.649999618530277,7300
2013-08-05,35.08000183105469,35.220001220703125,34.70000076293945,35.06999969482422,52900,22.280000686645508,22.280000686645508,22.280000686645508,22.280000686645508,300
2013-08-06,35.119998931884766,35.150001525878906,34.61000061035156,34.61000061035156,40200,21.93000030517578,22.200000762939453,21.93000030517578,22.200000762939453,4800
2013-08-07,34.91999816894531,35.36000061035156,34.779998779296875,35.0099983215332,40100,21.940000534057617,22.38999938964844,21.940000534057617,22.38999938964844,6900
2013-08-08,35.06999969482422,35.31999969482422,34.81999969482422,35.22999954223633,58500,22.280000686645508,22.399999618530277,21.5,21.5,9300
2013-08-09,34.5,35.099998474121094,34.4900016784668,35.06999969482422,97000,22.200000762939453,22.38999938964844,22.200000762939453,22.38999938964844,1600
2013-08-12,35.43000030517578,35.86000061035156,34.060001373291016,34.63999938964844,240800,22.979999542236328,23.0,22.450000762939453,22.479999542236328,7600
2013-08-13,34.15999984741211,35.61000061035156,34.04999923706055,35.61000061035156,152700,23.030000686645508,23.299999237060547,22.920000076293945,23.299999237060547,28900
2013-08-14,34.68000030517578,34.7400016784668,34.16999816894531,34.290000915527344,55300,23.1299991607666,23.13999938964844,22.8700008392334,22.899999618530277,6800
2013-08-15,35.91999816894531,36.13999938964844,35.220001220703125,35.2400016784668,211000,23.420000076293945,23.440000534057617,23.190000534057617,23.190000534057617,12800
2013-08-16,35.22999954223633,35.54999923706055,35.060001373291016,35.45000076293945,120800,23.25,23.440000534057617,23.25,23.38999938964844,2200
2013-08-19,36.630001068115234,36.72999954223633,35.529998779296875,35.880001068115234,184500,23.8700008392334,25.38999938964844,23.5,25.38999938964844,11000
2013-08-20,36.02999877929688,36.560001373291016,35.900001525878906,36.560001373291016,110500,23.6200008392334,23.75,23.56999969482422,23.670000076293945,8600
2013-08-21,36.47999954223633,36.65999984741211,36.08000183105469,36.58000183105469,65600,23.780000686645508,24.030000686645508,23.75,24.030000686645508,5500
2013-08-22,35.27000045776367,36.54999923706055,35.209999084472656,36.54999923706055,73000,23.82999992370605,23.82999992370605,23.729999542236328,23.81999969482422,4600
2013-08-23,35.58000183105469,35.88999938964844,35.40999984741211,35.619998931884766,43300,24.100000381469727,24.190000534057617,23.979999542236328,24.190000534057617,22700
2013-08-26,37.709999084472656,38.130001068115234,36.75,36.900001525878906,309800,25.030000686645508,25.399999618530277,24.780000686645508,25.0,17600
2013-08-27,36.68000030517578,37.93999862670898,36.619998931884766,37.93999862670898,124500,24.770000457763672,25.40999984741211,24.700000762939453,25.100000381469727,18200
2013-08-28,36.27000045776367,36.709999084472656,36.209999084472656,36.630001068115234,67800,24.88999938964844,24.88999938964844,23.82999992370605,23.82999992370605,10800
2013-08-29,36.380001068115234,36.56999969482422,35.15999984741211,36.119998931884766,50600,24.649999618530277,24.8799991607666,24.649999618530277,24.8799991607666,5000
2013-08-30,36.5,36.56999969482422,36.09999847412109,36.25,27600,24.51000022888184,24.600000381469727,24.40999984741211,24.56999969482422,3800
2013-09-03,36.040000915527344,36.95000076293945,35.59000015258789,36.810001373291016,88600,24.88999938964844,25.229999542236328,24.809999465942383,25.200000762939453,8300
2013-09-04,35.630001068115234,35.90999984741211,35.400001525878906,35.70000076293945,46200,24.34000015258789,24.709999084472656,24.239999771118164,24.59000015258789,6100
2013-09-05,35.04999923706055,35.619998931884766,34.75,35.619998931884766,104000,24.540000915527344,24.540000915527344,24.040000915527344,24.06999969482422,11200
2013-09-06,35.400001525878906,35.5,34.95000076293945,35.130001068115234,55100,24.489999771118164,25.21999931335449,24.25,24.34000015258789,11100
2013-09-09,35.15999984741211,35.529998779296875,34.97999954223633,35.380001068115234,53300,24.290000915527344,24.57999992370605,24.270000457763672,24.520000457763672,19300
2013-09-10,35.540000915527344,35.54999923706055,35.099998474121094,35.189998626708984,66700,24.3799991607666,24.440000534057617,24.1299991607666,24.1299991607666,1700
2013-09-11,35.7599983215332,35.79999923706055,35.31999969482422,35.31999969482422,37500,24.3799991607666,24.450000762939453,24.36000061035156,24.450000762939453,2000
2013-09-12,35.2400016784668,35.59000015258789,34.560001373291016,35.4900016784668,108900,24.90999984741211,24.920000076293945,24.170000076293945,24.3799991607666,11700
2013-09-13,34.900001525878906,35.11000061035156,34.72999954223633,35.0,60700,24.489999771118164,25.0,24.46999931335449,25.0,17000
2013-09-16,34.63999938964844,34.91999816894531,34.41999816894531,34.630001068115234,44900,24.11000061035156,24.36000061035156,24.01000022888184,24.350000381469727,11200
2013-09-17,34.470001220703125,35.25,34.38999938964844,35.18000030517578,39500,24.190000534057617,24.32999992370605,24.030000686645508,24.32999992370605,2900
2013-09-18,34.650001525878906,34.70000076293945,34.25,34.25,34300,24.32999992370605,24.32999992370605,24.049999237060547,24.049999237060547,3100
2013-09-19,34.90999984741211,35.02000045776367,34.540000915527344,34.720001220703125,65400,24.07999992370605,24.59000015258789,24.07999992370605,24.59000015258789,8900
2013-09-20,34.27000045776367,34.630001068115234,34.20000076293945,34.599998474121094,89200,23.739999771118164,23.8799991607666,23.71999931335449,23.8799991607666,5100
2013-09-23,34.310001373291016,34.459999084472656,34.060001373291016,34.11000061035156,48900,23.729999542236328,23.799999237060547,23.71999931335449,23.780000686645508,1500
2013-09-24,34.06999969482422,34.33000183105469,33.95000076293945,34.33000183105469,86800,23.729999542236328,23.86000061035156,23.729999542236328,23.82999992370605,14100
2013-09-25,34.22999954223633,34.5,33.95000076293945,34.209999084472656,64700,23.850000381469727,23.899999618530277,23.729999542236328,23.729999542236328,2700
2013-09-26,34.470001220703125,34.630001068115234,34.189998626708984,34.25,30000,23.790000915527344,23.850000381469727,23.09000015258789,23.799999237060547,9800
2013-09-27,34.29999923706055,34.599998474121094,34.2400016784668,34.599998474121094,28100,23.82999992370605,23.86000061035156,23.82999992370605,23.86000061035156,500
2013-09-30,33.56999969482422,34.779998779296875,33.41999816894531,34.38999938964844,193900,23.1299991607666,24.0,23.0,24.0,17200
2013-10-01,33.369998931884766,33.56999969482422,33.060001373291016,33.56999969482422,76000,23.049999237060547,23.11000061035156,22.979999542236328,23.11000061035156,7300
2013-10-02,33.369998931884766,33.41999816894531,33.18000030517578,33.279998779296875,26300,23.1200008392334,23.209999084472656,23.100000381469727,23.100000381469727,4300
2013-10-03,33.33000183105469,33.630001068115234,33.16999816894531,33.16999816894531,19800,23.3700008392334,23.399999618530277,23.280000686645508,23.280000686645508,6700
2013-10-04,33.619998931884766,33.63999938964844,33.34000015258789,33.400001525878906,30700,23.479999542236328,23.5,23.34000015258789,23.34000015258789,2600
2013-10-07,33.959999084472656,34.0,33.63999938964844,33.650001525878906,30800,23.51000022888184,23.649999618530277,23.3799991607666,23.649999618530277,5000
2013-10-08,33.459999084472656,34.13999938964844,33.400001525878906,34.13999938964844,36400,23.489999771118164,23.559999465942383,23.34000015258789,23.520000457763672,2800
2013-10-09,33.630001068115234,33.779998779296875,33.41999816894531,33.59000015258789,21200,23.290000915527344,23.40999984741211,23.280000686645508,23.3799991607666,8300
2013-10-10,33.27000045776367,33.68000030517578,33.11000061035156,33.5,87000,23.36000061035156,23.450000762939453,23.36000061035156,23.450000762939453,1500
2013-10-11,32.900001525878906,33.16999816894531,32.83000183105469,33.099998474121094,58900,22.950000762939453,23.229999542236328,22.950000762939453,23.229999542236328,7700
2013-10-14,33.06999969482422,33.150001525878906,32.720001220703125,32.720001220703125,24100,22.82999992370605,23.1299991607666,22.770000457763672,23.030000686645508,3000
2013-10-15,33.52000045776367,33.52000045776367,33.09000015258789,33.09000015258789,36300,22.770000457763672,23.11000061035156,22.770000457763672,23.01000022888184,22500
2013-10-16,33.380001068115234,33.52000045776367,33.20000076293945,33.400001525878906,21600,23.149999618530277,23.18000030517578,23.09000015258789,23.170000076293945,1700
2013-10-17,33.18000030517578,33.63999938964844,33.18000030517578,33.54999923706055,37400,23.32999992370605,23.32999992370605,23.190000534057617,23.21999931335449,2700
2013-10-18,33.43000030517578,33.72999954223633,33.31999969482422,33.56999969482422,90900,23.280000686645508,23.3700008392334,23.280000686645508,23.3700008392334,3100
2013-10-21,33.54999923706055,33.619998931884766,33.189998626708984,33.33000183105469,35500,23.440000534057617,23.459999084472656,23.38999938964844,23.399999618530277,1500
2013-10-22,33.16999816894531,33.529998779296875,33.16999816894531,33.529998779296875,19600,23.350000381469727,23.420000076293945,23.149999618530277,23.149999618530277,13600
2013-10-23,33.439998626708984,33.70000076293945,33.27000045776367,33.400001525878906,24700,23.46999931335449,23.559999465942383,23.450000762939453,23.530000686645508,2800
2013-10-24,33.33000183105469,33.529998779296875,33.18000030517578,33.380001068115234,21800,23.46999931335449,23.46999931335449,23.46999931335449,23.46999931335449,300
2013-10-25,33.209999084472656,33.400001525878906,33.18000030517578,33.400001525878906,25200,23.200000762939453,23.479999542236328,23.200000762939453,23.479999542236328,5700
2013-10-28,32.66999816894531,33.47999954223633,32.599998474121094,33.47999954223633,102100,22.86000061035156,23.01000022888184,22.86000061035156,23.01000022888184,8800
2013-10-29,32.68000030517578,32.81999969482422,32.40999984741211,32.40999984741211,41800,22.959999084472656,23.0,22.540000915527344,22.739999771118164,3300
2013-10-30,32.4900016784668,32.84000015258789,32.41999816894531,32.709999084472656,35500,23.040000915527344,23.100000381469727,23.020000457763672,23.09000015258789,3000
2013-10-31,32.34000015258789,32.84000015258789,32.25,32.68000030517578,35600,22.84000015258789,23.0,22.84000015258789,23.0,1900
2013-11-01,32.150001525878906,32.290000915527344,32.04999923706055,32.189998626708984,65700,22.600000381469727,22.8799991607666,22.600000381469727,22.8700008392334,9700
2013-11-04,32.04999923706055,32.25,32.0099983215332,32.2400016784668,28200,22.709999084472656,22.75,22.709999084472656,22.75,200
2013-11-05,32.04999923706055,32.130001068115234,31.920000076293945,32.130001068115234,21600,22.559999465942383,22.6200008392334,22.540000915527344,22.6200008392334,3100
2013-11-06,31.68000030517578,32.0,31.649999618530277,31.950000762939453,24800,22.739999771118164,22.739999771118164,22.670000076293945,22.670000076293945,400
2013-11-07,31.65999984741211,31.899999618530277,31.61000061035156,31.770000457763672,77000,22.63999938964844,22.75,22.600000381469727,22.600000381469727,2300
2013-11-08,32.209999084472656,32.31999969482422,31.309999465942383,31.649999618530277,150600,23.15999984741211,23.18000030517578,22.799999237060547,22.799999237060547,2600
2013-11-11,32.81999969482422,32.900001525878906,32.25,32.25,139900,23.229999542236328,23.31999969482422,22.71999931335449,22.71999931335449,3100
2013-11-12,32.52000045776367,32.81999969482422,32.38999938964844,32.79999923706055,70800,23.459999084472656,23.489999771118164,23.399999618530277,23.399999618530277,1600
2013-11-13,32.290000915527344,32.58000183105469,32.22999954223633,32.400001525878906,43400,23.5,23.5,23.420000076293945,23.5,2700
2013-11-14,31.920000076293945,32.2599983215332,31.899999618530277,32.209999084472656,70900,23.46999931335449,23.520000457763672,23.420000076293945,23.520000457763672,5700
2013-11-15,31.489999771118164,32.2400016784668,31.459999084472656,32.2400016784668,96300,22.88999938964844,23.350000381469727,22.88999938964844,23.350000381469727,8000
2013-11-18,30.809999465942383,31.399999618530277,30.790000915527344,31.399999618530277,97900,22.989999771118164,23.059999465942383,22.989999771118164,23.030000686645508,1300
2013-11-19,31.149999618530277,31.26000022888184,30.770000457763672,30.770000457763672,40500,22.940000534057617,22.950000762939453,22.809999465942383,22.90999984741211,3600
2013-11-20,31.040000915527344,31.34000015258789,31.01000022888184,31.34000015258789,26400,22.96999931335449,23.0,22.88999938964844,23.0,12800
2013-11-21,31.31999969482422,31.489999771118164,31.170000076293945,31.489999771118164,16500,23.149999618530277,23.149999618530277,22.82999992370605,22.82999992370605,3200
2013-11-22,31.3799991607666,31.520000457763672,31.21999931335449,31.350000381469727,16500,23.489999771118164,23.51000022888184,23.200000762939453,23.200000762939453,8600
2013-11-25,31.420000076293945,31.559999465942383,31.3799991607666,31.3799991607666,22500,23.479999542236328,23.549999237060547,23.0,23.0,6100
2013-11-26,31.030000686645508,31.38999938964844,30.90999984741211,31.38999938964844,77300,23.450000762939453,23.450000762939453,23.399999618530277,23.40999984741211,500
2013-11-27,31.190000534057617,31.36000061035156,31.07999992370605,31.21999931335449,15500,23.299999237060547,23.38999938964844,23.299999237060547,23.38999938964844,1800
2013-11-29,31.030000686645508,31.270000457763672,30.84000015258789,31.270000457763672,40900,23.43000030517578,23.479999542236328,23.40999984741211,23.450000762939453,1900
2013-12-02,31.0,31.38999938964844,30.600000381469727,31.38999938964844,37000,23.299999237060547,23.59000015258789,23.299999237060547,23.59000015258789,19800
2013-12-03,31.420000076293945,31.520000457763672,30.950000762939453,30.950000762939453,34700,23.3700008392334,23.43000030517578,23.25,23.25,9500
2013-12-04,31.76000022888184,32.040000915527344,31.299999237060547,31.540000915527344,49400,23.46999931335449,23.5,23.3700008392334,23.3700008392334,900
2013-12-05,31.649999618530277,32.09000015258789,31.479999542236328,32.09000015258789,18600,23.38999938964844,23.459999084472656,23.350000381469727,23.459999084472656,1900
2013-12-06,31.68000030517578,31.739999771118164,31.350000381469727,31.440000534057617,21900,23.32999992370605,23.350000381469727,23.32999992370605,23.350000381469727,1700
2013-12-09,31.959999084472656,31.96999931335449,31.540000915527344,31.63999938964844,66600,23.71999931335449,23.729999542236328,23.530000686645508,23.530000686645508,3500
2013-12-10,31.780000686645508,32.04999923706055,31.399999618530277,31.82999992370605,27700,23.600000381469727,23.770000457763672,23.559999465942383,23.770000457763672,8300
2013-12-11,31.979999542236328,32.0099983215332,31.68000030517578,31.780000686645508,39600,23.690000534057617,23.690000534057617,23.530000686645508,23.6200008392334,1200
2013-12-12,31.61000061035156,31.940000534057617,31.13999938964844,31.940000534057617,56600,23.420000076293945,23.420000076293945,23.31999969482422,23.34000015258789,10100
2013-12-13,30.989999771118164,31.739999771118164,30.950000762939453,31.739999771118164,42200,23.420000076293945,23.420000076293945,23.25,23.25,1000
2013-12-16,30.790000915527344,30.989999771118164,30.5,30.75,69100,23.489999771118164,23.489999771118164,23.43000030517578,23.43000030517578,4200
2013-12-17,31.049999237060547,31.200000762939453,30.780000686645508,30.790000915527344,43600,23.65999984741211,23.690000534057617,23.56999969482422,23.56999969482422,5200
2013-12-18,31.0,31.209999084472656,30.81999969482422,31.0,16000,23.40999984741211,23.76000022888184,23.40999984741211,23.75,1700
2013-12-19,31.270000457763672,31.31999969482422,31.1200008392334,31.15999984741211,26000,23.520000457763672,23.520000457763672,23.38999938964844,23.38999938964844,4200
2013-12-20,31.440000534057617,31.559999465942383,31.0,31.0,36400,23.690000534057617,23.71999931335449,23.61000061035156,23.6200008392334,11800
2013-12-23,31.43000030517578,31.59000015258789,31.21999931335449,31.21999931335449,26300,23.489999771118164,23.600000381469727,23.489999771118164,23.56999969482422,4900
2013-12-24,31.489999771118164,31.559999465942383,30.84000015258789,31.200000762939453,27300,23.489999771118164,23.489999771118164,23.489999771118164,23.489999771118164,0
2013-12-26,31.049999237060547,31.36000061035156,30.989999771118164,31.36000061035156,24900,23.190000534057617,23.399999618530277,23.190000534057617,23.399999618530277,2000
2013-12-27,30.950000762939453,31.350000381469727,30.75,31.350000381469727,81500,23.270000457763672,23.299999237060547,23.229999542236328,23.229999542236328,800
2013-12-30,30.709999084472656,31.229999542236328,30.690000534057617,31.229999542236328,107300,23.229999542236328,23.229999542236328,23.21999931335449,23.21999931335449,300
2013-12-31,30.57999992370605,30.690000534057617,30.559999465942383,30.56999969482422,80400,22.809999465942383,23.100000381469727,22.809999465942383,23.100000381469727,1800
2014-01-02,30.530000686645508,30.940000534057617,30.350000381469727,30.790000915527344,51900,22.670000076293945,22.809999465942383,22.5,22.5,5700
2014-01-03,30.76000022888184,30.76000022888184,30.280000686645508,30.729999542236328,53900,22.68000030517578,22.68000030517578,22.520000457763672,22.520000457763672,3100
2014-01-06,31.13999938964844,31.13999938964844,30.600000381469727,30.600000381469727,107300,22.709999084472656,22.709999084472656,22.65999984741211,22.670000076293945,2100
2014-01-07,30.88999938964844,31.350000381469727,30.799999237060547,31.059999465942383,73200,22.520000457763672,22.68000030517578,22.520000457763672,22.549999237060547,2700
2014-01-08,30.209999084472656,31.09000015258789,30.1200008392334,31.09000015258789,117600,22.43000030517578,22.450000762939453,22.3700008392334,22.43000030517578,3700
2014-01-09,29.940000534057617,30.350000381469727,29.65999984741211,30.350000381469727,113900,22.450000762939453,22.459999084472656,22.299999237060547,22.299999237060547,2100
2014-01-10,31.15999984741211,31.280000686645508,29.5,29.670000076293945,289200,22.40999984741211,22.600000381469727,22.40999984741211,22.559999465942383,2500
2014-01-13,31.36000061035156,31.420000076293945,31.100000381469727,31.34000015258789,110500,22.739999771118164,22.75,22.280000686645508,22.280000686645508,3300
2014-01-14,31.239999771118164,31.489999771118164,30.8799991607666,31.489999771118164,97100,22.709999084472656,22.709999084472656,22.63999938964844,22.63999938964844,800
2014-01-15,30.799999237060547,31.020000457763672,30.75,31.020000457763672,56400,22.959999084472656,22.989999771118164,22.700000762939453,22.700000762939453,6200
2014-01-16,30.790000915527344,31.020000457763672,30.65999984741211,30.940000534057617,34700,23.020000457763672,23.100000381469727,23.020000457763672,23.100000381469727,3100
2014-01-17,30.6299991607666,30.959999084472656,30.46999931335449,30.959999084472656,67600,23.040000915527344,23.040000915527344,22.899999618530277,22.940000534057617,800
2014-01-21,30.520000457763672,30.57999992370605,30.34000015258789,30.549999237060547,38700,22.530000686645508,22.76000022888184,22.520000457763672,22.76000022888184,6100
2014-01-22,30.57999992370605,30.690000534057617,30.51000022888184,30.63999938964844,35700,22.559999465942383,22.559999465942383,22.479999542236328,22.559999465942383,1600
2014-01-23,30.600000381469727,30.81999969482422,30.600000381469727,30.729999542236328,54200,22.559999465942383,22.559999465942383,22.559999465942383,22.559999465942383,0
2014-01-24,30.76000022888184,31.01000022888184,30.5,31.01000022888184,63300,22.5,22.5,22.40999984741211,22.450000762939453,3200
2014-01-27,30.90999984741211,30.940000534057617,30.600000381469727,30.790000915527344,69700,22.540000915527344,22.540000915527344,22.46999931335449,22.5,800
2014-01-28,30.84000015258789,30.989999771118164,30.770000457763672,30.989999771118164,28700,22.520000457763672,22.530000686645508,22.459999084472656,22.530000686645508,2100
2014-01-29,30.600000381469727,30.770000457763672,30.51000022888184,30.729999542236328,44400,22.3700008392334,22.3700008392334,22.280000686645508,22.31999969482422,2400
2014-01-30,30.82999992370605,31.0,30.65999984741211,30.729999542236328,80000,22.540000915527344,22.540000915527344,22.229999542236328,22.280000686645508,7300
2014-01-31,30.899999618530277,30.90999984741211,30.700000762939453,30.739999771118164,45700,22.5,22.549999237060547,22.100000381469727,22.100000381469727,500
2014-02-03,31.030000686645508,31.239999771118164,30.920000076293945,30.920000076293945,126400,22.68000030517578,22.75,22.200000762939453,22.209999084472656,2800
2014-02-04,31.520000457763672,31.700000762939453,31.190000534057617,31.190000534057617,225500,22.8799991607666,22.90999984741211,22.700000762939453,22.700000762939453,4700
2014-02-05,31.51000022888184,31.780000686645508,31.25,31.479999542236328,440700,22.8799991607666,22.8799991607666,22.8700008392334,22.8700008392334,1700
2014-02-06,31.549999237060547,31.61000061035156,31.270000457763672,31.56999969482422,113200,23.06999969482422,23.489999771118164,22.989999771118164,22.989999771118164,10700
2014-02-07,31.61000061035156,31.6299991607666,31.270000457763672,31.40999984741211,65100,23.059999465942383,23.100000381469727,23.049999237060547,23.100000381469727,3000
2014-02-10,31.549999237060547,31.82999992370605,31.290000915527344,31.450000762939453,150000,23.09000015258789,23.43000030517578,23.09000015258789,23.43000030517578,2600
2014-02-11,31.25,31.51000022888184,31.059999465942383,31.40999984741211,152800,23.170000076293945,23.46999931335449,22.75,22.75,6900
2014-02-12,31.399999618530277,31.540000915527344,31.09000015258789,31.09000015258789,66500,23.06999969482422,23.100000381469727,22.75,22.75,2300
2014-02-13,31.270000457763672,31.3799991607666,31.170000076293945,31.36000061035156,122000,23.290000915527344,23.3799991607666,23.170000076293945,23.18000030517578,4700
2014-02-14,31.489999771118164,31.600000381469727,31.15999984741211,31.200000762939453,69700,23.270000457763672,23.5,21.51000022888184,23.5,9100
2014-02-18,31.979999542236328,32.4900016784668,31.549999237060547,31.68000030517578,339200,23.61000061035156,23.649999618530277,22.200000762939453,23.280000686645508,12100
2014-02-19,32.2599983215332,32.599998474121094,31.799999237060547,32.040000915527344,471700,23.600000381469727,23.649999618530277,23.299999237060547,23.299999237060547,5300
2014-02-20,32.349998474121094,32.400001525878906,32.0,32.029998779296875,379100,23.690000534057617,23.690000534057617,23.299999237060547,23.299999237060547,6000
2014-02-21,31.8799991607666,32.709999084472656,31.770000457763672,32.45000076293945,440100,23.8700008392334,23.8700008392334,23.6200008392334,23.6200008392334,1100
2014-02-24,31.90999984741211,31.989999771118164,31.549999237060547,31.799999237060547,364800,24.01000022888184,24.100000381469727,23.40999984741211,23.989999771118164,27400
2014-02-25,32.25,32.29999923706055,31.68000030517578,31.979999542236328,141900,24.209999084472656,24.209999084472656,24.13999938964844,24.13999938964844,1400
2014-02-26,31.979999542236328,32.47999954223633,31.899999618530277,32.13999938964844,337400,24.290000915527344,24.32999992370605,24.239999771118164,24.25,1900
2014-02-27,31.76000022888184,32.22999954223633,31.63999938964844,32.099998474121094,166800,24.059999465942383,24.71999931335449,23.0,24.309999465942383,12900
2014-02-28,32.47999954223633,32.7599983215332,31.63999938964844,31.799999237060547,546900,24.59000015258789,24.59000015258789,23.75,23.75,2600
2014-03-03,32.970001220703125,33.349998474121094,32.369998931884766,33.06999969482422,916700,24.489999771118164,25.82999992370605,24.309999465942383,25.489999771118164,30500
2014-03-04,33.63999938964844,33.779998779296875,32.470001220703125,33.0,559800,24.68000030517578,25.5,23.11000061035156,24.979999542236328,9000
2014-03-05,33.40999984741211,33.88999938964844,33.25,33.47999954223633,334600,24.690000534057617,24.850000381469727,23.170000076293945,24.68000030517578,8300
2014-03-06,34.119998931884766,34.130001068115234,33.31999969482422,33.5099983215332,415000,24.790000915527344,25.09000015258789,24.739999771118164,25.09000015258789,4100
2014-03-07,33.5099983215332,34.29999923706055,33.4900016784668,34.209999084472656,359700,25.049999237060547,25.06999969482422,24.799999237060547,25.0,7300
2014-03-10,32.95000076293945,33.65999984741211,32.599998474121094,33.5,654600,24.5,25.299999237060547,24.5,25.21999931335449,5100
2014-03-11,33.47999954223633,33.5099983215332,32.88999938964844,33.029998779296875,242200,24.6299991607666,24.71999931335449,24.540000915527344,24.65999984741211,8300
2014-03-12,33.689998626708984,33.83000183105469,32.900001525878906,33.349998474121094,262200,24.200000762939453,24.21999931335449,23.520000457763672,23.899999618530277,25800
2014-03-13,33.4900016784668,33.86000061035156,33.33000183105469,33.83000183105469,162900,24.32999992370605,24.46999931335449,24.11000061035156,24.25,2900
2014-03-14,33.540000915527344,33.779998779296875,33.18000030517578,33.5099983215332,178800,24.13999938964844,24.26000022888184,23.61000061035156,23.65999984741211,6400
2014-03-17,33.220001220703125,33.54999923706055,33.099998474121094,33.45000076293945,118900,24.190000534057617,24.459999084472656,23.649999618530277,24.459999084472656,6300
2014-03-18,33.77000045776367,33.81999969482422,33.310001373291016,33.36000061035156,401800,24.489999771118164,26.51000022888184,24.3700008392334,25.239999771118164,21900
2014-03-19,33.630001068115234,34.0099983215332,33.45000076293945,33.93000030517578,228700,24.88999938964844,24.88999938964844,24.3799991607666,24.649999618530277,7600
2014-03-20,33.20000076293945,33.66999816894531,33.11000061035156,33.540000915527344,188200,24.489999771118164,24.75,23.76000022888184,24.350000381469727,5600
2014-03-21,33.150001525878906,33.279998779296875,32.97999954223633,33.099998474121094,156300,24.350000381469727,24.420000076293945,24.13999938964844,24.13999938964844,2600
2014-03-24,33.68000030517578,33.83000183105469,33.119998931884766,33.290000915527344,286000,24.459999084472656,24.549999237060547,24.13999938964844,24.549999237060547,4300
2014-03-25,33.599998474121094,33.77000045776367,33.5099983215332,33.7400016784668,126800,24.770000457763672,24.770000457763672,24.0,24.770000457763672,3300
2014-03-26,33.45000076293945,33.630001068115234,33.33000183105469,33.599998474121094,124500,24.06999969482422,24.799999237060547,24.06999969482422,24.31999969482422,11100
2014-03-27,33.97999954223633,34.2400016784668,33.54999923706055,33.58000183105469,475600,24.63999938964844,24.63999938964844,23.71999931335449,24.399999618530277,2800
2014-03-28,33.650001525878906,34.130001068115234,33.650001525878906,33.93000030517578,246800,24.6200008392334,24.649999618530277,24.32999992370605,24.32999992370605,3900
2014-03-31,34.65999984741211,34.81999969482422,32.900001525878906,33.459999084472656,993200,24.57999992370605,24.63999938964844,24.38999938964844,24.440000534057617,3600
2014-04-01,35.040000915527344,35.2599983215332,34.79999923706055,34.86000061035156,559000,25.540000915527344,25.57999992370605,24.57999992370605,24.57999992370605,14500
2014-04-02,34.25,35.16999816894531,34.0099983215332,34.869998931884766,328500,24.979999542236328,25.540000915527344,24.979999542236328,25.540000915527344,11700
2014-04-03,34.63999938964844,34.70000076293945,34.20000076293945,34.52000045776367,157000,24.979999542236328,25.1200008392334,24.850000381469727,24.90999984741211,6800
2014-04-04,34.91999816894531,34.95000076293945,34.25,34.470001220703125,186900,25.09000015258789,25.15999984741211,25.07999992370605,25.11000061035156,1300
2014-04-07,34.61000061035156,34.91999816894531,34.400001525878906,34.86000061035156,101000,25.059999465942383,25.31999969482422,25.049999237060547,25.31999969482422,13800
2014-04-08,35.220001220703125,35.2400016784668,34.529998779296875,34.58000183105469,197100,25.34000015258789,25.420000076293945,24.96999931335449,24.96999931335449,6800
2014-04-09,34.689998626708984,35.790000915527344,34.5099983215332,35.20000076293945,438500,25.56999969482422,25.600000381469727,24.950000762939453,25.57999992370605,9200
2014-04-10,34.65999984741211,34.900001525878906,34.279998779296875,34.599998474121094,161500,25.399999618530277,25.850000381469727,25.3700008392334,25.850000381469727,4900
2014-04-11,34.4900016784668,34.9900016784668,34.279998779296875,34.70000076293945,194600,25.18000030517578,25.600000381469727,25.01000022888184,25.600000381469727,5900
2014-04-14,34.7400016784668,34.97999954223633,34.369998931884766,34.68000030517578,137600,25.280000686645508,25.350000381469727,25.270000457763672,25.270000457763672,1700
2014-04-15,34.720001220703125,34.9900016784668,34.5099983215332,34.599998474121094,121700,25.56999969482422,25.75,25.280000686645508,25.520000457763672,27000
2014-04-16,34.400001525878906,34.81999969482422,34.27000045776367,34.77000045776367,109400,25.8700008392334,25.950000762939453,25.40999984741211,25.40999984741211,16100
2014-04-17,34.119998931884766,34.459999084472656,34.06999969482422,34.38999938964844,141800,25.86000061035156,26.32999992370605,25.71999931335449,26.149999618530277,30600
2014-04-21,33.599998474121094,33.959999084472656,31.07999992370605,33.900001525878906,653900,25.09000015258789,25.600000381469727,25.09000015258789,25.420000076293945,4300
2014-04-22,34.15999984741211,34.47999954223633,33.810001373291016,33.810001373291016,167800,25.32999992370605,25.75,25.170000076293945,25.170000076293945,12000
2014-04-23,34.70000076293945,34.81999969482422,34.20000076293945,34.279998779296875,113800,25.59000015258789,25.59000015258789,25.3799991607666,25.440000534057617,5500
2014-04-24,34.68000030517578,35.08000183105469,34.5099983215332,34.939998626708984,57700,25.530000686645508,25.86000061035156,25.46999931335449,25.86000061035156,3100
2014-04-25,34.84000015258789,35.22999954223633,34.7599983215332,34.880001068115234,70700,25.770000457763672,25.86000061035156,25.65999984741211,25.86000061035156,15500
2014-04-28,34.970001220703125,35.290000915527344,34.91999816894531,35.099998474121094,55500,25.790000915527344,26.489999771118164,25.770000457763672,25.959999084472656,5100
2014-04-29,35.5,35.5,35.16999816894531,35.33000183105469,97600,25.979999542236328,26.0,25.600000381469727,25.600000381469727,10700
2014-04-30,35.22999954223633,35.369998931884766,34.970001220703125,35.22999954223633,99300,26.06999969482422,26.790000915527344,25.90999984741211,26.790000915527344,5600
2014-05-01,34.59000015258789,35.09000015258789,34.33000183105469,35.04999923706055,168800,25.399999618530277,25.76000022888184,25.0,25.68000030517578,9900
2014-05-02,34.060001373291016,34.59000015258789,33.95000076293945,34.59000015258789,95700,25.479999542236328,25.540000915527344,25.209999084472656,25.209999084472656,3500
2014-05-05,34.470001220703125,34.61000061035156,34.040000915527344,34.20000076293945,75100,25.489999771118164,25.520000457763672,25.40999984741211,25.40999984741211,3300
2014-05-06,35.119998931884766,35.25,34.20000076293945,34.27000045776367,103900,25.3700008392334,25.440000534057617,25.200000762939453,25.26000022888184,5200
2014-05-07,35.029998779296875,35.209999084472656,34.790000915527344,35.02000045776367,89500,25.190000534057617,25.32999992370605,25.190000534057617,25.32999992370605,1600
2014-05-08,35.15999984741211,35.25,34.599998474121094,34.72999954223633,84300,25.40999984741211,25.450000762939453,25.36000061035156,25.36000061035156,1900
2014-05-09,34.34000015258789,35.4900016784668,34.33000183105469,35.13999938964844,252000,25.530000686645508,25.59000015258789,25.15999984741211,25.15999984741211,4600
2014-05-12,33.959999084472656,34.2599983215332,33.86000061035156,34.2599983215332,175500,25.25,25.700000762939453,24.3799991607666,25.700000762939453,6200
2014-05-13,34.040000915527344,34.310001373291016,33.81999969482422,34.0099983215332,82700,25.450000762939453,25.75,25.299999237060547,25.75,3800
2014-05-14,33.779998779296875,34.119998931884766,33.61000061035156,34.119998931884766,173600,25.51000022888184,25.51000022888184,25.270000457763672,25.46999931335449,5600
2014-05-15,33.13999938964844,33.599998474121094,33.029998779296875,33.599998474121094,146300,25.420000076293945,25.600000381469727,25.36000061035156,25.600000381469727,7200
2014-05-16,33.189998626708984,33.22999954223633,32.90999984741211,32.95000076293945,103100,25.459999084472656,25.989999771118164,25.100000381469727,25.200000762939453,4600
2014-05-19,32.779998779296875,33.209999084472656,32.720001220703125,33.02000045776367,125100,25.770000457763672,25.81999969482422,25.489999771118164,25.56999969482422,5600
2014-05-20,32.54999923706055,33.04999923706055,32.540000915527344,33.0,63300,25.65999984741211,26.0,25.600000381469727,25.600000381469727,2300
2014-05-21,32.54999923706055,32.709999084472656,32.5,32.58000183105469,33500,25.700000762939453,26.399999618530277,25.700000762939453,26.399999618530277,2300
2014-05-22,32.619998931884766,33.09000015258789,32.540000915527344,32.90999984741211,49800,26.280000686645508,26.5,26.25,26.38999938964844,9500
2014-05-23,32.77000045776367,32.900001525878906,32.599998474121094,32.720001220703125,27700,26.31999969482422,27.309999465942383,26.11000061035156,27.0,5700
2014-05-27,32.099998474121094,32.540000915527344,32.099998474121094,32.43000030517578,114600,25.709999084472656,26.600000381469727,25.11000061035156,26.31999969482422,18700
2014-05-28,32.38999938964844,32.43000030517578,32.0,32.0,53400,25.81999969482422,25.81999969482422,25.520000457763672,25.520000457763672,800
2014-05-29,31.93000030517578,32.25,31.90999984741211,32.220001220703125,80800,25.739999771118164,25.739999771118164,25.739999771118164,25.739999771118164,600
2014-05-30,31.56999969482422,32.08000183105469,31.51000022888184,31.950000762939453,77000,25.549999237060547,25.75,25.549999237060547,25.729999542236328,5700
2014-06-02,31.6200008392334,31.739999771118164,31.18000030517578,31.38999938964844,74300,25.5,25.61000061035156,25.420000076293945,25.450000762939453,5100
2014-06-03,31.309999465942383,31.57999992370605,31.290000915527344,31.479999542236328,123200,25.36000061035156,25.450000762939453,25.18000030517578,25.18000030517578,5400
2014-06-04,31.34000015258789,31.530000686645508,31.170000076293945,31.46999931335449,88700,25.309999465942383,25.420000076293945,25.309999465942383,25.3799991607666,1000
2014-06-05,30.8799991607666,31.290000915527344,30.84000015258789,31.25,95000,25.229999542236328,25.31999969482422,24.81999969482422,25.31999969482422,29500
2014-06-06,31.549999237060547,31.65999984741211,30.93000030517578,30.93000030517578,82700,25.40999984741211,25.40999984741211,25.21999931335449,25.26000022888184,16100
2014-06-09,31.1299991607666,31.34000015258789,30.799999237060547,31.299999237060547,88500,25.59000015258789,25.59000015258789,24.920000076293945,25.200000762939453,15900
2014-06-10,30.709999084472656,31.15999984741211,30.700000762939453,31.15999984741211,51700,25.530000686645508,25.540000915527344,25.309999465942383,25.309999465942383,5400
2014-06-11,30.56999969482422,31.0,30.3799991607666,30.81999969482422,111200,25.420000076293945,25.489999771118164,25.34000015258789,25.489999771118164,3400
2014-06-12,30.81999969482422,30.81999969482422,30.420000076293945,30.56999969482422,38600,25.020000457763672,25.68000030517578,25.020000457763672,25.68000030517578,4200
2014-06-13,30.90999984741211,31.09000015258789,30.76000022888184,30.96999931335449,59800,25.38999938964844,25.420000076293945,24.6200008392334,24.6200008392334,6200
2014-06-16,30.600000381469727,30.989999771118164,30.549999237060547,30.989999771118164,36600,25.26000022888184,25.790000915527344,25.26000022888184,25.65999984741211,2700
2014-06-17,30.459999084472656,30.559999465942383,30.200000762939453,30.520000457763672,74100,25.07999992370605,25.26000022888184,25.040000915527344,25.25,7900
2014-06-18,30.46999931335449,30.670000076293945,30.399999618530277,30.600000381469727,64200,25.200000762939453,25.290000915527344,25.06999969482422,25.06999969482422,1700
2014-06-19,31.01000022888184,31.100000381469727,30.63999938964844,30.63999938964844,149800,25.450000762939453,25.530000686645508,25.0,25.0,4000
2014-06-20,31.350000381469727,31.350000381469727,30.81999969482422,30.93000030517578,126200,25.51000022888184,25.51000022888184,25.26000022888184,25.26000022888184,800
2014-06-23,30.6299991607666,31.299999237060547,30.559999465942383,31.299999237060547,152000,25.700000762939453,25.700000762939453,25.450000762939453,25.6299991607666,2500
2014-06-24,30.56999969482422,30.6299991607666,30.25,30.6299991607666,86800,25.3700008392334,25.459999084472656,25.290000915527344,25.459999084472656,3500
2014-06-25,30.57999992370605,30.57999992370605,30.399999618530277,30.5,42600,25.420000076293945,25.420000076293945,25.420000076293945,25.420000076293945,700
2014-06-26,30.670000076293945,31.290000915527344,30.549999237060547,30.670000076293945,87100,25.65999984741211,25.65999984741211,25.6299991607666,25.6299991607666,1200
2014-06-27,30.959999084472656,30.979999542236328,30.559999465942383,30.63999938964844,79100,25.32999992370605,25.71999931335449,25.309999465942383,25.71999931335449,2700
2014-06-30,29.43000030517578,30.81999969482422,29.399999618530277,30.71999931335449,511500,23.90999984741211,25.3700008392334,23.520000457763672,25.100000381469727,20400
2014-07-01,29.440000534057617,29.489999771118164,29.030000686645508,29.21999931335449,232800,24.09000015258789,24.09000015258789,23.540000915527344,23.649999618530277,9500
2014-07-02,29.15999984741211,29.450000762939453,29.059999465942383,29.450000762939453,102600,23.899999618530277,24.0,23.799999237060547,24.0,10200
2014-07-03,29.020000457763672,29.229999542236328,28.959999084472656,29.190000534057617,50300,23.709999084472656,23.899999618530277,23.709999084472656,23.899999618530277,20600
2014-07-07,28.5,29.0,28.280000686645508,28.920000076293945,229500,23.61000061035156,23.63999938964844,23.350000381469727,23.5,14700
2014-07-08,28.280000686645508,28.549999237060547,28.25,28.459999084472656,111900,23.3700008392334,23.850000381469727,23.3700008392334,23.850000381469727,6900
2014-07-09,27.790000915527344,28.21999931335449,27.670000076293945,28.21999931335449,244000,23.059999465942383,23.299999237060547,23.030000686645508,23.299999237060547,7000
2014-07-10,27.51000022888184,28.0,27.46999931335449,28.0,161600,22.86000061035156,23.0,22.520000457763672,23.0,18900
2014-07-11,26.88999938964844,27.63999938964844,26.8799991607666,27.59000015258789,331500,22.520000457763672,22.780000686645508,22.440000534057617,22.770000457763672,7500
2014-07-14,27.299999237060547,27.34000015258789,26.81999969482422,26.90999984741211,250000,22.75,22.809999465942383,22.649999618530277,22.649999618530277,17200
2014-07-15,26.850000381469727,27.06999969482422,26.63999938964844,27.06999969482422,237500,22.739999771118164,22.739999771118164,22.459999084472656,22.56999969482422,11700
2014-07-16,27.25,27.520000457763672,27.049999237060547,27.149999618530277,150200,23.059999465942383,23.1299991607666,22.93000030517578,23.1299991607666,15100
2014-07-17,27.18000030517578,27.690000534057617,27.020000457763672,27.059999465942383,115800,22.8799991607666,23.34000015258789,22.8700008392334,23.34000015258789,6200
2014-07-18,26.670000076293945,27.229999542236328,26.65999984741211,27.229999542236328,160400,22.75,23.01000022888184,22.75,22.84000015258789,1900
2014-07-21,26.209999084472656,26.36000061035156,25.31999969482422,26.36000061035156,184400,22.540000915527344,22.950000762939453,22.34000015258789,22.420000076293945,7300
2014-07-22,25.989999771118164,26.399999618530277,25.959999084472656,26.299999237060547,159700,22.200000762939453,22.670000076293945,22.200000762939453,22.309999465942383,9900
2014-07-23,26.15999984741211,26.200000762939453,25.84000015258789,25.989999771118164,103000,22.530000686645508,22.559999465942383,22.309999465942383,22.309999465942383,4900
2014-07-24,26.11000061035156,26.59000015258789,25.75,26.40999984741211,166500,22.670000076293945,22.82999992370605,22.59000015258789,22.82999992370605,9700
2014-07-25,26.209999084472656,26.229999542236328,25.790000915527344,25.940000534057617,108300,23.020000457763672,23.020000457763672,22.350000381469727,22.5,8900
2014-07-28,26.5,26.559999465942383,26.229999542236328,26.32999992370605,143200,23.07999992370605,23.549999237060547,22.81999969482422,23.239999771118164,7300
2014-07-29,26.239999771118164,26.38999938964844,26.01000022888184,26.38999938964844,103200,22.780000686645508,22.82999992370605,22.75,22.799999237060547,7200
2014-07-30,26.309999465942383,26.3799991607666,25.979999542236328,26.020000457763672,195300,22.57999992370605,22.71999931335449,22.549999237060547,22.6299991607666,4000
2014-07-31,26.01000022888184,26.229999542236328,25.93000030517578,26.190000534057617,171900,22.670000076293945,22.68000030517578,22.57999992370605,22.61000061035156,4600
2014-08-01,25.600000381469727,25.920000076293945,25.600000381469727,25.8700008392334,154000,22.18000030517578,22.71999931335449,22.13999938964844,22.71999931335449,9200
2014-08-04,26.18000030517578,26.190000534057617,25.780000686645508,25.920000076293945,172400,22.600000381469727,22.6200008392334,22.450000762939453,22.530000686645508,4000
2014-08-05,25.989999771118164,26.0,25.739999771118164,25.93000030517578,98300,22.209999084472656,23.030000686645508,22.18000030517578,23.030000686645508,10400
2014-08-06,26.43000030517578,26.43000030517578,25.920000076293945,25.979999542236328,147100,22.43000030517578,22.459999084472656,22.32999992370605,22.32999992370605,4900
2014-08-07,26.200000762939453,26.229999542236328,25.940000534057617,26.229999542236328,158300,22.46999931335449,22.489999771118164,22.40999984741211,22.46999931335449,4800
2014-08-08,25.790000915527344,26.1200008392334,25.65999984741211,26.09000015258789,163600,22.540000915527344,22.540000915527344,22.5,22.5,900
2014-08-11,25.940000534057617,25.989999771118164,25.75,25.82999992370605,128600,22.350000381469727,22.670000076293945,22.290000915527344,22.290000915527344,3700
2014-08-12,26.01000022888184,26.200000762939453,25.299999237060547,25.88999938964844,399000,22.100000381469727,22.25,21.88999938964844,22.25,4800
2014-08-13,26.07999992370605,26.170000076293945,25.75,26.100000381469727,193200,21.90999984741211,22.06999969482422,21.8700008392334,22.06999969482422,2000
2014-08-14,26.3799991607666,26.38999938964844,25.989999771118164,26.020000457763672,224400,22.0,22.100000381469727,21.86000061035156,21.86000061035156,1600
2014-08-15,26.600000381469727,26.700000762939453,26.46999931335449,26.59000015258789,235900,21.950000762939453,22.100000381469727,21.90999984741211,22.100000381469727,2100
2014-08-18,26.18000030517578,26.809999465942383,26.170000076293945,26.690000534057617,224100,21.989999771118164,22.09000015258789,21.920000076293945,21.920000076293945,5300
2014-08-19,26.200000762939453,26.25,26.0,26.030000686645508,196700,21.8700008392334,21.899999618530277,21.82999992370605,21.8700008392334,2800
2014-08-20,25.959999084472656,26.07999992370605,25.770000457763672,26.07999992370605,451900,21.700000762939453,21.950000762939453,21.649999618530277,21.950000762939453,6000
2014-08-21,26.030000686645508,26.25,25.940000534057617,26.0,266400,21.729999542236328,21.84000015258789,21.690000534057617,21.690000534057617,6100
2014-08-22,26.209999084472656,26.26000022888184,26.030000686645508,26.06999969482422,225300,21.770000457763672,22.0,21.729999542236328,22.0,2500
2014-08-25,25.88999938964844,25.950000762939453,25.75,25.950000762939453,313900,21.5,21.690000534057617,21.420000076293945,21.690000534057617,13900
2014-08-26,25.780000686645508,25.920000076293945,25.549999237060547,25.920000076293945,162300,21.540000915527344,21.540000915527344,21.32999992370605,21.5,4700
2014-08-27,25.780000686645508,25.780000686645508,25.559999465942383,25.6200008392334,66100,21.40999984741211,21.59000015258789,21.40999984741211,21.59000015258789,3000
2014-08-28,25.989999771118164,26.01000022888184,25.780000686645508,25.780000686645508,66700,21.520000457763672,21.59000015258789,21.38999938964844,21.43000030517578,12200
2014-08-29,25.75,25.90999984741211,25.549999237060547,25.799999237060547,90800,21.43000030517578,21.5,21.350000381469727,21.5,2600
2014-09-02,25.6299991607666,25.86000061035156,25.56999969482422,25.799999237060547,55200,21.59000015258789,21.6200008392334,21.46999931335449,21.46999931335449,3300
2014-09-03,24.81999969482422,25.459999084472656,24.809999465942383,25.440000534057617,428400,21.34000015258789,21.520000457763672,21.13999938964844,21.520000457763672,7600
2014-09-04,24.51000022888184,24.850000381469727,24.350000381469727,24.82999992370605,254700,21.01000022888184,21.34000015258789,20.979999542236328,21.34000015258789,5100
2014-09-05,25.149999618530277,25.209999084472656,24.56999969482422,24.6299991607666,156700,21.290000915527344,21.34000015258789,21.030000686645508,21.11000061035156,4800
2014-09-08,24.61000061035156,24.81999969482422,24.489999771118164,24.739999771118164,119100,21.09000015258789,21.36000061035156,21.09000015258789,21.36000061035156,1800
2014-09-09,24.38999938964844,24.489999771118164,24.299999237060547,24.489999771118164,202100,20.75,20.940000534057617,20.71999931335449,20.88999938964844,4700
2014-09-10,24.479999542236328,24.559999465942383,24.350000381469727,24.3700008392334,136000,20.780000686645508,20.8799991607666,20.649999618530277,20.649999618530277,3200
2014-09-11,24.190000534057617,24.34000015258789,23.81999969482422,24.34000015258789,343600,20.489999771118164,20.709999084472656,20.299999237060547,20.65999984741211,5500
2014-09-12,23.96999931335449,24.36000061035156,23.950000762939453,24.190000534057617,154900,20.5,20.559999465942383,20.459999084472656,20.520000457763672,1200
2014-09-15,24.299999237060547,24.299999237060547,23.81999969482422,23.86000061035156,116300,20.56999969482422,20.71999931335449,20.51000022888184,20.600000381469727,6800
2014-09-16,24.350000381469727,24.540000915527344,24.01000022888184,24.40999984741211,165600,20.559999465942383,20.65999984741211,20.459999084472656,20.600000381469727,5700
2014-09-17,24.149999618530277,24.21999931335449,24.020000457763672,24.200000762939453,76300,20.559999465942383,20.559999465942383,20.489999771118164,20.489999771118164,1900
2014-09-18,23.979999542236328,24.11000061035156,23.950000762939453,24.09000015258789,91700,20.38999938964844,21.8700008392334,20.309999465942383,21.489999771118164,4100
2014-09-19,23.540000915527344,23.989999771118164,23.520000457763672,23.899999618530277,242500,20.049999237060547,20.299999237060547,20.040000915527344,20.299999237060547,5000
2014-09-22,23.350000381469727,23.46999931335449,23.21999931335449,23.40999984741211,115600,19.59000015258789,20.13999938964844,19.540000915527344,20.13999938964844,6600
2014-09-23,23.07999992370605,23.25,23.07999992370605,23.229999542236328,104900,19.670000076293945,19.670000076293945,19.38999938964844,19.38999938964844,4600
2014-09-24,23.420000076293945,23.420000076293945,23.13999938964844,23.200000762939453,128500,19.6200008392334,19.709999084472656,19.59000015258789,19.670000076293945,3900
2014-09-25,23.21999931335449,23.489999771118164,23.1299991607666,23.34000015258789,100400,19.420000076293945,19.520000457763672,19.38999938964844,19.520000457763672,3800
2014-09-26,22.989999771118164,23.15999984741211,22.940000534057617,23.15999984741211,146200,19.170000076293945,19.26000022888184,19.149999618530277,19.26000022888184,1900
2014-09-29,23.13999938964844,23.170000076293945,22.979999542236328,22.979999542236328,85000,19.43000030517578,19.440000534057617,19.06999969482422,19.149999618530277,4100
2014-09-30,22.780000686645508,23.11000061035156,22.75,23.040000915527344,350000,19.13999938964844,19.229999542236328,19.06999969482422,19.06999969482422,3900
2014-10-01,22.8799991607666,22.989999771118164,22.6200008392334,22.739999771118164,170000,19.229999542236328,19.31999969482422,19.07999992370605,19.149999618530277,11700
2014-10-02,23.020000457763672,23.020000457763672,22.76000022888184,22.850000381469727,113700,19.479999542236328,19.489999771118164,19.21999931335449,19.450000762939453,3900
2014-10-03,23.100000381469727,23.18000030517578,22.920000076293945,22.920000076293945,239400,19.07999992370605,19.3700008392334,19.06999969482422,19.3700008392334,8500
2014-10-06,23.700000762939453,23.700000762939453,23.290000915527344,23.299999237060547,271500,19.739999771118164,19.739999771118164,19.32999992370605,19.34000015258789,4300
2014-10-07,24.200000762939453,24.25,23.549999237060547,23.63999938964844,435600,19.770000457763672,21.25,19.65999984741211,21.25,12500
2014-10-08,24.299999237060547,24.36000061035156,24.0,24.100000381469727,189100,19.649999618530277,19.75,19.489999771118164,19.75,10800
2014-10-09,24.32999992370605,24.59000015258789,24.200000762939453,24.21999931335449,324800,19.790000915527344,20.0,19.71999931335449,20.0,5200
2014-10-10,23.780000686645508,24.530000686645508,23.63999938964844,24.06999969482422,342300,19.3700008392334,19.93000030517578,19.34000015258789,19.57999992370605,11800
2014-10-13,24.520000457763672,24.530000686645508,23.6299991607666,23.649999618530277,305600,19.76000022888184,19.850000381469727,19.38999938964844,19.399999618530277,7500
2014-10-14,25.09000015258789,25.18000030517578,24.270000457763672,24.559999465942383,476000,20.200000762939453,20.270000457763672,19.799999237060547,20.030000686645508,29800
2014-10-15,24.63999938964844,25.21999931335449,24.450000762939453,25.0,382300,19.8799991607666,20.440000534057617,19.8700008392334,20.200000762939453,13000
2014-10-16,24.81999969482422,24.86000061035156,24.489999771118164,24.5,170500,20.21999931335449,20.21999931335449,19.90999984741211,20.0,16700
2014-10-17,24.549999237060547,24.76000022888184,24.450000762939453,24.75,128300,19.8799991607666,20.07999992370605,19.8799991607666,20.049999237060547,6800
2014-10-20,24.59000015258789,24.6200008392334,24.170000076293945,24.36000061035156,232800,19.770000457763672,19.770000457763672,19.57999992370605,19.76000022888184,7000
2014-10-21,25.149999618530277,25.26000022888184,24.57999992370605,24.670000076293945,257300,20.15999984741211,20.15999984741211,19.899999618530277,19.950000762939453,5300
2014-10-22,24.940000534057617,25.399999618530277,24.850000381469727,25.26000022888184,212200,20.07999992370605,20.3700008392334,20.020000457763672,20.350000381469727,13100
2014-10-23,25.34000015258789,25.399999618530277,25.0,25.01000022888184,177400,20.649999618530277,22.46999931335449,20.1299991607666,22.21999931335449,196600
2014-10-24,24.899999618530277,25.61000061035156,24.86000061035156,25.549999237060547,161400,20.280000686645508,20.68000030517578,20.25,20.670000076293945,67700
2014-10-27,25.46999931335449,25.57999992370605,24.700000762939453,24.84000015258789,193700,20.809999465942383,20.81999969482422,20.100000381469727,20.25,24100
2014-10-28,25.549999237060547,26.01000022888184,25.38999938964844,25.850000381469727,215300,20.780000686645508,21.01000022888184,20.75,21.01000022888184,30300
2014-10-29,26.25,26.26000022888184,25.61000061035156,25.75,320300,21.51000022888184,21.51000022888184,20.88999938964844,20.88999938964844,27200
2014-10-30,26.100000381469727,26.3700008392334,25.940000534057617,26.229999542236328,233300,21.11000061035156,21.299999237060547,21.07999992370605,21.299999237060547,19000
2014-10-31,26.270000457763672,26.32999992370605,25.75,26.06999969482422,285800,21.3700008392334,21.489999771118164,20.86000061035156,21.030000686645508,30100
2014-11-03,26.06999969482422,26.1299991607666,25.88999938964844,26.09000015258789,148800,21.1200008392334,21.299999237060547,21.059999465942383,21.299999237060547,41500
2014-11-04,25.549999237060547,25.780000686645508,25.51000022888184,25.700000762939453,149500,20.709999084472656,20.8799991607666,20.6200008392334,20.86000061035156,34400
2014-11-05,25.8700008392334,25.959999084472656,25.25,25.3700008392334,240600,20.920000076293945,20.940000534057617,20.450000762939453,20.940000534057617,23500
2014-11-06,25.96999931335449,26.200000762939453,25.729999542236328,25.809999465942383,97800,21.049999237060547,21.209999084472656,20.81999969482422,20.81999969482422,18300
2014-11-07,25.729999542236328,26.040000915527344,25.57999992370605,25.84000015258789,89900,21.290000915527344,21.290000915527344,20.90999984741211,21.030000686645508,51200
2014-11-10,25.850000381469727,26.479999542236328,25.68000030517578,25.770000457763672,238900,20.96999931335449,21.51000022888184,20.920000076293945,21.450000762939453,30200
2014-11-11,26.149999618530277,26.209999084472656,25.649999618530277,25.899999618530277,80100,21.739999771118164,21.82999992370605,20.979999542236328,21.0,16700
2014-11-12,26.43000030517578,26.850000381469727,26.290000915527344,26.350000381469727,304000,21.459999084472656,22.1200008392334,21.38999938964844,21.950000762939453,33900
2014-11-13,26.86000061035156,27.09000015258789,26.530000686645508,26.530000686645508,219700,21.63999938964844,21.84000015258789,21.459999084472656,21.5,23500
2014-11-14,26.61000061035156,26.920000076293945,26.559999465942383,26.729999542236328,101300,21.030000686645508,21.5,20.940000534057617,21.5,28500
2014-11-17,26.40999984741211,26.51000022888184,26.13999938964844,26.51000022888184,115200,21.229999542236328,21.290000915527344,20.81999969482422,21.040000915527344,22500
2014-11-18,26.049999237060547,26.31999969482422,25.959999084472656,26.31999969482422,78700,20.96999931335449,21.290000915527344,20.96999931335449,21.290000915527344,9900
2014-11-19,25.43000030517578,25.86000061035156,25.36000061035156,25.82999992370605,255900,20.600000381469727,20.790000915527344,20.57999992370605,20.790000915527344,14700
2014-11-20,26.020000457763672,26.149999618530277,25.549999237060547,25.559999465942383,131100,20.950000762939453,20.950000762939453,20.59000015258789,20.59000015258789,10800
2014-11-21,25.86000061035156,26.56999969482422,25.86000061035156,25.989999771118164,235800,21.239999771118164,21.239999771118164,20.920000076293945,20.96999931335449,15300
2014-11-24,25.709999084472656,26.01000022888184,25.600000381469727,25.8700008392334,116400,21.13999938964844,21.200000762939453,20.989999771118164,21.040000915527344,26100
2014-11-25,26.1200008392334,26.170000076293945,25.75,25.770000457763672,92600,21.36000061035156,21.450000762939453,21.280000686645508,21.32999992370605,12300
2014-11-26,26.32999992370605,26.399999618530277,26.200000762939453,26.290000915527344,67000,21.32999992370605,21.38999938964844,21.200000762939453,21.38999938964844,6500
2014-11-28,26.200000762939453,26.489999771118164,25.790000915527344,26.38999938964844,79500,20.729999542236328,21.479999542236328,20.700000762939453,21.479999542236328,16600
2014-12-01,26.229999542236328,26.31999969482422,25.799999237060547,26.0,75800,20.81999969482422,20.84000015258789,20.649999618530277,20.700000762939453,12400
2014-12-02,25.739999771118164,26.290000915527344,25.670000076293945,26.149999618530277,85600,20.36000061035156,20.84000015258789,20.350000381469727,20.799999237060547,25100
2014-12-03,25.729999542236328,25.739999771118164,25.43000030517578,25.56999969482422,80800,20.46999931335449,20.46999931335449,19.96999931335449,20.299999237060547,34600
2014-12-04,26.15999984741211,26.290000915527344,25.799999237060547,25.88999938964844,106800,20.61000061035156,20.729999542236328,20.3799991607666,20.51000022888184,12900
2014-12-05,26.549999237060547,26.6200008392334,26.049999237060547,26.1200008392334,149800,21.149999618530277,21.190000534057617,20.61000061035156,20.61000061035156,18900
2014-12-08,26.290000915527344,26.82999992370605,26.200000762939453,26.57999992370605,162700,21.209999084472656,21.3799991607666,21.1299991607666,21.200000762939453,10800
2014-12-09,26.549999237060547,26.63999938964844,26.209999084472656,26.290000915527344,81200,21.31999969482422,21.3700008392334,21.209999084472656,21.25,7700
2014-12-10,26.43000030517578,26.68000030517578,26.18000030517578,26.57999992370605,98200,21.049999237060547,21.31999969482422,20.959999084472656,21.31999969482422,10500
2014-12-11,26.68000030517578,26.88999938964844,26.38999938964844,26.5,89500,21.190000534057617,21.239999771118164,20.989999771118164,21.01000022888184,6900
2014-12-12,27.25,27.40999984741211,26.950000762939453,27.1200008392334,346900,21.270000457763672,21.420000076293945,21.07999992370605,21.38999938964844,15900
2014-12-15,27.34000015258789,27.57999992370605,27.18000030517578,27.3799991607666,166700,21.06999969482422,21.290000915527344,21.06999969482422,21.290000915527344,7900
2014-12-16,27.15999984741211,27.5,27.059999465942383,27.209999084472656,102800,20.8700008392334,21.07999992370605,20.8700008392334,21.0,3700
2014-12-17,27.270000457763672,27.399999618530277,27.09000015258789,27.3799991607666,79500,21.0,21.06999969482422,20.76000022888184,20.84000015258789,14400
2014-12-18,27.5,27.649999618530277,27.290000915527344,27.649999618530277,71200,21.13999938964844,21.229999542236328,21.059999465942383,21.18000030517578,14200
2014-12-19,27.549999237060547,27.56999969482422,27.1200008392334,27.26000022888184,138200,21.11000061035156,21.11000061035156,20.920000076293945,21.06999969482422,10000
2014-12-22,27.5,27.68000030517578,27.46999931335449,27.5,84900,21.200000762939453,21.290000915527344,21.01000022888184,21.200000762939453,8700
2014-12-23,27.61000061035156,27.76000022888184,27.489999771118164,27.5,43600,21.170000076293945,21.38999938964844,21.149999618530277,21.149999618530277,7400
2014-12-24,27.280000686645508,27.709999084472656,27.18000030517578,27.700000762939453,60300,21.01000022888184,21.1299991607666,21.01000022888184,21.1299991607666,700
2014-12-26,27.709999084472656,27.709999084472656,27.190000534057617,27.350000381469727,62400,21.399999618530277,21.399999618530277,21.1299991607666,21.190000534057617,17300
2014-12-29,27.559999465942383,27.82999992370605,27.489999771118164,27.75,62600,21.290000915527344,21.6200008392334,21.209999084472656,21.459999084472656,12300
2014-12-30,27.149999618530277,27.46999931335449,27.149999618530277,27.399999618530277,90000,21.15999984741211,21.36000061035156,21.15999984741211,21.26000022888184,7000
2014-12-31,26.63999938964844,27.18000030517578,26.530000686645508,27.1200008392334,202400,20.76000022888184,21.049999237060547,20.75,21.01000022888184,24100
2015-01-02,26.479999542236328,26.709999084472656,26.239999771118164,26.6299991607666,130000,20.450000762939453,20.68000030517578,20.450000762939453,20.65999984741211,23000
2015-01-05,27.1200008392334,27.15999984741211,26.850000381469727,26.850000381469727,115100,21.170000076293945,21.21999931335449,20.649999618530277,20.649999618530277,11800
2015-01-06,27.049999237060547,27.31999969482422,26.88999938964844,27.200000762939453,155400,21.3700008392334,21.479999542236328,21.18000030517578,21.479999542236328,14200
2015-01-07,26.520000457763672,27.049999237060547,26.5,27.01000022888184,112400,21.299999237060547,21.420000076293945,21.229999542236328,21.399999618530277,10400
2015-01-08,26.3799991607666,26.559999465942383,26.31999969482422,26.5,84500,21.13999938964844,21.40999984741211,21.11000061035156,21.40999984741211,11400
2015-01-09,26.649999618530277,26.75,26.420000076293945,26.489999771118164,130400,21.190000534057617,21.25,21.11000061035156,21.11000061035156,28500
2015-01-12,26.82999992370605,27.11000061035156,25.989999771118164,26.489999771118164,174000,20.549999237060547,21.18000030517578,20.549999237060547,21.18000030517578,28200
2015-01-13,25.86000061035156,27.11000061035156,25.76000022888184,27.11000061035156,293400,20.399999618530277,20.729999542236328,20.31999969482422,20.65999984741211,32800
2015-01-14,25.6200008392334,26.3700008392334,25.26000022888184,25.520000457763672,209200,20.489999771118164,20.520000457763672,20.170000076293945,20.350000381469727,24200
2015-01-15,25.51000022888184,25.90999984741211,25.280000686645508,25.8799991607666,107800,20.09000015258789,20.549999237060547,20.020000457763672,20.549999237060547,17300
2015-01-16,25.8700008392334,25.979999542236328,25.51000022888184,25.549999237060547,90100,20.06999969482422,20.149999618530277,19.96999931335449,20.0,14200
2015-01-20,26.100000381469727,26.170000076293945,25.63999938964844,25.700000762939453,136200,19.899999618530277,19.96999931335449,19.729999542236328,19.959999084472656,41300
2015-01-21,25.979999542236328,26.1299991607666,25.899999618530277,26.030000686645508,112000,19.90999984741211,20.309999465942383,19.26000022888184,19.26000022888184,16500
2015-01-22,25.84000015258789,26.100000381469727,25.729999542236328,26.100000381469727,99100,19.799999237060547,20.020000457763672,19.799999237060547,20.020000457763672,5700
2015-01-23,26.0,26.09000015258789,25.729999542236328,25.770000457763672,56500,19.71999931335449,19.850000381469727,19.649999618530277,19.670000076293945,13100
2015-01-26,25.82999992370605,26.0,25.739999771118164,25.850000381469727,60500,19.8799991607666,19.8799991607666,19.739999771118164,19.82999992370605,2700
2015-01-27,25.6200008392334,25.90999984741211,25.59000015258789,25.8700008392334,78700,19.770000457763672,19.979999542236328,19.770000457763672,19.979999542236328,12000
2015-01-28,25.190000534057617,25.68000030517578,25.13999938964844,25.600000381469727,141500,19.68000030517578,19.850000381469727,19.649999618530277,19.770000457763672,9600
2015-01-29,25.13999938964844,25.170000076293945,24.84000015258789,25.020000457763672,100200,19.6299991607666,19.780000686645508,19.299999237060547,19.5,7600
2015-01-30,24.979999542236328,25.0,24.670000076293945,24.920000076293945,73900,19.489999771118164,19.670000076293945,19.3799991607666,19.670000076293945,9600
2015-02-02,24.950000762939453,25.38999938964844,24.86000061035156,25.01000022888184,91300,19.489999771118164,19.549999237060547,19.43000030517578,19.5,5200
2015-02-03,25.799999237060547,26.0,25.1200008392334,25.200000762939453,81900,19.920000076293945,20.21999931335449,19.690000534057617,19.690000534057617,15800
2015-02-04,25.75,25.84000015258789,25.540000915527344,25.75,65700,19.690000534057617,19.770000457763672,19.649999618530277,19.770000457763672,8600
2015-02-05,25.84000015258789,25.979999542236328,25.670000076293945,25.82999992370605,169000,19.920000076293945,19.920000076293945,19.84000015258789,19.850000381469727,3200
2015-02-06,25.90999984741211,25.940000534057617,25.57999992370605,25.920000076293945,50700,19.71999931335449,19.8700008392334,19.68000030517578,19.84000015258789,84800
2015-02-09,26.25,26.299999237060547,25.84000015258789,25.84000015258789,106100,19.809999465942383,19.899999618530277,19.700000762939453,19.700000762939453,28400
2015-02-10,26.040000915527344,26.209999084472656,25.84000015258789,26.1200008392334,84900,19.600000381469727,19.920000076293945,19.36000061035156,19.790000915527344,25200
2015-02-11,25.86000061035156,26.11000061035156,25.799999237060547,25.90999984741211,87300,19.739999771118164,19.76000022888184,19.57999992370605,19.57999992370605,5300
2015-02-12,25.690000534057617,25.920000076293945,25.61000061035156,25.850000381469727,59000,19.82999992370605,19.86000061035156,19.670000076293945,19.790000915527344,18700
2015-02-13,26.020000457763672,26.049999237060547,25.71999931335449,25.71999931335449,67600,20.030000686645508,20.1299991607666,19.950000762939453,19.96999931335449,26000
2015-02-17,26.149999618530277,26.200000762939453,25.8700008392334,26.049999237060547,79300,20.36000061035156,20.36000061035156,20.059999465942383,20.059999465942383,16900
2015-02-18,25.780000686645508,26.09000015258789,25.739999771118164,25.989999771118164,41000,20.09000015258789,20.32999992370605,20.030000686645508,20.32999992370605,9200
2015-02-19,26.13999938964844,26.200000762939453,25.71999931335449,25.71999931335449,27100,20.280000686645508,20.46999931335449,20.100000381469727,20.100000381469727,9400
2015-02-20,25.8700008392334,26.09000015258789,25.770000457763672,26.07999992370605,34900,20.13999938964844,20.21999931335449,20.13999938964844,20.18000030517578,17200
2015-02-23,25.440000534057617,25.899999618530277,25.40999984741211,25.809999465942383,78500,20.149999618530277,20.36000061035156,20.030000686645508,20.36000061035156,24500
2015-02-24,25.38999938964844,25.940000534057617,25.3700008392334,25.549999237060547,60000,20.489999771118164,20.700000762939453,20.290000915527344,20.290000915527344,24700
2015-02-25,25.32999992370605,25.38999938964844,25.059999465942383,25.38999938964844,87500,20.239999771118164,20.479999542236328,20.239999771118164,20.450000762939453,5800
2015-02-26,25.600000381469727,25.71999931335449,25.3799991607666,25.399999618530277,45800,20.59000015258789,20.6299991607666,20.350000381469727,20.38999938964844,6000
2015-02-27,25.799999237060547,26.059999465942383,25.43000030517578,25.600000381469727,64000,20.649999618530277,20.770000457763672,20.530000686645508,20.530000686645508,12300
2015-03-02,25.57999992370605,25.950000762939453,25.5,25.75,16100,20.3799991607666,20.899999618530277,20.32999992370605,20.809999465942383,23300
2015-03-03,25.71999931335449,25.780000686645508,25.350000381469727,25.65999984741211,102500,20.38999938964844,20.399999618530277,20.170000076293945,20.280000686645508,8700
2015-03-04,25.61000061035156,25.63999938964844,25.43000030517578,25.63999938964844,64700,20.01000022888184,20.200000762939453,20.0,20.200000762939453,13900
2015-03-05,25.6200008392334,25.799999237060547,25.51000022888184,25.670000076293945,60300,19.809999465942383,20.049999237060547,19.809999465942383,19.989999771118164,17900
2015-03-06,25.3700008392334,25.450000762939453,25.229999542236328,25.450000762939453,63200,19.790000915527344,19.86000061035156,19.690000534057617,19.739999771118164,7800
2015-03-09,25.56999969482422,25.690000534057617,25.489999771118164,25.649999618530277,28100,19.96999931335449,20.06999969482422,19.93000030517578,19.93000030517578,4100
2015-03-10,25.489999771118164,25.700000762939453,25.21999931335449,25.5,44700,19.790000915527344,19.920000076293945,19.790000915527344,19.899999618530277,3900
2015-03-11,25.68000030517578,25.790000915527344,25.549999237060547,25.709999084472656,55500,19.950000762939453,20.030000686645508,19.8799991607666,19.899999618530277,2700
2015-03-12,25.540000915527344,25.65999984741211,25.38999938964844,25.65999984741211,25300,19.88999938964844,20.049999237060547,19.86000061035156,20.049999237060547,4300
2015-03-13,25.0,25.459999084472656,25.0,25.459999084472656,64900,19.59000015258789,19.76000022888184,19.59000015258789,19.76000022888184,3700
2015-03-16,24.959999084472656,25.100000381469727,24.71999931335449,25.01000022888184,41700,19.540000915527344,19.670000076293945,19.5,19.559999465942383,33100
2015-03-17,24.459999084472656,24.920000076293945,24.43000030517578,24.8799991607666,75000,19.290000915527344,19.489999771118164,19.21999931335449,19.489999771118164,25600
2015-03-18,24.739999771118164,24.75,24.229999542236328,24.600000381469727,59000,19.5,19.5,19.21999931335449,19.350000381469727,7300
2015-03-19,24.670000076293945,24.690000534057617,24.450000762939453,24.670000076293945,45300,19.38999938964844,19.51000022888184,19.3799991607666,19.5,2700
2015-03-20,25.270000457763672,25.420000076293945,24.76000022888184,24.76000022888184,103600,19.559999465942383,19.68000030517578,19.520000457763672,19.530000686645508,13000
2015-03-23,25.61000061035156,25.649999618530277,25.459999084472656,25.56999969482422,56100,19.780000686645508,19.899999618530277,19.71999931335449,19.71999931335449,10500
2015-03-24,25.84000015258789,25.8700008392334,25.549999237060547,25.57999992370605,44600,19.700000762939453,19.729999542236328,19.649999618530277,19.649999618530277,4800
2015-03-25,25.8700008392334,25.920000076293945,25.71999931335449,25.82999992370605,59600,19.63999938964844,19.809999465942383,19.61000061035156,19.75,4900
2015-03-26,25.649999618530277,26.0,25.56999969482422,25.82999992370605,42600,19.56999969482422,19.649999618530277,19.56999969482422,19.649999618530277,1400
2015-03-27,25.63999938964844,25.700000762939453,25.549999237060547,25.600000381469727,24300,19.440000534057617,19.559999465942383,19.440000534057617,19.559999465942383,3900
2015-03-30,25.90999984741211,25.90999984741211,25.670000076293945,25.71999931335449,24200,19.5,19.6299991607666,19.450000762939453,19.450000762939453,3900
2015-03-31,24.739999771118164,26.100000381469727,24.700000762939453,25.82999992370605,155300,19.6299991607666,19.649999618530277,19.21999931335449,19.399999618530277,4600
2015-04-01,25.049999237060547,25.13999938964844,24.6200008392334,24.75,47600,19.920000076293945,19.96999931335449,19.6299991607666,19.6299991607666,7300
2015-04-02,25.3700008392334,25.489999771118164,24.920000076293945,24.940000534057617,49900,20.040000915527344,20.040000915527344,19.850000381469727,19.8700008392334,5400
2015-04-06,25.25,25.3700008392334,25.190000534057617,25.3700008392334,38800,19.899999618530277,20.0,19.82999992370605,20.0,1700
2015-04-07,25.13999938964844,25.21999931335449,25.09000015258789,25.21999931335449,11700,19.709999084472656,19.729999542236328,19.68000030517578,19.729999542236328,1000
2015-04-08,24.88999938964844,25.170000076293945,24.770000457763672,25.170000076293945,29600,19.63999938964844,19.729999542236328,19.6200008392334,19.700000762939453,4400
2015-04-09,24.84000015258789,24.8799991607666,24.649999618530277,24.86000061035156,44100,19.350000381469727,19.61000061035156,19.299999237060547,19.61000061035156,5500
2015-04-10,24.75,24.899999618530277,24.6299991607666,24.86000061035156,25000,19.299999237060547,19.440000534057617,19.0,19.350000381469727,9300
2015-04-13,24.31999969482422,24.690000534057617,24.309999465942383,24.649999618530277,45500,19.200000762939453,19.350000381469727,19.200000762939453,19.299999237060547,3600
2015-04-14,24.479999542236328,24.600000381469727,24.3700008392334,24.40999984741211,14600,19.440000534057617,19.479999542236328,19.270000457763672,19.36000061035156,6600
2015-04-15,24.59000015258789,24.780000686645508,24.43000030517578,24.43000030517578,22800,19.5,19.68000030517578,19.450000762939453,19.450000762939453,3100
2015-04-16,24.61000061035156,24.700000762939453,24.450000762939453,24.670000076293945,29100,19.51000022888184,19.51000022888184,19.350000381469727,19.489999771118164,1400
2015-04-17,24.809999465942383,24.8799991607666,24.59000015258789,24.59000015258789,50900,19.57999992370605,19.61000061035156,19.459999084472656,19.51000022888184,2600
2015-04-20,24.68000030517578,24.82999992370605,24.57999992370605,24.729999542236328,19800,19.63999938964844,19.709999084472656,19.61000061035156,19.61000061035156,3700
2015-04-21,24.479999542236328,24.530000686645508,24.32999992370605,24.530000686645508,43300,19.61000061035156,19.61000061035156,19.5,19.559999465942383,12300
2015-04-22,24.440000534057617,24.459999084472656,24.18000030517578,24.350000381469727,25400,19.530000686645508,19.59000015258789,19.450000762939453,19.59000015258789,5700
2015-04-23,24.25,24.65999984741211,24.229999542236328,24.489999771118164,29100,19.700000762939453,19.770000457763672,19.600000381469727,19.600000381469727,11600
2015-04-24,23.84000015258789,24.149999618530277,23.790000915527344,24.149999618530277,75500,19.51000022888184,19.59000015258789,19.5,19.57999992370605,1500
2015-04-27,23.5,23.809999465942383,23.459999084472656,23.65999984741211,79500,19.56999969482422,19.649999618530277,19.530000686645508,19.600000381469727,5100
2015-04-28,23.5,23.59000015258789,23.36000061035156,23.530000686645508,45200,19.530000686645508,19.76000022888184,19.530000686645508,19.59000015258789,6400
2015-04-29,23.68000030517578,23.700000762939453,23.540000915527344,23.61000061035156,38500,19.71999931335449,19.75,19.540000915527344,19.540000915527344,5400
2015-04-30,23.520000457763672,23.700000762939453,23.43000030517578,23.690000534057617,47400,19.56999969482422,19.809999465942383,19.489999771118164,19.770000457763672,12900
2015-05-01,23.36000061035156,23.51000022888184,23.21999931335449,23.43000030517578,56500,19.280000686645508,19.31999969482422,19.270000457763672,19.280000686645508,2900
2015-05-04,23.21999931335449,23.34000015258789,23.149999618530277,23.149999618530277,40500,19.540000915527344,19.540000915527344,19.450000762939453,19.450000762939453,2700
2015-05-05,23.25,23.290000915527344,22.86000061035156,23.01000022888184,73000,19.6299991607666,19.6299991607666,19.46999931335449,19.51000022888184,3900
2015-05-06,23.479999542236328,23.670000076293945,23.290000915527344,23.32999992370605,85000,19.56999969482422,19.71999931335449,19.56999969482422,19.71999931335449,2700
2015-05-07,23.18000030517578,23.3700008392334,23.1299991607666,23.36000061035156,34200,19.520000457763672,19.520000457763672,19.459999084472656,19.479999542236328,2600
2015-05-08,23.34000015258789,23.350000381469727,23.040000915527344,23.170000076293945,45100,19.489999771118164,19.51000022888184,19.3799991607666,19.51000022888184,29200
2015-05-11,23.09000015258789,23.25,23.030000686645508,23.200000762939453,32800,19.489999771118164,19.540000915527344,19.459999084472656,19.489999771118164,3000
2015-05-12,23.06999969482422,23.36000061035156,22.920000076293945,22.920000076293945,113000,19.13999938964844,19.530000686645508,19.11000061035156,19.46999931335449,10700
2015-05-13,23.209999084472656,23.270000457763672,22.920000076293945,23.100000381469727,115300,19.18000030517578,19.26000022888184,19.1299991607666,19.26000022888184,8200
2015-05-14,23.6200008392334,23.63999938964844,23.270000457763672,23.420000076293945,101100,19.270000457763672,19.270000457763672,19.149999618530277,19.239999771118164,20500
2015-05-15,23.46999931335449,23.61000061035156,23.299999237060547,23.61000061035156,85500,19.18000030517578,19.38999938964844,19.13999938964844,19.38999938964844,24300
2015-05-18,23.6299991607666,23.790000915527344,23.57999992370605,23.670000076293945,94900,19.25,19.350000381469727,19.18000030517578,19.209999084472656,27200
2015-05-19,23.290000915527344,23.43000030517578,23.190000534057617,23.43000030517578,77600,18.959999084472656,19.1200008392334,18.940000534057617,19.11000061035156,19400
2015-05-20,23.09000015258789,23.26000022888184,23.040000915527344,23.209999084472656,64900,18.920000076293945,18.920000076293945,18.809999465942383,18.850000381469727,19700
2015-05-21,23.38999938964844,23.46999931335449,23.18000030517578,23.18000030517578,81800,18.799999237060547,18.950000762939453,18.799999237060547,18.93000030517578,30000
2015-05-22,23.18000030517578,23.46999931335449,23.13999938964844,23.459999084472656,32000,18.670000076293945,18.899999618530277,18.600000381469727,18.899999618530277,19700
2015-05-26,22.850000381469727,23.1200008392334,22.81999969482422,23.1200008392334,57000,18.540000915527344,18.65999984741211,18.51000022888184,18.59000015258789,13800
2015-05-27,22.549999237060547,22.850000381469727,22.520000457763672,22.790000915527344,144100,18.6299991607666,18.690000534057617,18.51000022888184,18.68000030517578,8200
2015-05-28,22.76000022888184,22.790000915527344,22.450000762939453,22.56999969482422,49700,18.489999771118164,18.65999984741211,18.46999931335449,18.63999938964844,3700
2015-05-29,22.6299991607666,22.899999618530277,22.540000915527344,22.86000061035156,28000,18.56999969482422,18.670000076293945,18.530000686645508,18.549999237060547,8900
2015-06-01,22.670000076293945,22.71999931335449,22.440000534057617,22.6200008392334,41600,18.51000022888184,18.559999465942383,18.43000030517578,18.479999542236328,13900
2015-06-02,23.049999237060547,23.06999969482422,22.76000022888184,22.780000686645508,60200,18.75,18.84000015258789,18.75,18.780000686645508,6400
2015-06-03,23.100000381469727,23.299999237060547,22.959999084472656,22.989999771118164,54700,18.76000022888184,18.920000076293945,18.700000762939453,18.75,16500
2015-06-04,23.34000015258789,23.38999938964844,23.01000022888184,23.07999992370605,48900,18.90999984741211,18.96999931335449,18.850000381469727,18.850000381469727,16300
2015-06-05,23.18000030517578,23.530000686645508,23.13999938964844,23.26000022888184,45200,18.780000686645508,19.0,18.75,18.88999938964844,16800
2015-06-08,23.459999084472656,23.5,23.299999237060547,23.309999465942383,29500,18.88999938964844,18.88999938964844,18.770000457763672,18.780000686645508,3300
2015-06-09,23.489999771118164,23.6299991607666,23.31999969482422,23.31999969482422,80700,18.88999938964844,18.96999931335449,18.850000381469727,18.90999984741211,9000
2015-06-10,23.059999465942383,23.549999237060547,23.020000457763672,23.5,50200,18.88999938964844,19.040000915527344,18.81999969482422,19.0,6600
2015-06-11,22.989999771118164,23.15999984741211,22.8700008392334,22.959999084472656,58200,18.6299991607666,18.780000686645508,18.540000915527344,18.770000457763672,9700
2015-06-12,22.770000457763672,22.979999542236328,22.729999542236328,22.8799991607666,52100,18.51000022888184,18.56999969482422,18.46999931335449,18.479999542236328,4300
2015-06-15,22.40999984741211,22.6299991607666,22.350000381469727,22.6299991607666,84100,18.520000457763672,18.520000457763672,18.350000381469727,18.46999931335449,6000
2015-06-16,22.700000762939453,22.739999771118164,22.3799991607666,22.57999992370605,218500,18.8700008392334,18.93000030517578,18.559999465942383,18.59000015258789,10000
2015-06-17,23.06999969482422,23.100000381469727,22.8700008392334,22.950000762939453,81400,19.059999465942383,19.13999938964844,18.979999542236328,19.020000457763672,17600
2015-06-18,23.0,23.149999618530277,22.96999931335449,23.040000915527344,32400,19.11000061035156,19.200000762939453,18.989999771118164,19.049999237060547,7200
2015-06-19,22.700000762939453,22.809999465942383,22.600000381469727,22.790000915527344,57600,19.07999992370605,19.149999618530277,19.030000686645508,19.06999969482422,10900
2015-06-22,23.030000686645508,23.07999992370605,22.530000686645508,22.71999931335449,127300,19.479999542236328,19.479999542236328,19.149999618530277,19.170000076293945,35900
2015-06-23,23.450000762939453,23.489999771118164,23.01000022888184,23.01000022888184,99500,19.46999931335449,19.5,19.270000457763672,19.46999931335449,18800
2015-06-24,23.36000061035156,23.63999938964844,23.299999237060547,23.299999237060547,59300,19.40999984741211,19.549999237060547,19.350000381469727,19.38999938964844,5800
2015-06-25,24.049999237060547,24.07999992370605,23.549999237060547,23.549999237060547,125300,19.670000076293945,19.770000457763672,19.5,19.5,19300
2015-06-26,24.399999618530277,24.799999237060547,24.21999931335449,24.61000061035156,222700,19.75,20.1200008392334,19.75,19.989999771118164,24100
2015-06-29,24.34000015258789,24.76000022888184,24.34000015258789,24.729999542236328,151100,19.729999542236328,19.959999084472656,19.670000076293945,19.8799991607666,20500
2015-06-30,25.850000381469727,25.920000076293945,24.309999465942383,24.36000061035156,243900,20.489999771118164,20.61000061035156,19.59000015258789,19.59000015258789,56400
2015-07-01,26.030000686645508,26.049999237060547,25.43000030517578,25.739999771118164,197800,20.540000915527344,20.790000915527344,20.299999237060547,20.65999984741211,86000
2015-07-02,26.209999084472656,26.3799991607666,25.799999237060547,25.799999237060547,234400,20.530000686645508,20.709999084472656,20.32999992370605,20.32999992370605,30200
2015-07-06,26.209999084472656,26.280000686645508,25.600000381469727,25.76000022888184,118300,20.34000015258789,20.459999084472656,20.239999771118164,20.25,22300
2015-07-07,26.01000022888184,26.040000915527344,25.600000381469727,25.8799991607666,96500,19.81999969482422,20.25,19.71999931335449,20.25,31700
2015-07-08,26.059999465942383,26.280000686645508,25.90999984741211,25.90999984741211,152700,19.76000022888184,20.0,19.670000076293945,19.670000076293945,46900
2015-07-09,26.290000915527344,26.56999969482422,26.200000762939453,26.229999542236328,86700,20.280000686645508,20.459999084472656,20.149999618530277,20.149999618530277,25400
2015-07-10,26.57999992370605,26.799999237060547,26.06999969482422,26.56999969482422,129800,20.350000381469727,20.559999465942383,20.25,20.3799991607666,16300
2015-07-13,26.989999771118164,27.0,26.450000762939453,26.600000381469727,125300,20.440000534057617,20.5,20.25,20.25,16400
2015-07-14,26.229999542236328,26.850000381469727,26.209999084472656,26.850000381469727,117200,20.3799991607666,20.530000686645508,20.3799991607666,20.530000686645508,6500
2015-07-15,26.31999969482422,26.440000534057617,25.8700008392334,26.15999984741211,179600,20.21999931335449,20.31999969482422,20.170000076293945,20.239999771118164,11500
2015-07-16,26.200000762939453,26.739999771118164,26.18000030517578,26.739999771118164,61300,20.1200008392334,20.479999542236328,20.030000686645508,20.420000076293945,31800
2015-07-17,25.729999542236328,26.06999969482422,25.670000076293945,26.0,102300,20.049999237060547,20.13999938964844,20.0,20.01000022888184,21700
2015-07-20,24.96999931335449,25.479999542236328,24.93000030517578,25.309999465942383,197300,19.899999618530277,20.040000915527344,19.799999237060547,19.84000015258789,25800
2015-07-21,25.020000457763672,25.200000762939453,24.81999969482422,24.84000015258789,166300,19.96999931335449,20.09000015258789,19.950000762939453,20.0,15300
2015-07-22,24.770000457763672,25.01000022888184,24.549999237060547,24.71999931335449,59600,19.81999969482422,19.989999771118164,19.729999542236328,19.86000061035156,11200
2015-07-23,24.76000022888184,24.86000061035156,24.56999969482422,24.780000686645508,66000,19.540000915527344,19.81999969482422,19.51000022888184,19.81999969482422,13800
2015-07-24,24.15999984741211,24.540000915527344,24.13999938964844,24.530000686645508,126600,19.21999931335449,19.489999771118164,19.059999465942383,19.450000762939453,14900
2015-07-27,23.170000076293945,23.76000022888184,23.15999984741211,23.709999084472656,129200,18.670000076293945,19.09000015258789,18.65999984741211,19.040000915527344,22700
2015-07-28,23.34000015258789,23.3700008392334,23.020000457763672,23.25,67600,18.90999984741211,18.979999542236328,18.76000022888184,18.82999992370605,10000
2015-07-29,22.8799991607666,23.26000022888184,22.8700008392334,23.07999992370605,87400,18.899999618530277,19.049999237060547,18.8700008392334,18.8700008392334,9100
2015-07-30,23.309999465942383,23.309999465942383,22.809999465942383,23.1299991607666,82800,19.030000686645508,19.030000686645508,18.950000762939453,19.0,4700
2015-07-31,23.13999938964844,23.38999938964844,23.030000686645508,23.36000061035156,83400,18.809999465942383,19.0,18.799999237060547,19.0,13800
2015-08-03,22.90999984741211,23.030000686645508,22.729999542236328,22.799999237060547,62200,18.809999465942383,18.809999465942383,18.6299991607666,18.6299991607666,4300
2015-08-04,22.989999771118164,23.149999618530277,22.899999618530277,23.040000915527344,48000,18.920000076293945,18.959999084472656,18.920000076293945,18.920000076293945,8900
2015-08-05,23.229999542236328,23.280000686645508,23.06999969482422,23.06999969482422,36100,18.989999771118164,19.049999237060547,18.979999542236328,19.049999237060547,9600
2015-08-06,23.07999992370605,23.270000457763672,23.06999969482422,23.270000457763672,32800,18.84000015258789,19.0,18.780000686645508,19.0,12300
2015-08-07,23.239999771118164,23.31999969482422,23.09000015258789,23.100000381469727,72700,19.21999931335449,19.21999931335449,18.959999084472656,18.959999084472656,12400
2015-08-10,24.170000076293945,24.18000030517578,23.459999084472656,23.459999084472656,124500,19.790000915527344,19.790000915527344,19.3700008392334,19.3700008392334,11000
2015-08-11,23.46999931335449,23.81999969482422,23.450000762939453,23.81999969482422,51400,19.3700008392334,19.549999237060547,19.290000915527344,19.520000457763672,2900
2015-08-12,22.56999969482422,23.780000686645508,21.670000076293945,23.479999542236328,311500,18.350000381469727,19.34000015258789,18.049999237060547,19.34000015258789,39400
2015-08-13,22.940000534057617,22.96999931335449,22.36000061035156,22.68000030517578,171800,18.649999618530277,18.649999618530277,18.3799991607666,18.3799991607666,10700
2015-08-14,22.940000534057617,23.049999237060547,22.75,22.75,39700,18.38999938964844,18.479999542236328,18.34000015258789,18.36000061035156,21300
2015-08-17,22.899999618530277,23.1299991607666,22.809999465942383,23.1299991607666,42300,18.459999084472656,18.479999542236328,18.40999984741211,18.46999931335449,4200
2015-08-18,23.01000022888184,23.09000015258789,22.799999237060547,22.84000015258789,33400,18.209999084472656,18.290000915527344,18.18000030517578,18.290000915527344,6100
2015-08-19,23.030000686645508,23.34000015258789,23.0,23.07999992370605,41800,18.030000686645508,18.280000686645508,17.959999084472656,18.239999771118164,22200
2015-08-20,23.25,23.280000686645508,23.07999992370605,23.07999992370605,49200,18.280000686645508,18.280000686645508,18.0,18.020000457763672,7700
2015-08-21,22.989999771118164,23.280000686645508,22.93000030517578,23.26000022888184,67200,17.989999771118164,18.200000762939453,17.959999084472656,18.200000762939453,2600
2015-08-24,23.21999931335449,23.21999931335449,21.979999542236328,21.979999542236328,155000,17.65999984741211,17.850000381469727,17.139999389648438,17.799999237060547,10500
2015-08-25,22.940000534057617,23.479999542236328,22.82999992370605,23.40999984741211,55100,17.65999984741211,17.780000686645508,17.65999984741211,17.65999984741211,14000
2015-08-26,22.75,23.100000381469727,22.709999084472656,23.01000022888184,65800,17.43000030517578,17.670000076293945,17.43000030517578,17.670000076293945,4200
2015-08-27,22.90999984741211,23.030000686645508,22.68000030517578,22.82999992370605,26000,17.68000030517578,17.780000686645508,17.56999969482422,17.610000610351562,7300
2015-08-28,22.84000015258789,23.100000381469727,22.82999992370605,23.07999992370605,25900,17.799999237060547,17.84000015258789,17.790000915527344,17.799999237060547,1400
2015-08-31,22.90999984741211,22.90999984741211,22.65999984741211,22.799999237060547,16100,17.899999618530273,17.899999618530273,17.600000381469727,17.739999771118164,21600
2015-09-01,22.450000762939453,22.76000022888184,22.43000030517578,22.65999984741211,19800,17.649999618530273,17.729999542236328,17.559999465942383,17.729999542236328,11500
2015-09-02,22.38999938964844,22.520000457763672,22.270000457763672,22.46999931335449,35600,17.6200008392334,17.649999618530273,17.420000076293945,17.649999618530273,7600
2015-09-03,22.149999618530277,22.46999931335449,22.11000061035156,22.229999542236328,22800,17.530000686645508,17.719999313354492,17.510000228881836,17.719999313354492,9100
2015-09-04,22.15999984741211,22.309999465942383,22.06999969482422,22.15999984741211,17500,17.420000076293945,17.549999237060547,17.40999984741211,17.549999237060547,4000
2015-09-08,22.46999931335449,22.5,22.209999084472656,22.209999084472656,12600,17.6200008392334,17.670000076293945,17.549999237060547,17.639999389648438,6000
2015-09-09,22.479999542236328,22.690000534057617,22.46999931335449,22.600000381469727,9600,17.520000457763672,17.770000457763672,17.520000457763672,17.770000457763672,3900
2015-09-10,22.809999465942383,22.84000015258789,22.420000076293945,22.450000762939453,32900,17.579999923706055,17.690000534057617,17.5,17.510000228881836,3900
2015-09-11,23.51000022888184,23.540000915527344,22.200000762939453,22.809999465942383,160400,17.600000381469727,17.6299991607666,17.229999542236328,17.510000228881836,30300
2015-09-14,23.799999237060547,23.86000061035156,23.459999084472656,23.530000686645508,85400,17.760000228881836,17.84000015258789,17.729999542236328,17.84000015258789,10100
2015-09-15,23.649999618530277,23.86000061035156,23.6200008392334,23.71999931335449,131200,17.860000610351562,17.950000762939453,17.780000686645508,17.780000686645508,15800
2015-09-16,23.440000534057617,23.63999938964844,23.290000915527344,23.63999938964844,37200,17.850000381469727,18.0,17.81999969482422,17.81999969482422,1900
2015-09-17,23.149999618530277,23.299999237060547,23.149999618530277,23.270000457763672,29000,17.8799991607666,17.8799991607666,17.799999237060547,17.799999237060547,3000
2015-09-18,23.01000022888184,23.170000076293945,22.959999084472656,23.1200008392334,51700,17.540000915527344,17.8700008392334,17.540000915527344,17.8700008392334,8700
2015-09-21,23.399999618530277,23.440000534057617,23.11000061035156,23.149999618530277,17500,17.700000762939453,17.729999542236328,17.639999389648438,17.639999389648438,1600
2015-09-22,23.170000076293945,23.209999084472656,23.040000915527344,23.200000762939453,30700,17.510000228881836,17.600000381469727,17.459999084472656,17.600000381469727,4100
2015-09-23,23.290000915527344,23.36000061035156,23.190000534057617,23.34000015258789,32000,17.510000228881836,17.520000457763672,17.479999542236328,17.479999542236328,3600
2015-09-24,23.209999084472656,23.32999992370605,23.100000381469727,23.100000381469727,12800,17.530000686645508,17.600000381469727,17.530000686645508,17.56999969482422,10400
2015-09-25,23.600000381469727,23.61000061035156,23.34000015258789,23.34000015258789,21300,17.979999542236328,17.989999771118164,17.760000228881836,17.760000228881836,3200
2015-09-28,23.459999084472656,23.780000686645508,23.299999237060547,23.600000381469727,35300,17.739999771118164,17.979999542236328,17.739999771118164,17.899999618530273,3500
2015-09-29,23.540000915527344,23.59000015258789,23.40999984741211,23.520000457763672,19400,17.829999923706055,17.8700008392334,17.770000457763672,17.770000457763672,5100
2015-09-30,23.559999465942383,23.84000015258789,23.26000022888184,23.59000015258789,113900,18.0,18.049999237060547,17.809999465942383,18.040000915527344,7400
2015-10-01,23.559999465942383,23.76000022888184,23.51000022888184,23.56999969482422,19600,17.780000686645508,18.049999237060547,17.780000686645508,18.040000915527344,13700
2015-10-02,23.540000915527344,23.6299991607666,23.32999992370605,23.450000762939453,24100,17.75,17.850000381469727,17.6200008392334,17.75,4600
2015-10-05,23.76000022888184,23.790000915527344,23.549999237060547,23.600000381469727,27700,17.889999389648438,17.93000030517578,17.799999237060547,17.799999237060547,2800
2015-10-06,23.989999771118164,24.059999465942383,23.8700008392334,23.8799991607666,40800,17.979999542236328,18.09000015258789,17.950000762939453,17.989999771118164,6300
2015-10-07,23.8700008392334,24.100000381469727,23.780000686645508,24.06999969482422,21500,18.059999465942383,18.1200008392334,17.979999542236328,18.07999992370605,7000
2015-10-08,23.670000076293945,23.84000015258789,23.63999938964844,23.84000015258789,28500,17.84000015258789,17.940000534057617,17.84000015258789,17.920000076293945,5900
2015-10-09,23.209999084472656,23.76000022888184,23.170000076293945,23.76000022888184,116600,17.940000534057617,18.07999992370605,17.670000076293945,17.950000762939453,23300
2015-10-12,23.1299991607666,23.21999931335449,23.11000061035156,23.21999931335449,15000,17.93000030517578,18.09000015258789,17.93000030517578,18.040000915527344,5000
2015-10-13,23.299999237060547,23.36000061035156,23.100000381469727,23.100000381469727,20500,18.40999984741211,18.459999084472656,18.010000228881836,18.010000228881836,20000
2015-10-14,23.049999237060547,23.40999984741211,23.01000022888184,23.399999618530277,38000,18.32999992370605,18.5,18.309999465942383,18.450000762939453,6300
2015-10-15,22.8700008392334,23.040000915527344,22.850000381469727,23.0,28100,18.25,18.38999938964844,18.25,18.38999938964844,8000
2015-10-16,22.93000030517578,22.959999084472656,22.71999931335449,22.82999992370605,22900,18.15999984741211,18.190000534057617,18.13999938964844,18.190000534057617,4100
2015-10-19,22.690000534057617,22.8799991607666,22.690000534057617,22.82999992370605,14800,18.020000457763672,18.09000015258789,18.020000457763672,18.09000015258789,1900
2015-10-20,22.899999618530277,22.90999984741211,22.75,22.81999969482422,7300,18.11000061035156,18.200000762939453,18.09000015258789,18.18000030517578,3900
2015-10-21,22.940000534057617,22.989999771118164,22.75,22.84000015258789,31300,18.280000686645508,18.280000686645508,18.13999938964844,18.15999984741211,3600
2015-10-22,22.850000381469727,23.06999969482422,22.82999992370605,23.040000915527344,16300,18.1299991607666,18.36000061035156,18.1299991607666,18.36000061035156,5700
2015-10-23,22.899999618530277,22.920000076293945,22.670000076293945,22.81999969482422,8200,17.959999084472656,18.030000686645508,17.920000076293945,18.030000686645508,9500
2015-10-26,23.190000534057617,23.229999542236328,22.86000061035156,22.88999938964844,18500,17.799999237060547,17.850000381469727,17.719999313354492,17.84000015258789,6700
2015-10-27,22.989999771118164,23.350000381469727,22.96999931335449,23.149999618530277,13100,17.889999389648438,17.90999984741211,17.799999237060547,17.799999237060547,8600
2015-10-28,22.790000915527344,22.899999618530277,22.76000022888184,22.899999618530277,20900,17.780000686645508,17.81999969482422,17.729999542236328,17.809999465942383,8500
2015-10-29,22.96999931335449,23.01000022888184,22.799999237060547,22.84000015258789,20000,17.709999084472656,17.790000915527344,17.639999389648438,17.790000915527344,10800
2015-10-30,23.07999992370605,23.149999618530277,22.96999931335449,22.979999542236328,18700,17.829999923706055,17.829999923706055,17.729999542236328,17.770000457763672,4900
2015-11-02,22.71999931335449,22.88999938964844,22.709999084472656,22.8799991607666,21300,17.709999084472656,17.8799991607666,17.670000076293945,17.81999969482422,11000
2015-11-03,22.8799991607666,22.989999771118164,22.76000022888184,22.850000381469727,12600,17.700000762939453,17.799999237060547,17.610000610351562,17.610000610351562,2100
2015-11-04,22.899999618530277,23.11000061035156,22.729999542236328,22.8799991607666,21800,17.770000457763672,17.809999465942383,17.770000457763672,17.809999465942383,4100
2015-11-05,22.600000381469727,22.770000457763672,22.57999992370605,22.770000457763672,14400,17.440000534057617,17.639999389648438,17.399999618530273,17.639999389648438,12300
2015-11-06,22.57999992370605,22.61000061035156,22.459999084472656,22.559999465942383,12500,17.479999542236328,17.479999542236328,17.31999969482422,17.34000015258789,3900
2015-11-09,22.270000457763672,22.59000015258789,22.239999771118164,22.59000015258789,20700,17.450000762939453,17.5,17.450000762939453,17.450000762939453,3600
2015-11-10,21.899999618530277,22.170000076293945,21.5,22.170000076293945,39700,17.270000457763672,17.3799991607666,17.09000015258789,17.3799991607666,30000
2015-11-11,21.90999984741211,21.90999984741211,21.799999237060547,21.899999618530277,13100,17.280000686645508,17.329999923706055,17.18000030517578,17.260000228881836,37800
2015-11-12,21.8700008392334,21.88999938964844,21.729999542236328,21.809999465942383,11000,17.420000076293945,17.420000076293945,17.360000610351562,17.360000610351562,2900
2015-11-13,21.690000534057617,21.81999969482422,21.68000030517578,21.75,26000,17.260000228881836,17.290000915527344,17.25,17.280000686645508,7800
2015-11-16,21.71999931335449,21.790000915527344,21.6299991607666,21.729999542236328,28600,17.350000381469727,17.350000381469727,17.25,17.25,4100
2015-11-17,21.770000457763672,21.799999237060547,21.61000061035156,21.71999931335449,19600,17.420000076293945,17.440000534057617,17.3700008392334,17.3799991607666,5000
2015-11-18,21.770000457763672,21.850000381469727,21.63999938964844,21.850000381469727,55500,17.280000686645508,17.440000534057617,17.25,17.440000534057617,800
2015-11-19,21.8799991607666,21.940000534057617,21.75,21.8700008392334,19700,17.389999389648438,17.389999389648438,17.329999923706055,17.350000381469727,4200
2015-11-20,21.90999984741211,22.020000457763672,21.82999992370605,21.86000061035156,24500,17.299999237060547,17.34000015258789,17.280000686645508,17.290000915527344,6100
2015-11-23,22.020000457763672,22.049999237060547,21.729999542236328,21.729999542236328,22800,17.459999084472656,17.459999084472656,17.100000381469727,17.100000381469727,7200
2015-11-24,21.88999938964844,22.0,21.86000061035156,21.979999542236328,32000,17.469999313354492,17.510000228881836,17.459999084472656,17.479999542236328,2400
2015-11-25,21.989999771118164,22.030000686645508,21.899999618530277,21.899999618530277,10100,17.65999984741211,17.65999984741211,17.489999771118164,17.489999771118164,8900
2015-11-27,21.75,21.8700008392334,21.729999542236328,21.8700008392334,6000,17.600000381469727,17.670000076293945,17.549999237060547,17.549999237060547,1700
2015-11-30,22.030000686645508,22.09000015258789,21.700000762939453,21.700000762939453,49600,17.729999542236328,17.780000686645508,17.670000076293945,17.670000076293945,22700
2015-12-01,22.1299991607666,22.13999938964844,21.93000030517578,22.11000061035156,29500,17.950000762939453,17.959999084472656,17.809999465942383,17.809999465942383,11800
2015-12-02,21.8700008392334,22.01000022888184,21.86000061035156,22.01000022888184,9500,17.950000762939453,17.959999084472656,17.860000610351562,17.860000610351562,7800
2015-12-03,22.229999542236328,22.299999237060547,21.799999237060547,21.86000061035156,23200,18.09000015258789,18.100000381469727,17.84000015258789,17.8700008392334,18800
2015-12-04,22.520000457763672,22.520000457763672,22.26000022888184,22.31999969482422,27100,18.26000022888184,18.26000022888184,17.989999771118164,18.020000457763672,11400
2015-12-07,22.059999465942383,22.46999931335449,22.030000686645508,22.36000061035156,59300,17.8799991607666,18.25,17.760000228881836,18.25,9300
2015-12-08,22.040000915527344,22.1299991607666,22.01000022888184,22.1299991607666,17300,17.68000030517578,17.780000686645508,17.639999389648438,17.760000228881836,4900
2015-12-09,22.07999992370605,22.36000061035156,21.86000061035156,22.1299991607666,63600,17.65999984741211,17.799999237060547,17.549999237060547,17.729999542236328,5700
2015-12-10,22.309999465942383,22.3799991607666,22.0,22.13999938964844,24500,17.75,17.860000610351562,17.6200008392334,17.6200008392334,3200
2015-12-11,22.170000076293945,22.36000061035156,21.84000015258789,22.34000015258789,16500,17.56999969482422,17.8700008392334,17.559999465942383,17.8700008392334,4000
2015-12-14,22.290000915527344,22.32999992370605,22.11000061035156,22.11000061035156,27400,17.559999465942383,17.559999465942383,17.540000915527344,17.540000915527344,400
2015-12-15,22.200000762939453,22.280000686645508,22.1200008392334,22.229999542236328,12800,17.440000534057617,17.520000457763672,17.420000076293945,17.520000457763672,3100
2015-12-16,21.86000061035156,22.1299991607666,21.770000457763672,22.100000381469727,24000,17.309999465942383,17.389999389648438,17.209999084472656,17.389999389648438,3600
2015-12-17,22.07999992370605,22.1299991607666,21.46999931335449,21.690000534057617,36900,17.579999923706055,17.579999923706055,17.1299991607666,17.219999313354492,11000
2015-12-18,22.1299991607666,22.40999984741211,22.07999992370605,22.34000015258789,44900,17.920000076293945,17.920000076293945,17.700000762939453,17.700000762939453,4300
2015-12-21,22.0,22.170000076293945,21.8700008392334,22.149999618530277,23600,17.829999923706055,17.920000076293945,17.799999237060547,17.920000076293945,4500
2015-12-22,21.700000762939453,22.059999465942383,21.670000076293945,21.979999542236328,33400,17.780000686645508,17.90999984741211,17.780000686645508,17.899999618530273,2300
2015-12-23,21.63999938964844,21.700000762939453,21.6200008392334,21.700000762939453,12100,17.670000076293945,17.760000228881836,17.65999984741211,17.760000228881836,1300
2015-12-24,21.59000015258789,21.649999618530277,21.540000915527344,21.649999618530277,14500,17.520000457763672,17.600000381469727,17.510000228881836,17.600000381469727,900
2015-12-28,21.43000030517578,21.6200008392334,21.3700008392334,21.59000015258789,32500,17.31999969482422,17.3799991607666,17.299999237060547,17.3700008392334,1400
2015-12-29,21.479999542236328,21.520000457763672,21.200000762939453,21.3700008392334,68000,17.389999389648438,17.399999618530273,17.31999969482422,17.399999618530273,5300
2015-12-30,21.280000686645508,21.489999771118164,21.229999542236328,21.489999771118164,28100,17.440000534057617,17.489999771118164,17.360000610351562,17.3799991607666,12300
2015-12-31,21.21999931335449,21.299999237060547,21.18000030517578,21.200000762939453,17400,17.329999923706055,17.3700008392334,17.299999237060547,17.360000610351562,3400
2016-01-04,20.8799991607666,21.209999084472656,20.81999969482422,21.149999618530277,33100,17.229999542236328,17.25,16.950000762939453,17.25,91200
2016-01-05,20.90999984741211,21.06999969482422,20.84000015258789,20.959999084472656,13000,17.190000534057617,17.34000015258789,17.15999984741211,17.25,6100
2016-01-06,20.8700008392334,20.920000076293945,20.729999542236328,20.82999992370605,20300,17.260000228881836,17.31999969482422,17.09000015258789,17.1200008392334,12800
2016-01-07,20.920000076293945,20.940000534057617,20.65999984741211,20.75,41600,17.31999969482422,17.350000381469727,17.18000030517578,17.18000030517578,11000
2016-01-08,21.13999938964844,21.15999984741211,20.950000762939453,20.950000762939453,17700,17.329999923706055,17.420000076293945,17.309999465942383,17.389999389648438,22300
2016-01-11,20.82999992370605,21.25,20.75,20.940000534057617,27700,17.25,17.34000015258789,17.190000534057617,17.31999969482422,18000
2016-01-12,21.030000686645508,21.399999618530277,20.799999237060547,20.799999237060547,26900,17.489999771118164,17.639999389648438,17.18000030517578,17.18000030517578,25600
2016-01-13,21.149999618530277,21.26000022888184,21.09000015258789,21.1200008392334,25700,17.530000686645508,17.56999969482422,17.479999542236328,17.56999969482422,7900
2016-01-14,21.07999992370605,21.200000762939453,21.049999237060547,21.100000381469727,19100,17.520000457763672,17.520000457763672,17.459999084472656,17.459999084472656,2700
2016-01-15,21.299999237060547,21.350000381469727,21.01000022888184,21.01000022888184,19000,17.450000762939453,17.469999313354492,17.389999389648438,17.389999389648438,1800
2016-01-19,21.6200008392334,21.690000534057617,21.43000030517578,21.51000022888184,28900,17.510000228881836,17.579999923706055,17.510000228881836,17.549999237060547,3000
2016-01-20,21.649999618530277,21.690000534057617,21.46999931335449,21.51000022888184,34100,17.440000534057617,17.450000762939453,17.360000610351562,17.420000076293945,8400
2016-01-21,21.5,21.790000915527344,21.5,21.700000762939453,21800,17.510000228881836,17.59000015258789,17.389999389648438,17.389999389648438,2000
2016-01-22,21.65999984741211,21.71999931335449,21.59000015258789,21.709999084472656,8200,17.459999084472656,17.6200008392334,17.420000076293945,17.6200008392334,7300
2016-01-25,21.68000030517578,21.780000686645508,21.57999992370605,21.63999938964844,29200,17.540000915527344,17.540000915527344,17.3700008392334,17.469999313354492,12800
2016-01-26,21.6200008392334,21.84000015258789,21.6200008392334,21.709999084472656,22100,17.510000228881836,17.530000686645508,17.479999542236328,17.530000686645508,2500
2016-01-27,21.6200008392334,21.75,21.549999237060547,21.6200008392334,23000,17.649999618530273,17.65999984741211,17.510000228881836,17.559999465942383,7900
2016-01-28,21.420000076293945,21.61000061035156,21.40999984741211,21.61000061035156,10400,17.3799991607666,17.479999542236328,17.299999237060547,17.479999542236328,5600
2016-01-29,21.71999931335449,21.770000457763672,21.450000762939453,21.450000762939453,22800,17.43000030517578,17.440000534057617,17.350000381469727,17.389999389648438,8000
2016-02-01,21.690000534057617,21.709999084472656,21.549999237060547,21.549999237060547,8700,17.510000228881836,17.559999465942383,17.450000762939453,17.540000915527344,2600
2016-02-02,21.780000686645508,21.850000381469727,21.59000015258789,21.65999984741211,30400,17.68000030517578,17.709999084472656,17.510000228881836,17.540000915527344,6300
2016-02-03,21.729999542236328,21.86000061035156,21.729999542236328,21.84000015258789,10900,17.559999465942383,17.600000381469727,17.479999542236328,17.600000381469727,4800
2016-02-04,21.63999938964844,21.88999938964844,21.59000015258789,21.88999938964844,33800,17.520000457763672,17.6299991607666,17.420000076293945,17.579999923706055,6800
2016-02-05,21.440000534057617,21.6200008392334,21.40999984741211,21.6200008392334,38600,17.350000381469727,17.450000762939453,17.329999923706055,17.450000762939453,8100
2016-02-08,21.239999771118164,21.540000915527344,21.200000762939453,21.399999618530277,32900,17.229999542236328,17.329999923706055,17.229999542236328,17.31999969482422,12800
2016-02-09,21.190000534057617,21.239999771118164,21.06999969482422,21.200000762939453,28700,17.200000762939453,17.239999771118164,17.170000076293945,17.239999771118164,18900
2016-02-10,21.13999938964844,21.21999931335449,21.06999969482422,21.06999969482422,17700,17.260000228881836,17.270000457763672,17.219999313354492,17.25,3600
2016-02-11,21.13999938964844,21.209999084472656,21.01000022888184,21.059999465942383,21000,17.479999542236328,17.5,17.229999542236328,17.229999542236328,16400
2016-02-12,21.030000686645508,21.1299991607666,21.030000686645508,21.1299991607666,20300,17.450000762939453,17.450000762939453,17.3700008392334,17.450000762939453,2800
2016-02-16,21.200000762939453,21.21999931335449,21.049999237060547,21.049999237060547,24400,17.5,19.18000030517578,17.440000534057617,19.18000030517578,10600
2016-02-17,21.450000762939453,21.459999084472656,21.200000762939453,21.25,21600,17.59000015258789,17.610000610351562,17.5,17.5,97200
2016-02-18,21.32999992370605,21.450000762939453,21.32999992370605,21.399999618530277,10200,17.56999969482422,17.579999923706055,17.510000228881836,17.540000915527344,20500
2016-02-19,21.34000015258789,21.440000534057617,21.280000686645508,21.299999237060547,4500,17.540000915527344,17.559999465942383,17.489999771118164,17.559999465942383,3900
2016-02-22,21.479999542236328,21.51000022888184,21.399999618530277,21.43000030517578,44500,17.600000381469727,17.6200008392334,17.540000915527344,17.559999465942383,3300
2016-02-23,21.170000076293945,21.40999984741211,21.170000076293945,21.38999938964844,21400,17.3700008392334,17.489999771118164,17.299999237060547,17.489999771118164,2600
2016-02-24,21.059999465942383,21.21999931335449,21.01000022888184,21.11000061035156,51000,17.350000381469727,17.399999618530273,17.309999465942383,17.360000610351562,16200
2016-02-25,20.8799991607666,21.149999618530277,20.84000015258789,21.149999618530277,18400,17.219999313354492,17.25,17.190000534057617,17.25,1700
2016-02-26,20.82999992370605,20.86000061035156,20.65999984741211,20.86000061035156,27100,17.139999389648438,17.209999084472656,17.1200008392334,17.209999084472656,3200
2016-02-29,20.6299991607666,20.8700008392334,20.6200008392334,20.8700008392334,22400,17.149999618530273,17.170000076293945,17.139999389648438,17.170000076293945,1800
2016-03-01,20.56999969482422,20.6299991607666,20.549999237060547,20.6299991607666,31200,17.059999465942383,17.139999389648438,17.020000457763672,17.139999389648438,4500
2016-03-02,20.540000915527344,20.6200008392334,20.51000022888184,20.549999237060547,142600,17.1200008392334,17.139999389648438,17.040000915527344,17.040000915527344,32200
2016-03-03,20.600000381469727,20.65999984741211,20.489999771118164,20.65999984741211,50600,17.18000030517578,17.18000030517578,17.079999923706055,17.1299991607666,2600
2016-03-04,20.780000686645508,20.81999969482422,20.6200008392334,20.799999237060547,33900,17.479999542236328,17.479999542236328,17.350000381469727,17.389999389648438,24300
2016-03-07,20.799999237060547,20.90999984741211,20.75,20.81999969482422,42500,17.510000228881836,17.6299991607666,17.5,17.559999465942383,16800
2016-03-08,20.850000381469727,20.940000534057617,20.63999938964844,20.709999084472656,20900,17.510000228881836,17.559999465942383,17.389999389648438,17.469999313354492,37400
2016-03-09,20.76000022888184,20.850000381469727,20.68000030517578,20.81999969482422,20300,17.520000457763672,17.59000015258789,17.5,17.549999237060547,61100
2016-03-10,20.920000076293945,20.96999931335449,20.71999931335449,20.71999931335449,21800,17.6299991607666,17.649999618530273,17.469999313354492,17.520000457763672,23500
2016-03-11,21.020000457763672,21.059999465942383,20.899999618530277,20.950000762939453,30600,17.739999771118164,17.760000228881836,17.639999389648438,17.670000076293945,22400
2016-03-14,21.25,21.290000915527344,21.1200008392334,21.13999938964844,105600,17.790000915527344,17.799999237060547,17.670000076293945,17.709999084472656,43300
2016-03-15,21.26000022888184,21.290000915527344,21.09000015258789,21.09000015258789,26100,17.690000534057617,17.709999084472656,17.639999389648438,17.700000762939453,11100
2016-03-16,21.239999771118164,21.25,21.1299991607666,21.149999618530277,13800,17.760000228881836,17.760000228881836,17.56999969482422,17.639999389648438,24800
2016-03-17,21.21999931335449,21.43000030517578,21.18000030517578,21.350000381469727,41300,17.799999237060547,17.920000076293945,17.760000228881836,17.860000610351562,26200
2016-03-18,21.149999618530277,21.280000686645508,21.11000061035156,21.190000534057617,19000,17.809999465942383,17.899999618530273,17.780000686645508,17.899999618530273,8000
2016-03-21,21.290000915527344,21.309999465942383,21.06999969482422,21.13999938964844,84900,17.899999618530273,17.920000076293945,17.780000686645508,17.799999237060547,9000
2016-03-22,21.299999237060547,21.420000076293945,21.270000457763672,21.34000015258789,44700,18.010000228881836,18.06999969482422,17.920000076293945,18.040000915527344,46700
2016-03-23,21.200000762939453,21.229999542236328,21.07999992370605,21.1200008392334,52600,17.8799991607666,17.93000030517578,17.84000015258789,17.84000015258789,4200
2016-03-24,21.26000022888184,21.280000686645508,21.1299991607666,21.170000076293945,8900,18.040000915527344,18.040000915527344,17.899999618530273,17.899999618530273,5300
2016-03-28,21.31999969482422,21.36000061035156,21.1200008392334,21.170000076293945,25100,18.020000457763672,18.07999992370605,17.93000030517578,18.010000228881836,19200
2016-03-29,21.420000076293945,21.420000076293945,21.209999084472656,21.209999084472656,67300,18.1299991607666,18.1299991607666,17.979999542236328,17.989999771118164,24400
2016-03-30,21.100000381469727,21.450000762939453,21.049999237060547,21.3799991607666,25400,17.969999313354492,18.1200008392334,17.969999313354492,18.100000381469727,15800
2016-03-31,20.1200008392334,21.040000915527344,20.0,21.0,199000,18.020000457763672,18.07999992370605,17.709999084472656,17.969999313354492,17100
2016-04-01,20.25,20.280000686645508,19.920000076293945,20.0,54100,18.21999931335449,18.239999771118164,18.020000457763672,18.020000457763672,15400
2016-04-04,20.209999084472656,20.270000457763672,20.13999938964844,20.18000030517578,18000,18.1299991607666,18.26000022888184,18.1299991607666,18.26000022888184,2500
2016-04-05,20.350000381469727,20.36000061035156,20.18000030517578,20.26000022888184,18100,17.959999084472656,18.13999938964844,17.959999084472656,18.059999465942383,13300
2016-04-06,20.3700008392334,20.440000534057617,20.26000022888184,20.32999992370605,19700,18.040000915527344,18.049999237060547,17.90999984741211,17.93000030517578,13600
2016-04-07,20.56999969482422,20.56999969482422,20.40999984741211,20.440000534057617,19300,17.979999542236328,18.010000228881836,17.959999084472656,18.0,7100
2016-04-08,20.59000015258789,20.61000061035156,20.38999938964844,20.56999969482422,9200,18.149999618530277,18.18000030517578,18.13999938964844,18.13999938964844,17700
2016-04-11,20.290000915527344,20.43000030517578,20.270000457763672,20.420000076293945,25000,18.38999938964844,18.399999618530277,18.229999542236328,18.239999771118164,22000
2016-04-12,20.57999992370605,20.649999618530277,20.280000686645508,20.549999237060547,41600,18.51000022888184,18.549999237060547,18.34000015258789,18.5,18400
2016-04-13,21.200000762939453,21.200000762939453,20.76000022888184,20.770000457763672,63400,18.84000015258789,18.88999938964844,18.59000015258789,18.59000015258789,11800
2016-04-14,21.200000762939453,21.290000915527344,21.06999969482422,21.1299991607666,21200,18.68000030517578,18.82999992370605,18.63999938964844,18.75,19000
2016-04-15,21.36000061035156,21.530000686645508,21.15999984741211,21.15999984741211,61000,18.82999992370605,18.88999938964844,18.670000076293945,18.68000030517578,4400
2016-04-18,21.57999992370605,21.670000076293945,21.299999237060547,21.34000015258789,52300,18.790000915527344,18.979999542236328,18.790000915527344,18.81999969482422,14200
2016-04-19,21.8700008392334,21.90999984741211,21.5,21.5,46500,19.25,19.25,18.84000015258789,18.84000015258789,14500
2016-04-20,22.3799991607666,22.399999618530277,21.739999771118164,21.8799991607666,58800,19.38999938964844,19.43000030517578,19.11000061035156,19.149999618530277,25600
2016-04-21,21.700000762939453,22.479999542236328,21.700000762939453,22.479999542236328,70200,19.420000076293945,19.600000381469727,19.350000381469727,19.43000030517578,93000
2016-04-22,20.989999771118164,21.56999969482422,20.950000762939453,21.559999465942383,63600,19.100000381469727,19.3799991607666,19.020000457763672,19.25,46100
2016-04-25,21.479999542236328,21.739999771118164,21.040000915527344,21.040000915527344,38900,19.36000061035156,19.6299991607666,19.049999237060547,19.049999237060547,31500
2016-04-26,21.739999771118164,21.739999771118164,21.290000915527344,21.520000457763672,18100,19.57999992370605,19.57999992370605,19.299999237060547,19.440000534057617,21500
2016-04-27,21.530000686645508,21.65999984741211,21.450000762939453,21.65999984741211,12700,19.440000534057617,19.540000915527344,19.299999237060547,19.5,32800
2016-04-28,21.84000015258789,22.040000915527344,21.51000022888184,21.51000022888184,80400,19.5,19.700000762939453,19.479999542236328,19.520000457763672,12200
2016-04-29,21.940000534057617,21.979999542236328,21.790000915527344,21.979999542236328,28500,19.520000457763672,19.57999992370605,19.399999618530277,19.399999618530277,25700
2016-05-02,21.93000030517578,21.940000534057617,21.540000915527344,21.899999618530277,46500,19.770000457763672,19.770000457763672,19.3700008392334,19.530000686645508,15900
2016-05-03,21.25,21.84000015258789,21.13999938964844,21.84000015258789,109400,19.46999931335449,19.82999992370605,19.43000030517578,19.81999969482422,26200
2016-05-04,21.1200008392334,21.450000762939453,21.11000061035156,21.299999237060547,38300,19.6200008392334,19.780000686645508,19.51000022888184,19.600000381469727,16000
2016-05-05,20.959999084472656,21.149999618530277,20.8700008392334,21.11000061035156,100300,19.36000061035156,19.82999992370605,19.309999465942383,19.809999465942383,32400
2016-05-06,21.190000534057617,21.229999542236328,21.07999992370605,21.07999992370605,40300,19.739999771118164,19.76000022888184,19.43000030517578,19.43000030517578,33400
2016-05-09,20.68000030517578,21.209999084472656,20.670000076293945,21.209999084472656,56400,19.559999465942383,19.700000762939453,19.43000030517578,19.690000534057617,24800
2016-05-10,21.309999465942383,21.56999969482422,20.670000076293945,20.68000030517578,112800,20.36000061035156,20.57999992370605,19.61000061035156,19.649999618530277,48800
2016-05-11,21.25,21.270000457763672,21.040000915527344,21.270000457763672,16500,20.299999237060547,20.440000534057617,20.209999084472656,20.440000534057617,15400
2016-05-12,21.790000915527344,21.790000915527344,21.32999992370605,21.450000762939453,76400,20.1200008392334,20.420000076293945,20.040000915527344,20.420000076293945,15100
2016-05-13,21.850000381469727,21.8700008392334,21.57999992370605,21.57999992370605,38100,20.01000022888184,20.059999465942383,19.959999084472656,20.0,9000
2016-05-16,21.959999084472656,21.96999931335449,21.670000076293945,21.780000686645508,34100,20.020000457763672,20.059999465942383,19.959999084472656,20.049999237060547,15900
2016-05-17,22.18000030517578,22.18000030517578,21.940000534057617,22.0,94200,20.26000022888184,20.299999237060547,19.979999542236328,19.979999542236328,12000
2016-05-18,22.059999465942383,22.25,21.979999542236328,22.030000686645508,169600,20.06999969482422,20.239999771118164,20.06999969482422,20.239999771118164,8600
2016-05-19,21.700000762939453,22.049999237060547,21.479999542236328,22.049999237060547,146800,19.989999771118164,20.040000915527344,19.68000030517578,19.84000015258789,17200
2016-05-20,21.82999992370605,22.0,21.670000076293945,21.8799991607666,32900,19.88999938964844,20.030000686645508,19.850000381469727,20.030000686645508,12600
2016-05-23,22.020000457763672,22.049999237060547,21.729999542236328,21.739999771118164,22600,19.63999938964844,19.770000457763672,19.61000061035156,19.6299991607666,20600
2016-05-24,21.899999618530277,22.229999542236328,21.8700008392334,21.90999984741211,73000,19.56999969482422,19.799999237060547,19.450000762939453,19.450000762939453,14100
2016-05-25,22.239999771118164,22.26000022888184,22.020000457763672,22.020000457763672,80700,19.90999984741211,19.96999931335449,19.649999618530277,19.649999618530277,4100
2016-05-26,22.36000061035156,22.36000061035156,22.0,22.309999465942383,45200,19.940000534057617,20.0,19.81999969482422,20.0,34200
2016-05-27,22.540000915527344,22.540000915527344,22.239999771118164,22.280000686645508,58400,20.1299991607666,20.1299991607666,19.979999542236328,19.979999542236328,18500
2016-05-31,22.13999938964844,22.5,22.13999938964844,22.489999771118164,45100,20.06999969482422,20.26000022888184,20.020000457763672,20.1299991607666,4200
2016-06-01,22.61000061035156,22.61000061035156,22.020000457763672,22.020000457763672,77800,20.209999084472656,20.209999084472656,20.149999618530277,20.170000076293945,11500
2016-06-02,22.549999237060547,22.76000022888184,22.520000457763672,22.6200008392334,63100,20.36000061035156,20.5,20.239999771118164,20.299999237060547,26200
2016-06-03,22.76000022888184,22.790000915527344,22.43000030517578,22.709999084472656,76200,20.530000686645508,20.540000915527344,20.36000061035156,20.399999618530277,25500
2016-06-06,23.149999618530277,23.15999984741211,22.90999984741211,22.90999984741211,98500,20.850000381469727,20.93000030517578,20.709999084472656,20.739999771118164,58000
2016-06-07,23.229999542236328,23.290000915527344,22.96999931335449,23.1299991607666,66800,21.01000022888184,21.049999237060547,20.799999237060547,20.8799991607666,27900
2016-06-08,23.26000022888184,23.690000534057617,23.25,23.40999984741211,186800,21.559999465942383,21.6200008392334,21.09000015258789,21.09000015258789,59200
2016-06-09,23.11000061035156,23.25,23.049999237060547,23.190000534057617,83800,21.46999931335449,21.549999237060547,21.34000015258789,21.479999542236328,26400
2016-06-10,22.940000534057617,23.43000030517578,22.75,23.21999931335449,202400,21.61000061035156,21.950000762939453,21.520000457763672,21.600000381469727,32100
2016-06-13,23.290000915527344,23.63999938964844,23.239999771118164,23.51000022888184,65100,21.6200008392334,21.899999618530277,21.61000061035156,21.790000915527344,18500
2016-06-14,23.540000915527344,23.600000381469727,23.040000915527344,23.149999618530277,180300,21.40999984741211,21.51000022888184,21.26000022888184,21.489999771118164,34100
2016-06-15,23.15999984741211,23.649999618530277,23.1200008392334,23.649999618530277,55700,21.200000762939453,21.3799991607666,21.200000762939453,21.3799991607666,32900
2016-06-16,23.030000686645508,23.200000762939453,22.790000915527344,23.11000061035156,87100,20.88999938964844,21.06999969482422,20.770000457763672,21.049999237060547,23500
2016-06-17,23.600000381469727,23.63999938964844,23.299999237060547,23.299999237060547,46700,21.350000381469727,21.350000381469727,21.1200008392334,21.1200008392334,9900
2016-06-20,22.8799991607666,23.25,22.8799991607666,23.25,103900,21.100000381469727,21.15999984741211,21.0,21.15999984741211,11300
2016-06-21,21.959999084472656,22.56999969482422,21.920000076293945,22.56999969482422,214700,20.690000534057617,20.90999984741211,20.670000076293945,20.90999984741211,16700
2016-06-22,21.670000076293945,22.1200008392334,21.65999984741211,21.8799991607666,95600,20.729999542236328,20.8700008392334,20.690000534057617,20.709999084472656,9500
2016-06-23,21.479999542236328,21.549999237060547,21.299999237060547,21.549999237060547,103100,20.540000915527344,20.8799991607666,20.530000686645508,20.729999542236328,21100
2016-06-24,21.32999992370605,21.479999542236328,20.81999969482422,20.979999542236328,163100,20.3700008392334,20.38999938964844,20.13999938964844,20.21999931335449,32600
2016-06-27,21.36000061035156,21.57999992370605,21.26000022888184,21.5,54000,20.709999084472656,20.729999542236328,20.459999084472656,20.459999084472656,18800
2016-06-28,21.270000457763672,21.790000915527344,21.209999084472656,21.729999542236328,83500,20.940000534057617,21.11000061035156,20.809999465942383,21.11000061035156,19400
2016-06-29,20.780000686645508,21.200000762939453,20.709999084472656,21.200000762939453,108900,20.790000915527344,20.96999931335449,20.700000762939453,20.700000762939453,19700
2016-06-30,20.5,20.809999465942383,20.040000915527344,20.809999465942383,242800,21.34000015258789,21.51000022888184,20.489999771118164,20.850000381469727,45200
2016-07-01,20.149999618530277,20.350000381469727,20.11000061035156,20.299999237060547,129100,21.13999938964844,21.270000457763672,21.059999465942383,21.21999931335449,44000
2016-07-05,19.700000762939453,20.13999938964844,19.26000022888184,20.13999938964844,173100,20.170000076293945,21.1200008392334,20.09000015258789,21.1200008392334,27300
2016-07-06,19.350000381469727,19.440000534057617,19.149999618530277,19.420000076293945,142300,20.149999618530277,20.209999084472656,19.649999618530277,19.850000381469727,50900
2016-07-07,19.299999237060547,19.86000061035156,19.229999542236328,19.809999465942383,576300,19.36000061035156,20.18000030517578,19.36000061035156,20.170000076293945,21600
2016-07-08,19.940000534057617,19.950000762939453,19.489999771118164,19.600000381469727,219100,19.90999984741211,19.959999084472656,19.6299991607666,19.670000076293945,27000
2016-07-11,19.65999984741211,20.170000076293945,19.38999938964844,20.170000076293945,259400,19.96999931335449,20.170000076293945,19.81999969482422,20.1200008392334,21300
2016-07-12,19.82999992370605,19.8700008392334,19.31999969482422,19.5,168500,20.3799991607666,20.450000762939453,20.0,20.0,11300
2016-07-13,20.309999465942383,20.5,20.200000762939453,20.21999931335449,166400,20.649999618530277,20.959999084472656,20.649999618530277,20.82999992370605,21600
2016-07-14,19.950000762939453,20.670000076293945,19.920000076293945,20.670000076293945,181400,20.0,20.90999984741211,19.950000762939453,20.90999984741211,27900
2016-07-15,19.709999084472656,20.059999465942383,19.649999618530277,20.059999465942383,132900,19.86000061035156,20.25,19.86000061035156,19.959999084472656,14900
2016-07-18,20.01000022888184,20.01000022888184,19.520000457763672,19.75,338700,20.06999969482422,20.13999938964844,19.540000915527344,19.65999984741211,46900
2016-07-19,19.34000015258789,19.6200008392334,19.270000457763672,19.6200008392334,189700,19.51000022888184,19.8700008392334,19.399999618530277,19.8700008392334,57700
2016-07-20,19.06999969482422,19.489999771118164,18.959999084472656,19.32999992370605,322000,19.209999084472656,19.61000061035156,19.11000061035156,19.5,14700
2016-07-21,18.920000076293945,19.1299991607666,18.8799991607666,19.059999465942383,311000,19.26000022888184,19.440000534057617,19.190000534057617,19.440000534057617,12000
2016-07-22,19.030000686645508,19.049999237060547,18.56999969482422,18.799999237060547,157300,18.93000030517578,18.989999771118164,18.600000381469727,18.989999771118164,89100
2016-07-25,18.950000762939453,19.030000686645508,18.739999771118164,19.030000686645508,102900,18.51000022888184,18.899999618530277,18.459999084472656,18.899999618530277,69500
2016-07-26,18.82999992370605,19.030000686645508,18.770000457763672,18.850000381469727,65200,18.68000030517578,18.780000686645508,18.520000457763672,18.520000457763672,14100
2016-07-27,18.940000534057617,19.09000015258789,18.799999237060547,19.0,68900,18.84000015258789,18.989999771118164,18.81999969482422,18.850000381469727,20800
2016-07-28,18.770000457763672,18.93000030517578,18.649999618530277,18.899999618530277,84600,18.709999084472656,18.90999984741211,18.600000381469727,18.850000381469727,14200
2016-07-29,18.940000534057617,18.959999084472656,18.709999084472656,18.71999931335449,64900,19.07999992370605,19.11000061035156,18.65999984741211,18.690000534057617,45600
2016-08-01,18.59000015258789,18.82999992370605,18.549999237060547,18.82999992370605,130900,18.450000762939453,18.82999992370605,18.34000015258789,18.82999992370605,60900
2016-08-02,18.63999938964844,18.68000030517578,18.350000381469727,18.61000061035156,117200,18.31999969482422,18.489999771118164,18.1200008392334,18.399999618530277,37000
2016-08-03,18.75,18.850000381469727,18.600000381469727,18.700000762939453,66600,18.3799991607666,18.530000686645508,18.309999465942383,18.450000762939453,10000
2016-08-04,18.520000457763672,18.799999237060547,18.51000022888184,18.71999931335449,292500,18.3799991607666,18.520000457763672,18.350000381469727,18.520000457763672,9300
2016-08-05,18.63999938964844,18.700000762939453,18.459999084472656,18.56999969482422,93400,18.690000534057617,18.75,18.520000457763672,18.520000457763672,41800
2016-08-08,18.71999931335449,18.799999237060547,18.520000457763672,18.71999931335449,76100,18.81999969482422,18.88999938964844,18.6200008392334,18.8799991607666,26100
2016-08-09,18.63999938964844,18.700000762939453,18.57999992370605,18.6200008392334,92100,18.86000061035156,19.01000022888184,18.709999084472656,18.709999084472656,31800
2016-08-10,18.6299991607666,18.75,18.57999992370605,18.6299991607666,80200,18.76000022888184,18.950000762939453,18.68000030517578,18.940000534057617,14200
2016-08-11,18.61000061035156,18.65999984741211,18.549999237060547,18.6299991607666,29200,18.799999237060547,18.8799991607666,18.799999237060547,18.84000015258789,7200
2016-08-12,18.690000534057617,18.690000534057617,18.11000061035156,18.549999237060547,332000,18.799999237060547,18.8799991607666,18.5,18.809999465942383,35700
2016-08-15,18.86000061035156,19.0,18.700000762939453,18.81999969482422,160600,19.209999084472656,19.290000915527344,18.96999931335449,19.1299991607666,35000
2016-08-16,18.81999969482422,18.899999618530277,18.690000534057617,18.899999618530277,185400,19.170000076293945,19.229999542236328,19.100000381469727,19.21999931335449,16800
2016-08-17,18.940000534057617,18.950000762939453,18.799999237060547,18.809999465942383,98200,19.309999465942383,19.309999465942383,19.13999938964844,19.149999618530277,54100
2016-08-18,19.13999938964844,19.13999938964844,18.780000686645508,18.920000076293945,232600,19.290000915527344,19.31999969482422,18.940000534057617,19.290000915527344,36700
2016-08-19,19.170000076293945,19.170000076293945,18.96999931335449,19.020000457763672,307700,19.11000061035156,19.21999931335449,19.059999465942383,19.11000061035156,39700
2016-08-22,19.1200008392334,19.149999618530277,18.940000534057617,19.020000457763672,142700,19.350000381469727,19.399999618530277,19.030000686645508,19.030000686645508,29200
2016-08-23,18.84000015258789,18.950000762939453,18.700000762939453,18.950000762939453,132900,19.280000686645508,19.350000381469727,19.239999771118164,19.31999969482422,9800
2016-08-24,18.770000457763672,18.920000076293945,18.700000762939453,18.729999542236328,61600,19.1200008392334,19.239999771118164,19.01000022888184,19.21999931335449,15700
2016-08-25,18.559999465942383,18.75,18.51000022888184,18.75,64400,18.649999618530277,19.06999969482422,18.63999938964844,19.059999465942383,31000
2016-08-26,18.21999931335449,18.649999618530277,18.18000030517578,18.57999992370605,137500,18.559999465942383,18.790000915527344,18.46999931335449,18.76000022888184,25400
2016-08-29,18.010000228881836,18.170000076293945,17.950000762939453,18.170000076293945,347100,18.530000686645508,18.670000076293945,18.5,18.549999237060547,37100
2016-08-30,17.739999771118164,18.0,17.709999084472656,18.0,216100,18.31999969482422,18.5,18.229999542236328,18.489999771118164,8800
2016-08-31,17.709999084472656,17.899999618530273,17.68000030517578,17.75,141500,18.15999984741211,18.3799991607666,18.07999992370605,18.15999984741211,71700
2016-09-01,18.1200008392334,18.200000762939453,17.8700008392334,17.8799991607666,214800,18.200000762939453,18.229999542236328,18.1200008392334,18.209999084472656,32400
2016-09-02,18.36000061035156,18.420000076293945,18.25,18.36000061035156,123000,18.38999938964844,18.38999938964844,18.26000022888184,18.26000022888184,43000
2016-09-06,18.270000457763672,18.43000030517578,18.09000015258789,18.229999542236328,56700,18.489999771118164,18.5,18.270000457763672,18.309999465942383,5700
2016-09-07,18.61000061035156,18.6299991607666,18.399999618530277,18.399999618530277,70400,18.780000686645508,18.780000686645508,18.63999938964844,18.649999618530277,29000
2016-09-08,18.850000381469727,18.86000061035156,18.56999969482422,18.649999618530277,111600,18.780000686645508,18.8799991607666,18.65999984741211,18.790000915527344,7800
2016-09-09,18.959999084472656,19.040000915527344,18.65999984741211,18.71999931335449,82600,18.81999969482422,18.88999938964844,18.700000762939453,18.75,6400
2016-09-12,18.950000762939453,19.11000061035156,18.739999771118164,18.93000030517578,129200,18.6299991607666,18.950000762939453,18.559999465942383,18.76000022888184,20000
2016-09-13,18.450000762939453,18.700000762939453,18.43000030517578,18.700000762939453,97200,18.280000686645508,18.489999771118164,18.26000022888184,18.489999771118164,65100
2016-09-14,18.549999237060547,18.56999969482422,18.270000457763672,18.43000030517578,75300,18.270000457763672,18.31999969482422,18.239999771118164,18.25,23600
2016-09-15,18.3799991607666,18.600000381469727,18.31999969482422,18.549999237060547,53300,18.399999618530277,18.440000534057617,18.239999771118164,18.299999237060547,37400
2016-09-16,18.71999931335449,18.790000915527344,18.290000915527344,18.34000015258789,58300,18.649999618530277,18.700000762939453,18.290000915527344,18.290000915527344,14700
2016-09-19,18.75,18.88999938964844,18.520000457763672,18.75,75000,18.809999465942383,18.8799991607666,18.700000762939453,18.8799991607666,2000
2016-09-20,18.8700008392334,19.0,18.809999465942383,18.86000061035156,111600,19.049999237060547,19.1299991607666,18.979999542236328,18.979999542236328,37000
2016-09-21,18.8700008392334,18.899999618530277,18.809999465942383,18.86000061035156,60400,18.90999984741211,19.07999992370605,18.799999237060547,19.07999992370605,36400
2016-09-22,18.690000534057617,18.8700008392334,18.6299991607666,18.84000015258789,80700,18.850000381469727,19.0,18.850000381469727,18.90999984741211,8800
2016-09-23,18.6200008392334,18.790000915527344,18.600000381469727,18.61000061035156,35800,18.51000022888184,18.700000762939453,18.46999931335449,18.690000534057617,13700
2016-09-26,18.31999969482422,18.559999465942383,18.290000915527344,18.559999465942383,57700,18.440000534057617,18.540000915527344,18.3700008392334,18.479999542236328,7200
2016-09-27,18.46999931335449,18.479999542236328,18.229999542236328,18.350000381469727,43300,18.51000022888184,18.559999465942383,18.200000762939453,18.3799991607666,46100
2016-09-28,18.34000015258789,18.420000076293945,18.32999992370605,18.40999984741211,65800,18.489999771118164,18.549999237060547,18.38999938964844,18.46999931335449,17300
2016-09-29,18.32999992370605,18.479999542236328,18.290000915527344,18.479999542236328,64100,18.440000534057617,18.51000022888184,18.399999618530277,18.51000022888184,12100
2016-09-30,18.68000030517578,18.729999542236328,18.1200008392334,18.209999084472656,218400,18.479999542236328,18.57999992370605,18.440000534057617,18.5,22600
2016-10-03,19.18000030517578,19.239999771118164,18.63999938964844,18.63999938964844,367600,18.8799991607666,18.920000076293945,18.399999618530277,18.489999771118164,21100
2016-10-04,19.290000915527344,19.299999237060547,19.06999969482422,19.13999938964844,158800,18.71999931335449,18.809999465942383,18.71999931335449,18.809999465942383,12500
2016-10-05,19.299999237060547,19.350000381469727,19.1299991607666,19.13999938964844,626800,18.63999938964844,18.809999465942383,18.549999237060547,18.739999771118164,9800
2016-10-06,18.90999984741211,19.26000022888184,18.799999237060547,19.200000762939453,111600,18.61000061035156,18.649999618530277,18.5,18.549999237060547,23400
2016-10-07,18.88999938964844,19.09000015258789,18.84000015258789,18.90999984741211,31400,18.57999992370605,18.82999992370605,18.57999992370605,18.75,4200
2016-10-10,19.049999237060547,19.09000015258789,18.93000030517578,18.93000030517578,51800,18.57999992370605,18.76000022888184,18.540000915527344,18.56999969482422,14000
2016-10-11,19.1299991607666,19.209999084472656,18.96999931335449,19.01000022888184,99600,18.549999237060547,18.700000762939453,18.549999237060547,18.65999984741211,4400
2016-10-12,18.75,19.290000915527344,18.71999931335449,19.190000534057617,168800,18.46999931335449,18.71999931335449,18.420000076293945,18.6299991607666,24500
2016-10-13,19.32999992370605,19.36000061035156,18.799999237060547,18.799999237060547,76100,18.63999938964844,18.709999084472656,18.309999465942383,18.440000534057617,31100
2016-10-14,19.520000457763672,19.75,19.450000762939453,19.5,196600,18.770000457763672,18.950000762939453,18.770000457763672,18.93000030517578,24900
2016-10-17,19.559999465942383,19.63999938964844,19.3700008392334,19.59000015258789,78900,19.059999465942383,19.059999465942383,18.82999992370605,18.93000030517578,33200
2016-10-18,19.549999237060547,19.709999084472656,19.43000030517578,19.5,50400,18.96999931335449,19.15999984741211,18.920000076293945,18.989999771118164,52800
2016-10-19,19.709999084472656,19.71999931335449,19.43000030517578,19.43000030517578,36000,19.1299991607666,19.13999938964844,19.030000686645508,19.030000686645508,10200
2016-10-20,19.3700008392334,19.770000457763672,19.32999992370605,19.700000762939453,111200,18.96999931335449,19.21999931335449,18.950000762939453,19.209999084472656,18900
2016-10-21,19.420000076293945,19.489999771118164,19.3700008392334,19.3700008392334,28800,19.1200008392334,19.149999618530277,18.96999931335449,18.96999931335449,10000
2016-10-24,19.25,19.450000762939453,19.1299991607666,19.450000762939453,60700,19.239999771118164,19.399999618530277,19.13999938964844,19.280000686645508,9300
2016-10-25,19.299999237060547,19.440000534057617,19.18000030517578,19.25,32500,19.270000457763672,19.399999618530277,19.1200008392334,19.32999992370605,22900
2016-10-26,19.489999771118164,19.56999969482422,19.34000015258789,19.350000381469727,44900,19.559999465942383,19.600000381469727,19.420000076293945,19.440000534057617,21300
2016-10-27,19.6299991607666,19.670000076293945,19.43000030517578,19.51000022888184,74300,19.61000061035156,19.770000457763672,19.479999542236328,19.57999992370605,16100
2016-10-28,19.530000686645508,19.63999938964844,19.450000762939453,19.559999465942383,64400,19.40999984741211,19.649999618530277,19.36000061035156,19.649999618530277,14000
2016-10-31,19.440000534057617,19.61000061035156,19.32999992370605,19.32999992370605,47600,19.420000076293945,19.520000457763672,19.3700008392334,19.43000030517578,4500
2016-11-01,19.209999084472656,19.459999084472656,19.100000381469727,19.420000076293945,123900,19.049999237060547,19.3700008392334,19.049999237060547,19.36000061035156,23400
2016-11-02,19.15999984741211,19.299999237060547,19.01000022888184,19.21999931335449,59800,18.96999931335449,19.11000061035156,18.940000534057617,19.07999992370605,28400
2016-11-03,19.190000534057617,19.229999542236328,19.049999237060547,19.15999984741211,62600,19.020000457763672,19.07999992370605,19.020000457763672,19.020000457763672,1600
2016-11-04,19.170000076293945,19.280000686645508,19.06999969482422,19.06999969482422,27000,19.040000915527344,19.11000061035156,18.979999542236328,18.979999542236328,4100
2016-11-07,19.100000381469727,19.170000076293945,19.040000915527344,19.15999984741211,39800,19.200000762939453,19.239999771118164,19.1200008392334,19.13999938964844,14500
2016-11-08,19.450000762939453,19.61000061035156,19.1200008392334,19.15999984741211,101200,19.36000061035156,19.56999969482422,19.299999237060547,19.299999237060547,13800
2016-11-09,18.81999969482422,19.520000457763672,18.799999237060547,19.25,702100,19.11000061035156,19.5,19.030000686645508,19.479999542236328,18400
2016-11-10,18.850000381469727,19.049999237060547,18.770000457763672,18.96999931335449,96400,19.270000457763672,19.3799991607666,19.209999084472656,19.34000015258789,19400
2016-11-11,18.76000022888184,18.84000015258789,18.690000534057617,18.799999237060547,60000,19.059999465942383,19.270000457763672,18.86000061035156,19.270000457763672,80400
2016-11-14,18.600000381469727,18.690000534057617,18.520000457763672,18.649999618530277,125500,18.950000762939453,19.0,18.86000061035156,18.86000061035156,12700
2016-11-15,18.780000686645508,18.799999237060547,18.600000381469727,18.63999938964844,30200,19.06999969482422,19.09000015258789,18.899999618530277,18.920000076293945,8400
2016-11-16,18.65999984741211,18.850000381469727,18.6299991607666,18.850000381469727,42000,19.01000022888184,19.170000076293945,18.950000762939453,19.11000061035156,6400
2016-11-17,18.76000022888184,18.809999465942383,18.57999992370605,18.6299991607666,22600,19.0,19.01000022888184,18.96999931335449,18.96999931335449,6500
2016-11-18,18.959999084472656,18.979999542236328,18.780000686645508,18.780000686645508,75300,19.15999984741211,19.209999084472656,19.09000015258789,19.11000061035156,13000
2016-11-21,19.190000534057617,19.200000762939453,18.950000762939453,19.0,208700,19.61000061035156,19.6200008392334,19.36000061035156,19.36000061035156,7400
2016-11-22,19.239999771118164,19.270000457763672,19.07999992370605,19.07999992370605,95400,19.75,19.799999237060547,19.59000015258789,19.59000015258789,17500
2016-11-23,19.26000022888184,19.26000022888184,19.040000915527344,19.100000381469727,80700,19.809999465942383,19.81999969482422,19.549999237060547,19.700000762939453,59200
2016-11-25,19.229999542236328,19.26000022888184,19.15999984741211,19.26000022888184,9500,19.90999984741211,19.90999984741211,19.770000457763672,19.809999465942383,5000
2016-11-28,19.209999084472656,19.34000015258789,19.1200008392334,19.200000762939453,21800,20.1200008392334,20.239999771118164,19.950000762939453,20.11000061035156,61800
2016-11-29,18.71999931335449,19.100000381469727,18.71999931335449,19.100000381469727,123400,19.950000762939453,20.01000022888184,19.920000076293945,19.989999771118164,10900
2016-11-30,18.739999771118164,18.950000762939453,18.71999931335449,18.75,36400,19.739999771118164,20.100000381469727,19.739999771118164,19.93000030517578,37800
2016-12-01,18.450000762939453,18.75,18.420000076293945,18.75,288600,19.71999931335449,19.780000686645508,19.600000381469727,19.780000686645508,15700
2016-12-02,18.649999618530277,18.65999984741211,18.479999542236328,18.549999237060547,62300,19.71999931335449,19.850000381469727,19.71999931335449,19.809999465942383,2800
2016-12-05,19.200000762939453,19.26000022888184,18.739999771118164,18.739999771118164,187400,19.93000030517578,20.06999969482422,19.899999618530277,19.899999618530277,12800
2016-12-06,19.229999542236328,19.479999542236328,19.21999931335449,19.26000022888184,82900,20.020000457763672,20.200000762939453,20.01000022888184,20.13999938964844,6100
2016-12-07,19.18000030517578,19.239999771118164,19.09000015258789,19.18000030517578,64100,20.1200008392334,20.1200008392334,19.950000762939453,20.030000686645508,2600
2016-12-08,18.989999771118164,19.270000457763672,18.809999465942383,19.170000076293945,113300,19.649999618530277,19.96999931335449,19.649999618530277,19.96999931335449,33500
2016-12-09,19.170000076293945,19.200000762939453,18.850000381469727,19.049999237060547,112800,19.90999984741211,19.940000534057617,19.68000030517578,19.799999237060547,9000
2016-12-12,19.26000022888184,19.280000686645508,19.100000381469727,19.13999938964844,60700,19.790000915527344,19.8799991607666,19.76000022888184,19.8700008392334,5600
2016-12-13,19.32999992370605,19.46999931335449,19.21999931335449,19.21999931335449,81800,19.799999237060547,19.8700008392334,19.739999771118164,19.8700008392334,4600
2016-12-14,19.31999969482422,19.350000381469727,19.18000030517578,19.25,52800,19.649999618530277,19.690000534057617,19.63999938964844,19.63999938964844,1900
2016-12-15,19.059999465942383,19.38999938964844,19.059999465942383,19.25,115200,19.709999084472656,19.799999237060547,19.559999465942383,19.649999618530277,11500
2016-12-16,19.1299991607666,19.15999984741211,18.950000762939453,19.15999984741211,61800,19.809999465942383,19.850000381469727,19.6200008392334,19.739999771118164,6900
2016-12-19,18.940000534057617,19.020000457763672,18.84000015258789,19.0,47500,19.600000381469727,19.670000076293945,19.57999992370605,19.59000015258789,3100
2016-12-20,18.780000686645508,18.90999984741211,18.770000457763672,18.850000381469727,121200,19.290000915527344,19.450000762939453,19.280000686645508,19.450000762939453,28800
2016-12-21,18.63999938964844,18.809999465942383,18.6200008392334,18.76000022888184,53600,19.350000381469727,19.399999618530277,19.299999237060547,19.399999618530277,6400
2016-12-22,18.6299991607666,18.63999938964844,18.559999465942383,18.57999992370605,49200,19.06999969482422,19.26000022888184,19.059999465942383,19.18000030517578,26900
2016-12-23,18.56999969482422,18.600000381469727,18.520000457763672,18.56999969482422,40700,18.96999931335449,19.020000457763672,18.96999931335449,19.0,13100
2016-12-27,18.940000534057617,19.020000457763672,18.709999084472656,18.709999084472656,61200,19.3700008392334,19.3700008392334,19.200000762939453,19.270000457763672,12700
2016-12-28,18.649999618530277,18.90999984741211,18.61000061035156,18.82999992370605,58900,19.26000022888184,19.3700008392334,19.209999084472656,19.3700008392334,5800
2016-12-29,18.71999931335449,18.76000022888184,18.600000381469727,18.700000762939453,67400,19.190000534057617,19.239999771118164,19.190000534057617,19.21999931335449,2200
2016-12-30,18.709999084472656,18.84000015258789,18.649999618530277,18.670000076293945,40600,19.100000381469727,19.270000457763672,19.07999992370605,19.18000030517578,6500
2017-01-03,18.93000030517578,19.059999465942383,18.799999237060547,18.799999237060547,111000,18.93000030517578,19.09000015258789,18.93000030517578,19.09000015258789,17000
2017-01-04,19.170000076293945,19.170000076293945,18.940000534057617,19.040000915527344,103700,19.21999931335449,19.239999771118164,19.07999992370605,19.07999992370605,5600
2017-01-05,19.21999931335449,19.290000915527344,19.11000061035156,19.15999984741211,74700,19.239999771118164,19.25,19.15999984741211,19.18000030517578,78100
2017-01-06,19.1200008392334,19.21999931335449,19.030000686645508,19.21999931335449,32400,18.940000534057617,19.13999938964844,18.899999618530277,19.13999938964844,40400
2017-01-09,19.190000534057617,19.209999084472656,19.0,19.06999969482422,65200,19.11000061035156,19.11000061035156,18.90999984741211,18.979999542236328,24700
2017-01-10,19.1200008392334,19.149999618530277,19.059999465942383,19.11000061035156,25800,19.280000686645508,19.299999237060547,19.09000015258789,19.09000015258789,40500
2017-01-11,19.059999465942383,19.09000015258789,18.84000015258789,19.06999969482422,44600,19.170000076293945,19.239999771118164,19.049999237060547,19.190000534057617,22300
2017-01-12,19.11000061035156,19.170000076293945,18.899999618530277,19.0,140500,19.649999618530277,19.700000762939453,19.100000381469727,19.239999771118164,22900
2017-01-13,19.13999938964844,19.149999618530277,18.979999542236328,19.01000022888184,54200,19.780000686645508,19.88999938964844,19.59000015258789,19.59000015258789,44700
2017-01-17,19.450000762939453,19.479999542236328,19.270000457763672,19.270000457763672,146400,20.059999465942383,20.190000534057617,19.979999542236328,20.1200008392334,165000
2017-01-18,19.43000030517578,19.549999237060547,19.3700008392334,19.3700008392334,143700,20.190000534057617,20.26000022888184,20.020000457763672,20.059999465942383,19600
2017-01-19,19.479999542236328,19.530000686645508,19.32999992370605,19.3799991607666,43900,20.1200008392334,20.200000762939453,20.059999465942383,20.13999938964844,14900
2017-01-20,19.649999618530277,19.649999618530277,19.5,19.5,65400,20.06999969482422,20.149999618530277,20.01000022888184,20.040000915527344,5600
2017-01-23,19.649999618530277,19.649999618530277,19.549999237060547,19.6299991607666,34500,20.01000022888184,20.07999992370605,19.90999984741211,20.01000022888184,9400
2017-01-24,19.3700008392334,19.61000061035156,19.309999465942383,19.61000061035156,45500,19.989999771118164,20.0,19.86000061035156,19.989999771118164,9500
2017-01-25,19.489999771118164,19.51000022888184,19.299999237060547,19.31999969482422,77500,19.950000762939453,19.989999771118164,19.940000534057617,19.959999084472656,8300
2017-01-26,19.3700008392334,19.489999771118164,19.280000686645508,19.479999542236328,64100,19.850000381469727,19.920000076293945,19.809999465942383,19.84000015258789,4200
2017-01-27,19.290000915527344,19.3799991607666,19.190000534057617,19.3799991607666,30300,19.850000381469727,19.8799991607666,19.799999237060547,19.809999465942383,2300
2017-01-30,19.06999969482422,19.149999618530277,18.96999931335449,19.149999618530277,81200,19.3799991607666,19.68000030517578,19.350000381469727,19.68000030517578,22500
2017-01-31,19.13999938964844,19.229999542236328,19.06999969482422,19.07999992370605,45300,19.38999938964844,19.46999931335449,19.3700008392334,19.46999931335449,2100
2017-02-01,19.540000915527344,19.600000381469727,19.1200008392334,19.149999618530277,60700,19.649999618530277,19.649999618530277,19.40999984741211,19.40999984741211,14400
2017-02-02,19.489999771118164,19.65999984741211,19.489999771118164,19.56999969482422,47900,19.68000030517578,19.68000030517578,19.56999969482422,19.649999618530277,13400
2017-02-03,19.420000076293945,19.530000686645508,19.399999618530277,19.530000686645508,33600,19.5,19.68000030517578,19.46999931335449,19.68000030517578,8300
2017-02-06,19.3700008392334,19.530000686645508,19.309999465942383,19.51000022888184,37500,19.690000534057617,19.739999771118164,19.600000381469727,19.63999938964844,10200
2017-02-07,19.59000015258789,19.63999938964844,19.3700008392334,19.40999984741211,45200,19.75,19.76000022888184,19.6299991607666,19.6299991607666,9800
2017-02-08,19.649999618530277,19.729999542236328,19.520000457763672,19.6299991607666,43700,20.01000022888184,20.01000022888184,19.86000061035156,19.90999984741211,29500
2017-02-09,19.61000061035156,19.770000457763672,19.57999992370605,19.670000076293945,46400,19.899999618530277,20.01000022888184,19.780000686645508,19.940000534057617,23700
2017-02-10,19.850000381469727,19.88999938964844,19.739999771118164,19.75,666600,20.01000022888184,20.07999992370605,19.96999931335449,20.07999992370605,20200
2017-02-13,19.8799991607666,19.940000534057617,19.76000022888184,19.84000015258789,132600,19.96999931335449,20.059999465942383,19.90999984741211,19.90999984741211,29600
2017-02-14,19.850000381469727,19.8700008392334,19.799999237060547,19.86000061035156,65900,19.790000915527344,19.8799991607666,19.71999931335449,19.799999237060547,7100
2017-02-15,20.040000915527344,20.049999237060547,19.739999771118164,19.809999465942383,65400,20.049999237060547,20.049999237060547,19.84000015258789,19.84000015258789,8200
2017-02-16,19.790000915527344,20.100000381469727,19.790000915527344,20.040000915527344,128600,19.76000022888184,20.059999465942383,19.76000022888184,20.059999465942383,9800
2017-02-17,19.549999237060547,19.770000457763672,19.549999237060547,19.6299991607666,74700,19.6299991607666,19.68000030517578,19.559999465942383,19.670000076293945,19900
2017-02-21,19.6200008392334,19.649999618530277,19.459999084472656,19.520000457763672,49300,19.479999542236328,19.6299991607666,19.479999542236328,19.5,14400
2017-02-22,19.68000030517578,19.729999542236328,19.6200008392334,19.6299991607666,27800,19.420000076293945,19.520000457763672,19.40999984741211,19.520000457763672,9900
2017-02-23,19.40999984741211,19.709999084472656,19.38999938964844,19.690000534057617,590500,19.270000457763672,19.38999938964844,19.209999084472656,19.38999938964844,14100
2017-02-24,19.350000381469727,19.399999618530277,19.26000022888184,19.399999618530277,47400,19.239999771118164,19.280000686645508,19.21999931335449,19.25,16000
2017-02-27,19.21999931335449,19.32999992370605,19.149999618530277,19.209999084472656,75300,19.299999237060547,19.3700008392334,19.15999984741211,19.3700008392334,23400
2017-02-28,19.40999984741211,20.020000457763672,19.299999237060547,19.299999237060547,207400,19.549999237060547,19.780000686645508,19.350000381469727,19.3700008392334,47200
2017-03-01,19.88999938964844,19.899999618530277,19.479999542236328,19.530000686645508,102300,19.809999465942383,19.809999465942383,19.600000381469727,19.600000381469727,2400
2017-03-02,19.68000030517578,19.850000381469727,19.6200008392334,19.770000457763672,31600,19.549999237060547,19.709999084472656,19.479999542236328,19.65999984741211,18500
2017-03-03,19.76000022888184,19.799999237060547,19.6200008392334,19.770000457763672,55800,19.5,19.549999237060547,19.36000061035156,19.5,9700
2017-03-06,19.65999984741211,19.81999969482422,19.61000061035156,19.81999969482422,42800,19.51000022888184,19.65999984741211,19.51000022888184,19.530000686645508,20900
2017-03-07,19.549999237060547,19.6299991607666,19.450000762939453,19.559999465942383,41200,19.350000381469727,19.40999984741211,19.299999237060547,19.40999984741211,4300
2017-03-08,19.38999938964844,19.549999237060547,19.3799991607666,19.459999084472656,46000,19.229999542236328,19.280000686645508,19.21999931335449,19.280000686645508,25800
2017-03-09,19.1299991607666,19.43000030517578,19.100000381469727,19.3799991607666,61000,19.06999969482422,19.200000762939453,19.0,19.11000061035156,52800
2017-03-10,19.020000457763672,19.100000381469727,18.920000076293945,19.100000381469727,175900,19.0,19.040000915527344,18.93000030517578,19.040000915527344,26300
2017-03-13,18.84000015258789,18.950000762939453,18.809999465942383,18.86000061035156,94200,19.020000457763672,19.040000915527344,18.959999084472656,18.959999084472656,30800
2017-03-14,18.8799991607666,18.979999542236328,18.770000457763672,18.799999237060547,53800,18.899999618530277,18.950000762939453,18.76000022888184,18.950000762939453,25700
2017-03-15,18.950000762939453,19.01000022888184,18.88999938964844,19.01000022888184,32300,18.90999984741211,19.040000915527344,18.8700008392334,19.040000915527344,26200
2017-03-16,19.040000915527344,19.100000381469727,18.979999542236328,19.07999992370605,31900,18.920000076293945,19.0,18.899999618530277,19.0,47900
2017-03-17,19.15999984741211,19.15999984741211,18.979999542236328,18.979999542236328,71500,18.93000030517578,18.93000030517578,18.809999465942383,18.93000030517578,36600
2017-03-20,18.940000534057617,19.270000457763672,18.940000534057617,19.270000457763672,58100,18.920000076293945,19.049999237060547,18.920000076293945,18.93000030517578,37600
2017-03-21,18.850000381469727,18.96999931335449,18.75,18.850000381469727,47800,19.0,19.040000915527344,18.850000381469727,18.920000076293945,6800
2017-03-22,18.729999542236328,18.82999992370605,18.690000534057617,18.82999992370605,64600,18.920000076293945,18.950000762939453,18.90999984741211,18.950000762939453,800
2017-03-23,18.6200008392334,18.739999771118164,18.600000381469727,18.68000030517578,27500,18.850000381469727,18.950000762939453,18.809999465942383,18.920000076293945,5500
2017-03-24,18.61000061035156,18.68000030517578,18.56999969482422,18.63999938964844,17500,18.559999465942383,18.739999771118164,18.549999237060547,18.709999084472656,15200
2017-03-27,18.6200008392334,18.700000762939453,18.520000457763672,18.63999938964844,31100,18.450000762939453,18.59000015258789,18.450000762939453,18.59000015258789,59100
2017-03-28,18.68000030517578,18.75,18.649999618530277,18.71999931335449,67700,18.46999931335449,18.51000022888184,18.46999931335449,18.489999771118164,3700
2017-03-29,18.709999084472656,18.770000457763672,18.649999618530277,18.71999931335449,41500,18.450000762939453,18.489999771118164,18.420000076293945,18.459999084472656,5800
2017-03-30,18.690000534057617,18.700000762939453,18.6200008392334,18.649999618530277,47800,18.32999992370605,18.3799991607666,18.299999237060547,18.309999465942383,8100
2017-03-31,19.030000686645508,19.11000061035156,18.540000915527344,18.68000030517578,211400,18.1200008392334,18.280000686645508,18.06999969482422,18.280000686645508,51100
2017-04-03,19.170000076293945,19.350000381469727,19.13999938964844,19.200000762939453,117000,18.030000686645508,18.200000762939453,18.030000686645508,18.200000762939453,11400
2017-04-04,18.940000534057617,19.200000762939453,18.940000534057617,19.1200008392334,62200,18.049999237060547,18.06999969482422,18.010000228881836,18.06999969482422,12600
2017-04-05,18.989999771118164,19.059999465942383,18.88999938964844,19.030000686645508,40000,18.1299991607666,18.18000030517578,18.07999992370605,18.18000030517578,21000
2017-04-06,18.86000061035156,19.049999237060547,18.809999465942383,19.049999237060547,22700,18.030000686645508,18.100000381469727,18.0,18.06999969482422,18400
2017-04-07,18.799999237060547,18.86000061035156,18.700000762939453,18.86000061035156,20900,18.059999465942383,18.09000015258789,17.989999771118164,18.09000015258789,9800
2017-04-10,19.059999465942383,19.09000015258789,18.850000381469727,18.90999984741211,55100,18.07999992370605,18.1299991607666,18.010000228881836,18.100000381469727,11400
2017-04-11,19.049999237060547,19.190000534057617,18.88999938964844,19.11000061035156,71200,18.07999992370605,18.07999992370605,17.899999618530273,18.049999237060547,39100
2017-04-12,19.200000762939453,19.299999237060547,19.06999969482422,19.1200008392334,37200,18.18000030517578,18.200000762939453,18.1299991607666,18.1299991607666,6900
2017-04-13,19.25,19.34000015258789,19.25,19.299999237060547,54000,18.309999465942383,18.309999465942383,18.21999931335449,18.270000457763672,47900
2017-04-17,19.030000686645508,19.239999771118164,19.0,19.239999771118164,31800,18.229999542236328,18.270000457763672,18.209999084472656,18.25,12900
2017-04-18,18.82999992370605,18.959999084472656,18.770000457763672,18.959999084472656,43700,18.13999938964844,18.15999984741211,18.010000228881836,18.15999984741211,30700
2017-04-19,18.81999969482422,19.0,18.790000915527344,18.850000381469727,57300,18.149999618530277,18.229999542236328,18.149999618530277,18.15999984741211,7300
2017-04-20,18.59000015258789,18.90999984741211,18.57999992370605,18.899999618530277,43700,18.07999992370605,18.25,18.049999237060547,18.25,15800
2017-04-21,18.59000015258789,18.65999984741211,18.46999931335449,18.600000381469727,37200,18.15999984741211,18.170000076293945,18.049999237060547,18.11000061035156,12200
2017-04-24,18.68000030517578,18.739999771118164,18.549999237060547,18.68000030517578,65400,18.280000686645508,18.309999465942383,18.26000022888184,18.309999465942383,12600
2017-04-25,18.950000762939453,19.100000381469727,18.559999465942383,18.559999465942383,93700,18.190000534057617,18.25,18.170000076293945,18.200000762939453,11100
2017-04-26,18.709999084472656,19.07999992370605,18.700000762939453,19.059999465942383,30900,18.100000381469727,18.21999931335449,18.059999465942383,18.15999984741211,17900
2017-04-27,18.790000915527344,18.93000030517578,18.739999771118164,18.790000915527344,37500,18.06999969482422,18.13999938964844,18.06999969482422,18.06999969482422,18400
2017-04-28,18.709999084472656,18.780000686645508,18.600000381469727,18.780000686645508,22300,18.06999969482422,18.06999969482422,18.0,18.0,15100
2017-05-01,19.209999084472656,19.31999969482422,19.0,19.0,134100,18.299999237060547,18.350000381469727,18.239999771118164,18.239999771118164,17500
2017-05-02,19.01000022888184,19.190000534057617,18.899999618530277,19.190000534057617,96000,18.290000915527344,18.36000061035156,18.21999931335449,18.36000061035156,17200
2017-05-03,19.09000015258789,19.149999618530277,18.96999931335449,18.96999931335449,19400,18.3700008392334,18.3799991607666,18.290000915527344,18.309999465942383,34000
2017-05-04,18.739999771118164,18.959999084472656,18.709999084472656,18.959999084472656,52200,18.270000457763672,18.34000015258789,18.25,18.270000457763672,34800
2017-05-05,18.950000762939453,19.07999992370605,18.850000381469727,18.86000061035156,31400,18.280000686645508,18.459999084472656,18.280000686645508,18.309999465942383,20800
2017-05-08,18.700000762939453,18.93000030517578,18.65999984741211,18.93000030517578,48300,18.200000762939453,18.270000457763672,18.15999984741211,18.270000457763672,15500
2017-05-09,18.71999931335449,18.850000381469727,18.709999084472656,18.729999542236328,27200,18.350000381469727,18.350000381469727,18.229999542236328,18.229999542236328,15200
2017-05-10,19.0,19.040000915527344,18.700000762939453,18.780000686645508,88400,18.26000022888184,18.520000457763672,18.25,18.36000061035156,33900
2017-05-11,18.84000015258789,18.979999542236328,18.84000015258789,18.93000030517578,31400,18.229999542236328,18.350000381469727,18.21999931335449,18.32999992370605,14000
2017-05-12,18.90999984741211,18.959999084472656,18.799999237060547,18.799999237060547,15700,18.170000076293945,18.229999542236328,18.15999984741211,18.190000534057617,9300
2017-05-15,18.770000457763672,18.96999931335449,18.76000022888184,18.93000030517578,71300,18.18000030517578,18.299999237060547,18.170000076293945,18.18000030517578,9100
2017-05-16,18.790000915527344,18.86000061035156,18.670000076293945,18.780000686645508,47900,18.280000686645508,18.31999969482422,18.18000030517578,18.26000022888184,11900
2017-05-17,18.940000534057617,18.979999542236328,18.809999465942383,18.809999465942383,36700,18.290000915527344,18.36000061035156,18.290000915527344,18.32999992370605,27200
2017-05-18,18.65999984741211,18.81999969482422,18.6200008392334,18.709999084472656,38600,17.93000030517578,18.07999992370605,17.8799991607666,18.07999992370605,27500
2017-05-19,18.979999542236328,19.0,18.76000022888184,18.76000022888184,50300,18.020000457763672,18.059999465942383,18.020000457763672,18.059999465942383,14100
2017-05-22,19.100000381469727,19.190000534057617,19.040000915527344,19.040000915527344,92900,18.11000061035156,18.170000076293945,18.049999237060547,18.049999237060547,67200
2017-05-23,18.8799991607666,19.100000381469727,18.86000061035156,19.040000915527344,51600,17.989999771118164,18.1299991607666,17.979999542236328,18.049999237060547,18500
2017-05-24,18.90999984741211,18.93000030517578,18.84000015258789,18.920000076293945,22400,17.989999771118164,18.020000457763672,17.950000762939453,18.0,10300
2017-05-25,18.86000061035156,19.0,18.82999992370605,18.96999931335449,32800,17.799999237060547,17.989999771118164,17.799999237060547,17.979999542236328,50800
2017-05-26,19.040000915527344,19.06999969482422,18.8799991607666,18.899999618530277,45400,17.649999618530273,17.81999969482422,17.649999618530273,17.81999969482422,15800
2017-05-30,18.75,18.96999931335449,18.71999931335449,18.940000534057617,73900,17.530000686645508,17.670000076293945,17.489999771118164,17.670000076293945,38600
2017-05-31,18.96999931335449,19.149999618530277,18.940000534057617,18.950000762939453,76800,17.510000228881836,17.56999969482422,17.489999771118164,17.56999969482422,16700
2017-06-01,18.899999618530277,18.93000030517578,18.75,18.93000030517578,67600,17.530000686645508,17.540000915527344,17.489999771118164,17.540000915527344,10700
2017-06-02,18.979999542236328,19.07999992370605,18.940000534057617,19.01000022888184,39200,17.65999984741211,17.65999984741211,17.540000915527344,17.579999923706055,26600
2017-06-05,19.01000022888184,19.100000381469727,18.96999931335449,19.01000022888184,26200,17.6200008392334,17.729999542236328,17.6200008392334,17.6299991607666,15700
2017-06-06,19.25,19.299999237060547,19.06999969482422,19.07999992370605,72200,17.739999771118164,17.860000610351562,17.700000762939453,17.75,18600
2017-06-07,19.5,19.56999969482422,19.399999618530277,19.399999618530277,113300,17.75,17.899999618530273,17.75,17.84000015258789,36200
2017-06-08,19.459999084472656,19.739999771118164,19.450000762939453,19.649999618530277,128700,17.889999389648438,17.989999771118164,17.8799991607666,17.950000762939453,19300
2017-06-09,19.6299991607666,19.670000076293945,19.43000030517578,19.43000030517578,102100,17.969999313354492,17.969999313354492,17.8700008392334,17.90999984741211,43800
2017-06-12,19.200000762939453,19.399999618530277,19.149999618530277,19.399999618530277,98900,17.829999923706055,17.920000076293945,17.799999237060547,17.920000076293945,26700
2017-06-13,19.38999938964844,19.479999542236328,19.239999771118164,19.299999237060547,68200,17.809999465942383,17.959999084472656,17.809999465942383,17.90999984741211,17700
2017-06-14,19.209999084472656,19.51000022888184,19.190000534057617,19.36000061035156,43400,17.829999923706055,17.93000030517578,17.829999923706055,17.8700008392334,4900
2017-06-15,19.229999542236328,19.399999618530277,18.8700008392334,19.059999465942383,82500,17.93000030517578,17.950000762939453,17.709999084472656,17.709999084472656,10000
2017-06-16,19.520000457763672,19.520000457763672,19.26000022888184,19.309999465942383,65200,18.020000457763672,18.059999465942383,17.8700008392334,17.940000534057617,21300
2017-06-19,19.1299991607666,19.34000015258789,19.07999992370605,19.34000015258789,66000,17.989999771118164,18.11000061035156,17.989999771118164,18.100000381469727,8700
2017-06-20,18.850000381469727,19.049999237060547,18.850000381469727,19.049999237060547,98700,17.8700008392334,17.940000534057617,17.799999237060547,17.940000534057617,31100
2017-06-21,18.84000015258789,18.979999542236328,18.81999969482422,18.90999984741211,55300,17.65999984741211,17.790000915527344,17.649999618530273,17.760000228881836,10300
2017-06-22,18.549999237060547,18.729999542236328,18.549999237060547,18.690000534057617,135900,17.399999618530273,17.6299991607666,17.360000610351562,17.610000610351562,49400
2017-06-23,18.3700008392334,18.540000915527344,18.270000457763672,18.540000915527344,227900,17.34000015258789,17.450000762939453,17.270000457763672,17.40999984741211,20200
2017-06-26,18.450000762939453,18.46999931335449,18.350000381469727,18.420000076293945,77200,17.389999389648438,17.450000762939453,17.350000381469727,17.3799991607666,3600
2017-06-27,18.420000076293945,18.63999938964844,18.40999984741211,18.530000686645508,24700,17.43000030517578,17.56999969482422,17.43000030517578,17.530000686645508,38900
2017-06-28,18.420000076293945,18.43000030517578,18.34000015258789,18.43000030517578,50300,17.510000228881836,17.540000915527344,17.469999313354492,17.469999313354492,46900
2017-06-29,18.520000457763672,18.61000061035156,18.46999931335449,18.540000915527344,77700,17.559999465942383,17.739999771118164,17.559999465942383,17.65999984741211,6800
2017-06-30,19.049999237060547,19.15999984741211,18.61000061035156,18.76000022888184,201200,18.049999237060547,18.149999618530277,17.6200008392334,17.670000076293945,42000
2017-07-03,19.32999992370605,19.68000030517578,19.15999984741211,19.36000061035156,265300,18.540000915527344,18.670000076293945,18.309999465942383,18.309999465942383,76400
2017-07-05,19.59000015258789,19.61000061035156,19.25,19.34000015258789,205000,18.790000915527344,18.799999237060547,18.540000915527344,18.600000381469727,55400
2017-07-06,19.530000686645508,19.56999969482422,19.21999931335449,19.280000686645508,184500,18.790000915527344,18.850000381469727,18.670000076293945,18.690000534057617,40900
2017-07-07,19.559999465942383,19.770000457763672,19.530000686645508,19.600000381469727,143400,19.049999237060547,19.1299991607666,18.8799991607666,18.8799991607666,55500
2017-07-10,19.989999771118164,20.020000457763672,19.850000381469727,19.850000381469727,196500,19.450000762939453,19.549999237060547,19.36000061035156,19.40999984741211,65300
2017-07-11,19.989999771118164,20.049999237060547,19.780000686645508,19.8799991607666,121000,19.549999237060547,19.59000015258789,19.309999465942383,19.350000381469727,46500
2017-07-12,19.32999992370605,19.81999969482422,19.26000022888184,19.81999969482422,240400,19.5,19.63999938964844,19.350000381469727,19.489999771118164,63800
2017-07-13,18.739999771118164,19.049999237060547,18.6299991607666,19.030000686645508,399400,18.670000076293945,19.13999938964844,18.6299991607666,19.13999938964844,179000
2017-07-14,18.96999931335449,19.09000015258789,18.850000381469727,18.899999618530277,115200,18.950000762939453,18.950000762939453,18.71999931335449,18.71999931335449,22200
2017-07-17,18.989999771118164,19.07999992370605,18.86000061035156,18.90999984741211,114400,18.809999465942383,19.0,18.809999465942383,18.940000534057617,22600
2017-07-18,19.059999465942383,19.479999542236328,18.989999771118164,19.450000762939453,259700,18.86000061035156,19.1299991607666,18.86000061035156,19.040000915527344,24500
2017-07-19,19.299999237060547,19.559999465942383,19.149999618530277,19.270000457763672,213900,19.07999992370605,19.1299991607666,18.979999542236328,18.979999542236328,31200
2017-07-20,19.6200008392334,19.71999931335449,19.440000534057617,19.459999084472656,131300,19.32999992370605,19.36000061035156,19.190000534057617,19.200000762939453,38200
2017-07-21,19.200000762939453,19.40999984741211,19.15999984741211,19.399999618530277,174900,19.280000686645508,19.280000686645508,19.18000030517578,19.239999771118164,38500
2017-07-24,19.040000915527344,19.09000015258789,18.81999969482422,18.8799991607666,167000,19.020000457763672,19.059999465942383,18.88999938964844,18.96999931335449,43800
2017-07-25,18.71999931335449,18.950000762939453,18.68000030517578,18.90999984741211,263300,18.739999771118164,19.200000762939453,18.709999084472656,19.149999618530277,51700
2017-07-26,18.86000061035156,18.899999618530277,18.600000381469727,18.65999984741211,120900,18.84000015258789,18.8700008392334,18.59000015258789,18.649999618530277,23600
2017-07-27,18.899999618530277,19.07999992370605,18.899999618530277,18.979999542236328,60700,18.959999084472656,19.040000915527344,18.90999984741211,19.020000457763672,6700
2017-07-28,19.020000457763672,19.07999992370605,18.899999618530277,18.940000534057617,92900,19.030000686645508,19.149999618530277,18.90999984741211,18.90999984741211,35100
2017-07-31,18.8799991607666,18.90999984741211,18.709999084472656,18.770000457763672,182700,18.93000030517578,18.979999542236328,18.700000762939453,18.84000015258789,27500
2017-08-01,18.5,18.76000022888184,18.450000762939453,18.76000022888184,218000,18.32999992370605,18.670000076293945,18.299999237060547,18.670000076293945,44400
2017-08-02,18.59000015258789,18.690000534057617,18.549999237060547,18.690000534057617,53600,18.420000076293945,18.479999542236328,18.3799991607666,18.459999084472656,42400
2017-08-03,18.59000015258789,18.649999618530277,18.40999984741211,18.450000762939453,115100,18.209999084472656,18.299999237060547,18.1200008392334,18.270000457763672,16300
2017-08-04,18.709999084472656,18.71999931335449,18.59000015258789,18.670000076293945,88200,18.1200008392334,18.25,18.1200008392334,18.209999084472656,19800
2017-08-07,18.88999938964844,18.920000076293945,18.780000686645508,18.799999237060547,192100,18.34000015258789,18.3799991607666,18.21999931335449,18.21999931335449,10500
2017-08-08,18.790000915527344,18.959999084472656,18.76000022888184,18.959999084472656,168400,18.40999984741211,18.51000022888184,18.3700008392334,18.489999771118164,39600
2017-08-09,18.84000015258789,18.88999938964844,18.76000022888184,18.76000022888184,44800,18.420000076293945,18.489999771118164,18.309999465942383,18.479999542236328,37700
2017-08-10,18.31999969482422,19.0,18.200000762939453,18.8799991607666,327900,17.850000381469727,18.63999938964844,17.81999969482422,18.450000762939453,135100
2017-08-11,18.420000076293945,18.440000534057617,18.26000022888184,18.299999237060547,88900,17.940000534057617,17.969999313354492,17.860000610351562,17.889999389648438,15800
2017-08-14,18.459999084472656,18.479999542236328,18.200000762939453,18.25,68100,17.780000686645508,17.81999969482422,17.68000030517578,17.75,24000
2017-08-15,18.15999984741211,18.299999237060547,18.09000015258789,18.290000915527344,113300,17.56999969482422,17.670000076293945,17.520000457763672,17.670000076293945,8300
2017-08-16,18.059999465942383,18.149999618530277,17.899999618530273,18.149999618530277,288300,17.579999923706055,17.6299991607666,17.5,17.6299991607666,25400
2017-08-17,17.920000076293945,18.059999465942383,17.90999984741211,18.030000686645508,114100,17.729999542236328,17.739999771118164,17.600000381469727,17.68000030517578,10300
2017-08-18,17.989999771118164,18.030000686645508,17.920000076293945,17.920000076293945,58100,17.770000457763672,17.799999237060547,17.670000076293945,17.670000076293945,20800
2017-08-21,17.8700008392334,17.950000762939453,17.829999923706055,17.899999618530273,106500,17.75,17.809999465942383,17.649999618530273,17.649999618530273,11200
2017-08-22,17.780000686645508,17.889999389648438,17.780000686645508,17.8799991607666,64400,17.809999465942383,17.84000015258789,17.760000228881836,17.81999969482422,11000
2017-08-23,17.600000381469727,17.899999618530273,17.59000015258789,17.899999618530273,86500,17.809999465942383,17.920000076293945,17.729999542236328,17.899999618530273,16800
2017-08-24,17.6299991607666,17.639999389648438,17.540000915527344,17.6200008392334,43800,17.940000534057617,17.969999313354492,17.8700008392334,17.920000076293945,59700
2017-08-25,17.479999542236328,17.600000381469727,17.469999313354492,17.600000381469727,70900,17.899999618530273,17.920000076293945,17.8799991607666,17.920000076293945,6300
2017-08-28,17.40999984741211,17.520000457763672,17.3700008392334,17.520000457763672,35900,17.889999389648438,17.950000762939453,17.81999969482422,17.940000534057617,25500
2017-08-29,17.309999465942383,17.350000381469727,17.239999771118164,17.299999237060547,72800,17.799999237060547,17.8700008392334,17.719999313354492,17.760000228881836,46800
2017-08-30,17.1299991607666,17.280000686645508,17.1200008392334,17.280000686645508,85600,17.719999313354492,17.770000457763672,17.700000762939453,17.760000228881836,23500
2017-08-31,17.690000534057617,17.700000762939453,17.110000610351562,17.139999389648438,108600,18.0,18.010000228881836,17.700000762939453,17.700000762939453,25600
2017-09-01,17.559999465942383,17.809999465942383,17.5,17.809999465942383,61300,18.030000686645508,18.049999237060547,17.920000076293945,18.049999237060547,4400
2017-09-05,17.709999084472656,17.809999465942383,17.68000030517578,17.719999313354492,78200,18.3799991607666,18.459999084472656,18.170000076293945,18.170000076293945,12600
2017-09-06,17.84000015258789,17.8799991607666,17.68000030517578,17.700000762939453,56300,18.38999938964844,18.51000022888184,18.350000381469727,18.3799991607666,17700
2017-09-07,17.600000381469727,17.790000915527344,17.559999465942383,17.760000228881836,87700,18.399999618530277,18.5,18.399999618530277,18.5,4700
2017-09-08,17.65999984741211,17.719999313354492,17.6299991607666,17.6299991607666,39500,18.26000022888184,18.440000534057617,18.26000022888184,18.440000534057617,13400
2017-09-11,17.670000076293945,17.739999771118164,17.559999465942383,17.600000381469727,29200,18.26000022888184,18.34000015258789,18.15999984741211,18.26000022888184,23100
2017-09-12,17.399999618530273,17.600000381469727,17.139999389648438,17.579999923706055,331300,18.06999969482422,18.299999237060547,17.81999969482422,18.25,75000
2017-09-13,17.43000030517578,17.6299991607666,17.420000076293945,17.489999771118164,52100,18.149999618530277,18.18000030517578,18.11000061035156,18.11000061035156,39600
2017-09-14,17.540000915527344,17.600000381469727,17.469999313354492,17.469999313354492,36200,18.450000762939453,18.489999771118164,18.280000686645508,18.280000686645508,11700
2017-09-15,17.56999969482422,17.59000015258789,17.469999313354492,17.510000228881836,33400,18.3700008392334,18.46999931335449,18.350000381469727,18.450000762939453,6300
2017-09-18,17.40999984741211,17.520000457763672,17.3700008392334,17.520000457763672,53300,18.36000061035156,18.46999931335449,18.31999969482422,18.3700008392334,20700
2017-09-19,17.280000686645508,17.469999313354492,17.18000030517578,17.450000762939453,67300,18.34000015258789,18.34000015258789,18.200000762939453,18.270000457763672,7700
2017-09-20,17.3700008392334,17.399999618530273,17.31999969482422,17.350000381469727,41900,18.40999984741211,18.43000030517578,18.34000015258789,18.350000381469727,12500
2017-09-21,17.3700008392334,17.399999618530273,17.299999237060547,17.299999237060547,21800,18.38999938964844,18.40999984741211,18.31999969482422,18.34000015258789,14700
2017-09-22,17.479999542236328,17.6200008392334,17.399999618530273,17.420000076293945,39000,18.6200008392334,18.649999618530277,18.5,18.5,542800
2017-09-25,17.520000457763672,17.549999237060547,17.40999984741211,17.40999984741211,42900,18.3799991607666,18.520000457763672,18.3799991607666,18.5,22800
2017-09-26,17.469999313354492,17.59000015258789,17.450000762939453,17.479999542236328,102800,18.26000022888184,18.31999969482422,18.239999771118164,18.26000022888184,3900
2017-09-27,17.559999465942383,17.56999969482422,17.31999969482422,17.3700008392334,46600,18.299999237060547,18.299999237060547,18.15999984741211,18.200000762939453,18700
2017-09-28,17.479999542236328,17.5,17.43000030517578,17.5,41200,18.209999084472656,18.26000022888184,18.170000076293945,18.170000076293945,43200
2017-09-29,17.639999389648438,17.719999313354492,17.399999618530273,17.540000915527344,100200,18.36000061035156,18.46999931335449,18.1299991607666,18.18000030517578,65100
2017-10-02,17.469999313354492,17.579999923706055,17.420000076293945,17.559999465942383,30400,18.13999938964844,18.290000915527344,18.1200008392334,18.290000915527344,7400
2017-10-03,17.360000610351562,17.420000076293945,17.34000015258789,17.3700008392334,66600,18.149999618530277,18.209999084472656,18.11000061035156,18.11000061035156,3700
2017-10-04,17.299999237060547,17.350000381469727,17.219999313354492,17.350000381469727,55900,18.149999618530277,18.21999931335449,18.07999992370605,18.07999992370605,2600
2017-10-05,17.3700008392334,17.440000534057617,17.290000915527344,17.350000381469727,29800,18.3799991607666,18.3799991607666,18.26000022888184,18.290000915527344,8000
2017-10-06,17.40999984741211,17.440000534057617,17.3700008392334,17.3700008392334,24500,18.450000762939453,18.450000762939453,18.270000457763672,18.32999992370605,2900
2017-10-09,17.389999389648438,17.420000076293945,17.309999465942383,17.420000076293945,25300,18.280000686645508,18.450000762939453,18.280000686645508,18.40999984741211,12400
2017-10-10,17.34000015258789,17.450000762939453,17.31999969482422,17.440000534057617,17400,18.32999992370605,18.450000762939453,18.280000686645508,18.450000762939453,8100
2017-10-11,17.200000762939453,17.329999923706055,17.200000762939453,17.329999923706055,41800,18.299999237060547,18.31999969482422,18.270000457763672,18.290000915527344,13100
2017-10-12,17.360000610351562,17.56999969482422,17.079999923706055,17.200000762939453,199200,18.780000686645508,18.809999465942383,18.0,18.299999237060547,69200
2017-10-13,17.510000228881836,17.549999237060547,17.350000381469727,17.389999389648438,52300,18.8700008392334,18.899999618530277,18.739999771118164,18.790000915527344,46500
2017-10-16,17.440000534057617,17.510000228881836,17.399999618530273,17.510000228881836,23900,18.709999084472656,18.81999969482422,18.700000762939453,18.76000022888184,4900
2017-10-17,17.399999618530273,17.450000762939453,17.329999923706055,17.350000381469727,33100,18.63999938964844,18.63999938964844,18.559999465942383,18.63999938964844,24800
2017-10-18,17.329999923706055,17.360000610351562,17.290000915527344,17.350000381469727,55800,18.600000381469727,18.65999984741211,18.56999969482422,18.56999969482422,10000
2017-10-19,17.34000015258789,17.440000534057617,17.34000015258789,17.350000381469727,113100,18.65999984741211,18.68000030517578,18.6200008392334,18.63999938964844,15000
2017-10-20,17.190000534057617,17.389999389648438,17.18000030517578,17.389999389648438,78100,18.489999771118164,18.780000686645508,18.489999771118164,18.670000076293945,67900
2017-10-23,17.469999313354492,17.469999313354492,17.1299991607666,17.200000762939453,84800,18.530000686645508,18.59000015258789,18.46999931335449,18.46999931335449,9400
2017-10-24,17.520000457763672,17.540000915527344,17.43000030517578,17.450000762939453,25700,18.479999542236328,18.51000022888184,18.43000030517578,18.51000022888184,7800
2017-10-25,17.459999084472656,17.639999389648438,17.440000534057617,17.579999923706055,52300,18.450000762939453,18.56999969482422,18.450000762939453,18.549999237060547,9400
2017-10-26,17.40999984741211,17.469999313354492,17.389999389648438,17.43000030517578,42500,18.38999938964844,18.5,18.38999938964844,18.489999771118164,8400
2017-10-27,17.34000015258789,17.389999389648438,17.299999237060547,17.350000381469727,60000,18.46999931335449,18.489999771118164,18.399999618530277,18.40999984741211,6300
2017-10-30,17.350000381469727,17.360000610351562,17.280000686645508,17.299999237060547,31300,18.43000030517578,18.549999237060547,18.40999984741211,18.40999984741211,9200
2017-10-31,17.209999084472656,17.34000015258789,17.190000534057617,17.34000015258789,47300,18.440000534057617,18.520000457763672,18.420000076293945,18.459999084472656,5100
2017-11-01,17.290000915527344,17.329999923706055,17.25,17.25,36000,18.549999237060547,18.600000381469727,18.5,18.5,16800
2017-11-02,17.399999618530273,17.43000030517578,17.329999923706055,17.329999923706055,47000,18.670000076293945,18.690000534057617,18.61000061035156,18.61000061035156,6700
2017-11-03,17.31999969482422,17.399999618530273,17.270000457763672,17.3700008392334,34600,18.450000762939453,18.700000762939453,18.450000762939453,18.700000762939453,4200
2017-11-06,17.270000457763672,17.360000610351562,17.270000457763672,17.360000610351562,57800,18.600000381469727,18.6299991607666,18.489999771118164,18.530000686645508,7000
2017-11-07,17.270000457763672,17.290000915527344,17.209999084472656,17.260000228881836,33500,18.63999938964844,18.65999984741211,18.6200008392334,18.649999618530277,7000
2017-11-08,17.229999542236328,17.309999465942383,17.18000030517578,17.209999084472656,35500,18.670000076293945,18.68000030517578,18.6299991607666,18.68000030517578,4500
2017-11-09,17.0,17.31999969482422,16.950000762939453,17.31999969482422,179900,18.459999084472656,18.770000457763672,18.270000457763672,18.729999542236328,70200
2017-11-10,17.040000915527344,17.059999465942383,16.950000762939453,17.0,56600,18.459999084472656,18.540000915527344,18.459999084472656,18.489999771118164,12300
2017-11-13,16.959999084472656,17.0,16.950000762939453,16.950000762939453,50200,18.239999771118164,18.489999771118164,18.239999771118164,18.40999984741211,505300
2017-11-14,16.780000686645508,16.950000762939453,16.75,16.950000762939453,112300,18.149999618530277,18.270000457763672,18.1299991607666,18.270000457763672,7200
2017-11-15,16.809999465942383,16.81999969482422,16.760000228881836,16.780000686645508,40400,18.270000457763672,18.270000457763672,18.200000762939453,18.200000762939453,1300
2017-11-16,16.690000534057617,16.799999237060547,16.68000030517578,16.799999237060547,72100,18.239999771118164,18.25,18.170000076293945,18.229999542236328,25300
2017-11-17,16.969999313354492,17.0,16.719999313354492,16.719999313354492,109600,18.549999237060547,18.56999969482422,18.290000915527344,18.309999465942383,34600
2017-11-20,17.010000228881836,17.040000915527344,16.889999389648438,16.90999984741211,57000,18.5,18.520000457763672,18.40999984741211,18.5,8300
2017-11-21,16.979999542236328,17.030000686645508,16.93000030517578,16.940000534057617,71800,18.479999542236328,18.520000457763672,18.46999931335449,18.46999931335449,2300
2017-11-22,17.030000686645508,17.100000381469727,16.950000762939453,16.950000762939453,41500,18.6299991607666,18.670000076293945,18.600000381469727,18.65999984741211,16000
2017-11-24,16.93000030517578,17.06999969482422,16.8700008392334,17.010000228881836,36900,18.549999237060547,18.649999618530277,18.530000686645508,18.649999618530277,6400
2017-11-27,16.829999923706055,16.959999084472656,16.81999969482422,16.93000030517578,34700,18.61000061035156,18.68000030517578,18.540000915527344,18.540000915527344,8000
2017-11-28,16.719999313354492,16.829999923706055,16.719999313354492,16.829999923706055,36500,18.59000015258789,18.59000015258789,18.489999771118164,18.51000022888184,5800
2017-11-29,16.920000076293945,16.920000076293945,16.739999771118164,16.739999771118164,44400,18.559999465942383,18.63999938964844,18.51000022888184,18.51000022888184,19700
2017-11-30,16.989999771118164,17.040000915527344,16.860000610351562,16.8799991607666,99200,18.46999931335449,18.540000915527344,18.459999084472656,18.540000915527344,10600
2017-12-01,17.079999923706055,17.1299991607666,17.0,17.0,57600,18.600000381469727,18.6200008392334,18.46999931335449,18.46999931335449,5800
2017-12-04,16.8799991607666,17.149999618530273,16.84000015258789,17.149999618530273,47300,18.709999084472656,18.799999237060547,18.670000076293945,18.76000022888184,14700
2017-12-05,16.90999984741211,17.040000915527344,16.860000610351562,16.899999618530273,31200,18.8700008392334,18.93000030517578,18.729999542236328,18.729999542236328,499900
2017-12-06,16.829999923706055,16.979999542236328,16.790000915527344,16.979999542236328,41100,18.780000686645508,18.93000030517578,18.6299991607666,18.93000030517578,8000
2017-12-07,16.809999465942383,16.829999923706055,16.770000457763672,16.790000915527344,31400,18.559999465942383,18.65999984741211,18.520000457763672,18.65999984741211,13200
2017-12-08,16.84000015258789,16.889999389648438,16.81999969482422,16.8700008392334,22300,18.51000022888184,18.56999969482422,18.51000022888184,18.56999969482422,1400
2017-12-11,16.700000762939453,16.780000686645508,16.65999984741211,16.780000686645508,46100,18.399999618530277,18.5,18.399999618530277,18.479999542236328,7500
2017-12-12,16.649999618530273,16.850000381469727,16.6200008392334,16.670000076293945,68900,18.34000015258789,18.40999984741211,18.290000915527344,18.32999992370605,23600
2017-12-13,16.68000030517578,16.729999542236328,16.6200008392334,16.6200008392334,321000,18.32999992370605,18.3799991607666,18.309999465942383,18.32999992370605,3600
2017-12-14,16.670000076293945,16.729999542236328,16.639999389648438,16.670000076293945,44200,18.15999984741211,18.26000022888184,18.13999938964844,18.21999931335449,487600
2017-12-15,16.56999969482422,16.729999542236328,16.56999969482422,16.649999618530273,102800,18.13999938964844,18.190000534057617,18.13999938964844,18.190000534057617,700
2017-12-18,16.579999923706055,16.6299991607666,16.56999969482422,16.59000015258789,58100,18.020000457763672,18.15999984741211,17.969999313354492,18.100000381469727,34200
2017-12-19,16.6200008392334,16.649999618530273,16.579999923706055,16.59000015258789,26900,17.90999984741211,18.059999465942383,17.899999618530273,18.049999237060547,14700
2017-12-20,16.670000076293945,16.729999542236328,16.600000381469727,16.610000610351562,26800,17.899999618530273,17.979999542236328,17.899999618530273,17.93000030517578,17600
2017-12-21,16.760000228881836,16.799999237060547,16.68000030517578,16.700000762939453,86600,17.790000915527344,17.860000610351562,17.760000228881836,17.850000381469727,17600
2017-12-22,16.809999465942383,16.809999465942383,16.729999542236328,16.729999542236328,37600,17.81999969482422,17.81999969482422,17.790000915527344,17.809999465942383,4000
2017-12-26,16.799999237060547,16.84000015258789,16.75,16.760000228881836,39500,17.979999542236328,18.030000686645508,17.829999923706055,17.829999923706055,24300
2017-12-27,16.860000610351562,16.899999618530273,16.790000915527344,16.790000915527344,38400,17.90999984741211,18.049999237060547,17.899999618530273,18.049999237060547,3700
2017-12-28,16.770000457763672,16.84000015258789,16.719999313354492,16.829999923706055,30200,17.760000228881836,17.81999969482422,17.75,17.81999969482422,14100
2017-12-29,16.770000457763672,16.770000457763672,16.729999542236328,16.75,49600,17.8799991607666,17.8799991607666,17.719999313354492,17.780000686645508,29500
2018-01-02,16.850000381469727,16.889999389648438,16.75,16.75,65900,17.950000762939453,18.040000915527344,17.81999969482422,18.040000915527344,15500
2018-01-03,16.84000015258789,16.899999618530273,16.809999465942383,16.899999618530273,166900,18.020000457763672,18.020000457763672,17.950000762939453,18.0,22400
2018-01-04,16.780000686645508,16.860000610351562,16.739999771118164,16.860000610351562,25600,17.959999084472656,17.979999542236328,17.809999465942383,17.959999084472656,8600
2018-01-05,16.760000228881836,16.780000686645508,16.729999542236328,16.729999542236328,27800,18.010000228881836,18.059999465942383,17.969999313354492,18.0,15700
2018-01-08,16.579999923706055,16.729999542236328,16.56999969482422,16.729999542236328,95300,17.8799991607666,18.0,17.850000381469727,18.0,7900
2018-01-09,16.670000076293945,16.690000534057617,16.6299991607666,16.6299991607666,33700,17.90999984741211,17.920000076293945,17.8700008392334,17.8700008392334,8600
2018-01-10,16.690000534057617,16.709999084472656,16.639999389648438,16.670000076293945,63300,17.709999084472656,17.829999923706055,17.670000076293945,17.829999923706055,12600
2018-01-11,16.700000762939453,16.739999771118164,16.6200008392334,16.6200008392334,107800,17.649999618530273,17.790000915527344,17.649999618530273,17.729999542236328,27100
2018-01-12,16.610000610351562,16.729999542236328,16.530000686645508,16.68000030517578,88900,17.829999923706055,17.84000015258789,17.59000015258789,17.68000030517578,41300
2018-01-16,16.670000076293945,16.670000076293945,16.540000915527344,16.579999923706055,62900,18.0,18.020000457763672,17.940000534057617,18.020000457763672,20600
2018-01-17,16.81999969482422,16.850000381469727,16.65999984741211,16.690000534057617,62200,18.020000457763672,18.020000457763672,17.889999389648438,18.020000457763672,7300
2018-01-18,16.780000686645508,16.84000015258789,16.75,16.809999465942383,32700,18.09000015258789,18.11000061035156,18.010000228881836,18.010000228881836,7900
2018-01-19,16.809999465942383,16.8799991607666,16.780000686645508,16.829999923706055,26400,18.13999938964844,18.239999771118164,18.11000061035156,18.21999931335449,41100
2018-01-22,16.790000915527344,16.920000076293945,16.780000686645508,16.899999618530273,50400,18.25,18.309999465942383,18.229999542236328,18.290000915527344,23200
2018-01-23,16.799999237060547,16.799999237060547,16.700000762939453,16.760000228881836,23600,18.299999237060547,18.31999969482422,18.200000762939453,18.31999969482422,27900
2018-01-24,16.959999084472656,17.0,16.860000610351562,16.899999618530273,66900,18.3799991607666,18.43000030517578,18.26000022888184,18.26000022888184,26700
2018-01-25,16.959999084472656,17.049999237060547,16.920000076293945,17.0,60600,18.36000061035156,18.549999237060547,18.299999237060547,18.43000030517578,30100
2018-01-26,16.979999542236328,17.010000228881836,16.90999984741211,16.959999084472656,31700,18.270000457763672,18.36000061035156,18.26000022888184,18.36000061035156,12800
2018-01-29,17.059999465942383,17.100000381469727,17.010000228881836,17.06999969482422,112800,18.38999938964844,18.489999771118164,18.350000381469727,18.43000030517578,9400
2018-01-30,17.1299991607666,17.190000534057617,17.079999923706055,17.079999923706055,78700,18.51000022888184,18.57999992370605,18.40999984741211,18.420000076293945,22200
2018-01-31,17.149999618530273,17.18000030517578,17.09000015258789,17.149999618530273,47100,18.46999931335449,18.479999542236328,18.350000381469727,18.450000762939453,11900
2018-02-01,17.139999389648438,17.18000030517578,17.030000686645508,17.139999389648438,32800,18.290000915527344,18.34000015258789,18.15999984741211,18.31999969482422,52500
2018-02-02,17.110000610351562,17.18000030517578,17.079999923706055,17.1299991607666,40300,18.13999938964844,18.229999542236328,18.13999938964844,18.190000534057617,24200
2018-02-05,16.979999542236328,17.100000381469727,16.940000534057617,17.049999237060547,112300,17.979999542236328,18.1299991607666,17.959999084472656,18.100000381469727,23600
2018-02-06,17.190000534057617,17.229999542236328,16.989999771118164,16.989999771118164,110600,18.31999969482422,18.34000015258789,18.1299991607666,18.1299991607666,23300
2018-02-07,17.25,17.299999237060547,17.149999618530273,17.25,82100,18.25,18.299999237060547,18.239999771118164,18.270000457763672,5100
2018-02-08,17.229999542236328,17.3700008392334,17.229999542236328,17.25,71600,18.270000457763672,18.420000076293945,18.190000534057617,18.280000686645508,7200
2018-02-09,17.149999618530273,17.299999237060547,17.1299991607666,17.209999084472656,152900,18.18000030517578,18.270000457763672,18.149999618530277,18.270000457763672,13000
2018-02-12,17.360000610351562,17.360000610351562,17.270000457763672,17.280000686645508,79500,18.489999771118164,18.540000915527344,18.36000061035156,18.399999618530277,10000
2018-02-13,17.309999465942383,17.40999984741211,17.309999465942383,17.3799991607666,83500,18.68000030517578,18.68000030517578,18.549999237060547,18.549999237060547,48800
2018-02-14,17.31999969482422,17.399999618530273,17.260000228881836,17.290000915527344,54500,18.729999542236328,18.780000686645508,18.649999618530277,18.649999618530277,4200
2018-02-15,17.40999984741211,17.40999984741211,17.290000915527344,17.350000381469727,123600,18.8700008392334,18.8700008392334,18.729999542236328,18.739999771118164,22800
2018-02-16,17.350000381469727,17.399999618530273,17.34000015258789,17.399999618530273,65900,18.809999465942383,18.8799991607666,18.75,18.8799991607666,21000
2018-02-20,17.290000915527344,17.479999542236328,17.280000686645508,17.40999984741211,75300,18.84000015258789,19.030000686645508,18.82999992370605,18.93000030517578,102900
2018-02-21,17.31999969482422,17.389999389648438,17.280000686645508,17.350000381469727,19800,18.989999771118164,19.040000915527344,18.899999618530277,18.899999618530277,22000
2018-02-22,17.350000381469727,17.3700008392334,17.260000228881836,17.299999237060547,27000,18.93000030517578,19.0,18.90999984741211,18.96999931335449,9800
2018-02-23,17.350000381469727,17.399999618530273,17.309999465942383,17.399999618530273,55400,19.01000022888184,19.030000686645508,18.920000076293945,18.920000076293945,11900
2018-02-26,17.459999084472656,17.510000228881836,17.40999984741211,17.450000762939453,66500,18.96999931335449,19.38999938964844,18.96999931335449,19.1200008392334,26000
2018-02-27,17.520000457763672,17.540000915527344,17.479999542236328,17.489999771118164,65100,19.049999237060547,19.1299991607666,19.01000022888184,19.01000022888184,29500
2018-02-28,17.610000610351562,17.729999542236328,17.559999465942383,17.559999465942383,154500,19.1200008392334,19.170000076293945,19.11000061035156,19.149999618530277,35400
2018-03-01,17.84000015258789,17.84000015258789,17.610000610351562,17.610000610351562,195100,19.309999465942383,19.309999465942383,19.059999465942383,19.149999618530277,52000
2018-03-02,17.760000228881836,17.84000015258789,17.690000534057617,17.809999465942383,108200,19.32999992370605,19.40999984741211,19.239999771118164,19.40999984741211,32800
2018-03-05,17.860000610351562,17.8700008392334,17.729999542236328,17.81999969482422,83100,19.450000762939453,19.459999084472656,19.280000686645508,19.350000381469727,36600
2018-03-06,17.8799991607666,17.889999389648438,17.790000915527344,17.809999465942383,48700,19.420000076293945,19.46999931335449,19.34000015258789,19.459999084472656,24000
2018-03-07,17.850000381469727,17.90999984741211,17.84000015258789,17.84000015258789,51100,19.25,19.40999984741211,19.25,19.40999984741211,46000
2018-03-08,18.100000381469727,18.11000061035156,17.860000610351562,17.860000610351562,276800,19.229999542236328,19.350000381469727,19.200000762939453,19.200000762939453,49100
2018-03-09,17.969999313354492,18.049999237060547,17.940000534057617,18.0,62800,18.920000076293945,19.06999969482422,18.850000381469727,19.030000686645508,130800
2018-03-12,17.989999771118164,17.989999771118164,17.860000610351562,17.860000610351562,117600,19.0,19.0,18.8700008392334,18.8799991607666,52100
2018-03-13,18.049999237060547,18.170000076293945,18.040000915527344,18.049999237060547,60800,19.1299991607666,19.1299991607666,19.020000457763672,19.059999465942383,96400
2018-03-14,17.959999084472656,18.1299991607666,17.93000030517578,18.07999992370605,43900,18.799999237060547,19.13999938964844,18.799999237060547,19.1200008392334,57000
2018-03-15,17.860000610351562,17.979999542236328,17.799999237060547,17.979999542236328,40300,18.93000030517578,19.020000457763672,18.86000061035156,18.940000534057617,19000
2018-03-16,17.690000534057617,17.809999465942383,17.690000534057617,17.809999465942383,85600,19.01000022888184,19.040000915527344,18.93000030517578,18.950000762939453,12000
2018-03-19,17.40999984741211,17.559999465942383,17.3700008392334,17.559999465942383,116800,18.690000534057617,18.90999984741211,18.690000534057617,18.90999984741211,27900
2018-03-20,17.360000610351562,17.43000030517578,17.299999237060547,17.3700008392334,65800,18.75,18.81999969482422,18.690000534057617,18.690000534057617,14500
2018-03-21,17.34000015258789,17.399999618530273,17.309999465942383,17.399999618530273,49000,18.780000686645508,18.88999938964844,18.739999771118164,18.780000686645508,20200
2018-03-22,17.420000076293945,17.43000030517578,17.34000015258789,17.399999618530273,25300,18.799999237060547,18.82999992370605,18.68000030517578,18.82999992370605,25700
2018-03-23,17.440000534057617,17.479999542236328,17.1200008392334,17.299999237060547,80200,18.739999771118164,18.799999237060547,18.530000686645508,18.700000762939453,56900
2018-03-26,17.3700008392334,17.549999237060547,17.34000015258789,17.510000228881836,47500,18.780000686645508,18.8799991607666,18.739999771118164,18.81999969482422,30000
2018-03-27,17.34000015258789,17.440000534057617,17.290000915527344,17.440000534057617,29000,18.61000061035156,18.809999465942383,18.600000381469727,18.75,14200
2018-03-28,17.31999969482422,17.350000381469727,17.260000228881836,17.329999923706055,29500,18.600000381469727,18.65999984741211,18.540000915527344,18.65999984741211,14000
2018-03-29,17.959999084472656,18.0,17.31999969482422,17.43000030517578,280200,19.049999237060547,19.11000061035156,18.51000022888184,18.56999969482422,52000
2018-04-02,17.959999084472656,18.15999984741211,17.959999084472656,18.049999237060547,122900,18.940000534057617,19.13999938964844,18.8799991607666,19.100000381469727,12500
2018-04-03,18.0,18.149999618530277,17.959999084472656,18.040000915527344,91300,18.920000076293945,19.059999465942383,18.920000076293945,19.030000686645508,17500
2018-04-04,17.65999984741211,17.8700008392334,17.5,17.610000610351562,76100,18.57999992370605,18.6299991607666,18.209999084472656,18.38999938964844,65600
2018-04-05,18.07999992370605,18.100000381469727,17.809999465942383,17.809999465942383,172300,18.81999969482422,18.81999969482422,18.63999938964844,18.63999938964844,18900
2018-04-06,18.030000686645508,18.07999992370605,17.93000030517578,17.959999084472656,64200,18.84000015258789,18.84000015258789,18.600000381469727,18.600000381469727,11100
2018-04-09,18.13999938964844,18.209999084472656,18.049999237060547,18.09000015258789,171600,19.01000022888184,19.040000915527344,18.93000030517578,19.020000457763672,42200
2018-04-10,18.100000381469727,18.18000030517578,18.020000457763672,18.11000061035156,91700,19.07999992370605,19.200000762939453,18.989999771118164,19.09000015258789,39100
2018-04-11,17.969999313354492,18.09000015258789,17.93000030517578,18.09000015258789,82400,19.0,19.190000534057617,19.0,19.190000534057617,9700
2018-04-12,18.059999465942383,18.06999969482422,17.899999618530273,17.899999618530273,57700,19.1200008392334,19.190000534057617,19.0,19.0,11300
2018-04-13,17.8799991607666,18.020000457763672,17.8700008392334,18.020000457763672,84900,19.059999465942383,19.11000061035156,19.059999465942383,19.100000381469727,12000
2018-04-16,17.760000228881836,17.940000534057617,17.739999771118164,17.889999389648438,83100,18.940000534057617,19.11000061035156,18.90999984741211,19.11000061035156,19300
2018-04-17,17.700000762939453,17.799999237060547,17.65999984741211,17.770000457763672,97500,18.950000762939453,18.950000762939453,18.899999618530277,18.940000534057617,5500
2018-04-18,17.780000686645508,17.829999923706055,17.729999542236328,17.780000686645508,38600,18.96999931335449,19.059999465942383,18.950000762939453,19.059999465942383,3700
2018-04-19,17.780000686645508,17.829999923706055,17.729999542236328,17.829999923706055,50100,18.96999931335449,18.96999931335449,18.899999618530277,18.93000030517578,158500
2018-04-20,17.559999465942383,17.700000762939453,17.540000915527344,17.670000076293945,89900,18.8799991607666,18.90999984741211,18.81999969482422,18.8799991607666,48800
2018-04-23,17.6200008392334,17.649999618530273,17.540000915527344,17.549999237060547,66200,18.729999542236328,18.809999465942383,18.68000030517578,18.809999465942383,38300
2018-04-24,17.739999771118164,17.75,17.549999237060547,17.579999923706055,55200,18.739999771118164,18.790000915527344,18.670000076293945,18.670000076293945,36600
2018-04-25,17.950000762939453,17.989999771118164,17.809999465942383,17.809999465942383,131600,18.780000686645508,18.850000381469727,18.75,18.770000457763672,24800
2018-04-26,17.959999084472656,17.979999542236328,17.8700008392334,17.969999313354492,38800,18.76000022888184,18.84000015258789,18.700000762939453,18.809999465942383,28500
2018-04-27,18.1200008392334,18.1200008392334,17.959999084472656,18.0,80300,18.950000762939453,19.020000457763672,18.61000061035156,18.65999984741211,106400
2018-04-30,18.190000534057617,18.299999237060547,18.11000061035156,18.209999084472656,108600,18.899999618530277,19.07999992370605,18.88999938964844,19.0,50600
2018-05-01,18.3799991607666,18.38999938964844,18.25,18.25,88700,19.0,19.01000022888184,18.81999969482422,18.81999969482422,16100
2018-05-02,18.3799991607666,18.399999618530277,18.31999969482422,18.399999618530277,36500,18.8799991607666,18.989999771118164,18.8799991607666,18.989999771118164,15600
2018-05-03,18.479999542236328,18.5,18.34000015258789,18.3799991607666,118600,18.979999542236328,19.01000022888184,18.71999931335449,18.899999618530277,30400
2018-05-04,18.420000076293945,18.479999542236328,18.3799991607666,18.440000534057617,64500,18.799999237060547,18.88999938964844,18.780000686645508,18.88999938964844,14300
2018-05-07,18.149999618530277,18.299999237060547,18.149999618530277,18.290000915527344,84600,18.440000534057617,18.75,18.43000030517578,18.75,38300
2018-05-08,18.31999969482422,18.31999969482422,18.200000762939453,18.239999771118164,79400,18.540000915527344,18.56999969482422,18.440000534057617,18.530000686645508,32200
2018-05-09,18.280000686645508,18.350000381469727,18.25,18.290000915527344,37200,18.479999542236328,18.540000915527344,18.450000762939453,18.51000022888184,11400
2018-05-10,18.18000030517578,18.420000076293945,18.15999984741211,18.280000686645508,160400,18.59000015258789,18.71999931335449,18.51000022888184,18.520000457763672,42700
2018-05-11,18.059999465942383,18.149999618530277,18.030000686645508,18.1200008392334,90300,18.309999465942383,18.440000534057617,18.299999237060547,18.440000534057617,33200
2018-05-14,18.06999969482422,18.11000061035156,17.969999313354492,18.040000915527344,52600,18.420000076293945,18.549999237060547,18.420000076293945,18.440000534057617,49000
2018-05-15,18.229999542236328,18.239999771118164,18.049999237060547,18.13999938964844,52800,18.399999618530277,18.46999931335449,18.299999237060547,18.399999618530277,35200
2018-05-16,18.11000061035156,18.299999237060547,18.100000381469727,18.239999771118164,90600,18.25,18.3700008392334,18.209999084472656,18.3700008392334,24500
2018-05-17,17.989999771118164,18.229999542236328,17.959999084472656,18.229999542236328,73200,18.13999938964844,18.350000381469727,18.09000015258789,18.350000381469727,38000
2018-05-18,18.209999084472656,18.270000457763672,18.07999992370605,18.1299991607666,113900,18.149999618530277,18.239999771118164,18.1200008392334,18.239999771118164,35700
2018-05-21,18.280000686645508,18.350000381469727,18.21999931335449,18.350000381469727,133700,18.57999992370605,18.600000381469727,18.399999618530277,18.530000686645508,76700
2018-05-22,18.36000061035156,18.420000076293945,18.32999992370605,18.36000061035156,82500,18.65999984741211,18.729999542236328,18.600000381469727,18.690000534057617,33400
2018-05-23,18.46999931335449,18.5,18.32999992370605,18.32999992370605,90300,18.86000061035156,18.86000061035156,18.690000534057617,18.690000534057617,52000
2018-05-24,18.34000015258789,18.600000381469727,18.309999465942383,18.540000915527344,164500,18.799999237060547,18.959999084472656,18.799999237060547,18.940000534057617,67100
2018-05-25,18.450000762939453,18.489999771118164,18.34000015258789,18.40999984741211,44200,18.8700008392334,18.950000762939453,18.8700008392334,18.8799991607666,22500
2018-05-29,18.200000762939453,18.420000076293945,18.100000381469727,18.40999984741211,68200,18.780000686645508,18.90999984741211,18.700000762939453,18.780000686645508,42600
2018-05-30,17.979999542236328,18.09000015258789,17.8799991607666,18.09000015258789,261500,18.6299991607666,18.68000030517578,18.549999237060547,18.600000381469727,39600
2018-05-31,18.030000686645508,18.190000534057617,18.0,18.1200008392334,74700,18.6299991607666,18.809999465942383,18.57999992370605,18.809999465942383,9700
2018-06-01,17.940000534057617,18.1200008392334,17.920000076293945,18.11000061035156,91300,18.799999237060547,18.799999237060547,18.600000381469727,18.670000076293945,39800
2018-06-04,17.549999237060547,17.81999969482422,17.549999237060547,17.81999969482422,288400,18.440000534057617,18.6200008392334,18.420000076293945,18.6200008392334,9300
2018-06-05,17.670000076293945,17.700000762939453,17.579999923706055,17.649999618530273,138600,18.450000762939453,18.5,18.3700008392334,18.420000076293945,92800
2018-06-06,17.530000686645508,17.75,17.510000228881836,17.729999542236328,74000,18.3700008392334,18.5,18.36000061035156,18.5,38500
2018-06-07,17.479999542236328,17.639999389648438,17.3700008392334,17.639999389648438,96000,18.06999969482422,18.3700008392334,18.06999969482422,18.3700008392334,26000
2018-06-08,17.489999771118164,17.530000686645508,17.389999389648438,17.420000076293945,78300,18.020000457763672,18.059999465942383,17.959999084472656,18.059999465942383,33500
2018-06-11,17.06999969482422,17.440000534057617,17.059999465942383,17.40999984741211,206200,17.719999313354492,17.959999084472656,17.719999313354492,17.959999084472656,41300
2018-06-12,17.459999084472656,17.549999237060547,17.170000076293945,17.18000030517578,316900,17.799999237060547,17.8799991607666,17.739999771118164,17.760000228881836,57000
2018-06-13,17.399999618530273,17.5,17.309999465942383,17.389999389648438,319700,17.5,17.68000030517578,17.479999542236328,17.68000030517578,56500
2018-06-14,16.950000762939453,17.229999542236328,16.920000076293945,17.209999084472656,203400,17.360000610351562,17.489999771118164,17.309999465942383,17.489999771118164,50100
2018-06-15,16.8700008392334,17.110000610351562,16.690000534057617,16.75,155200,17.0,17.360000610351562,17.0,17.079999923706055,81800
2018-06-18,16.649999618530273,16.790000915527344,16.6200008392334,16.770000457763672,103600,17.040000915527344,17.09000015258789,16.950000762939453,17.06999969482422,34900
2018-06-19,16.600000381469727,16.729999542236328,16.010000228881836,16.389999389648438,399400,16.75,17.040000915527344,15.979999542236328,16.690000534057617,236200
2018-06-20,16.6299991607666,16.729999542236328,16.3799991607666,16.65999984741211,101000,16.760000228881836,16.850000381469727,16.559999465942383,16.799999237060547,88600
2018-06-21,16.75,16.809999465942383,16.6299991607666,16.65999984741211,80900,16.600000381469727,16.760000228881836,16.56999969482422,16.760000228881836,82000
2018-06-22,16.709999084472656,16.799999237060547,16.6299991607666,16.719999313354492,33100,16.84000015258789,16.860000610351562,16.6200008392334,16.75,78700
2018-06-25,16.40999984741211,16.68000030517578,16.399999618530273,16.579999923706055,101400,16.489999771118164,17.040000915527344,16.43000030517578,17.040000915527344,104900
2018-06-26,16.520000457763672,16.610000610351562,16.350000381469727,16.56999969482422,61000,16.3700008392334,16.649999618530273,16.270000457763672,16.649999618530273,44800
2018-06-27,16.5,16.700000762939453,16.469999313354492,16.59000015258789,80100,16.3799991607666,16.5,16.350000381469727,16.5,39500
2018-06-28,16.209999084472656,16.479999542236328,16.200000762939453,16.479999542236328,42000,16.31999969482422,16.43000030517578,16.25,16.34000015258789,31800
2018-06-29,16.440000534057617,16.6299991607666,16.299999237060547,16.299999237060547,86300,16.239999771118164,16.5,16.200000762939453,16.31999969482422,65500
2018-07-02,16.010000228881836,16.3799991607666,15.960000038146973,16.3799991607666,122200,16.100000381469727,16.280000686645508,16.030000686645508,16.239999771118164,64400
2018-07-03,16.190000534057617,16.270000457763672,16.1299991607666,16.139999389648438,26500,16.020000457763672,16.149999618530273,15.970000267028809,16.149999618530273,72400
2018-07-05,16.139999389648438,16.3799991607666,16.139999389648438,16.209999084472656,44400,15.84000015258789,16.139999389648438,15.81999969482422,16.010000228881836,130900
2018-07-06,16.510000228881836,16.549999237060547,16.190000534057617,16.190000534057617,82600,16.469999313354492,16.540000915527344,15.869999885559082,15.869999885559082,239000
2018-07-09,16.290000915527344,16.3700008392334,16.139999389648438,16.3700008392334,59700,16.139999389648438,16.360000610351562,16.020000457763672,16.360000610351562,120600
2018-07-10,16.040000915527344,16.200000762939453,15.880000114440918,16.200000762939453,214700,16.1299991607666,16.260000228881836,16.059999465942383,16.139999389648438,138500
2018-07-11,15.760000228881836,15.970000267028809,15.729999542236328,15.920000076293944,117300,15.729999542236328,15.970000267028809,15.699999809265137,15.970000267028809,189900
2018-07-12,15.9399995803833,16.1299991607666,15.65999984741211,15.800000190734863,124100,15.739999771118164,15.84000015258789,15.539999961853027,15.8100004196167,249400
2018-07-13,15.770000457763672,15.890000343322754,15.699999809265137,15.850000381469728,56500,15.510000228881836,15.630000114440918,15.359999656677246,15.630000114440918,282100
2018-07-16,15.850000381469728,15.960000038146973,15.779999732971191,15.779999732971191,23800,15.739999771118164,15.84000015258789,15.510000228881836,15.520000457763672,218500
2018-07-17,16.040000915527344,16.100000381469727,15.9399995803833,15.989999771118164,97200,15.850000381469728,15.899999618530272,15.6899995803833,15.81999969482422,101600
2018-07-18,16.049999237060547,16.1200008392334,15.989999771118164,16.1200008392334,41900,15.880000114440918,16.010000228881836,15.75,15.979999542236328,76200
2018-07-19,16.200000762939453,16.219999313354492,16.020000457763672,16.06999969482422,82100,15.960000038146973,15.979999542236328,15.8100004196167,15.850000381469728,100900
2018-07-20,16.31999969482422,16.329999923706055,16.1299991607666,16.239999771118164,81800,16.020000457763672,16.040000915527344,15.880000114440918,16.0,101000
2018-07-23,16.40999984741211,16.469999313354492,16.329999923706055,16.389999389648438,41100,15.970000267028809,16.09000015258789,15.960000038146973,16.020000457763672,97900
2018-07-24,16.239999771118164,16.3700008392334,16.200000762939453,16.260000228881836,49500,16.18000030517578,16.219999313354492,15.899999618530272,15.949999809265137,162600
2018-07-25,16.530000686645508,16.530000686645508,16.329999923706055,16.329999923706055,86100,16.350000381469727,16.350000381469727,16.1200008392334,16.15999984741211,150400
2018-07-26,16.530000686645508,16.729999542236328,16.510000228881836,16.68000030517578,183000,16.149999618530273,16.559999465942383,16.1200008392334,16.540000915527344,326000
2018-07-27,16.56999969482422,16.639999389648438,16.520000457763672,16.520000457763672,34800,16.360000610351562,16.399999618530273,16.25,16.280000686645508,174800
2018-07-30,16.799999237060547,16.889999389648438,16.719999313354492,16.719999313354492,57600,16.489999771118164,16.520000457763672,16.40999984741211,16.450000762939453,99800
2018-07-31,16.959999084472656,17.06999969482422,16.809999465942383,16.90999984741211,79000,16.860000610351562,16.959999084472656,16.559999465942383,16.559999465942383,280200
2018-08-01,16.739999771118164,17.010000228881836,16.670000076293945,16.959999084472656,50500,16.65999984741211,16.760000228881836,16.600000381469727,16.65999984741211,83000
2018-08-02,16.81999969482422,17.0,16.770000457763672,16.829999923706055,43200,16.6299991607666,16.6299991607666,16.389999389648438,16.559999465942383,214100
2018-08-03,16.950000762939453,17.0,16.790000915527344,16.81999969482422,70600,16.68000030517578,16.719999313354492,16.399999618530273,16.399999618530273,132900
2018-08-06,16.979999542236328,17.030000686645508,16.950000762939453,16.979999542236328,33600,16.520000457763672,16.549999237060547,16.43000030517578,16.540000915527344,64900
2018-08-07,16.969999313354492,17.040000915527344,16.90999984741211,17.030000686645508,50000,16.700000762939453,16.770000457763672,16.6200008392334,16.649999618530273,59300
2018-08-08,16.979999542236328,17.09000015258789,16.950000762939453,17.0,64600,16.860000610351562,16.8799991607666,16.729999542236328,16.780000686645508,69300
2018-08-09,16.850000381469727,16.989999771118164,16.780000686645508,16.959999084472656,53800,16.729999542236328,16.860000610351562,16.700000762939453,16.829999923706055,69000
2018-08-10,16.420000076293945,16.90999984741211,16.40999984741211,16.850000381469727,338500,16.030000686645508,16.639999389648438,16.0,16.600000381469727,316100
2018-08-13,16.399999618530273,16.40999984741211,16.239999771118164,16.280000686645508,32900,16.1299991607666,16.139999389648438,15.81999969482422,15.899999618530272,52500
2018-08-14,16.65999984741211,16.65999984741211,16.40999984741211,16.440000534057617,37500,16.280000686645508,16.299999237060547,16.079999923706055,16.219999313354492,71700
2018-08-15,16.610000610351562,16.690000534057617,16.520000457763672,16.520000457763672,36400,16.1200008392334,16.270000457763672,16.110000610351562,16.1299991607666,71500
2018-08-16,16.780000686645508,16.829999923706055,16.719999313354492,16.719999313354492,38400,16.649999618530273,16.65999984741211,16.34000015258789,16.450000762939453,155200
2018-08-17,16.700000762939453,16.799999237060547,16.6299991607666,16.739999771118164,48300,16.649999618530273,16.700000762939453,16.31999969482422,16.520000457763672,121600
2018-08-20,16.670000076293945,16.700000762939453,16.549999237060547,16.700000762939453,30300,16.549999237060547,16.719999313354492,16.520000457763672,16.68000030517578,80300
2018-08-21,16.540000915527344,16.670000076293945,16.479999542236328,16.520000457763672,29800,16.43000030517578,16.540000915527344,16.420000076293945,16.459999084472656,55400
2018-08-22,16.260000228881836,16.469999313354492,16.229999542236328,16.469999313354492,64200,16.190000534057617,16.299999237060547,16.1299991607666,16.299999237060547,78300
2018-08-23,16.040000915527344,16.229999542236328,16.030000686645508,16.200000762939453,85700,15.869999885559082,16.1299991607666,15.850000381469728,16.079999923706055,109100
2018-08-24,16.09000015258789,16.149999618530273,16.030000686645508,16.059999465942383,50400,15.890000343322754,15.979999542236328,15.880000114440918,15.949999809265137,22500
2018-08-27,16.020000457763672,16.1299991607666,15.899999618530272,16.0,320300,15.81999969482422,15.859999656677246,15.600000381469728,15.739999771118164,68700
2018-08-28,15.859999656677246,16.09000015258789,15.850000381469728,16.06999969482422,55500,15.600000381469728,15.800000190734863,15.550000190734863,15.800000190734863,68700
2018-08-29,15.869999885559082,15.93000030517578,15.829999923706056,15.93000030517578,36100,15.630000114440918,15.739999771118164,15.609999656677246,15.640000343322754,59700
2018-08-30,15.850000381469728,15.949999809265137,15.81999969482422,15.949999809265137,49200,15.5,15.699999809265137,15.479999542236328,15.699999809265137,103200
2018-08-31,16.200000762939453,16.219999313354492,15.869999885559082,15.899999618530272,52300,15.789999961853027,15.789999961853027,15.520000457763672,15.529999732971191,44800
2018-09-04,16.290000915527344,16.299999237060547,16.06999969482422,16.1299991607666,68300,15.760000228881836,15.850000381469728,15.609999656677246,15.720000267028809,53700
2018-09-05,16.200000762939453,16.299999237060547,16.139999389648438,16.209999084472656,18300,15.670000076293944,15.729999542236328,15.619999885559082,15.729999542236328,43300
2018-09-06,16.219999313354492,16.270000457763672,16.110000610351562,16.110000610351562,40500,15.68000030517578,15.710000038146973,15.600000381469728,15.710000038146973,61600
2018-09-07,16.25,16.31999969482422,16.149999618530273,16.149999618530273,59400,15.789999961853027,15.800000190734863,15.640000343322754,15.68000030517578,15000
2018-09-10,16.280000686645508,16.290000915527344,16.18000030517578,16.239999771118164,42600,15.800000190734863,15.84000015258789,15.75,15.8100004196167,17000
2018-09-11,16.239999771118164,16.309999465942383,16.219999313354492,16.239999771118164,35900,15.520000457763672,15.729999542236328,15.510000228881836,15.729999542236328,61600
2018-09-12,15.779999732971191,16.200000762939453,15.68000030517578,16.190000534057617,325800,15.710000038146973,15.710000038146973,15.350000381469728,15.460000038146973,114100
2018-09-13,15.699999809265137,15.800000190734863,15.630000114440918,15.760000228881836,55800,15.619999885559082,15.779999732971191,15.579999923706056,15.6899995803833,45100
2018-09-14,15.710000038146973,15.729999542236328,15.649999618530272,15.649999618530272,31600,15.550000190734863,15.649999618530272,15.529999732971191,15.630000114440918,26000
2018-09-17,15.59000015258789,15.68000030517578,15.579999923706056,15.68000030517578,55600,15.460000038146973,15.520000457763672,15.449999809265137,15.449999809265137,24000
2018-09-18,15.399999618530272,15.5600004196167,15.390000343322754,15.5600004196167,98700,15.300000190734863,15.420000076293944,15.260000228881836,15.420000076293944,54000
2018-09-19,15.5,15.539999961853027,15.40999984741211,15.40999984741211,49900,15.56999969482422,15.59000015258789,15.270000457763672,15.270000457763672,54700
2018-09-20,15.75,15.859999656677246,15.5,15.56999969482422,91900,15.850000381469728,15.970000267028809,15.489999771118164,15.550000190734863,65000
2018-09-21,15.93000030517578,15.9399995803833,15.770000457763672,15.789999961853027,69300,15.880000114440918,15.899999618530272,15.760000228881836,15.800000190734863,73500
2018-09-24,16.030000686645508,16.079999923706055,15.899999618530272,15.90999984741211,189400,15.75,15.8100004196167,15.710000038146973,15.789999961853027,27100
2018-09-25,16.139999389648438,16.149999618530273,15.949999809265137,15.970000267028809,86100,15.850000381469728,16.049999237060547,15.75,15.75,78200
2018-09-26,16.059999465942383,16.149999618530273,16.049999237060547,16.110000610351562,39200,15.920000076293944,15.970000267028809,15.850000381469728,15.970000267028809,19800
2018-09-27,16.18000030517578,16.200000762939453,16.100000381469727,16.149999618530273,26700,15.979999542236328,16.049999237060547,15.90999984741211,15.920000076293944,45000
2018-09-28,15.869999885559082,16.219999313354492,15.800000190734863,16.190000534057617,126600,15.850000381469728,16.079999923706055,15.779999732971191,15.979999542236328,70100
2018-10-01,16.229999542236328,16.229999542236328,15.9399995803833,15.9399995803833,53500,16.020000457763672,16.149999618530273,15.81999969482422,15.81999969482422,45500
2018-10-02,16.290000915527344,16.31999969482422,16.149999618530273,16.190000534057617,56700,16.200000762939453,16.219999313354492,16.0,16.040000915527344,51900
2018-10-03,16.149999618530273,16.290000915527344,16.149999618530273,16.219999313354492,23900,16.1200008392334,16.25,16.110000610351562,16.25,51700
2018-10-04,16.280000686645508,16.309999465942383,16.219999313354492,16.25,27400,16.100000381469727,16.229999542236328,16.079999923706055,16.209999084472656,40000
2018-10-05,16.25,16.309999465942383,16.1299991607666,16.25,86600,16.25,16.270000457763672,15.970000267028809,16.100000381469727,119200
2018-10-08,16.209999084472656,16.25,16.15999984741211,16.209999084472656,38000,16.219999313354492,16.280000686645508,16.15999984741211,16.229999542236328,30100
2018-10-09,16.15999984741211,16.25,16.1299991607666,16.18000030517578,36700,16.1200008392334,16.200000762939453,16.100000381469727,16.200000762939453,24900
2018-10-10,16.049999237060547,16.15999984741211,16.049999237060547,16.15999984741211,33100,15.920000076293944,16.09000015258789,15.869999885559082,16.09000015258789,34800
2018-10-11,16.329999923706055,16.440000534057617,15.989999771118164,16.0,136400,16.030000686645508,16.1200008392334,15.850000381469728,15.850000381469728,79900
2018-10-12,16.5,16.5,16.31999969482422,16.329999923706055,144800,16.229999542236328,16.229999542236328,16.100000381469727,16.139999389648438,32400
2018-10-15,16.6200008392334,16.670000076293945,16.479999542236328,16.479999542236328,76700,16.610000610351562,16.639999389648438,16.219999313354492,16.219999313354492,111700
2018-10-16,16.549999237060547,16.579999923706055,16.489999771118164,16.559999465942383,68600,16.459999084472656,16.559999465942383,16.40999984741211,16.520000457763672,78000
2018-10-17,16.479999542236328,16.559999465942383,16.479999542236328,16.5,27500,16.489999771118164,16.56999969482422,16.450000762939453,16.469999313354492,60700
2018-10-18,16.3799991607666,16.420000076293945,16.329999923706055,16.389999389648438,77700,16.15999984741211,16.299999237060547,16.1200008392334,16.280000686645508,65600
2018-10-19,16.219999313354492,16.34000015258789,16.209999084472656,16.34000015258789,44300,15.979999542236328,16.15999984741211,15.979999542236328,16.15999984741211,45200
2018-10-22,16.350000381469727,16.3799991607666,16.260000228881836,16.260000228881836,46500,15.989999771118164,16.09000015258789,15.979999542236328,16.0,37600
2018-10-23,16.3799991607666,16.450000762939453,16.280000686645508,16.360000610351562,46700,16.0,16.09000015258789,15.899999618530272,15.93000030517578,12700
2018-10-24,16.290000915527344,16.34000015258789,16.280000686645508,16.34000015258789,16000,15.869999885559082,15.979999542236328,15.869999885559082,15.979999542236328,45500
2018-10-25,16.049999237060547,16.190000534057617,16.020000457763672,16.18000030517578,46300,15.75,15.850000381469728,15.6899995803833,15.850000381469728,60400
2018-10-26,16.329999923706055,16.360000610351562,16.06999969482422,16.06999969482422,227300,15.779999732971191,15.859999656677246,15.75,15.760000228881836,38500
2018-10-29,16.280000686645508,16.3700008392334,16.229999542236328,16.360000610351562,46500,15.6899995803833,15.84000015258789,15.649999618530272,15.800000190734863,37500
2018-10-30,16.190000534057617,16.290000915527344,16.170000076293945,16.290000915527344,30900,15.59000015258789,15.699999809265137,15.56999969482422,15.6899995803833,18600
2018-10-31,16.1200008392334,16.18000030517578,16.100000381469727,16.149999618530273,12600,15.619999885559082,15.710000038146973,15.550000190734863,15.5600004196167,52100
2018-11-01,16.209999084472656,16.399999618530273,16.09000015258789,16.15999984741211,39600,16.1200008392334,16.270000457763672,15.619999885559082,15.619999885559082,80600
2018-11-02,16.389999389648438,16.469999313354492,16.200000762939453,16.229999542236328,42500,16.309999465942383,16.329999923706055,16.139999389648438,16.25,139300
2018-11-05,16.469999313354492,16.5,16.420000076293945,16.459999084472656,19700,16.229999542236328,16.350000381469727,16.209999084472656,16.209999084472656,24300
2018-11-06,16.440000534057617,16.510000228881836,16.43000030517578,16.469999313354492,27300,16.280000686645508,16.280000686645508,16.1299991607666,16.18000030517578,93200
2018-11-07,16.399999618530273,16.450000762939453,16.399999618530273,16.399999618530273,23100,16.15999984741211,16.219999313354492,16.09000015258789,16.219999313354492,27200
2018-11-08,16.459999084472656,16.600000381469727,16.18000030517578,16.450000762939453,155500,16.139999389648438,16.239999771118164,15.869999885559082,16.149999618530273,80600
2018-11-09,16.299999237060547,16.40999984741211,16.260000228881836,16.350000381469727,20800,16.280000686645508,16.329999923706055,16.100000381469727,16.110000610351562,43900
2018-11-12,16.31999969482422,16.420000076293945,16.299999237060547,16.31999969482422,15800,16.190000534057617,16.25,16.149999618530273,16.229999542236328,21100
2018-11-13,16.170000076293945,16.270000457763672,16.15999984741211,16.270000457763672,27900,16.18000030517578,16.280000686645508,16.1299991607666,16.260000228881836,42100
2018-11-14,16.18000030517578,16.260000228881836,16.149999618530273,16.25,30900,16.209999084472656,16.280000686645508,16.200000762939453,16.209999084472656,15100
2018-11-15,16.170000076293945,16.350000381469727,16.170000076293945,16.290000915527344,21500,16.309999465942383,16.420000076293945,16.219999313354492,16.31999969482422,96100
2018-11-16,16.1200008392334,16.170000076293945,16.079999923706055,16.170000076293945,42400,16.309999465942383,16.3700008392334,16.18000030517578,16.260000228881836,28400
2018-11-19,16.020000457763672,16.149999618530273,15.979999542236328,16.100000381469727,69100,16.020000457763672,16.309999465942383,16.0,16.309999465942383,35500
2018-11-20,15.979999542236328,16.040000915527344,15.979999542236328,16.040000915527344,21800,16.18000030517578,16.239999771118164,16.059999465942383,16.059999465942383,20600
2018-11-21,16.010000228881836,16.010000228881836,15.949999809265137,15.989999771118164,12700,16.209999084472656,16.280000686645508,16.100000381469727,16.15999984741211,12500
2018-11-23,15.9399995803833,16.010000228881836,15.90999984741211,16.010000228881836,8300,16.15999984741211,16.229999542236328,16.149999618530273,16.229999542236328,7300
2018-11-26,15.8100004196167,15.9399995803833,15.800000190734863,15.869999885559082,66600,15.850000381469728,16.09000015258789,15.760000228881836,16.09000015258789,108400
2018-11-27,15.829999923706056,15.880000114440918,15.789999961853027,15.800000190734863,26300,16.1200008392334,16.1299991607666,15.859999656677246,15.880000114440918,23900
2018-11-28,16.040000915527344,16.040000915527344,15.880000114440918,15.880000114440918,42700,16.350000381469727,16.3700008392334,16.18000030517578,16.18000030517578,44500
2018-11-29,16.0,16.059999465942383,15.979999542236328,16.0,9600,16.270000457763672,16.350000381469727,16.209999084472656,16.270000457763672,28400
2018-11-30,16.170000076293945,16.18000030517578,16.049999237060547,16.049999237060547,140500,16.360000610351562,16.40999984741211,16.309999465942383,16.3700008392334,68800
2018-12-03,16.329999923706055,16.3799991607666,16.290000915527344,16.309999465942383,46500,16.56999969482422,16.729999542236328,16.549999237060547,16.729999542236328,209800
2018-12-04,16.40999984741211,16.40999984741211,16.309999465942383,16.329999923706055,38700,16.6200008392334,16.68000030517578,16.579999923706055,16.6200008392334,103800
2018-12-06,16.360000610351562,16.399999618530273,16.219999313354492,16.350000381469727,35800,16.639999389648438,16.649999618530273,16.40999984741211,16.600000381469727,118300
2018-12-07,16.450000762939453,16.469999313354492,16.3799991607666,16.399999618530273,124200,16.75,16.760000228881836,16.649999618530273,16.690000534057617,59900
2018-12-10,16.3799991607666,16.469999313354492,16.360000610351562,16.3700008392334,25800,16.610000610351562,16.729999542236328,16.610000610351562,16.729999542236328,50400
2018-12-11,16.43000030517578,16.459999084472656,16.309999465942383,16.40999984741211,34800,16.75,16.760000228881836,16.6200008392334,16.670000076293945,65800
2018-12-12,16.420000076293945,16.530000686645508,16.399999618530273,16.469999313354492,42500,16.81999969482422,16.940000534057617,16.75,16.780000686645508,103200
2018-12-13,16.40999984741211,16.479999542236328,16.389999389648438,16.440000534057617,12400,16.6200008392334,16.829999923706055,16.56999969482422,16.809999465942383,56100
2018-12-14,16.40999984741211,16.530000686645508,16.40999984741211,16.450000762939453,19800,16.479999542236328,16.639999389648438,16.469999313354492,16.639999389648438,48800
2018-12-17,16.3799991607666,16.469999313354492,16.3700008392334,16.420000076293945,22600,16.56999969482422,16.6200008392334,16.530000686645508,16.540000915527344,46200
2018-12-18,16.469999313354492,16.479999542236328,16.389999389648438,16.389999389648438,14900,16.610000610351562,16.68000030517578,16.56999969482422,16.600000381469727,30300
2018-12-19,16.31999969482422,16.450000762939453,16.31999969482422,16.420000076293945,50500,16.450000762939453,16.610000610351562,16.440000534057617,16.610000610351562,90700
2018-12-20,16.100000381469727,16.3799991607666,16.100000381469727,16.329999923706055,23000,16.360000610351562,16.549999237060547,16.350000381469727,16.549999237060547,37300
2018-12-21,16.18000030517578,16.239999771118164,16.09000015258789,16.110000610351562,128300,16.139999389648438,16.3700008392334,16.1299991607666,16.299999237060547,86300
2018-12-24,16.15999984741211,16.190000534057617,15.989999771118164,15.989999771118164,38900,16.200000762939453,16.3700008392334,15.81999969482422,16.0,33400
2018-12-26,15.979999542236328,16.200000762939453,15.979999542236328,16.149999618530273,38900,15.949999809265137,16.309999465942383,15.949999809265137,16.18000030517578,56900
2018-12-27,16.06999969482422,16.1200008392334,15.899999618530272,15.899999618530272,61400,16.020000457763672,16.059999465942383,15.93000030517578,15.93000030517578,18000
2018-12-28,16.100000381469727,16.170000076293945,16.09000015258789,16.100000381469727,15500,16.200000762939453,16.280000686645508,16.049999237060547,16.049999237060547,20100
2018-12-31,16.049999237060547,16.149999618530273,16.010000228881836,16.09000015258789,49000,16.18000030517578,16.299999237060547,16.1299991607666,16.299999237060547,39000
2019-01-02,16.1200008392334,16.170000076293945,16.030000686645508,16.100000381469727,9700,16.3799991607666,16.459999084472656,16.18000030517578,16.18000030517578,37500
2019-01-03,16.25,16.280000686645508,16.139999389648438,16.139999389648438,135500,16.459999084472656,16.479999542236328,16.420000076293945,16.450000762939453,25100
2019-01-04,16.399999618530273,16.399999618530273,16.280000686645508,16.280000686645508,90600,16.639999389648438,16.639999389648438,16.549999237060547,16.59000015258789,42700
2019-01-07,16.399999618530273,16.420000076293945,16.350000381469727,16.420000076293945,41100,16.68000030517578,16.75,16.649999618530273,16.75,49900
2019-01-08,16.329999923706055,16.440000534057617,16.280000686645508,16.43000030517578,147100,16.56999969482422,16.700000762939453,16.520000457763672,16.68000030517578,39400
2019-01-09,16.399999618530273,16.440000534057617,16.350000381469727,16.350000381469727,29700,16.719999313354492,16.729999542236328,16.610000610351562,16.610000610351562,16900
2019-01-10,16.200000762939453,16.3799991607666,16.170000076293945,16.3799991607666,36600,16.389999389648438,16.6299991607666,16.3799991607666,16.6299991607666,60200
2019-01-11,16.270000457763672,16.290000915527344,16.219999313354492,16.25,9200,16.450000762939453,16.489999771118164,16.420000076293945,16.420000076293945,17200
2019-01-14,16.31999969482422,16.350000381469727,16.209999084472656,16.260000228881836,23100,16.360000610351562,16.399999618530273,16.329999923706055,16.399999618530273,19200
2019-01-15,16.049999237060547,16.299999237060547,16.010000228881836,16.299999237060547,35800,16.200000762939453,16.329999923706055,16.170000076293945,16.329999923706055,15500
2019-01-16,16.1299991607666,16.1299991607666,16.079999923706055,16.079999923706055,10500,16.25,16.290000915527344,16.139999389648438,16.280000686645508,22000
2019-01-17,16.290000915527344,16.360000610351562,16.110000610351562,16.149999618530273,28800,16.489999771118164,16.5,16.209999084472656,16.270000457763672,75300
2019-01-18,16.350000381469727,16.3799991607666,16.280000686645508,16.34000015258789,18900,16.559999465942383,16.6299991607666,16.43000030517578,16.510000228881836,37000
2019-01-22,16.25,16.360000610351562,16.209999084472656,16.360000610351562,40900,16.510000228881836,16.579999923706055,16.290000915527344,16.559999465942383,63200
2019-01-23,16.280000686645508,16.350000381469727,16.25,16.31999969482422,7400,16.549999237060547,16.600000381469727,16.510000228881836,16.510000228881836,9400
2019-01-24,16.239999771118164,16.280000686645508,16.190000534057617,16.270000457763672,9500,16.579999923706055,16.600000381469727,16.469999313354492,16.559999465942383,9300
2019-01-25,16.309999465942383,16.329999923706055,16.18000030517578,16.25,14000,16.670000076293945,16.709999084472656,16.520000457763672,16.600000381469727,32900
2019-01-28,16.299999237060547,16.329999923706055,16.25,16.309999465942383,71000,16.690000534057617,16.690000534057617,16.559999465942383,16.65999984741211,15000
2019-01-29,16.260000228881836,16.270000457763672,16.190000534057617,16.260000228881836,9300,16.6200008392334,16.639999389648438,16.59000015258789,16.610000610351562,29000
2019-01-30,16.350000381469727,16.3799991607666,16.299999237060547,16.299999237060547,21900,16.649999618530273,16.68000030517578,16.59000015258789,16.639999389648438,16600
2019-01-31,16.190000534057617,16.329999923706055,16.149999618530273,16.309999465942383,80800,16.579999923706055,16.75,16.510000228881836,16.700000762939453,30600
2019-02-01,16.239999771118164,16.360000610351562,16.239999771118164,16.309999465942383,48800,16.600000381469727,16.809999465942383,16.579999923706055,16.799999237060547,47500
2019-02-04,16.280000686645508,16.329999923706055,16.219999313354492,16.25,22900,16.6299991607666,16.68000030517578,16.579999923706055,16.579999923706055,20200
2019-02-05,16.329999923706055,16.350000381469727,16.209999084472656,16.270000457763672,33400,16.649999618530273,16.670000076293945,16.530000686645508,16.649999618530273,22800
2019-02-06,16.309999465942383,16.329999923706055,16.280000686645508,16.309999465942383,17600,16.670000076293945,16.68000030517578,16.600000381469727,16.600000381469727,8800
2019-02-07,16.170000076293945,16.290000915527344,16.149999618530273,16.290000915527344,37800,16.540000915527344,16.639999389648438,16.510000228881836,16.610000610351562,28400
2019-02-08,16.06999969482422,16.360000610351562,16.06999969482422,16.190000534057617,60900,16.59000015258789,16.59000015258789,16.459999084472656,16.549999237060547,40000
2019-02-11,16.06999969482422,16.06999969482422,15.989999771118164,16.059999465942383,35400,16.389999389648438,16.549999237060547,16.360000610351562,16.549999237060547,38400
2019-02-12,16.219999313354492,16.239999771118164,16.06999969482422,16.100000381469727,42500,16.6200008392334,16.6299991607666,16.399999618530273,16.43000030517578,23900
2019-02-13,16.280000686645508,16.280000686645508,16.170000076293945,16.239999771118164,44100,16.579999923706055,16.610000610351562,16.549999237060547,16.59000015258789,18600
2019-02-14,16.139999389648438,16.229999542236328,16.100000381469727,16.229999542236328,47000,16.40999984741211,16.489999771118164,16.3700008392334,16.479999542236328,20100
2019-02-15,16.110000610351562,16.18000030517578,16.059999465942383,16.139999389648438,96800,16.459999084472656,16.459999084472656,16.329999923706055,16.440000534057617,22800
2019-02-19,15.9399995803833,16.1299991607666,15.90999984741211,16.100000381469727,99100,16.309999465942383,16.420000076293945,16.229999542236328,16.420000076293945,60100
2019-02-20,16.010000228881836,16.040000915527344,15.90999984741211,15.960000038146973,23000,16.350000381469727,16.3700008392334,16.190000534057617,16.270000457763672,36000
2019-02-21,16.15999984741211,16.290000915527344,16.149999618530273,16.200000762939453,55400,16.489999771118164,16.540000915527344,16.440000534057617,16.469999313354492,27000
2019-02-22,16.200000762939453,16.239999771118164,16.170000076293945,16.219999313354492,35500,16.489999771118164,16.520000457763672,16.450000762939453,16.5,21200
2019-02-25,16.030000686645508,16.219999313354492,16.020000457763672,16.219999313354492,24300,16.469999313354492,16.6299991607666,16.469999313354492,16.6299991607666,31400
2019-02-26,15.850000381469728,15.989999771118164,15.850000381469728,15.989999771118164,81500,16.360000610351562,16.43000030517578,16.290000915527344,16.43000030517578,69400
2019-02-27,15.760000228881836,15.93000030517578,15.75,15.93000030517578,35300,16.3700008392334,16.459999084472656,16.350000381469727,16.399999618530273,15100
2019-02-28,15.649999618530272,15.770000457763672,15.649999618530272,15.739999771118164,35200,16.260000228881836,16.3799991607666,16.25,16.329999923706055,10100
2019-03-01,15.760000228881836,15.779999732971191,15.5,15.68000030517578,47200,16.25,16.31999969482422,16.079999923706055,16.309999465942383,51700
2019-03-04,15.869999885559082,15.949999809265137,15.829999923706056,15.90999984741211,39800,16.389999389648438,16.5,16.360000610351562,16.399999618530273,37000
2019-03-05,15.890000343322754,15.9399995803833,15.850000381469728,15.850000381469728,13800,16.329999923706055,16.350000381469727,16.260000228881836,16.260000228881836,19000
2019-03-06,15.760000228881836,15.890000343322754,15.710000038146973,15.890000343322754,10300,16.1299991607666,16.329999923706055,16.100000381469727,16.329999923706055,23500
2019-03-07,15.489999771118164,15.720000267028809,15.449999809265137,15.720000267028809,35100,16.1299991607666,16.190000534057617,16.049999237060547,16.1200008392334,30700
2019-03-08,15.470000267028809,15.550000190734863,15.350000381469728,15.550000190734863,53800,16.010000228881836,16.100000381469727,15.93000030517578,16.079999923706055,30800
2019-03-11,15.399999618530272,15.510000228881836,15.380000114440918,15.510000228881836,31900,15.9399995803833,16.010000228881836,15.899999618530272,16.010000228881836,28800
2019-03-12,15.5600004196167,15.59000015258789,15.399999618530272,15.399999618530272,28400,16.020000457763672,16.049999237060547,15.920000076293944,15.970000267028809,17600
2019-03-13,15.579999923706056,15.670000076293944,15.489999771118164,15.520000457763672,45200,16.09000015258789,16.100000381469727,15.960000038146973,15.960000038146973,17200
2019-03-14,15.670000076293944,15.75,15.600000381469728,15.630000114440918,23100,16.100000381469727,16.15999984741211,16.049999237060547,16.09000015258789,15000
2019-03-15,15.75,15.779999732971191,15.6899995803833,15.6899995803833,17600,16.149999618530273,16.219999313354492,16.100000381469727,16.100000381469727,17300
2019-03-18,15.75,15.829999923706056,15.68000030517578,15.770000457763672,24500,16.09000015258789,16.149999618530273,16.049999237060547,16.110000610351562,13000
2019-03-19,15.720000267028809,15.800000190734863,15.609999656677246,15.729999542236328,27400,16.170000076293945,16.219999313354492,16.06999969482422,16.219999313354492,21900
2019-03-20,15.739999771118164,15.75,15.649999618530272,15.75,17200,16.110000610351562,16.190000534057617,16.030000686645508,16.079999923706055,6400
2019-03-21,15.899999618530272,15.9399995803833,15.760000228881836,15.800000190734863,58100,16.209999084472656,16.25,16.100000381469727,16.15999984741211,24000
2019-03-22,15.989999771118164,16.049999237060547,15.899999618530272,16.020000457763672,98200,16.049999237060547,16.200000762939453,16.049999237060547,16.200000762939453,20500
2019-03-25,16.030000686645508,16.06999969482422,15.9399995803833,16.0,114200,16.149999618530273,16.149999618530273,16.079999923706055,16.1299991607666,10900
2019-03-26,15.960000038146973,16.049999237060547,15.899999618530272,16.030000686645508,45600,16.049999237060547,16.139999389648438,16.020000457763672,16.1200008392334,14400
2019-03-27,15.850000381469728,15.949999809265137,15.789999961853027,15.949999809265137,27400,15.880000114440918,16.0,15.81999969482422,16.0,27500
2019-03-28,15.84000015258789,15.890000343322754,15.8100004196167,15.859999656677246,80400,15.829999923706056,15.90999984741211,15.829999923706056,15.899999618530272,21700
2019-03-29,15.229999542236328,15.850000381469728,15.220000267028809,15.850000381469728,387400,15.75,15.90999984741211,15.75,15.899999618530272,25300
2019-04-01,15.43000030517578,15.449999809265137,15.329999923706056,15.329999923706056,216500,15.949999809265137,16.010000228881836,15.859999656677246,15.880000114440918,28700
2019-04-02,15.43000030517578,15.4399995803833,15.3100004196167,15.420000076293944,49600,16.049999237060547,16.079999923706055,15.93000030517578,15.970000267028809,34600
2019-04-03,15.489999771118164,15.539999961853027,15.399999618530272,15.510000228881836,55700,16.049999237060547,16.149999618530273,15.960000038146973,16.09000015258789,18200
2019-04-04,15.5600004196167,15.609999656677246,15.5,15.5,60600,16.149999618530273,16.170000076293945,16.06999969482422,16.06999969482422,31000
2019-04-05,15.399999618530272,15.489999771118164,15.380000114440918,15.489999771118164,42100,16.049999237060547,16.100000381469727,16.010000228881836,16.100000381469727,15900
2019-04-08,15.359999656677246,15.460000038146973,15.31999969482422,15.460000038146973,45500,16.049999237060547,16.1200008392334,16.010000228881836,16.059999465942383,21500
2019-04-09,15.369999885559082,15.40999984741211,15.149999618530272,15.300000190734863,108600,16.059999465942383,16.059999465942383,15.979999542236328,16.049999237060547,29600
2019-04-10,15.399999618530272,15.449999809265137,15.380000114440918,15.380000114440918,35900,16.079999923706055,16.09000015258789,16.049999237060547,16.059999465942383,6700
2019-04-11,15.350000381469728,15.420000076293944,15.279999732971191,15.399999618530272,25800,15.949999809265137,16.040000915527344,15.9399995803833,16.040000915527344,15700
2019-04-12,15.350000381469728,15.369999885559082,15.270000457763672,15.34000015258789,97300,15.9399995803833,16.010000228881836,15.9399995803833,15.9399995803833,8000
2019-04-15,15.4399995803833,15.479999542236328,15.390000343322754,15.4399995803833,40100,16.020000457763672,16.059999465942383,15.989999771118164,15.989999771118164,4600
2019-04-16,15.260000228881836,15.350000381469728,15.239999771118164,15.350000381469728,57700,15.850000381469728,15.949999809265137,15.8100004196167,15.949999809265137,28100
2019-04-17,15.270000457763672,15.31999969482422,15.210000038146973,15.260000228881836,31700,15.720000267028809,15.859999656677246,15.710000038146973,15.850000381469728,32900
2019-04-18,15.239999771118164,15.279999732971191,15.220000267028809,15.279999732971191,32000,15.720000267028809,15.729999542236328,15.649999618530272,15.6899995803833,21300
2019-04-22,15.06999969482422,15.210000038146973,15.06999969482422,15.1899995803833,56200,15.670000076293944,15.729999542236328,15.670000076293944,15.699999809265137,19400
2019-04-23,14.979999542236328,15.119999885559082,14.949999809265137,15.119999885559082,84200,15.4399995803833,15.68000030517578,15.40999984741211,15.68000030517578,84900
2019-04-24,14.770000457763672,14.970000267028809,14.770000457763672,14.970000267028809,54800,15.350000381469728,15.479999542236328,15.31999969482422,15.449999809265137,59900
2019-04-25,14.850000381469728,14.979999542236328,14.640000343322754,14.729999542236328,78600,15.380000114440918,15.470000267028809,15.359999656677246,15.380000114440918,37700
2019-04-26,15.039999961853027,15.079999923706056,14.970000267028809,14.970000267028809,32100,15.31999969482422,15.399999618530272,15.300000190734863,15.380000114440918,23400
2019-04-29,15.010000228881836,15.1899995803833,15.010000228881836,15.1899995803833,45600,15.220000267028809,15.350000381469728,15.170000076293944,15.350000381469728,38100
2019-04-30,15.06999969482422,15.100000381469728,14.93000030517578,15.039999961853027,37000,15.100000381469728,15.220000267028809,15.050000190734863,15.220000267028809,45300
2019-05-01,15.300000190734863,15.300000190734863,15.09000015258789,15.130000114440918,51100,15.020000457763672,15.09000015258789,14.949999809265137,15.09000015258789,78000
2019-05-02,15.329999923706056,15.369999885559082,15.220000267028809,15.289999961853027,68800,14.90999984741211,15.029999732971191,14.899999618530272,15.029999732971191,80400
2019-05-03,15.350000381469728,15.350000381469728,15.220000267028809,15.279999732971191,75400,14.899999618530272,14.970000267028809,14.890000343322754,14.93000030517578,47300
2019-05-06,15.100000381469728,15.140000343322754,14.869999885559082,14.880000114440918,82900,14.760000228881836,14.779999732971191,14.510000228881836,14.56999969482422,98500
2019-05-07,15.229999542236328,15.239999771118164,15.09000015258789,15.109999656677246,41800,14.760000228881836,14.829999923706056,14.65999984741211,14.65999984741211,72600
2019-05-08,15.0600004196167,15.270000457763672,15.029999732971191,15.270000457763672,22500,14.670000076293944,14.760000228881836,14.649999618530272,14.75,23100
2019-05-09,14.699999809265137,14.90999984741211,14.68000030517578,14.90999984741211,83300,14.460000038146973,14.579999923706056,14.359999656677246,14.579999923706056,130700
2019-05-10,14.670000076293944,14.779999732971191,14.449999809265137,14.65999984741211,121600,14.420000076293944,14.550000190734863,14.399999618530272,14.420000076293944,146700
2019-05-13,14.869999885559082,14.880000114440918,14.380000114440918,14.4399995803833,147800,14.350000381469728,14.40999984741211,14.149999618530272,14.15999984741211,163000
2019-05-14,15.1899995803833,15.239999771118164,15.09000015258789,15.09000015258789,82900,14.789999961853027,14.899999618530272,14.579999923706056,14.630000114440918,165300
2019-05-15,15.149999618530272,15.5,15.149999618530272,15.359999656677246,125800,14.84000015258789,15.010000228881836,14.800000190734863,14.850000381469728,150300
2019-05-16,15.4399995803833,15.449999809265137,15.3100004196167,15.34000015258789,95300,14.899999618530272,14.970000267028809,14.829999923706056,14.899999618530272,67700
2019-05-17,15.460000038146973,15.510000228881836,15.43000030517578,15.489999771118164,182900,14.56999969482422,14.869999885559082,14.520000457763672,14.869999885559082,44100
2019-05-20,15.630000114440918,15.699999809265137,15.59000015258789,15.649999618530272,139100,14.770000457763672,14.84000015258789,14.720000267028809,14.729999542236328,97300
2019-05-21,15.850000381469728,15.93000030517578,15.760000228881836,15.850000381469728,200400,14.609999656677246,14.960000038146973,14.5600004196167,14.890000343322754,62500
2019-05-22,15.90999984741211,15.9399995803833,15.789999961853027,15.789999961853027,124800,14.75,14.81999969482422,14.65999984741211,14.65999984741211,31100
2019-05-23,15.779999732971191,16.040000915527344,15.699999809265137,15.90999984741211,153800,14.630000114440918,14.739999771118164,14.539999961853027,14.640000343322754,32500
2019-05-24,16.1299991607666,16.1299991607666,15.9399995803833,15.949999809265137,189300,14.739999771118164,14.760000228881836,14.710000038146973,14.739999771118164,42700
2019-05-28,16.639999389648438,16.639999389648438,16.290000915527344,16.329999923706055,493100,15.1899995803833,15.210000038146973,14.899999618530272,14.899999618530272,171700
2019-05-29,16.579999923706055,17.0,16.420000076293945,16.989999771118164,743000,15.390000343322754,15.5600004196167,15.279999732971191,15.529999732971191,156400
2019-05-30,17.020000457763672,17.25,16.700000762939453,16.700000762939453,564500,15.630000114440918,15.640000343322754,15.4399995803833,15.449999809265137,102900
2019-05-31,16.709999084472656,16.920000076293945,16.690000534057617,16.709999084472656,310500,15.470000267028809,15.649999618530272,15.420000076293944,15.539999961853027,131200
2019-06-03,16.639999389648438,16.84000015258789,16.5,16.75,319500,15.479999542236328,15.600000381469728,15.43000030517578,15.539999961853027,72200
2019-06-04,16.75,16.920000076293945,16.610000610351562,16.799999237060547,280000,15.510000228881836,15.65999984741211,15.510000228881836,15.600000381469728,44400
2019-06-05,16.350000381469727,16.65999984741211,16.31999969482422,16.559999465942383,275400,15.359999656677246,15.550000190734863,15.350000381469728,15.449999809265137,47800
2019-06-06,16.559999465942383,16.610000610351562,16.1299991607666,16.200000762939453,122600,15.31999969482422,15.369999885559082,15.149999618530272,15.229999542236328,40300
2019-06-07,16.389999389648438,16.510000228881836,16.389999389648438,16.469999313354492,81500,15.119999885559082,15.260000228881836,15.119999885559082,15.210000038146973,39500
2019-06-10,16.469999313354492,16.489999771118164,16.209999084472656,16.280000686645508,193200,15.25,15.329999923706056,15.050000190734863,15.130000114440918,24100
2019-06-11,16.75,16.8700008392334,16.200000762939453,16.360000610351562,257300,15.170000076293944,15.399999618530272,15.079999923706056,15.270000457763672,39300
2019-06-12,16.799999237060547,16.959999084472656,16.770000457763672,16.850000381469727,241900,15.489999771118164,15.5600004196167,15.229999542236328,15.229999542236328,35800
2019-06-13,17.059999465942383,17.06999969482422,16.920000076293945,17.030000686645508,255700,15.630000114440918,15.630000114440918,15.510000228881836,15.56999969482422,16600
2019-06-14,17.25,17.31999969482422,17.110000610351562,17.1200008392334,323400,15.699999809265137,15.75,15.630000114440918,15.640000343322754,44400
2019-06-17,17.40999984741211,17.549999237060547,17.270000457763672,17.549999237060547,436300,15.90999984741211,15.949999809265137,15.850000381469728,15.93000030517578,70300
2019-06-18,17.209999084472656,17.399999618530273,17.149999618530273,17.239999771118164,249600,15.899999618530272,16.0,15.869999885559082,15.899999618530272,61600
2019-06-19,16.940000534057617,17.18000030517578,16.860000610351562,17.149999618530273,214300,15.739999771118164,15.9399995803833,15.739999771118164,15.850000381469728,39000
2019-06-20,17.170000076293945,17.18000030517578,16.93000030517578,16.979999542236328,143300,15.960000038146973,15.979999542236328,15.789999961853027,15.81999969482422,43100
2019-06-21,17.020000457763672,17.149999618530273,16.979999542236328,17.100000381469727,182200,15.729999542236328,15.9399995803833,15.720000267028809,15.9399995803833,63400
2019-06-24,17.1200008392334,17.139999389648438,17.030000686645508,17.079999923706055,204900,15.859999656677246,15.869999885559082,15.779999732971191,15.800000190734863,31700
2019-06-25,17.100000381469727,17.290000915527344,17.06999969482422,17.190000534057617,193400,15.75,15.890000343322754,15.710000038146973,15.869999885559082,36100
2019-06-26,17.0,17.110000610351562,16.969999313354492,17.059999465942383,140800,15.600000381469728,15.720000267028809,15.600000381469728,15.6899995803833,25800
2019-06-27,16.899999618530273,17.079999923706055,16.899999618530273,17.079999923706055,103000,15.529999732971191,15.640000343322754,15.5,15.630000114440918,73900
2019-06-28,16.440000534057617,17.399999618530273,16.149999618530273,16.950000762939453,493000,15.729999542236328,15.8100004196167,15.5600004196167,15.59000015258789,53900
2019-07-01,16.100000381469727,16.3700008392334,16.09000015258789,16.3700008392334,229400,15.479999542236328,15.81999969482422,15.449999809265137,15.81999969482422,62700
2019-07-02,16.31999969482422,16.31999969482422,16.110000610351562,16.110000610351562,122400,15.359999656677246,15.5,15.350000381469728,15.479999542236328,26200
2019-07-03,16.760000228881836,16.780000686645508,16.420000076293945,16.420000076293945,114800,15.489999771118164,15.539999961853027,15.40999984741211,15.460000038146973,32800
2019-07-05,16.770000457763672,16.829999923706055,16.579999923706055,16.760000228881836,138100,15.270000457763672,15.5,15.260000228881836,15.5,38600
2019-07-08,16.75,16.8799991607666,16.6299991607666,16.8700008392334,76200,15.350000381469728,15.380000114440918,15.239999771118164,15.369999885559082,35000
2019-07-09,16.549999237060547,16.600000381469727,16.469999313354492,16.56999969482422,56100,15.489999771118164,15.489999771118164,15.279999732971191,15.279999732971191,24000
2019-07-10,16.639999389648438,16.709999084472656,16.459999084472656,16.520000457763672,91100,15.609999656677246,15.609999656677246,15.43000030517578,15.529999732971191,33200
2019-07-11,16.899999618530273,16.93000030517578,16.399999618530273,16.600000381469727,126600,15.710000038146973,15.710000038146973,15.550000190734863,15.56999969482422,24300
2019-07-12,17.25,17.25,16.989999771118164,16.989999771118164,178100,15.899999618530272,15.920000076293944,15.729999542236328,15.729999542236328,46200
2019-07-15,16.8700008392334,17.200000762939453,16.8700008392334,17.200000762939453,142100,15.699999809265137,15.829999923706056,15.670000076293944,15.829999923706056,67600
2019-07-16,16.709999084472656,16.760000228881836,16.559999465942383,16.690000534057617,111500,15.449999809265137,15.600000381469728,15.449999809265137,15.600000381469728,38300
2019-07-17,16.719999313354492,16.899999618530273,16.700000762939453,16.829999923706055,83700,15.380000114440918,15.520000457763672,15.369999885559082,15.510000228881836,29400
2019-07-18,16.450000762939453,16.59000015258789,16.3799991607666,16.540000915527344,185100,15.390000343322754,15.460000038146973,15.31999969482422,15.31999969482422,48100
2019-07-19,16.639999389648438,16.65999984741211,16.459999084472656,16.459999084472656,105900,15.699999809265137,15.779999732971191,15.5,15.5,23900
2019-07-22,16.350000381469727,16.510000228881836,16.329999923706055,16.399999618530273,110900,15.449999809265137,15.6899995803833,15.449999809265137,15.6899995803833,18100
2019-07-23,16.479999542236328,16.520000457763672,16.280000686645508,16.3799991607666,146400,15.460000038146973,15.510000228881836,15.380000114440918,15.43000030517578,21500
2019-07-24,16.440000534057617,16.59000015258789,16.40999984741211,16.56999969482422,38200,15.550000190734863,15.600000381469728,15.489999771118164,15.56999969482422,18900
2019-07-25,16.399999618530273,16.520000457763672,16.3799991607666,16.520000457763672,29300,15.390000343322754,15.5,15.380000114440918,15.470000267028809,20000
2019-07-26,16.299999237060547,16.389999389648438,16.280000686645508,16.360000610351562,67600,15.390000343322754,15.550000190734863,15.390000343322754,15.40999984741211,25900
2019-07-29,16.3799991607666,16.43000030517578,16.350000381469727,16.399999618530273,63800,15.520000457763672,15.579999923706056,15.449999809265137,15.470000267028809,23800
2019-07-30,16.170000076293945,16.299999237060547,16.170000076293945,16.270000457763672,97000,15.350000381469728,15.4399995803833,15.270000457763672,15.4399995803833,48900
2019-07-31,15.859999656677246,16.1299991607666,15.850000381469728,16.1299991607666,216800,15.15999984741211,15.350000381469728,15.140000343322754,15.350000381469728,87500
2019-08-01,15.670000076293944,15.90999984741211,15.539999961853027,15.890000343322754,156500,14.920000076293944,15.18000030517578,14.850000381469728,15.18000030517578,67700
2019-08-02,15.880000114440918,15.899999618530272,15.739999771118164,15.739999771118164,70700,14.979999542236328,15.020000457763672,14.93000030517578,14.970000267028809,49700
2019-08-05,16.059999465942383,16.079999923706055,15.619999885559082,15.65999984741211,158100,14.920000076293944,15.0,14.760000228881836,14.789999961853027,45500
2019-08-06,15.90999984741211,16.010000228881836,15.880000114440918,16.010000228881836,40100,14.920000076293944,15.0,14.899999618530272,14.949999809265137,21100
2019-08-07,16.040000915527344,16.040000915527344,15.81999969482422,15.90999984741211,55800,14.920000076293944,14.949999809265137,14.869999885559082,14.90999984741211,30500
2019-08-08,16.139999389648438,16.15999984741211,16.040000915527344,16.049999237060547,151300,15.220000267028809,15.220000267028809,14.949999809265137,14.949999809265137,18800
2019-08-09,16.139999389648438,16.299999237060547,16.059999465942383,16.219999313354492,113100,15.34000015258789,15.369999885559082,15.220000267028809,15.270000457763672,21700
2019-08-12,15.25,16.010000228881836,15.140000343322754,16.010000228881836,463300,15.09000015258789,15.350000381469728,15.09000015258789,15.199999809265137,18600
2019-08-13,15.020000457763672,15.31999969482422,15.0,15.0600004196167,306300,15.3100004196167,15.4399995803833,15.1899995803833,15.1899995803833,24800
2019-08-14,14.81999969482422,15.130000114440918,14.800000190734863,15.100000381469728,198700,15.100000381469728,15.3100004196167,15.100000381469728,15.210000038146973,21800
2019-08-15,14.81999969482422,14.93000030517578,14.779999732971191,14.850000381469728,125900,15.0,15.1899995803833,14.979999542236328,15.109999656677246,28100
2019-08-16,15.100000381469728,15.109999656677246,14.8100004196167,14.8100004196167,115300,15.149999618530272,15.15999984741211,15.010000228881836,15.010000228881836,22600
2019-08-19,14.920000076293944,15.010000228881836,14.880000114440918,14.949999809265137,94100,14.920000076293944,15.09000015258789,14.920000076293944,15.029999732971191,33400
2019-08-20,14.800000190734863,15.100000381469728,14.760000228881836,15.100000381469728,105500,14.989999771118164,15.06999969482422,14.93000030517578,15.0600004196167,29000
2019-08-21,14.829999923706056,14.869999885559082,14.710000038146973,14.789999961853027,80600,15.039999961853027,15.09000015258789,15.0,15.0,24500
2019-08-22,14.8100004196167,14.9399995803833,14.770000457763672,14.890000343322754,60000,14.949999809265137,15.130000114440918,14.949999809265137,15.029999732971191,12900
2019-08-23,14.699999809265137,14.770000457763672,14.65999984741211,14.720000267028809,91700,14.770000457763672,14.90999984741211,14.760000228881836,14.869999885559082,41800
2019-08-26,14.75,14.90999984741211,14.699999809265137,14.90999984741211,49400,14.920000076293944,14.989999771118164,14.880000114440918,14.9399995803833,30400
2019-08-27,14.640000343322754,14.779999732971191,14.640000343322754,14.770000457763672,46600,14.8100004196167,14.899999618530272,14.8100004196167,14.84000015258789,11100
2019-08-28,14.800000190734863,14.84000015258789,14.600000381469728,14.649999618530272,66600,14.920000076293944,14.960000038146973,14.729999542236328,14.8100004196167,8700
2019-08-29,14.800000190734863,14.960000038146973,14.779999732971191,14.829999923706056,66400,14.960000038146973,15.029999732971191,14.960000038146973,14.960000038146973,13100
2019-08-30,14.75,14.920000076293944,14.75,14.899999618530272,60000,14.960000038146973,15.100000381469728,14.960000038146973,15.039999961853027,22200
2019-09-03,14.510000228881836,14.850000381469728,14.5,14.850000381469728,99100,14.970000267028809,14.989999771118164,14.850000381469728,14.93000030517578,28700
2019-09-04,14.43000030517578,14.529999732971191,14.380000114440918,14.510000228881836,136500,15.050000190734863,15.130000114440918,14.93000030517578,15.010000228881836,48400
2019-09-05,14.470000267028809,14.579999923706056,14.470000267028809,14.5600004196167,44600,14.84000015258789,15.079999923706056,14.8100004196167,15.079999923706056,34000
2019-09-06,14.31999969482422,14.460000038146973,14.279999732971191,14.460000038146973,94400,14.779999732971191,14.920000076293944,14.779999732971191,14.880000114440918,20900
2019-09-09,14.300000190734863,14.390000343322754,14.25,14.329999923706056,76100,14.829999923706056,14.880000114440918,14.729999542236328,14.789999961853027,11900
2019-09-10,14.609999656677246,14.609999656677246,14.399999618530272,14.399999618530272,75600,15.050000190734863,15.0600004196167,14.829999923706056,14.850000381469728,30700
2019-09-11,14.510000228881836,14.609999656677246,14.40999984741211,14.609999656677246,126000,14.9399995803833,15.020000457763672,14.920000076293944,15.020000457763672,46500
2019-09-12,14.770000457763672,14.779999732971191,14.300000190734863,14.550000190734863,306600,15.40999984741211,15.420000076293944,15.050000190734863,15.050000190734863,98700
2019-09-13,14.789999961853027,14.890000343322754,14.720000267028809,14.8100004196167,132500,15.4399995803833,15.510000228881836,15.40999984741211,15.420000076293944,85300
2019-09-16,14.989999771118164,15.0,14.81999969482422,14.859999656677246,106600,15.470000267028809,15.479999542236328,15.420000076293944,15.449999809265137,32200
2019-09-17,14.710000038146973,14.859999656677246,14.68000030517578,14.850000381469728,97200,15.380000114440918,15.43000030517578,15.279999732971191,15.359999656677246,94300
2019-09-18,14.789999961853027,14.829999923706056,14.670000076293944,14.670000076293944,30400,15.300000190734863,15.380000114440918,15.270000457763672,15.380000114440918,7100
2019-09-19,14.8100004196167,14.859999656677246,14.760000228881836,14.789999961853027,55300,15.359999656677246,15.369999885559082,15.270000457763672,15.300000190734863,12600
2019-09-20,14.729999542236328,14.869999885559082,14.720000267028809,14.789999961853027,40500,15.18000030517578,15.3100004196167,15.140000343322754,15.3100004196167,36400
2019-09-23,14.760000228881836,14.850000381469728,14.760000228881836,14.789999961853027,44600,15.279999732971191,15.420000076293944,15.270000457763672,15.380000114440918,21900
2019-09-24,14.859999656677246,14.899999618530272,14.720000267028809,14.720000267028809,67900,15.329999923706056,15.420000076293944,15.300000190734863,15.369999885559082,20400
2019-09-25,14.829999923706056,14.890000343322754,14.770000457763672,14.890000343322754,23300,15.25,15.289999961853027,15.210000038146973,15.289999961853027,13200
2019-09-26,14.789999961853027,14.829999923706056,14.710000038146973,14.829999923706056,42700,15.289999961853027,15.369999885559082,15.270000457763672,15.31999969482422,13100
2019-09-27,14.789999961853027,14.81999969482422,14.75,14.779999732971191,52300,15.220000267028809,15.25,15.170000076293944,15.220000267028809,12900
2019-09-30,15.18000030517578,15.210000038146973,14.760000228881836,14.760000228881836,152700,15.510000228881836,15.520000457763672,15.25,15.25,28100
2019-10-01,15.300000190734863,15.34000015258789,15.149999618530272,15.18000030517578,129300,15.670000076293944,15.6899995803833,15.510000228881836,15.510000228881836,37100
2019-10-02,15.140000343322754,15.289999961853027,15.109999656677246,15.270000457763672,56400,15.640000343322754,15.670000076293944,15.609999656677246,15.630000114440918,9300
2019-10-03,15.170000076293944,15.210000038146973,15.100000381469728,15.100000381469728,51400,15.579999923706056,15.699999809265137,15.56999969482422,15.56999969482422,30200
2019-10-04,15.100000381469728,15.210000038146973,15.06999969482422,15.210000038146973,31000,15.640000343322754,15.720000267028809,15.609999656677246,15.630000114440918,16600
2019-10-07,15.149999618530272,15.300000190734863,15.100000381469728,15.300000190734863,34500,15.68000030517578,15.68000030517578,15.619999885559082,15.68000030517578,12500
2019-10-08,15.380000114440918,15.40999984741211,15.119999885559082,15.130000114440918,101500,15.729999542236328,15.81999969482422,15.5600004196167,15.609999656677246,39500
2019-10-09,15.350000381469728,15.449999809265137,15.31999969482422,15.449999809265137,206800,15.779999732971191,15.920000076293944,15.760000228881836,15.880000114440918,48500
2019-10-10,14.960000038146973,15.369999885559082,14.9399995803833,15.369999885559082,212400,15.789999961853027,15.93000030517578,15.75,15.8100004196167,35300
2019-10-11,15.43000030517578,15.449999809265137,15.109999656677246,15.109999656677246,121900,15.920000076293944,15.979999542236328,15.859999656677246,15.899999618530272,86400
2019-10-14,15.380000114440918,15.449999809265137,15.350000381469728,15.399999618530272,51200,16.0,16.020000457763672,15.899999618530272,15.920000076293944,77700
2019-10-15,15.3100004196167,15.390000343322754,15.300000190734863,15.350000381469728,32100,15.9399995803833,16.049999237060547,15.90999984741211,16.030000686645508,44900
2019-10-16,15.300000190734863,15.329999923706056,15.210000038146973,15.31999969482422,31800,15.84000015258789,15.970000267028809,15.84000015258789,15.90999984741211,64300
2019-10-17,15.390000343322754,15.449999809265137,15.350000381469728,15.350000381469728,36300,15.869999885559082,15.989999771118164,15.859999656677246,15.880000114440918,23700
2019-10-18,15.300000190734863,15.369999885559082,15.289999961853027,15.31999969482422,35400,15.93000030517578,15.970000267028809,15.899999618530272,15.90999984741211,17500
2019-10-21,15.210000038146973,15.350000381469728,15.210000038146973,15.3100004196167,26500,15.890000343322754,15.960000038146973,15.869999885559082,15.949999809265137,15900
2019-10-22,15.239999771118164,15.350000381469728,15.18000030517578,15.350000381469728,33600,15.890000343322754,16.010000228881836,15.880000114440918,16.010000228881836,30200
2019-10-23,15.25,15.25,15.149999618530272,15.220000267028809,42800,15.899999618530272,15.960000038146973,15.829999923706056,15.850000381469728,9600
2019-10-24,15.170000076293944,15.270000457763672,15.119999885559082,15.119999885559082,39400,15.9399995803833,15.989999771118164,15.899999618530272,15.960000038146973,16100
2019-10-25,15.18000030517578,15.25,15.119999885559082,15.170000076293944,26100,15.75,15.93000030517578,15.729999542236328,15.93000030517578,49200
2019-10-28,15.029999732971191,15.140000343322754,15.029999732971191,15.109999656677246,119300,15.75,15.81999969482422,15.739999771118164,15.739999771118164,52600
2019-10-29,15.06999969482422,15.140000343322754,14.979999542236328,15.029999732971191,31200,15.699999809265137,15.81999969482422,15.699999809265137,15.739999771118164,18200
2019-10-30,15.15999984741211,15.1899995803833,15.079999923706056,15.079999923706056,52800,15.699999809265137,15.789999961853027,15.6899995803833,15.789999961853027,11900
2019-10-31,15.149999618530272,15.15999984741211,15.029999732971191,15.100000381469728,80000,15.720000267028809,15.760000228881836,15.619999885559082,15.68000030517578,85000
2019-11-01,15.100000381469728,15.210000038146973,15.039999961853027,15.09000015258789,42800,15.789999961853027,15.8100004196167,15.760000228881836,15.800000190734863,31100
2019-11-04,14.989999771118164,15.079999923706056,14.989999771118164,15.050000190734863,68100,15.8100004196167,15.869999885559082,15.800000190734863,15.8100004196167,24900
2019-11-05,14.949999809265137,15.0,14.920000076293944,14.970000267028809,66300,15.760000228881836,15.800000190734863,15.739999771118164,15.800000190734863,19000
2019-11-06,14.84000015258789,14.979999542236328,14.800000190734863,14.979999542236328,48000,15.65999984741211,15.739999771118164,15.649999618530272,15.739999771118164,21200
2019-11-07,14.68000030517578,14.84000015258789,14.65999984741211,14.84000015258789,65700,15.770000457763672,15.8100004196167,15.65999984741211,15.6899995803833,85900
2019-11-08,14.75,14.920000076293944,14.619999885559082,14.670000076293944,59800,15.68000030517578,15.760000228881836,15.630000114440918,15.739999771118164,26000
2019-11-11,14.65999984741211,14.760000228881836,14.609999656677246,14.75,34200,15.470000267028809,15.609999656677246,15.449999809265137,15.609999656677246,56700
2019-11-12,14.770000457763672,14.779999732971191,14.649999618530272,14.649999618530272,26700,15.489999771118164,15.5,15.43000030517578,15.43000030517578,26900
2019-11-13,14.65999984741211,14.75,14.65999984741211,14.729999542236328,54100,15.470000267028809,15.539999961853027,15.420000076293944,15.470000267028809,35900
2019-11-14,14.710000038146973,14.75,14.6899995803833,14.699999809265137,36600,15.449999809265137,15.470000267028809,15.390000343322754,15.449999809265137,17700
2019-11-15,14.56999969482422,14.710000038146973,14.539999961853027,14.710000038146973,110700,15.479999542236328,15.550000190734863,15.43000030517578,15.510000228881836,137700
2019-11-18,14.4399995803833,14.550000190734863,14.4399995803833,14.550000190734863,52300,15.329999923706056,15.470000267028809,15.329999923706056,15.470000267028809,34800
2019-11-19,14.59000015258789,14.619999885559082,14.449999809265137,14.449999809265137,30300,15.350000381469728,15.449999809265137,15.34000015258789,15.380000114440918,12500
2019-11-20,14.449999809265137,14.539999961853027,14.4399995803833,14.539999961853027,27400,15.329999923706056,15.43000030517578,15.300000190734863,15.420000076293944,40600
2019-11-21,14.5,14.529999732971191,14.479999542236328,14.520000457763672,36000,15.25,15.390000343322754,15.25,15.390000343322754,12100
2019-11-22,14.449999809265137,14.520000457763672,14.449999809265137,14.460000038146973,63500,15.18000030517578,15.270000457763672,15.170000076293944,15.260000228881836,10800
2019-11-25,14.550000190734863,14.609999656677246,14.5,14.529999732971191,37000,15.170000076293944,15.199999809265137,15.149999618530272,15.18000030517578,27800
2019-11-26,14.449999809265137,14.5600004196167,14.449999809265137,14.489999771118164,56700,15.029999732971191,15.119999885559082,15.0,15.119999885559082,49100
2019-11-27,14.329999923706056,14.470000267028809,14.300000190734863,14.460000038146973,79400,14.989999771118164,15.050000190734863,14.960000038146973,15.050000190734863,25700
2019-11-29,14.520000457763672,14.5600004196167,14.329999923706056,14.329999923706056,31600,14.899999618530272,14.989999771118164,14.899999618530272,14.920000076293944,15700
2019-12-02,14.550000190734863,14.600000381469728,14.470000267028809,14.470000267028809,45800,14.869999885559082,14.989999771118164,14.800000190734863,14.989999771118164,84700
2019-12-03,14.529999732971191,14.609999656677246,14.489999771118164,14.539999961853027,36100,14.84000015258789,14.850000381469728,14.8100004196167,14.850000381469728,59300
2019-12-04,14.449999809265137,14.600000381469728,14.43000030517578,14.550000190734863,38100,14.93000030517578,14.9399995803833,14.880000114440918,14.920000076293944,16100
2019-12-05,14.369999885559082,14.470000267028809,14.369999885559082,14.399999618530272,63200,15.0,15.0600004196167,14.989999771118164,15.0600004196167,23900
2019-12-06,14.390000343322754,14.4399995803833,14.34000015258789,14.43000030517578,59000,15.100000381469728,15.149999618530272,15.020000457763672,15.149999618530272,41700
2019-12-09,14.359999656677246,14.420000076293944,14.350000381469728,14.390000343322754,26900,15.220000267028809,15.289999961853027,15.170000076293944,15.170000076293944,36600
2019-12-10,14.380000114440918,14.449999809265137,14.329999923706056,14.329999923706056,45700,15.25,15.260000228881836,15.199999809265137,15.239999771118164,15800
2019-12-11,14.239999771118164,14.399999618530272,14.220000267028809,14.399999618530272,83000,15.140000343322754,15.270000457763672,15.109999656677246,15.270000457763672,27700
2019-12-12,14.460000038146973,14.5600004196167,14.300000190734863,14.300000190734863,126900,15.229999542236328,15.239999771118164,15.06999969482422,15.140000343322754,65100
2019-12-13,14.59000015258789,14.670000076293944,14.460000038146973,14.59000015258789,110100,15.350000381469728,15.5,15.279999732971191,15.43000030517578,75800
2019-12-16,14.779999732971191,14.84000015258789,14.699999809265137,14.710000038146973,113200,15.539999961853027,15.59000015258789,15.460000038146973,15.489999771118164,76900
2019-12-17,14.850000381469728,14.859999656677246,14.760000228881836,14.760000228881836,55800,15.649999618530272,15.68000030517578,15.5600004196167,15.5600004196167,58000
2019-12-18,14.75,14.84000015258789,14.739999771118164,14.800000190734863,41400,15.630000114440918,15.649999618530272,15.5600004196167,15.56999969482422,25100
2019-12-19,14.75,14.8100004196167,14.720000267028809,14.75,22600,15.5600004196167,15.630000114440918,15.539999961853027,15.539999961853027,51100
2019-12-20,14.81999969482422,14.829999923706056,14.75,14.760000228881836,67900,15.56999969482422,15.630000114440918,15.56999969482422,15.600000381469728,39600
2019-12-23,14.81999969482422,14.859999656677246,14.779999732971191,14.779999732971191,45800,15.640000343322754,15.699999809265137,15.56999969482422,15.56999969482422,22100
2019-12-24,14.8100004196167,14.829999923706056,14.779999732971191,14.829999923706056,14700,15.699999809265137,15.720000267028809,15.640000343322754,15.640000343322754,16300
2019-12-26,14.84000015258789,14.84000015258789,14.779999732971191,14.800000190734863,28400,15.760000228881836,15.760000228881836,15.6899995803833,15.720000267028809,54300
2019-12-27,14.880000114440918,14.899999618530272,14.81999969482422,14.850000381469728,50500,15.6899995803833,15.800000190734863,15.630000114440918,15.770000457763672,37200
2019-12-30,14.81999969482422,14.920000076293944,14.770000457763672,14.850000381469728,116700,15.8100004196167,15.8100004196167,15.699999809265137,15.699999809265137,42900
2019-12-31,14.800000190734863,14.869999885559082,14.760000228881836,14.869999885559082,77500,15.829999923706056,15.869999885559082,15.75,15.789999961853027,25000
2020-01-02,14.899999618530272,14.93000030517578,14.800000190734863,14.800000190734863,61600,15.869999885559082,15.93000030517578,15.84000015258789,15.84000015258789,26100
2020-01-03,14.729999542236328,14.850000381469728,14.699999809265137,14.84000015258789,54400,15.65999984741211,15.789999961853027,15.579999923706056,15.68000030517578,56300
2020-01-06,14.68000030517578,14.739999771118164,14.619999885559082,14.720000267028809,57500,15.710000038146973,15.75,15.630000114440918,15.649999618530272,32400
2020-01-07,14.670000076293944,14.68000030517578,14.640000343322754,14.649999618530272,27500,15.670000076293944,15.68000030517578,15.600000381469728,15.65999984741211,29700
2020-01-08,14.710000038146973,14.710000038146973,14.609999656677246,14.619999885559082,30100,15.720000267028809,15.75,15.65999984741211,15.670000076293944,21800
2020-01-09,14.670000076293944,14.75,14.619999885559082,14.720000267028809,37700,15.649999618530272,15.789999961853027,15.619999885559082,15.789999961853027,38100
2020-01-10,14.779999732971191,14.789999961853027,14.449999809265137,14.640000343322754,102100,15.729999542236328,15.729999542236328,15.510000228881836,15.649999618530272,30200
2020-01-13,14.850000381469728,14.880000114440918,14.789999961853027,14.789999961853027,47900,15.630000114440918,15.649999618530272,15.579999923706056,15.640000343322754,40700
2020-01-14,14.859999656677246,14.899999618530272,14.829999923706056,14.869999885559082,113900,15.670000076293944,15.729999542236328,15.56999969482422,15.699999809265137,104700
2020-01-15,14.800000190734863,14.899999618530272,14.770000457763672,14.890000343322754,56100,15.460000038146973,15.649999618530272,15.4399995803833,15.630000114440918,68500
2020-01-16,14.4399995803833,14.649999618530272,14.399999618530272,14.640000343322754,104400,15.390000343322754,15.470000267028809,15.350000381469728,15.470000267028809,37900
2020-01-17,14.81999969482422,14.829999923706056,14.4399995803833,14.4399995803833,74900,15.43000030517578,15.5,15.31999969482422,15.350000381469728,34600
2020-01-21,14.770000457763672,14.779999732971191,14.670000076293944,14.760000228881836,49500,15.25,15.399999618530272,15.239999771118164,15.329999923706056,46600
2020-01-22,14.770000457763672,14.850000381469728,14.720000267028809,14.789999961853027,31000,15.220000267028809,15.329999923706056,15.220000267028809,15.300000190734863,28000
2020-01-23,14.869999885559082,14.880000114440918,14.710000038146973,14.710000038146973,58200,15.149999618530272,15.210000038146973,15.06999969482422,15.15999984741211,40700
2020-01-24,14.649999618530272,14.800000190734863,14.649999618530272,14.779999732971191,30400,15.039999961853027,15.140000343322754,15.029999732971191,15.140000343322754,74300
2020-01-27,14.489999771118164,14.520000457763672,14.40999984741211,14.479999542236328,45500,14.93000030517578,14.979999542236328,14.850000381469728,14.890000343322754,45200
2020-01-28,14.59000015258789,14.649999618530272,14.489999771118164,14.5,32500,14.949999809265137,14.949999809265137,14.84000015258789,14.850000381469728,11900
2020-01-29,14.56999969482422,14.619999885559082,14.539999961853027,14.579999923706056,80600,14.899999618530272,14.960000038146973,14.880000114440918,14.90999984741211,20400
2020-01-30,14.390000343322754,14.470000267028809,14.359999656677246,14.43000030517578,26600,14.670000076293944,14.8100004196167,14.640000343322754,14.8100004196167,31400
2020-01-31,14.420000076293944,14.460000038146973,14.350000381469728,14.359999656677246,45600,14.579999923706056,14.68000030517578,14.56999969482422,14.68000030517578,28300
2020-02-03,14.350000381469728,14.380000114440918,14.15999984741211,14.34000015258789,26200,14.609999656677246,14.68000030517578,14.579999923706056,14.59000015258789,21100
2020-02-04,14.460000038146973,14.510000228881836,14.449999809265137,14.460000038146973,20000,14.710000038146973,14.75,14.68000030517578,14.739999771118164,34900
2020-02-05,14.43000030517578,14.5,14.399999618530272,14.5,12500,14.720000267028809,14.8100004196167,14.699999809265137,14.770000457763672,17600
2020-02-06,14.350000381469728,14.420000076293944,14.289999961853027,14.420000076293944,27400,14.760000228881836,14.829999923706056,14.670000076293944,14.829999923706056,31700
2020-02-07,14.470000267028809,14.510000228881836,14.369999885559082,14.390000343322754,24900,14.729999542236328,14.75,14.649999618530272,14.65999984741211,19500
2020-02-10,14.420000076293944,14.449999809265137,14.359999656677246,14.390000343322754,23800,14.760000228881836,14.8100004196167,14.68000030517578,14.699999809265137,28300
2020-02-11,14.350000381469728,14.420000076293944,14.31999969482422,14.380000114440918,23700,14.729999542236328,14.760000228881836,14.6899995803833,14.710000038146973,13500
2020-02-12,14.43000030517578,14.460000038146973,14.3100004196167,14.380000114440918,35200,14.81999969482422,14.81999969482422,14.6899995803833,14.6899995803833,41000
2020-02-13,14.359999656677246,14.390000343322754,14.350000381469728,14.380000114440918,28500,14.880000114440918,14.899999618530272,14.8100004196167,14.81999969482422,73400
2020-02-14,14.260000228881836,14.40999984741211,14.260000228881836,14.34000015258789,48200,14.829999923706056,14.899999618530272,14.779999732971191,14.859999656677246,40400
2020-02-18,14.449999809265137,14.449999809265137,14.329999923706056,14.329999923706056,97900,14.770000457763672,14.829999923706056,14.770000457763672,14.829999923706056,15700
2020-02-19,14.380000114440918,14.4399995803833,14.31999969482422,14.4399995803833,91600,14.800000190734863,14.81999969482422,14.6899995803833,14.75,40500
2020-02-20,14.300000190734863,14.350000381469728,14.270000457763672,14.31999969482422,130500,14.760000228881836,14.81999969482422,14.75,14.770000457763672,75700
2020-02-21,14.199999809265137,14.329999923706056,14.1899995803833,14.289999961853027,72100,14.720000267028809,14.869999885559082,14.699999809265137,14.760000228881836,27500
2020-02-24,14.050000190734863,14.079999923706056,13.949999809265137,14.0600004196167,87500,14.5,14.56999969482422,14.4399995803833,14.56999969482422,109300
2020-02-25,14.039999961853027,14.079999923706056,14.010000228881836,14.0600004196167,42800,14.579999923706056,14.600000381469728,14.470000267028809,14.510000228881836,42500
2020-02-26,14.0,14.119999885559082,13.970000267028809,14.029999732971191,36800,14.640000343322754,14.729999542236328,14.579999923706056,14.600000381469728,50300
2020-02-27,13.760000228881836,13.90999984741211,13.75,13.90999984741211,66100,14.649999618530272,14.6899995803833,14.40999984741211,14.489999771118164,30200
2020-02-28,13.760000228881836,13.8100004196167,13.699999809265137,13.75,68100,14.56999969482422,14.609999656677246,14.489999771118164,14.5,25900
2020-03-02,14.010000228881836,14.010000228881836,13.789999961853027,13.789999961853027,36400,14.760000228881836,14.770000457763672,14.640000343322754,14.640000343322754,45200
2020-03-03,14.149999618530272,14.270000457763672,14.100000381469728,14.100000381469728,45800,14.779999732971191,14.81999969482422,14.729999542236328,14.770000457763672,34200
2020-03-04,14.260000228881836,14.300000190734863,14.130000114440918,14.140000343322754,19900,14.800000190734863,14.850000381469728,14.779999732971191,14.800000190734863,17600
2020-03-05,14.15999984741211,14.1899995803833,14.109999656677246,14.149999618530272,22300,14.649999618530272,14.75,14.600000381469728,14.710000038146973,14700
2020-03-06,14.020000457763672,14.18000030517578,13.989999771118164,14.100000381469728,23200,14.529999732971191,14.600000381469728,14.5,14.539999961853027,27000
2020-03-09,13.850000381469728,13.880000114440918,13.649999618530272,13.770000457763672,94000,14.260000228881836,14.300000190734863,14.170000076293944,14.270000457763672,69800
2020-03-10,14.0,14.0600004196167,13.9399995803833,13.9399995803833,112800,14.34000015258789,14.449999809265137,14.279999732971191,14.350000381469728,27100
2020-03-11,13.850000381469728,13.979999542236328,13.800000190734863,13.90999984741211,50300,14.260000228881836,14.390000343322754,14.220000267028809,14.359999656677246,31100
2020-03-12,13.539999961853027,13.770000457763672,13.229999542236328,13.65999984741211,85100,13.9399995803833,14.0600004196167,13.399999618530272,13.90999984741211,50600
2020-03-13,13.760000228881836,13.81999969482422,13.600000381469728,13.720000267028809,88200,13.9399995803833,14.18000030517578,13.84000015258789,14.100000381469728,48400
2020-03-16,13.329999923706056,13.489999771118164,13.09000015258789,13.489999771118164,62800,13.56999969482422,13.8100004196167,13.399999618530272,13.510000228881836,47700
2020-03-17,13.029999732971191,13.369999885559082,13.010000228881836,13.3100004196167,75400,13.449999809265137,13.640000343322754,13.449999809265137,13.550000190734863,18800
2020-03-18,12.989999771118164,13.039999961853027,12.550000190734863,12.890000343322754,144400,13.579999923706056,13.59000015258789,13.420000076293944,13.470000267028809,88200
2020-03-19,13.149999618530272,13.43000030517578,12.979999542236328,12.989999771118164,133500,13.619999885559082,13.81999969482422,13.600000381469728,13.609999656677246,63200
2020-03-20,13.0,13.31999969482422,13.0,13.3100004196167,62200,13.850000381469728,13.970000267028809,13.65999984741211,13.899999618530272,64300
2020-03-23,13.130000114440918,13.130000114440918,12.760000228881836,13.100000381469728,44000,14.029999732971191,14.029999732971191,13.899999618530272,13.949999809265137,32400
2020-03-24,13.149999618530272,13.25,12.949999809265137,13.149999618530272,48300,14.050000190734863,14.09000015258789,13.9399995803833,14.029999732971191,36300
2020-03-25,13.25,13.3100004196167,13.0,13.079999923706056,50900,14.119999885559082,14.149999618530272,13.949999809265137,14.050000190734863,38000
2020-03-26,13.300000190734863,13.300000190734863,13.100000381469728,13.109999656677246,40000,14.109999656677246,14.119999885559082,14.039999961853027,14.109999656677246,20600
2020-03-27,13.15999984741211,13.270000457763672,13.06999969482422,13.220000267028809,61600,14.109999656677246,14.199999809265137,13.960000038146973,14.199999809265137,40300
2020-03-30,13.010000228881836,13.170000076293944,12.970000267028809,13.170000076293944,41200,14.079999923706056,14.130000114440918,14.0,14.119999885559082,38800
2020-03-31,12.960000038146973,13.119999885559082,12.760000228881836,13.119999885559082,63600,14.050000190734863,14.079999923706056,13.960000038146973,14.010000228881836,18400
2020-04-01,12.640000343322754,12.859999656677246,12.59000015258789,12.859999656677246,72800,13.75,13.979999542236328,13.75,13.81999969482422,29500
2020-04-02,12.6899995803833,12.800000190734863,12.56999969482422,12.760000228881836,38300,13.8100004196167,13.869999885559082,13.729999542236328,13.75,37200
2020-04-03,12.710000038146973,12.760000228881836,12.59000015258789,12.75,173700,13.729999542236328,13.81999969482422,13.670000076293944,13.75,29200
2020-04-06,12.550000190734863,12.720000267028809,12.5,12.720000267028809,101300,13.890000343322754,13.960000038146973,13.710000038146973,13.75,33700
2020-04-07,12.729999542236328,12.890000343322754,12.600000381469728,12.600000381469728,97400,13.770000457763672,14.0,13.770000457763672,13.9399995803833,28600
2020-04-08,12.65999984741211,12.729999542236328,12.619999885559082,12.699999809265137,52000,13.859999656677246,13.880000114440918,13.760000228881836,13.760000228881836,44400
2020-04-09,12.65999984741211,12.739999771118164,12.600000381469728,12.609999656677246,64900,14.0,14.0,13.829999923706056,13.859999656677246,30200
2020-04-13,12.710000038146973,12.760000228881836,12.479999542236328,12.65999984741211,86600,13.899999618530272,14.0,13.829999923706056,14.0,42700
2020-04-14,12.420000076293944,12.699999809265137,12.399999618530272,12.699999809265137,67800,13.829999923706056,13.93000030517578,13.829999923706056,13.899999618530272,15100
2020-04-15,12.25,12.579999923706056,12.25,12.529999732971191,64100,13.789999961853027,13.890000343322754,13.699999809265137,13.890000343322754,35500
2020-04-16,12.170000076293944,12.34000015258789,12.100000381469728,12.34000015258789,123200,13.720000267028809,13.81999969482422,13.649999618530272,13.81999969482422,62200
2020-04-17,12.40999984741211,12.420000076293944,12.210000038146973,12.210000038146973,86600,13.649999618530272,13.899999618530272,13.649999618530272,13.899999618530272,36900
2020-04-20,12.020000457763672,12.34000015258789,12.010000228881836,12.289999961853027,94700,13.520000457763672,13.619999885559082,13.5,13.619999885559082,46800
2020-04-21,11.850000381469728,12.0,11.5600004196167,12.0,258000,13.5,13.600000381469728,13.270000457763672,13.43000030517578,70300
2020-04-22,12.06999969482422,12.170000076293944,11.850000381469728,11.850000381469728,75300,13.630000114440918,13.670000076293944,13.56999969482422,13.56999969482422,76700
2020-04-23,12.149999618530272,12.399999618530272,12.06999969482422,12.260000228881836,55700,13.609999656677246,13.829999923706056,13.579999923706056,13.829999923706056,79000
2020-04-24,12.0600004196167,12.149999618530272,11.970000267028809,12.149999618530272,52700,13.4399995803833,13.710000038146973,13.399999618530272,13.640000343322754,86300
2020-04-27,11.75,11.890000343322754,11.739999771118164,11.869999885559082,96700,13.449999809265137,13.600000381469728,13.420000076293944,13.59000015258789,36700
2020-04-28,11.720000267028809,11.890000343322754,11.699999809265137,11.699999809265137,38900,13.34000015258789,13.479999542236328,13.329999923706056,13.470000267028809,26500
2020-04-29,11.899999618530272,11.90999984741211,11.68000030517578,11.720000267028809,163700,13.539999961853027,13.550000190734863,13.43000030517578,13.550000190734863,71100
2020-04-30,12.020000457763672,12.100000381469728,11.65999984741211,11.68000030517578,64700,13.770000457763672,13.789999961853027,13.5600004196167,13.5600004196167,67600
2020-05-01,11.960000038146973,12.09000015258789,11.90999984741211,12.0,52300,13.739999771118164,13.760000228881836,13.630000114440918,13.75,29500
2020-05-04,11.899999618530272,11.949999809265137,11.520000457763672,11.949999809265137,41300,13.520000457763672,13.8100004196167,13.460000038146973,13.550000190734863,38400
2020-05-05,11.93000030517578,11.9399995803833,11.800000190734863,11.899999618530272,44600,13.4399995803833,13.56999969482422,13.4399995803833,13.529999732971191,21500
2020-05-06,11.8100004196167,11.960000038146973,11.800000190734863,11.920000076293944,15100,13.399999618530272,13.510000228881836,13.380000114440918,13.460000038146973,16900
2020-05-07,11.979999542236328,12.050000190734863,11.869999885559082,11.90999984741211,75200,13.479999542236328,13.5600004196167,13.399999618530272,13.399999618530272,71700
2020-05-08,12.0600004196167,12.109999656677246,11.949999809265137,11.949999809265137,56400,13.649999618530272,13.720000267028809,13.5,13.5,54000
2020-05-11,11.960000038146973,12.140000343322754,11.90999984741211,12.0600004196167,77200,13.68000030517578,13.789999961853027,13.619999885559082,13.619999885559082,25200
2020-05-12,12.020000457763672,12.109999656677246,11.8100004196167,11.90999984741211,80600,13.630000114440918,13.729999542236328,13.609999656677246,13.729999542236328,41800
2020-05-13,11.90999984741211,12.0,11.880000114440918,12.0,36500,13.5,13.710000038146973,13.4399995803833,13.710000038146973,50800
2020-05-14,11.859999656677246,11.920000076293944,11.829999923706056,11.829999923706056,60200,13.470000267028809,13.529999732971191,13.4399995803833,13.4399995803833,34900
2020-05-15,11.93000030517578,11.970000267028809,11.850000381469728,11.850000381469728,31900,13.479999542236328,13.56999969482422,13.449999809265137,13.539999961853027,40700
2020-05-18,11.90999984741211,12.0,11.890000343322754,12.0,25900,13.609999656677246,13.619999885559082,13.5,13.5,38500
2020-05-19,11.970000267028809,12.050000190734863,11.970000267028809,12.0,54200,13.579999923706056,13.649999618530272,13.56999969482422,13.630000114440918,19700
2020-05-20,11.979999542236328,12.039999961853027,11.869999885559082,11.989999771118164,43400,13.670000076293944,13.6899995803833,13.600000381469728,13.6899995803833,33200
2020-05-21,11.90999984741211,11.989999771118164,11.880000114440918,11.949999809265137,41600,13.520000457763672,13.649999618530272,13.5,13.630000114440918,36400
2020-05-22,11.890000343322754,11.970000267028809,11.850000381469728,11.859999656677246,25200,13.539999961853027,13.579999923706056,13.449999809265137,13.5,18700
2020-05-26,12.010000228881836,12.06999969482422,11.9399995803833,11.9399995803833,81000,13.649999618530272,13.699999809265137,13.539999961853027,13.539999961853027,40000
2020-05-27,12.0,12.050000190734863,11.960000038146973,12.020000457763672,82000,13.68000030517578,13.770000457763672,13.649999618530272,13.770000457763672,54800
2020-05-28,12.210000038146973,12.25,11.920000076293944,11.979999542236328,119900,13.6899995803833,13.6899995803833,13.550000190734863,13.619999885559082,24000
2020-05-29,12.18000030517578,12.199999809265137,12.0600004196167,12.199999809265137,94200,13.65999984741211,13.6899995803833,13.600000381469728,13.6899995803833,17700
2020-06-01,12.039999961853027,12.109999656677246,11.960000038146973,11.960000038146973,63300,13.640000343322754,13.720000267028809,13.5600004196167,13.5600004196167,34100
2020-06-02,12.079999923706056,12.09000015258789,12.010000228881836,12.039999961853027,25100,13.800000190734863,13.81999969482422,13.65999984741211,13.68000030517578,51000
2020-06-03,12.0600004196167,12.130000114440918,12.020000457763672,12.09000015258789,37200,13.880000114440918,13.93000030517578,13.800000190734863,13.84000015258789,48100
2020-06-04,12.279999732971191,12.279999732971191,12.119999885559082,12.149999618530272,120600,14.06999969482422,14.109999656677246,13.920000076293944,13.949999809265137,231400
2020-06-05,12.369999885559082,12.399999618530272,12.220000267028809,12.300000190734863,91100,14.119999885559082,14.149999618530272,14.050000190734863,14.109999656677246,90500
2020-06-08,12.420000076293944,12.449999809265137,12.329999923706056,12.4399995803833,129900,14.050000190734863,14.140000343322754,14.029999732971191,14.119999885559082,86400
2020-06-09,12.3100004196167,12.369999885559082,12.25,12.369999885559082,73300,14.020000457763672,14.039999961853027,13.949999809265137,14.0,48300
2020-06-10,12.239999771118164,12.289999961853027,12.18000030517578,12.270000457763672,51400,14.029999732971191,14.0600004196167,14.0,14.050000190734863,37000
2020-06-11,12.31999969482422,12.34000015258789,12.15999984741211,12.1899995803833,78600,14.0,14.029999732971191,13.960000038146973,13.960000038146973,45200
2020-06-12,12.289999961853027,12.390000343322754,12.25,12.3100004196167,89700,14.039999961853027,14.06999969482422,13.989999771118164,14.0,45200
2020-06-15,12.229999542236328,12.229999542236328,12.119999885559082,12.210000038146973,65900,14.010000228881836,14.010000228881836,13.859999656677246,13.949999809265137,96100
2020-06-16,12.210000038146973,12.399999618530272,12.199999809265137,12.300000190734863,60600,13.960000038146973,14.020000457763672,13.90999984741211,14.010000228881836,630400
2020-06-17,12.260000228881836,12.289999961853027,12.140000343322754,12.210000038146973,24400,14.020000457763672,14.050000190734863,13.859999656677246,14.0,396900
2020-06-18,12.270000457763672,12.31999969482422,12.199999809265137,12.279999732971191,37100,14.0,14.050000190734863,13.960000038146973,14.039999961853027,131000
2020-06-19,12.359999656677246,12.399999618530272,12.279999732971191,12.359999656677246,440100,14.039999961853027,14.149999618530272,14.010000228881836,14.119999885559082,631600
2020-06-22,12.220000267028809,12.279999732971191,12.199999809265137,12.279999732971191,1738300,14.020000457763672,14.050000190734863,14.0,14.039999961853027,154500
2020-06-23,12.0600004196167,12.149999618530272,12.050000190734863,12.149999618530272,670600,13.960000038146973,14.029999732971191,13.949999809265137,14.010000228881836,406600
2020-06-24,11.970000267028809,12.149999618530272,11.9399995803833,12.100000381469728,318300,13.90999984741211,14.0,13.859999656677246,13.979999542236328,624600
2020-06-25,11.789999961853027,11.869999885559082,11.65999984741211,11.850000381469728,771600,13.850000381469728,13.899999618530272,13.729999542236328,13.899999618530272,350100
2020-06-26,11.670000076293944,11.859999656677246,11.609999656677246,11.81999969482422,321700,13.720000267028809,13.81999969482422,13.6899995803833,13.8100004196167,128700
2020-06-29,11.960000038146973,11.979999542236328,11.760000228881836,11.800000190734863,1012100,13.739999771118164,13.800000190734863,13.65999984741211,13.699999809265137,93600
2020-06-30,12.399999618530272,12.460000038146973,11.93000030517578,12.06999969482422,1150000,13.970000267028809,14.050000190734863,13.75,13.800000190734863,723600
2020-07-01,12.670000076293944,12.75,12.5600004196167,12.619999885559082,424800,14.279999732971191,14.279999732971191,14.039999961853027,14.039999961853027,256700
2020-07-02,12.479999542236328,12.649999618530272,12.4399995803833,12.59000015258789,223500,14.229999542236328,14.300000190734863,14.199999809265137,14.300000190734863,88100
2020-07-06,12.579999923706056,12.649999618530272,12.510000228881836,12.619999885559082,184200,14.380000114440918,14.43000030517578,14.31999969482422,14.40999984741211,218600
2020-07-07,12.470000267028809,12.539999961853027,12.40999984741211,12.43000030517578,142900,14.270000457763672,14.380000114440918,14.260000228881836,14.380000114440918,126100
2020-07-08,12.529999732971191,12.550000190734863,12.369999885559082,12.390000343322754,87500,14.289999961853027,14.34000015258789,14.25,14.25,90400
2020-07-09,12.65999984741211,12.779999732971191,12.619999885559082,12.739999771118164,143600,14.34000015258789,14.4399995803833,14.3100004196167,14.369999885559082,90100
2020-07-10,12.270000457763672,12.649999618530272,12.199999809265137,12.640000343322754,617600,14.18000030517578,14.369999885559082,14.140000343322754,14.369999885559082,174300
2020-07-13,11.970000267028809,12.109999656677246,11.960000038146973,12.109999656677246,2168900,13.93000030517578,14.109999656677246,13.90999984741211,14.100000381469728,239400
2020-07-14,11.9399995803833,12.06999969482422,11.90999984741211,12.0600004196167,271600,14.029999732971191,14.06999969482422,13.960000038146973,14.0,208200
2020-07-15,11.90999984741211,11.989999771118164,11.81999969482422,11.920000076293944,1117700,14.06999969482422,14.06999969482422,13.949999809265137,14.0600004196167,121300
2020-07-16,12.010000228881836,12.09000015258789,11.93000030517578,11.93000030517578,469400,14.149999618530272,14.170000076293944,14.0600004196167,14.0600004196167,150700
2020-07-17,12.09000015258789,12.100000381469728,12.050000190734863,12.0600004196167,200800,14.25,14.289999961853027,14.149999618530272,14.289999961853027,55700
2020-07-20,11.979999542236328,12.050000190734863,11.880000114440918,12.050000190734863,166900,14.270000457763672,14.289999961853027,14.18000030517578,14.270000457763672,66300
2020-07-21,11.829999923706056,11.949999809265137,11.800000190734863,11.899999618530272,293900,14.210000038146973,14.289999961853027,14.15999984741211,14.289999961853027,89900
2020-07-22,11.949999809265137,11.970000267028809,11.84000015258789,11.890000343322754,101100,14.270000457763672,14.279999732971191,14.149999618530272,14.199999809265137,154700
2020-07-23,11.989999771118164,12.0,11.869999885559082,11.9399995803833,114200,14.300000190734863,14.300000190734863,14.229999542236328,14.279999732971191,90900
2020-07-24,11.979999542236328,12.029999732971191,11.920000076293944,11.960000038146973,101300,14.279999732971191,14.34000015258789,14.25,14.329999923706056,50400
2020-07-27,11.920000076293944,12.0,11.869999885559082,11.960000038146973,868400,14.329999923706056,14.350000381469728,14.279999732971191,14.300000190734863,71600
2020-07-28,11.770000457763672,11.81999969482422,11.75,11.789999961853027,398900,14.15999984741211,14.15999984741211,14.06999969482422,14.149999618530272,1300900
2020-07-29,11.699999809265137,11.789999961853027,11.6899995803833,11.760000228881836,357200,14.15999984741211,14.170000076293944,14.100000381469728,14.170000076293944,142900
2020-07-30,11.729999542236328,11.81999969482422,11.699999809265137,11.699999809265137,165700,14.1899995803833,14.199999809265137,14.050000190734863,14.15999984741211,167400
2020-07-31,11.720000267028809,11.789999961853027,11.68000030517578,11.789999961853027,170100,14.229999542236328,14.25,14.170000076293944,14.210000038146973,465300
2020-08-03,11.770000457763672,11.789999961853027,11.6899995803833,11.739999771118164,264700,14.260000228881836,14.289999961853027,14.210000038146973,14.239999771118164,109300
2020-08-04,11.539999961853027,11.6899995803833,11.520000457763672,11.68000030517578,403100,14.15999984741211,14.300000190734863,14.050000190734863,14.300000190734863,911200
2020-08-05,11.640000343322754,11.65999984741211,11.539999961853027,11.600000381469728,202100,14.079999923706056,14.1899995803833,14.0600004196167,14.149999618530272,569700
2020-08-06,11.640000343322754,11.699999809265137,11.579999923706056,11.699999809265137,211900,14.079999923706056,14.149999618530272,14.039999961853027,14.079999923706056,269000
2020-08-07,11.59000015258789,11.65999984741211,11.529999732971191,11.65999984741211,197200,13.920000076293944,14.109999656677246,13.899999618530272,14.050000190734863,280300
2020-08-10,11.65999984741211,11.65999984741211,11.550000190734863,11.600000381469728,442800,14.010000228881836,14.029999732971191,13.899999618530272,13.960000038146973,161400
2020-08-11,11.670000076293944,11.739999771118164,11.579999923706056,11.65999984741211,910300,13.90999984741211,14.010000228881836,13.880000114440918,14.010000228881836,1057700
2020-08-12,11.720000267028809,11.75,11.539999961853027,11.640000343322754,633800,14.100000381469728,14.109999656677246,13.850000381469728,13.9399995803833,167400
2020-08-13,12.109999656677246,12.140000343322754,11.880000114440918,11.880000114440918,861800,14.31999969482422,14.380000114440918,14.229999542236328,14.25,344800
2020-08-14,12.09000015258789,12.130000114440918,12.050000190734863,12.0600004196167,454600,14.300000190734863,14.329999923706056,14.279999732971191,14.3100004196167,120800
2020-08-17,12.31999969482422,12.31999969482422,12.199999809265137,12.210000038146973,730500,14.56999969482422,14.579999923706056,14.43000030517578,14.4399995803833,231000
2020-08-18,12.229999542236328,12.31999969482422,12.18000030517578,12.300000190734863,642100,14.5600004196167,14.600000381469728,14.510000228881836,14.579999923706056,207400
2020-08-19,12.149999618530272,12.220000267028809,12.119999885559082,12.18000030517578,257700,14.520000457763672,14.640000343322754,14.510000228881836,14.630000114440918,179500
2020-08-20,12.149999618530272,12.149999618530272,12.020000457763672,12.130000114440918,189600,14.460000038146973,14.5,14.40999984741211,14.5,200200
2020-08-21,12.149999618530272,12.1899995803833,12.119999885559082,12.130000114440918,390900,14.40999984741211,14.5,14.399999618530272,14.5,121600
2020-08-24,12.289999961853027,12.289999961853027,12.199999809265137,12.199999809265137,407800,14.449999809265137,14.539999961853027,14.40999984741211,14.5,142100
2020-08-25,12.579999923706056,12.59000015258789,12.43000030517578,12.470000267028809,629400,14.65999984741211,14.65999984741211,14.510000228881836,14.510000228881836,218300
2020-08-26,12.579999923706056,12.579999923706056,12.479999542236328,12.5600004196167,445800,14.699999809265137,14.720000267028809,14.649999618530272,14.699999809265137,195800
2020-08-27,12.670000076293944,12.68000030517578,12.600000381469728,12.649999618530272,306800,14.899999618530272,15.0,14.760000228881836,14.850000381469728,451700
2020-08-28,12.699999809265137,12.710000038146973,12.5600004196167,12.670000076293944,355900,15.06999969482422,15.06999969482422,14.9399995803833,15.0,287100
2020-08-31,12.619999885559082,12.760000228881836,12.550000190734863,12.739999771118164,621600,15.130000114440918,15.25,15.06999969482422,15.25,660000
2020-09-01,12.630000114440918,12.649999618530272,12.520000457763672,12.520000457763672,282100,15.109999656677246,15.1899995803833,15.06999969482422,15.079999923706056,254600
2020-09-02,12.65999984741211,12.65999984741211,12.520000457763672,12.640000343322754,135200,15.220000267028809,15.239999771118164,15.0,15.109999656677246,203600
2020-09-03,12.539999961853027,12.65999984741211,12.510000228881836,12.609999656677246,305700,15.260000228881836,15.300000190734863,15.149999618530272,15.300000190734863,215600
2020-09-04,12.65999984741211,12.65999984741211,12.550000190734863,12.65999984741211,223900,15.300000190734863,15.329999923706056,15.210000038146973,15.270000457763672,272300
2020-09-08,12.760000228881836,12.770000457763672,12.600000381469728,12.630000114440918,362000,15.350000381469728,15.350000381469728,15.239999771118164,15.3100004196167,247900
2020-09-09,12.720000267028809,12.739999771118164,12.65999984741211,12.729999542236328,167500,15.390000343322754,15.43000030517578,15.31999969482422,15.350000381469728,208900
2020-09-10,12.84000015258789,12.869999885559082,12.739999771118164,12.75,236300,15.34000015258789,15.43000030517578,15.31999969482422,15.40999984741211,182300
2020-09-11,12.989999771118164,12.989999771118164,12.789999961853027,12.90999984741211,466500,15.579999923706056,15.579999923706056,15.40999984741211,15.40999984741211,267800
2020-09-14,12.949999809265137,12.970000267028809,12.880000114440918,12.970000267028809,416700,15.649999618530272,15.670000076293944,15.609999656677246,15.619999885559082,511100
2020-09-15,12.869999885559082,12.90999984741211,12.800000190734863,12.90999984741211,408700,15.579999923706056,15.68000030517578,15.520000457763672,15.68000030517578,280200
2020-09-16,12.949999809265137,12.979999542236328,12.850000381469728,12.850000381469728,146600,15.789999961853027,15.81999969482422,15.630000114440918,15.649999618530272,289100
2020-09-17,13.029999732971191,13.09000015258789,12.880000114440918,12.880000114440918,516300,15.9399995803833,16.030000686645508,15.739999771118164,15.739999771118164,429400
2020-09-18,13.1899995803833,13.1899995803833,13.039999961853027,13.09000015258789,499500,16.170000076293945,16.190000534057617,15.979999542236328,16.100000381469727,604700
2020-09-21,12.949999809265137,13.130000114440918,12.880000114440918,13.130000114440918,560600,15.829999923706056,16.110000610351562,15.8100004196167,16.110000610351562,679600
2020-09-22,12.890000343322754,13.020000457763672,12.869999885559082,12.920000076293944,239200,15.800000190734863,16.059999465942383,15.800000190734863,15.869999885559082,286300
2020-09-23,12.869999885559082,12.890000343322754,12.8100004196167,12.859999656677246,991500,15.699999809265137,15.850000381469728,15.699999809265137,15.779999732971191,230400
2020-09-24,12.720000267028809,12.789999961853027,12.6899995803833,12.75,462300,15.489999771118164,15.59000015258789,15.479999542236328,15.579999923706056,550600
2020-09-25,12.75,12.8100004196167,12.699999809265137,12.760000228881836,168100,15.529999732971191,15.630000114440918,15.460000038146973,15.479999542236328,142800
2020-09-28,12.770000457763672,12.850000381469728,12.59000015258789,12.6899995803833,309600,15.449999809265137,15.529999732971191,15.399999618530272,15.529999732971191,137700
2020-09-29,12.720000267028809,12.739999771118164,12.649999618530272,12.720000267028809,161400,15.420000076293944,15.550000190734863,15.350000381469728,15.449999809265137,233600
2020-09-30,13.109999656677246,13.279999732971191,12.6899995803833,12.720000267028809,1181900,15.84000015258789,15.989999771118164,15.380000114440918,15.4399995803833,432200
2020-10-01,13.239999771118164,13.300000190734863,13.199999809265137,13.25,143000,15.899999618530272,15.979999542236328,15.850000381469728,15.979999542236328,131900
2020-10-02,13.130000114440918,13.25,13.109999656677246,13.140000343322754,122600,15.829999923706056,15.920000076293944,15.699999809265137,15.720000267028809,70900
2020-10-05,13.1899995803833,13.229999542236328,13.109999656677246,13.199999809265137,148500,15.869999885559082,15.899999618530272,15.8100004196167,15.880000114440918,298200
2020-10-06,13.289999961853027,13.420000076293944,13.25,13.260000228881836,307000,16.020000457763672,16.18000030517578,15.970000267028809,15.970000267028809,488000
2020-10-07,13.380000114440918,13.479999542236328,13.359999656677246,13.399999618530272,167100,16.010000228881836,16.200000762939453,16.0,16.149999618530273,168800
2020-10-08,13.3100004196167,13.5,13.279999732971191,13.479999542236328,210300,15.960000038146973,16.170000076293945,15.90999984741211,16.139999389648438,198600
2020-10-09,13.5,13.550000190734863,13.31999969482422,13.369999885559082,244100,16.270000457763672,16.329999923706055,16.020000457763672,16.09000015258789,237000
2020-10-12,13.300000190734863,13.5,13.289999961853027,13.489999771118164,594300,15.920000076293944,16.25,15.90999984741211,16.25,1021700
2020-10-13,13.380000114440918,13.420000076293944,13.289999961853027,13.289999961853027,341700,16.059999465942383,16.100000381469727,15.920000076293944,15.920000076293944,524600
2020-10-14,13.43000030517578,13.460000038146973,13.34000015258789,13.350000381469728,335200,16.149999618530273,16.200000762939453,16.079999923706055,16.079999923706055,270600
2020-10-15,13.550000190734863,13.600000381469728,13.359999656677246,13.359999656677246,166600,16.170000076293945,16.190000534057617,15.93000030517578,16.049999237060547,137900
2020-10-16,13.56999969482422,13.65999984741211,13.550000190734863,13.649999618530272,167000,16.06999969482422,16.280000686645508,16.040000915527344,16.209999084472656,184300
2020-10-19,13.65999984741211,13.68000030517578,13.600000381469728,13.600000381469728,297500,16.100000381469727,16.170000076293945,16.059999465942383,16.100000381469727,102400
2020-10-20,13.729999542236328,13.770000457763672,13.65999984741211,13.68000030517578,171400,16.25,16.270000457763672,16.15999984741211,16.200000762939453,170900
2020-10-21,13.81999969482422,13.880000114440918,13.760000228881836,13.800000190734863,170900,16.31999969482422,16.420000076293945,16.31999969482422,16.399999618530273,137700
2020-10-22,13.800000190734863,13.890000343322754,13.739999771118164,13.800000190734863,138300,16.299999237060547,16.479999542236328,16.299999237060547,16.329999923706055,164500
2020-10-23,13.81999969482422,13.850000381469728,13.779999732971191,13.789999961853027,204600,16.440000534057617,16.540000915527344,16.239999771118164,16.239999771118164,151500
2020-10-26,13.729999542236328,13.789999961853027,13.649999618530272,13.75,168600,16.469999313354492,16.5,16.360000610351562,16.440000534057617,80600
2020-10-27,13.68000030517578,13.859999656677246,13.670000076293944,13.779999732971191,117800,16.34000015258789,16.5,16.329999923706055,16.469999313354492,99500
2020-10-28,13.3100004196167,13.479999542236328,13.300000190734863,13.399999618530272,404000,16.06999969482422,16.209999084472656,16.040000915527344,16.06999969482422,239400
2020-10-29,13.239999771118164,13.359999656677246,13.199999809265137,13.229999542236328,297600,16.020000457763672,16.100000381469727,16.0,16.040000915527344,236800
2020-10-30,13.329999923706056,13.399999618530272,13.279999732971191,13.329999923706056,152400,16.1299991607666,16.219999313354492,16.030000686645508,16.030000686645508,138400
2020-11-02,13.3100004196167,13.34000015258789,13.220000267028809,13.220000267028809,160200,16.09000015258789,16.18000030517578,16.010000228881836,16.010000228881836,110500
2020-11-03,13.449999809265137,13.479999542236328,13.390000343322754,13.390000343322754,101700,16.25,16.34000015258789,16.219999313354492,16.219999313354492,101600
2020-11-04,13.609999656677246,13.649999618530272,13.43000030517578,13.550000190734863,406700,16.549999237060547,16.579999923706055,16.329999923706055,16.360000610351562,172900
2020-11-05,13.729999542236328,13.90999984741211,13.710000038146973,13.829999923706056,229000,16.809999465942383,16.899999618530273,16.739999771118164,16.799999237060547,225900
2020-11-06,13.68000030517578,13.789999961853027,13.68000030517578,13.729999542236328,106500,16.829999923706055,16.8700008392334,16.770000457763672,16.799999237060547,85300
2020-11-09,13.720000267028809,13.800000190734863,13.699999809265137,13.720000267028809,137700,16.8700008392334,17.010000228881836,16.8700008392334,16.90999984741211,138000
2020-11-10,14.1899995803833,14.279999732971191,13.81999969482422,13.84000015258789,360800,17.399999618530273,17.489999771118164,16.959999084472656,16.959999084472656,264800
2020-11-11,14.130000114440918,14.300000190734863,14.079999923706056,14.279999732971191,185600,17.489999771118164,17.520000457763672,17.360000610351562,17.420000076293945,199100
2020-11-12,13.899999618530272,14.109999656677246,13.850000381469728,14.079999923706056,309200,17.440000534057617,17.469999313354492,17.329999923706055,17.420000076293945,187200
2020-11-13,13.960000038146973,14.039999961853027,13.880000114440918,13.880000114440918,205100,17.510000228881836,17.610000610351562,17.469999313354492,17.469999313354492,124100
2020-11-16,14.09000015258789,14.100000381469728,13.949999809265137,14.0,136700,17.639999389648438,17.649999618530273,17.469999313354492,17.600000381469727,81800
2020-11-17,14.100000381469728,14.18000030517578,14.079999923706056,14.15999984741211,151800,17.75,17.850000381469727,17.709999084472656,17.75,246800
2020-11-18,14.220000267028809,14.300000190734863,14.15999984741211,14.15999984741211,134400,17.799999237060547,17.979999542236328,17.770000457763672,17.850000381469727,135900
2020-11-19,14.140000343322754,14.220000267028809,14.06999969482422,14.109999656677246,235200,17.850000381469727,17.860000610351562,17.65999984741211,17.739999771118164,112700
2020-11-20,14.15999984741211,14.289999961853027,14.15999984741211,14.260000228881836,92600,17.8799991607666,18.040000915527344,17.850000381469727,18.010000228881836,168700
2020-11-23,14.3100004196167,14.359999656677246,14.25,14.31999969482422,157500,18.059999465942383,18.06999969482422,17.969999313354492,18.049999237060547,145000
2020-11-24,14.3100004196167,14.329999923706056,14.130000114440918,14.210000038146973,333100,18.06999969482422,18.09000015258789,17.829999923706055,17.950000762939453,260200
2020-11-25,14.18000030517578,14.31999969482422,14.18000030517578,14.31999969482422,191900,17.93000030517578,18.040000915527344,17.920000076293945,18.010000228881836,105500
2020-11-27,14.390000343322754,14.390000343322754,14.15999984741211,14.170000076293944,92500,18.040000915527344,18.040000915527344,17.889999389648438,17.889999389648438,90200
2020-11-30,14.149999618530272,14.34000015258789,14.09000015258789,14.34000015258789,185400,17.709999084472656,17.90999984741211,17.700000762939453,17.899999618530273,220100
2020-12-01,13.970000267028809,14.199999809265137,13.970000267028809,14.1899995803833,248800,17.639999389648438,17.790000915527344,17.579999923706055,17.700000762939453,143600
2020-12-02,14.06999969482422,14.100000381469728,13.859999656677246,13.9399995803833,1254900,17.510000228881836,17.6200008392334,17.360000610351562,17.469999313354492,332000
2020-12-03,14.130000114440918,14.18000030517578,14.050000190734863,14.18000030517578,503100,17.670000076293945,17.729999542236328,17.56999969482422,17.600000381469727,80900
2020-12-04,14.0,14.109999656677246,13.960000038146973,14.109999656677246,195900,17.639999389648438,17.700000762939453,17.59000015258789,17.690000534057617,122400
2020-12-07,14.050000190734863,14.140000343322754,13.859999656677246,13.970000267028809,196200,17.6299991607666,17.760000228881836,17.479999542236328,17.5,138900
2020-12-08,13.970000267028809,14.050000190734863,13.9399995803833,14.0,131100,17.520000457763672,17.6200008392334,17.479999542236328,17.600000381469727,98800
2020-12-09,14.079999923706056,14.109999656677246,14.0,14.020000457763672,148900,17.709999084472656,17.709999084472656,17.600000381469727,17.670000076293945,90100
2020-12-10,14.029999732971191,14.1899995803833,14.010000228881836,14.119999885559082,206000,17.709999084472656,17.93000030517578,17.600000381469727,17.719999313354492,194400
2020-12-11,14.119999885559082,14.130000114440918,13.960000038146973,14.0,204300,17.75,17.790000915527344,17.6200008392334,17.700000762939453,78200
2020-12-14,14.100000381469728,14.149999618530272,14.039999961853027,14.119999885559082,90800,17.8799991607666,17.899999618530273,17.770000457763672,17.84000015258789,57200
2020-12-15,14.109999656677246,14.140000343322754,14.029999732971191,14.06999969482422,111800,18.049999237060547,18.09000015258789,17.770000457763672,17.8799991607666,98100
2020-12-16,14.149999618530272,14.220000267028809,14.149999618530272,14.199999809265137,286700,18.040000915527344,18.18000030517578,18.0,18.100000381469727,59900
2020-12-17,14.279999732971191,14.3100004196167,14.140000343322754,14.140000343322754,215300,18.25,18.280000686645508,18.059999465942383,18.09000015258789,95100
2020-12-18,14.43000030517578,14.470000267028809,14.289999961853027,14.300000190734863,285300,18.489999771118164,18.549999237060547,18.350000381469727,18.43000030517578,149500
2020-12-21,14.510000228881836,14.529999732971191,14.369999885559082,14.390000343322754,181900,18.780000686645508,18.790000915527344,18.489999771118164,18.5,156200
2020-12-22,14.550000190734863,14.579999923706056,14.460000038146973,14.529999732971191,149800,18.780000686645508,18.86000061035156,18.68000030517578,18.790000915527344,90000
2020-12-23,14.670000076293944,14.739999771118164,14.600000381469728,14.600000381469728,146700,18.8799991607666,18.950000762939453,18.81999969482422,18.90999984741211,95000
2020-12-24,14.760000228881836,14.760000228881836,14.6899995803833,14.710000038146973,64600,18.899999618530277,18.96999931335449,18.86000061035156,18.96999931335449,79000
2020-12-28,14.890000343322754,14.899999618530272,14.710000038146973,14.800000190734863,209900,18.75,19.15999984741211,18.68000030517578,19.15999984741211,155500
2020-12-29,15.130000114440918,15.149999618530272,14.81999969482422,14.81999969482422,236300,19.31999969482422,19.32999992370605,18.71999931335449,18.71999931335449,213300
2020-12-30,15.300000190734863,15.350000381469728,15.079999923706056,15.100000381469728,269700,19.31999969482422,19.399999618530277,19.170000076293945,19.209999084472656,128500
2020-12-31,15.579999923706056,15.600000381469728,15.359999656677246,15.449999809265137,326400,19.46999931335449,19.57999992370605,19.459999084472656,19.56999969482422,166400
2021-01-04,15.59000015258789,15.789999961853027,15.460000038146973,15.770000457763672,370100,19.57999992370605,20.0,19.399999618530277,19.899999618530277,226700
2021-01-05,15.829999923706056,15.880000114440918,15.670000076293944,15.699999809265137,218400,20.07999992370605,20.3799991607666,19.8700008392334,19.88999938964844,326600
2021-01-06,15.90999984741211,15.9399995803833,15.779999732971191,15.920000076293944,145400,20.270000457763672,20.43000030517578,20.15999984741211,20.350000381469727,222100
2021-01-07,15.899999618530272,15.899999618530272,15.65999984741211,15.739999771118164,223100,20.200000762939453,20.229999542236328,20.0,20.06999969482422,239100
2021-01-08,15.93000030517578,15.979999542236328,15.829999923706056,15.979999542236328,291600,20.440000534057617,20.559999465942383,20.280000686645508,20.440000534057617,187300
2021-01-11,15.800000190734863,15.93000030517578,15.779999732971191,15.93000030517578,237600,20.32999992370605,20.600000381469727,20.170000076293945,20.600000381469727,217100
2021-01-12,16.790000915527344,16.81999969482422,15.779999732971191,15.850000381469728,1124600,21.0,21.200000762939453,20.100000381469727,20.450000762939453,493900
2021-01-13,16.670000076293945,17.010000228881836,16.639999389648438,17.0,451200,20.799999237060547,20.989999771118164,20.799999237060547,20.989999771118164,256400
2021-01-14,16.950000762939453,17.0,16.649999618530273,16.670000076293945,275600,21.18000030517578,21.229999542236328,20.84000015258789,20.93000030517578,241600
2021-01-15,16.899999618530273,16.950000762939453,16.809999465942383,16.940000534057617,198400,21.040000915527344,21.13999938964844,21.01000022888184,21.100000381469727,116400
2021-01-19,16.690000534057617,16.889999389648438,16.65999984741211,16.850000381469727,274700,20.65999984741211,20.920000076293945,20.63999938964844,20.920000076293945,299100
2021-01-20,16.479999542236328,16.6299991607666,16.360000610351562,16.43000030517578,428100,20.3700008392334,20.559999465942383,20.21999931335449,20.34000015258789,283500
2021-01-21,16.530000686645508,16.75,16.530000686645508,16.739999771118164,167200,20.34000015258789,20.6299991607666,20.34000015258789,20.57999992370605,159400
2021-01-22,15.850000381469728,16.43000030517578,15.800000190734863,16.399999618530273,469000,19.479999542236328,20.149999618530277,19.399999618530277,20.09000015258789,418000
2021-01-25,16.15999984741211,16.239999771118164,15.720000267028809,15.779999732971191,362300,19.93000030517578,20.030000686645508,19.420000076293945,19.420000076293945,258000
2021-01-26,16.639999389648438,16.719999313354492,16.40999984741211,16.40999984741211,225900,20.31999969482422,20.36000061035156,20.1200008392334,20.1200008392334,188800
2021-01-27,16.600000381469727,16.899999618530273,16.559999465942383,16.8700008392334,232200,20.26000022888184,20.520000457763672,20.190000534057617,20.43000030517578,109400
2021-01-28,16.56999969482422,17.059999465942383,16.510000228881836,16.81999969482422,173900,19.940000534057617,20.489999771118164,19.8700008392334,20.399999618530277,193000
2021-01-29,16.8799991607666,17.020000457763672,16.530000686645508,16.829999923706055,285000,20.15999984741211,20.299999237060547,19.81999969482422,20.149999618530277,130600
2021-02-01,16.959999084472656,16.959999084472656,16.719999313354492,16.950000762939453,390100,20.26000022888184,20.26000022888184,20.020000457763672,20.100000381469727,181100
2021-02-02,16.799999237060547,16.889999389648438,16.739999771118164,16.809999465942383,187500,20.100000381469727,20.200000762939453,19.93000030517578,20.01000022888184,84800
2021-02-03,16.950000762939453,16.989999771118164,16.6200008392334,16.760000228881836,239700,20.25,20.299999237060547,19.979999542236328,20.100000381469727,116400
2021-02-04,16.940000534057617,17.059999465942383,16.8700008392334,17.030000686645508,106500,20.280000686645508,20.43000030517578,20.200000762939453,20.34000015258789,138300
2021-02-05,16.959999084472656,17.049999237060547,16.899999618530273,17.0,133400,20.290000915527344,20.46999931335449,20.200000762939453,20.200000762939453,89300
2021-02-08,17.309999465942383,17.3799991607666,17.049999237060547,17.09000015258789,488600,20.6299991607666,20.63999938964844,20.3700008392334,20.399999618530277,107100
2021-02-09,17.100000381469727,17.5,16.829999923706055,17.360000610351562,644300,20.790000915527344,20.8799991607666,20.46999931335449,20.81999969482422,145200
2021-02-10,16.579999923706055,16.850000381469727,16.540000915527344,16.850000381469727,2983600,20.190000534057617,20.559999465942383,20.15999984741211,20.559999465942383,250000
2021-02-11,16.770000457763672,16.8799991607666,16.6299991607666,16.649999618530273,448500,20.3799991607666,20.540000915527344,20.270000457763672,20.270000457763672,82700
2021-02-12,16.700000762939453,16.8799991607666,16.670000076293945,16.790000915527344,919300,20.420000076293945,20.489999771118164,20.34000015258789,20.420000076293945,45800
2021-02-16,17.06999969482422,17.06999969482422,16.770000457763672,16.770000457763672,322600,20.670000076293945,20.670000076293945,20.5,20.61000061035156,81100
2021-02-17,17.100000381469727,17.1200008392334,16.889999389648438,16.959999084472656,165000,20.649999618530277,20.71999931335449,20.559999465942383,20.65999984741211,97000
2021-02-18,17.06999969482422,17.139999389648438,17.030000686645508,17.1299991607666,125100,20.530000686645508,20.690000534057617,20.489999771118164,20.690000534057617,84800
2021-02-19,16.979999542236328,17.290000915527344,16.940000534057617,17.18000030517578,455700,20.690000534057617,20.790000915527344,20.57999992370605,20.57999992370605,280600
2021-02-22,17.25,17.290000915527344,17.0,17.0,329500,20.799999237060547,20.86000061035156,20.6200008392334,20.690000534057617,162000
2021-02-23,17.34000015258789,17.5,17.270000457763672,17.3700008392334,306400,21.09000015258789,21.31999969482422,21.049999237060547,21.100000381469727,249900
2021-02-24,17.459999084472656,17.5,17.3700008392334,17.43000030517578,182200,21.32999992370605,21.3700008392334,21.18000030517578,21.200000762939453,108100
2021-02-25,17.260000228881836,17.34000015258789,17.100000381469727,17.329999923706055,233800,21.1299991607666,21.32999992370605,20.93000030517578,21.32999992370605,148900
2021-02-26,17.219999313354492,17.229999542236328,17.010000228881836,17.020000457763672,486500,21.06999969482422,21.149999618530277,20.799999237060547,20.81999969482422,179700
2021-03-01,17.0,17.260000228881836,16.950000762939453,17.209999084472656,300600,20.93000030517578,21.450000762939453,20.8700008392334,21.32999992370605,90200
2021-03-02,17.200000762939453,17.290000915527344,16.8799991607666,16.940000534057617,428400,21.149999618530277,21.190000534057617,20.81999969482422,20.81999969482422,80100
2021-03-03,16.979999542236328,17.09000015258789,16.899999618530273,17.079999923706055,219700,21.030000686645508,21.07999992370605,20.850000381469727,21.020000457763672,68500
2021-03-04,16.950000762939453,17.170000076293945,16.8700008392334,16.90999984741211,395100,21.1299991607666,21.440000534057617,21.01000022888184,21.100000381469727,119600
2021-03-05,17.350000381469727,17.350000381469727,17.100000381469727,17.110000610351562,312800,21.450000762939453,21.479999542236328,21.18000030517578,21.18000030517578,106600
2021-03-08,17.299999237060547,17.399999618530273,17.049999237060547,17.399999618530273,182800,21.51000022888184,21.6200008392334,21.46999931335449,21.61000061035156,76000
2021-03-09,17.31999969482422,17.350000381469727,17.06999969482422,17.200000762939453,220900,21.59000015258789,21.6299991607666,21.36000061035156,21.450000762939453,91000
2021-03-10,17.010000228881836,17.149999618530273,16.950000762939453,17.1299991607666,359800,21.15999984741211,21.34000015258789,21.1200008392334,21.32999992370605,114500
2021-03-11,17.15999984741211,17.209999084472656,17.020000457763672,17.15999984741211,207200,21.309999465942383,21.31999969482422,21.200000762939453,21.25,154300
2021-03-12,17.079999923706055,17.139999389648438,16.93000030517578,17.059999465942383,143800,21.309999465942383,21.350000381469727,21.030000686645508,21.18000030517578,46800
2021-03-15,17.170000076293945,17.219999313354492,16.940000534057617,17.010000228881836,194000,21.32999992370605,21.399999618530277,21.11000061035156,21.26000022888184,82200
2021-03-16,17.190000534057617,17.229999542236328,17.020000457763672,17.190000534057617,147200,21.31999969482422,21.3700008392334,21.18000030517578,21.18000030517578,49500
2021-03-17,17.18000030517578,17.209999084472656,17.100000381469727,17.209999084472656,85000,21.15999984741211,21.270000457763672,21.1200008392334,21.15999984741211,50900
2021-03-18,16.829999923706055,17.15999984741211,16.809999465942383,17.15999984741211,301300,20.71999931335449,21.09000015258789,20.700000762939453,21.09000015258789,165900
2021-03-19,16.959999084472656,17.020000457763672,16.84000015258789,16.8700008392334,124600,20.93000030517578,21.06999969482422,20.780000686645508,20.780000686645508,99100
2021-03-22,16.8799991607666,16.93000030517578,16.75,16.93000030517578,248600,20.920000076293945,21.049999237060547,20.82999992370605,21.049999237060547,99300
2021-03-23,16.8799991607666,17.010000228881836,16.799999237060547,16.799999237060547,103000,21.0,21.200000762939453,20.920000076293945,20.920000076293945,78300
2021-03-24,16.889999389648438,16.940000534057617,16.829999923706055,16.889999389648438,163200,21.1200008392334,21.209999084472656,21.030000686645508,21.030000686645508,82600
2021-03-25,16.790000915527344,16.860000610351562,16.700000762939453,16.809999465942383,213300,21.01000022888184,21.09000015258789,20.88999938964844,21.09000015258789,120900
2021-03-26,16.850000381469727,16.8799991607666,16.780000686645508,16.780000686645508,179500,20.8700008392334,21.01000022888184,20.84000015258789,20.93000030517578,123800
2021-03-29,16.670000076293945,16.760000228881836,16.6200008392334,16.760000228881836,189100,20.739999771118164,20.899999618530277,20.729999542236328,20.81999969482422,48400
2021-03-30,16.3799991607666,16.639999389648438,16.290000915527344,16.6299991607666,377500,20.459999084472656,20.729999542236328,20.440000534057617,20.71999931335449,142700
2021-03-31,17.530000686645508,17.719999313354492,16.34000015258789,16.399999618530273,1125000,21.6200008392334,21.8799991607666,20.540000915527344,20.540000915527344,313600
2021-04-01,17.34000015258789,17.75,17.229999542236328,17.709999084472656,495900,21.25,21.68000030517578,21.21999931335449,21.6200008392334,86700
2021-04-05,17.34000015258789,17.600000381469727,17.299999237060547,17.399999618530273,158600,21.36000061035156,21.5,21.350000381469727,21.40999984741211,44400
2021-04-06,17.290000915527344,17.5,17.219999313354492,17.5,121200,21.450000762939453,21.57999992370605,21.399999618530277,21.56999969482422,25000
2021-04-07,17.329999923706055,17.389999389648438,17.229999542236328,17.3799991607666,129000,21.40999984741211,21.530000686645508,21.31999969482422,21.530000686645508,38100
2021-04-08,17.760000228881836,17.799999237060547,17.459999084472656,17.549999237060547,264200,21.420000076293945,21.5,21.36000061035156,21.36000061035156,53000
2021-04-09,17.760000228881836,18.1299991607666,17.719999313354492,17.8700008392334,400900,21.350000381469727,21.489999771118164,21.280000686645508,21.450000762939453,96100
2021-04-12,17.649999618530273,17.860000610351562,17.610000610351562,17.860000610351562,210700,21.15999984741211,21.5,21.01000022888184,21.5,105300
2021-04-13,18.010000228881836,18.07999992370605,17.780000686645508,17.790000915527344,215200,21.15999984741211,21.309999465942383,21.1299991607666,21.190000534057617,26200
2021-04-14,18.38999938964844,18.479999542236328,18.200000762939453,18.229999542236328,250300,21.31999969482422,21.459999084472656,21.25,21.280000686645508,72800
2021-04-15,18.399999618530277,18.540000915527344,18.26000022888184,18.540000915527344,218600,21.420000076293945,21.46999931335449,21.350000381469727,21.399999618530277,65100
2021-04-16,18.3700008392334,18.5,18.26000022888184,18.5,230500,21.56999969482422,21.68000030517578,21.459999084472656,21.459999084472656,70900
2021-04-19,18.600000381469727,18.63999938964844,18.5,18.5,265100,21.700000762939453,21.76000022888184,21.56999969482422,21.65999984741211,48500
2021-04-20,18.979999542236328,19.07999992370605,18.729999542236328,18.729999542236328,419300,22.01000022888184,22.1299991607666,21.940000534057617,21.989999771118164,104900
2021-04-21,19.25,19.399999618530277,18.770000457763672,18.93000030517578,356000,22.229999542236328,22.239999771118164,21.93000030517578,21.93000030517578,119000
2021-04-22,20.0,20.100000381469727,19.290000915527344,19.420000076293945,514900,22.65999984741211,22.780000686645508,22.31999969482422,22.420000076293945,155000
2021-04-23,20.01000022888184,20.040000915527344,19.709999084472656,19.75,371900,22.700000762939453,22.770000457763672,22.5,22.56999969482422,73100
2021-04-26,20.670000076293945,20.799999237060547,20.25,20.5,807200,23.13999938964844,23.13999938964844,22.780000686645508,22.8700008392334,130600
2021-04-27,20.459999084472656,20.8700008392334,20.11000061035156,20.649999618530277,529600,22.84000015258789,23.190000534057617,22.790000915527344,23.15999984741211,163700
2021-04-28,19.86000061035156,20.61000061035156,19.739999771118164,19.959999084472656,797400,22.559999465942383,23.030000686645508,22.559999465942383,22.600000381469727,166700
2021-04-29,19.989999771118164,20.01000022888184,19.68000030517578,19.96999931335449,362900,22.530000686645508,22.739999771118164,22.479999542236328,22.649999618530277,79000
2021-04-30,20.790000915527344,20.84000015258789,19.899999618530277,19.899999618530277,380900,22.950000762939453,22.96999931335449,22.399999618530277,22.43000030517578,127200
2021-05-03,20.75,21.440000534057617,20.65999984741211,21.280000686645508,430300,22.899999618530277,23.26000022888184,22.729999542236328,23.209999084472656,87100
2021-05-04,21.46999931335449,21.46999931335449,20.989999771118164,20.989999771118164,712900,23.200000762939453,23.270000457763672,23.01000022888184,23.01000022888184,107800
2021-05-05,22.0,22.07999992370605,21.38999938964844,21.59000015258789,732000,23.3700008392334,23.399999618530277,23.11000061035156,23.3799991607666,107500
2021-05-06,22.600000381469727,22.71999931335449,21.989999771118164,22.149999618530277,1064500,23.799999237060547,23.88999938964844,23.5,23.5,337300
2021-05-07,22.90999984741211,22.979999542236328,22.34000015258789,22.809999465942383,923500,24.059999465942383,24.200000762939453,23.670000076293945,24.0,212500
2021-05-10,22.1200008392334,22.739999771118164,22.01000022888184,22.739999771118164,746200,23.8700008392334,24.020000457763672,23.76000022888184,24.020000457763672,110700
2021-05-11,22.280000686645508,22.489999771118164,22.15999984741211,22.239999771118164,777500,24.1200008392334,24.26000022888184,23.90999984741211,23.90999984741211,426100
2021-05-12,21.690000534057617,22.299999237060547,21.459999084472656,22.299999237060547,862400,24.200000762939453,24.57999992370605,24.1299991607666,24.36000061035156,186000
2021-05-13,20.530000686645508,21.479999542236328,20.200000762939453,21.479999542236328,1364400,23.540000915527344,23.920000076293945,23.170000076293945,23.920000076293945,283200
2021-05-14,19.920000076293945,21.1200008392334,19.8799991607666,21.030000686645508,827000,23.6200008392334,23.8799991607666,23.559999465942383,23.670000076293945,170200
2021-05-17,19.8799991607666,20.15999984741211,19.75,19.90999984741211,905200,23.540000915527344,23.71999931335449,23.36000061035156,23.61000061035156,138800
2021-05-18,20.190000534057617,20.309999465942383,20.01000022888184,20.15999984741211,445400,23.6299991607666,23.809999465942383,23.559999465942383,23.71999931335449,85300
2021-05-19,20.13999938964844,20.190000534057617,19.440000534057617,19.729999542236328,579300,23.309999465942383,23.36000061035156,22.959999084472656,23.36000061035156,178200
2021-05-20,20.40999984741211,20.61000061035156,20.1200008392334,20.200000762939453,252800,23.21999931335449,23.399999618530277,23.09000015258789,23.299999237060547,80100
2021-05-21,20.18000030517578,20.3799991607666,20.1299991607666,20.25,570100,23.020000457763672,23.239999771118164,23.01000022888184,23.06999969482422,185500
2021-05-24,20.06999969482422,20.1299991607666,19.700000762939453,19.799999237060547,274000,23.06999969482422,23.149999618530277,22.81999969482422,22.84000015258789,189100
2021-05-25,19.280000686645508,20.01000022888184,19.229999542236328,20.0,589600,22.88999938964844,23.280000686645508,22.76000022888184,23.190000534057617,84300
2021-05-26,19.459999084472656,19.520000457763672,18.82999992370605,19.209999084472656,623600,22.88999938964844,23.059999465942383,22.600000381469727,22.739999771118164,143800
2021-05-27,20.559999465942383,20.739999771118164,19.63999938964844,19.63999938964844,587800,23.489999771118164,23.549999237060547,23.1200008392334,23.1299991607666,97700
2021-05-28,20.290000915527344,20.63999938964844,20.21999931335449,20.420000076293945,228900,23.3799991607666,23.549999237060547,23.309999465942383,23.3700008392334,92600
2021-06-01,21.1200008392334,21.46999931335449,20.96999931335449,21.0,421200,23.81999969482422,24.1200008392334,23.68000030517578,23.75,132000
2021-06-02,20.940000534057617,21.270000457763672,20.709999084472656,21.200000762939453,188000,24.09000015258789,24.1299991607666,23.86000061035156,23.899999618530277,58000
2021-06-03,20.75,21.209999084472656,20.520000457763672,21.209999084472656,162100,24.0,24.36000061035156,23.899999618530277,24.25,53100
2021-06-04,21.420000076293945,21.46999931335449,21.049999237060547,21.049999237060547,251400,24.36000061035156,24.420000076293945,24.170000076293945,24.170000076293945,71200
2021-06-07,21.850000381469727,22.1299991607666,21.700000762939453,22.07999992370605,326200,24.51000022888184,24.799999237060547,24.440000534057617,24.600000381469727,127000
2021-06-08,22.209999084472656,22.32999992370605,22.0,22.040000915527344,295800,24.75,24.770000457763672,24.600000381469727,24.600000381469727,91800
2021-06-09,22.21999931335449,22.3799991607666,21.75,21.90999984741211,261200,24.559999465942383,24.61000061035156,24.290000915527344,24.549999237060547,69300
2021-06-10,22.459999084472656,22.729999542236328,22.25,22.3700008392334,335800,24.68000030517578,24.75,24.3700008392334,24.75,72800
2021-06-11,22.239999771118164,22.280000686645508,21.739999771118164,22.13999938964844,260700,24.3700008392334,24.43000030517578,24.13999938964844,24.299999237060547,65700
2021-06-14,21.32999992370605,21.61000061035156,21.06999969482422,21.229999542236328,336800,23.6299991607666,23.90999984741211,23.5,23.540000915527344,216100
2021-06-15,21.059999465942383,21.18000030517578,20.709999084472656,20.940000534057617,289900,23.290000915527344,23.5,23.229999542236328,23.5,117100
2021-06-16,20.959999084472656,21.5,20.940000534057617,21.239999771118164,223500,22.799999237060547,23.3799991607666,22.770000457763672,23.34000015258789,80900
2021-06-17,19.649999618530277,20.530000686645508,19.56999969482422,20.3799991607666,695700,21.3799991607666,22.479999542236328,21.270000457763672,22.31999969482422,267500
2021-06-18,20.57999992370605,20.940000534057617,19.989999771118164,20.209999084472656,402700,22.440000534057617,22.6200008392334,21.959999084472656,22.229999542236328,157400
2021-06-21,20.459999084472656,20.690000534057617,19.739999771118164,19.950000762939453,243000,22.690000534057617,22.690000534057617,21.959999084472656,22.26000022888184,97400
2021-06-22,19.8700008392334,20.26000022888184,19.770000457763672,20.209999084472656,149700,22.36000061035156,22.68000030517578,22.270000457763672,22.56999969482422,34400
2021-06-23,19.770000457763672,19.93000030517578,19.520000457763672,19.8700008392334,193700,22.31999969482422,22.489999771118164,22.21999931335449,22.31999969482422,109800
2021-06-24,19.739999771118164,19.950000762939453,19.1299991607666,19.350000381469727,274200,22.239999771118164,22.299999237060547,21.76000022888184,21.90999984741211,62200
2021-06-25,19.200000762939453,19.68000030517578,19.190000534057617,19.68000030517578,314000,21.88999938964844,22.350000381469727,21.780000686645508,22.350000381469727,80700
2021-06-28,20.049999237060547,20.13999938964844,19.200000762939453,19.200000762939453,355700,22.61000061035156,22.71999931335449,22.049999237060547,22.049999237060547,59300
2021-06-29,20.020000457763672,20.489999771118164,20.01000022888184,20.18000030517578,663600,22.520000457763672,22.82999992370605,22.51000022888184,22.6299991607666,77600
2021-06-30,21.3700008392334,21.5,19.450000762939453,19.68000030517578,1242400,23.700000762939453,23.96999931335449,22.239999771118164,22.540000915527344,266700
2021-07-01,21.350000381469727,22.06999969482422,21.21999931335449,21.979999542236328,280100,23.76000022888184,24.209999084472656,23.690000534057617,24.209999084472656,82700
2021-07-02,21.06999969482422,21.350000381469727,20.959999084472656,21.34000015258789,166400,23.81999969482422,23.8799991607666,23.56999969482422,23.8799991607666,50200
2021-07-06,19.82999992370605,20.979999542236328,19.32999992370605,20.979999542236328,802600,22.299999237060547,23.649999618530277,22.18000030517578,23.649999618530277,140100
2021-07-07,19.670000076293945,19.84000015258789,19.25,19.71999931335449,157400,22.729999542236328,22.790000915527344,22.38999938964844,22.600000381469727,28000
2021-07-08,19.399999618530277,19.780000686645508,19.350000381469727,19.5,194800,22.6200008392334,22.86000061035156,22.440000534057617,22.440000534057617,27500
2021-07-09,19.1299991607666,19.36000061035156,18.989999771118164,19.350000381469727,199700,22.700000762939453,22.790000915527344,22.520000457763672,22.530000686645508,27600
2021-07-12,19.71999931335449,19.81999969482422,19.21999931335449,19.3700008392334,557000,23.15999984741211,23.18000030517578,22.770000457763672,22.770000457763672,146200
2021-07-13,19.989999771118164,20.21999931335449,19.76000022888184,19.850000381469727,213200,23.149999618530277,23.350000381469727,23.1299991607666,23.13999938964844,76500
2021-07-14,20.489999771118164,20.56999969482422,20.059999465942383,20.059999465942383,304400,23.6299991607666,23.670000076293945,23.280000686645508,23.280000686645508,71400
2021-07-15,20.40999984741211,20.530000686645508,20.190000534057617,20.46999931335449,121400,23.549999237060547,23.690000534057617,23.489999771118164,23.690000534057617,49500
2021-07-16,20.21999931335449,20.709999084472656,20.209999084472656,20.559999465942383,188500,23.61000061035156,23.989999771118164,23.559999465942383,23.559999465942383,98200
2021-07-19,20.350000381469727,20.6200008392334,20.049999237060547,20.51000022888184,211900,23.450000762939453,23.82999992370605,23.420000076293945,23.729999542236328,62600
2021-07-20,20.75,20.850000381469727,20.540000915527344,20.600000381469727,199200,23.700000762939453,23.940000534057617,23.459999084472656,23.790000915527344,61300
2021-07-21,20.799999237060547,20.96999931335449,20.6299991607666,20.96999931335449,65900,23.700000762939453,23.739999771118164,23.530000686645508,23.739999771118164,37600
2021-07-22,20.559999465942383,20.770000457763672,20.299999237060547,20.299999237060547,51900,23.270000457763672,23.43000030517578,22.989999771118164,23.21999931335449,62900
2021-07-23,20.01000022888184,20.56999969482422,19.959999084472656,20.559999465942383,77900,23.040000915527344,23.290000915527344,23.030000686645508,23.059999465942383,55400
2021-07-26,20.239999771118164,20.239999771118164,19.709999084472656,19.75,629700,23.280000686645508,23.309999465942383,22.88999938964844,23.200000762939453,70700
2021-07-27,20.25,20.63999938964844,20.100000381469727,20.6299991607666,333300,23.25,23.649999618530277,23.149999618530277,23.270000457763672,92600
2021-07-28,20.25,20.36000061035156,20.170000076293945,20.200000762939453,88600,23.26000022888184,23.32999992370605,23.149999618530277,23.200000762939453,15400
2021-07-29,20.450000762939453,20.520000457763672,20.299999237060547,20.34000015258789,123000,23.559999465942383,23.559999465942383,23.3799991607666,23.520000457763672,27600
2021-07-30,20.1200008392334,20.299999237060547,20.06999969482422,20.299999237060547,135600,23.11000061035156,23.36000061035156,23.049999237060547,23.36000061035156,38600
2021-08-02,20.61000061035156,20.6299991607666,20.1299991607666,20.1299991607666,122900,23.200000762939453,23.32999992370605,23.0,23.0,39800
2021-08-03,20.479999542236328,20.799999237060547,20.239999771118164,20.489999771118164,131500,22.76000022888184,23.06999969482422,22.56999969482422,23.06999969482422,53800
2021-08-04,20.31999969482422,20.6200008392334,20.100000381469727,20.479999542236328,89500,22.81999969482422,22.90999984741211,22.670000076293945,22.690000534057617,50000
2021-08-05,20.479999542236328,20.6299991607666,20.3799991607666,20.3799991607666,76500,22.84000015258789,23.040000915527344,22.729999542236328,22.729999542236328,19500
2021-08-06,20.71999931335449,20.739999771118164,20.459999084472656,20.540000915527344,167200,23.0,23.040000915527344,22.93000030517578,22.989999771118164,43400
2021-08-09,20.690000534057617,20.729999542236328,20.540000915527344,20.549999237060547,75100,22.899999618530277,23.13999938964844,22.809999465942383,22.809999465942383,16000
2021-08-10,20.61000061035156,20.68000030517578,20.530000686645508,20.56999969482422,79500,22.96999931335449,23.059999465942383,22.950000762939453,23.0,33500
2021-08-11,20.739999771118164,20.82999992370605,20.63999938964844,20.729999542236328,137500,22.979999542236328,23.209999084472656,22.959999084472656,23.200000762939453,20500
2021-08-12,21.1299991607666,21.709999084472656,20.5,20.71999931335449,314900,22.96999931335449,23.399999618530277,22.739999771118164,22.979999542236328,91300
2021-08-13,21.1200008392334,21.3700008392334,21.030000686645508,21.34000015258789,133900,23.31999969482422,23.31999969482422,23.15999984741211,23.15999984741211,61000
2021-08-16,21.030000686645508,21.06999969482422,20.81999969482422,21.059999465942383,126600,23.38999938964844,23.450000762939453,23.26000022888184,23.36000061035156,118800
2021-08-17,20.82999992370605,21.040000915527344,20.75,20.93000030517578,145000,23.32999992370605,23.520000457763672,23.209999084472656,23.520000457763672,45000
2021-08-18,20.82999992370605,20.93000030517578,20.770000457763672,20.93000030517578,69600,23.18000030517578,23.31999969482422,23.11000061035156,23.25,42700
2021-08-19,20.459999084472656,20.729999542236328,20.290000915527344,20.61000061035156,213900,22.739999771118164,22.93000030517578,22.59000015258789,22.850000381469727,61700
2021-08-20,19.959999084472656,20.280000686645508,19.82999992370605,20.270000457763672,117500,22.299999237060547,22.729999542236328,22.100000381469727,22.690000534057617,69200
2021-08-23,19.959999084472656,20.13999938964844,19.729999542236328,20.030000686645508,119000,22.38999938964844,22.540000915527344,22.299999237060547,22.46999931335449,41000
2021-08-24,20.270000457763672,20.350000381469727,20.01000022888184,20.059999465942383,107400,23.0,23.06999969482422,22.790000915527344,22.790000915527344,20800
2021-08-25,20.61000061035156,20.75,20.21999931335449,20.299999237060547,123200,23.040000915527344,23.15999984741211,22.899999618530277,23.0,110700
2021-08-26,20.489999771118164,20.6299991607666,20.459999084472656,20.530000686645508,81400,22.920000076293945,22.989999771118164,22.84000015258789,22.850000381469727,15900
2021-08-27,20.56999969482422,20.600000381469727,20.290000915527344,20.38999938964844,88900,22.82999992370605,22.8799991607666,22.65999984741211,22.82999992370605,32900
2021-08-30,20.309999465942383,20.559999465942383,20.059999465942383,20.559999465942383,96100,22.6299991607666,22.899999618530277,22.51000022888184,22.899999618530277,17500
2021-08-31,20.0,20.1200008392334,19.71999931335449,20.1200008392334,112900,22.520000457763672,22.61000061035156,22.350000381469727,22.57999992370605,17400
2021-09-01,19.709999084472656,19.88999938964844,19.56999969482422,19.81999969482422,103600,22.299999237060547,22.459999084472656,22.170000076293945,22.450000762939453,16100
2021-09-02,19.700000762939453,19.88999938964844,19.59000015258789,19.690000534057617,55100,22.32999992370605,22.40999984741211,22.209999084472656,22.350000381469727,20300
2021-09-03,19.68000030517578,19.86000061035156,19.63999938964844,19.649999618530277,66600,22.479999542236328,22.549999237060547,22.450000762939453,22.5,23000
2021-09-07,19.299999237060547,19.729999542236328,19.299999237060547,19.68000030517578,145200,22.229999542236328,22.549999237060547,22.229999542236328,22.540000915527344,27300
2021-09-08,19.32999992370605,19.520000457763672,19.239999771118164,19.38999938964844,200800,22.280000686645508,22.32999992370605,22.200000762939453,22.32999992370605,17500
2021-09-09,19.26000022888184,19.350000381469727,19.149999618530277,19.209999084472656,103600,22.1299991607666,22.299999237060547,22.059999465942383,22.13999938964844,25600
2021-09-10,19.46999931335449,19.690000534057617,18.920000076293945,19.239999771118164,172000,22.3700008392334,22.56999969482422,22.030000686645508,22.15999984741211,88000
2021-09-13,19.350000381469727,19.5,19.25,19.399999618530277,135300,22.399999618530277,22.43000030517578,22.309999465942383,22.420000076293945,27700
2021-09-14,19.59000015258789,19.6200008392334,19.40999984741211,19.479999542236328,59000,22.34000015258789,22.549999237060547,22.34000015258789,22.440000534057617,27200
2021-09-15,19.979999542236328,19.989999771118164,19.649999618530277,19.790000915527344,158000,22.549999237060547,22.56999969482422,22.290000915527344,22.350000381469727,16600
2021-09-16,19.780000686645508,20.030000686645508,19.770000457763672,19.950000762939453,75200,22.520000457763672,22.700000762939453,22.46999931335449,22.549999237060547,32500
2021-09-17,19.739999771118164,19.799999237060547,19.59000015258789,19.799999237060547,52500,22.299999237060547,22.420000076293945,22.26000022888184,22.3799991607666,38600
2021-09-20,19.59000015258789,19.63999938964844,19.34000015258789,19.440000534057617,209800,22.040000915527344,22.18000030517578,22.0,22.06999969482422,48100
2021-09-21,19.36000061035156,19.549999237060547,19.280000686645508,19.549999237060547,75500,22.200000762939453,22.239999771118164,21.950000762939453,21.989999771118164,63900
2021-09-22,19.6299991607666,19.670000076293945,19.46999931335449,19.479999542236328,144100,22.270000457763672,22.31999969482422,22.190000534057617,22.290000915527344,21000
2021-09-23,19.809999465942383,19.850000381469727,19.530000686645508,19.57999992370605,71800,22.36000061035156,22.3700008392334,22.270000457763672,22.270000457763672,16300
2021-09-24,19.729999542236328,19.799999237060547,19.65999984741211,19.799999237060547,36700,22.3700008392334,22.38999938964844,22.25,22.34000015258789,25500
2021-09-27,20.229999542236328,20.25,19.690000534057617,19.71999931335449,180200,22.40999984741211,22.600000381469727,22.36000061035156,22.36000061035156,38300
2021-09-28,20.059999465942383,20.270000457763672,20.030000686645508,20.25,89700,22.26000022888184,22.420000076293945,22.25,22.420000076293945,14300
2021-09-29,20.25,20.32999992370605,20.09000015258789,20.149999618530277,112800,22.350000381469727,22.43000030517578,22.26000022888184,22.26000022888184,15100
2021-09-30,20.170000076293945,20.530000686645508,19.88999938964844,20.26000022888184,183600,22.020000457763672,22.51000022888184,21.8700008392334,22.3700008392334,71300
2021-10-01,20.51000022888184,20.549999237060547,20.18000030517578,20.34000015258789,159300,21.8799991607666,22.06999969482422,21.770000457763672,21.940000534057617,25100
2021-10-04,20.520000457763672,20.729999542236328,20.309999465942383,20.309999465942383,176100,21.71999931335449,21.899999618530277,21.709999084472656,21.790000915527344,34100
2021-10-05,20.309999465942383,20.46999931335449,20.26000022888184,20.3799991607666,172000,22.01000022888184,22.09000015258789,21.780000686645508,21.780000686645508,40700
2021-10-06,20.299999237060547,20.56999969482422,20.200000762939453,20.489999771118164,60800,21.899999618530277,22.020000457763672,21.82999992370605,22.020000457763672,25100
2021-10-07,20.239999771118164,20.280000686645508,20.020000457763672,20.280000686645508,184700,22.01000022888184,22.01000022888184,21.76000022888184,21.86000061035156,31700
2021-10-08,20.13999938964844,20.3700008392334,20.13999938964844,20.3700008392334,44200,21.88999938964844,22.15999984741211,21.8799991607666,22.020000457763672,21500
2021-10-11,20.270000457763672,20.31999969482422,20.100000381469727,20.26000022888184,864600,21.6299991607666,21.959999084472656,21.6299991607666,21.950000762939453,31600
2021-10-12,19.959999084472656,20.200000762939453,19.809999465942383,20.200000762939453,419200,21.190000534057617,21.63999938964844,21.149999618530277,21.63999938964844,62600
2021-10-13,19.530000686645508,19.8700008392334,19.3700008392334,19.809999465942383,448000,21.100000381469727,21.34000015258789,20.96999931335449,21.34000015258789,54600
2021-10-14,19.670000076293945,19.770000457763672,19.559999465942383,19.649999618530277,687300,21.229999542236328,21.229999542236328,21.049999237060547,21.229999542236328,32200
2021-10-15,20.020000457763672,20.06999969482422,19.86000061035156,19.88999938964844,144500,21.450000762939453,21.450000762939453,21.350000381469727,21.36000061035156,27900
2021-10-18,20.149999618530277,20.200000762939453,19.82999992370605,19.8700008392334,711800,21.420000076293945,21.5,21.280000686645508,21.479999542236328,51600
2021-10-19,20.11000061035156,20.280000686645508,20.059999465942383,20.21999931335449,151300,21.600000381469727,21.709999084472656,21.5,21.540000915527344,22400
2021-10-20,20.440000534057617,20.479999542236328,20.1200008392334,20.209999084472656,129400,21.940000534057617,21.940000534057617,21.68000030517578,21.68000030517578,31000
2021-10-21,20.209999084472656,20.3799991607666,20.170000076293945,20.31999969482422,81400,21.530000686645508,21.780000686645508,21.5,21.780000686645508,50000
2021-10-22,20.3799991607666,20.40999984741211,20.239999771118164,20.239999771118164,104800,21.440000534057617,21.59000015258789,21.40999984741211,21.489999771118164,82300
2021-10-25,20.38999938964844,20.459999084472656,20.309999465942383,20.459999084472656,89800,21.709999084472656,21.71999931335449,21.559999465942383,21.559999465942383,44500
2021-10-26,20.5,20.700000762939453,20.209999084472656,20.36000061035156,149500,21.68000030517578,21.850000381469727,21.6299991607666,21.649999618530277,30000
2021-10-27,21.040000915527344,21.170000076293945,20.459999084472656,20.5,222500,21.770000457763672,22.0,21.549999237060547,21.6200008392334,68000
2021-10-28,21.229999542236328,21.399999618530277,20.940000534057617,21.030000686645508,156700,21.690000534057617,21.920000076293945,21.68000030517578,21.75,45400
2021-10-29,21.3700008392334,21.3700008392334,21.030000686645508,21.239999771118164,147800,21.770000457763672,21.799999237060547,21.670000076293945,21.75,39100
2021-11-01,21.65999984741211,21.739999771118164,21.420000076293945,21.420000076293945,146400,21.76000022888184,21.90999984741211,21.700000762939453,21.729999542236328,51400
2021-11-02,21.459999084472656,21.850000381469727,21.399999618530277,21.700000762939453,163200,21.88999938964844,21.940000534057617,21.75,21.780000686645508,72100
2021-11-03,21.170000076293945,21.46999931335449,21.1299991607666,21.399999618530277,137300,21.700000762939453,21.88999938964844,21.6200008392334,21.780000686645508,39200
2021-11-04,21.020000457763672,21.38999938964844,20.940000534057617,21.3700008392334,98400,21.3700008392334,21.770000457763672,21.25,21.649999618530277,50600
2021-11-05,20.81999969482422,21.040000915527344,20.81999969482422,21.0,109200,21.040000915527344,21.25,21.040000915527344,21.229999542236328,39300
2021-11-08,20.799999237060547,20.90999984741211,20.76000022888184,20.799999237060547,101800,20.86000061035156,21.040000915527344,20.809999465942383,20.920000076293945,65200
2021-11-09,20.979999542236328,21.18000030517578,20.690000534057617,20.850000381469727,139100,21.26000022888184,21.63999938964844,20.670000076293945,20.790000915527344,154400
2021-11-10,21.36000061035156,21.440000534057617,21.049999237060547,21.049999237060547,104000,21.34000015258789,21.3700008392334,21.21999931335449,21.299999237060547,34500
2021-11-11,21.280000686645508,21.6200008392334,21.21999931335449,21.38999938964844,119400,21.36000061035156,21.46999931335449,21.309999465942383,21.399999618530277,20900
2021-11-12,21.530000686645508,21.649999618530277,21.21999931335449,21.36000061035156,114300,21.71999931335449,21.780000686645508,21.34000015258789,21.43000030517578,39600
2021-11-15,21.46999931335449,21.559999465942383,21.34000015258789,21.420000076293945,71300,21.93000030517578,21.93000030517578,21.649999618530277,21.700000762939453,59400
2021-11-16,21.350000381469727,21.540000915527344,21.299999237060547,21.540000915527344,81000,21.850000381469727,21.940000534057617,21.790000915527344,21.940000534057617,40200
2021-11-17,21.489999771118164,21.729999542236328,21.40999984741211,21.40999984741211,136600,22.190000534057617,22.3700008392334,21.96999931335449,21.989999771118164,92900
2021-11-18,21.38999938964844,21.75,21.38999938964844,21.56999969482422,88100,22.0,22.290000915527344,21.940000534057617,22.26000022888184,43200
2021-11-19,21.38999938964844,21.489999771118164,21.25,21.36000061035156,103200,22.0,22.059999465942383,21.799999237060547,22.0,31300
2021-11-22,21.59000015258789,21.63999938964844,21.450000762939453,21.520000457763672,140200,22.149999618530277,22.209999084472656,21.989999771118164,21.989999771118164,75300
2021-11-23,21.770000457763672,21.770000457763672,21.479999542236328,21.549999237060547,135000,22.1299991607666,22.1299991607666,21.96999931335449,22.11000061035156,32100
2021-11-24,21.600000381469727,21.989999771118164,21.56999969482422,21.850000381469727,170900,21.979999542236328,22.21999931335449,21.950000762939453,22.15999984741211,23500
2021-11-26,21.8799991607666,21.8799991607666,20.809999465942383,21.43000030517578,147700,21.76000022888184,21.899999618530277,21.31999969482422,21.709999084472656,45300
2021-11-29,21.540000915527344,21.8799991607666,21.399999618530277,21.8799991607666,114100,21.549999237060547,21.899999618530277,21.549999237060547,21.850000381469727,35500
2021-11-30,21.030000686645508,21.36000061035156,20.84000015258789,21.21999931335449,296200,21.200000762939453,21.440000534057617,21.1200008392334,21.350000381469727,66500
2021-12-01,21.06999969482422,21.239999771118164,20.979999542236328,21.049999237060547,170800,21.26000022888184,21.38999938964844,21.100000381469727,21.280000686645508,45800
2021-12-02,21.280000686645508,21.440000534057617,21.239999771118164,21.3700008392334,446100,21.520000457763672,21.6299991607666,21.280000686645508,21.280000686645508,58400
2021-12-03,21.479999542236328,21.56999969482422,21.36000061035156,21.459999084472656,86900,21.81999969482422,21.86000061035156,21.59000015258789,21.59000015258789,46600
2021-12-06,21.520000457763672,21.520000457763672,21.209999084472656,21.40999984741211,146400,21.780000686645508,21.780000686645508,21.6200008392334,21.729999542236328,30200
2021-12-07,21.57999992370605,21.68000030517578,21.3700008392334,21.520000457763672,99900,21.670000076293945,21.84000015258789,21.540000915527344,21.739999771118164,23500
2021-12-08,21.56999969482422,21.65999984741211,21.399999618530277,21.399999618530277,71200,21.82999992370605,21.86000061035156,21.489999771118164,21.489999771118164,40400
2021-12-09,21.6299991607666,21.700000762939453,21.3700008392334,21.5,83700,21.90999984741211,21.93000030517578,21.61000061035156,21.770000457763672,71200
2021-12-10,21.600000381469727,21.71999931335449,21.51000022888184,21.61000061035156,52100,21.96999931335449,22.040000915527344,21.88999938964844,22.0,24100
2021-12-13,21.36000061035156,21.540000915527344,21.309999465942383,21.540000915527344,90600,21.549999237060547,21.780000686645508,21.549999237060547,21.709999084472656,111800
2021-12-14,21.520000457763672,21.65999984741211,21.280000686645508,21.280000686645508,74100,21.81999969482422,21.8700008392334,21.65999984741211,21.65999984741211,35000
2021-12-15,21.420000076293945,21.68000030517578,21.229999542236328,21.59000015258789,256600,21.790000915527344,21.84000015258789,21.600000381469727,21.82999992370605,16800
2021-12-16,21.56999969482422,21.57999992370605,21.3700008392334,21.420000076293945,36000,21.899999618530277,21.989999771118164,21.88999938964844,21.950000762939453,134400
2021-12-17,21.51000022888184,21.75,21.459999084472656,21.459999084472656,158000,22.049999237060547,22.200000762939453,21.959999084472656,21.959999084472656,40500
2021-12-20,21.5,21.57999992370605,21.399999618530277,21.489999771118164,90100,22.13999938964844,22.170000076293945,22.06999969482422,22.07999992370605,52400
2021-12-21,21.700000762939453,21.770000457763672,21.399999618530277,21.399999618530277,56200,22.3799991607666,22.459999084472656,22.170000076293945,22.170000076293945,128200
2021-12-22,21.899999618530277,22.0,21.770000457763672,21.8799991607666,201100,22.709999084472656,22.75,22.59000015258789,22.600000381469727,79300
2021-12-23,22.049999237060547,22.049999237060547,21.850000381469727,21.86000061035156,126500,22.780000686645508,22.809999465942383,22.6299991607666,22.649999618530277,84500
2021-12-27,22.270000457763672,22.280000686645508,22.07999992370605,22.15999984741211,148900,23.170000076293945,23.190000534057617,22.8799991607666,22.8799991607666,71600
2021-12-28,21.86000061035156,22.229999542236328,21.850000381469727,22.21999931335449,112700,23.100000381469727,23.270000457763672,23.040000915527344,23.170000076293945,137700
2021-12-29,21.96999931335449,22.07999992370605,21.6200008392334,21.75,133700,23.18000030517578,23.18000030517578,22.86000061035156,22.86000061035156,15800
2021-12-30,21.56999969482422,21.86000061035156,21.51000022888184,21.809999465942383,167400,22.700000762939453,23.06999969482422,22.690000534057617,22.959999084472656,55700
2021-12-31,21.540000915527344,21.729999542236328,21.540000915527344,21.59000015258789,44500,22.75,22.90999984741211,22.75,22.75,41500
2022-01-03,21.5,21.770000457763672,21.34000015258789,21.75,109800,23.059999465942383,23.229999542236328,22.86000061035156,23.100000381469727,50000
2022-01-04,22.040000915527344,22.040000915527344,21.56999969482422,21.56999969482422,113000,23.540000915527344,23.549999237060547,23.100000381469727,23.100000381469727,64500
2022-01-05,21.81999969482422,22.01000022888184,21.809999465942383,21.950000762939453,111700,23.520000457763672,23.600000381469727,23.350000381469727,23.459999084472656,92400
2022-01-06,21.88999938964844,21.93000030517578,21.649999618530277,21.75,101200,23.540000915527344,23.559999465942383,23.270000457763672,23.3799991607666,35700
2022-01-07,22.020000457763672,22.020000457763672,21.71999931335449,21.809999465942383,54700,23.82999992370605,23.88999938964844,23.32999992370605,23.5,68300
2022-01-10,21.81999969482422,21.899999618530277,21.700000762939453,21.88999938964844,42400,23.40999984741211,23.799999237060547,23.34000015258789,23.799999237060547,63100
2022-01-11,21.8700008392334,21.96999931335449,21.790000915527344,21.90999984741211,85900,23.450000762939453,23.57999992370605,23.209999084472656,23.299999237060547,43300
2022-01-12,21.84000015258789,21.950000762939453,21.559999465942383,21.8799991607666,167500,23.700000762939453,23.700000762939453,23.149999618530277,23.600000381469727,68600
2022-01-13,21.520000457763672,21.739999771118164,21.459999084472656,21.739999771118164,68500,23.34000015258789,23.5,23.25,23.5,117100
2022-01-14,21.82999992370605,21.82999992370605,21.530000686645508,21.59000015258789,66500,23.209999084472656,23.350000381469727,23.15999984741211,23.32999992370605,48500
2022-01-18,21.84000015258789,21.86000061035156,21.59000015258789,21.600000381469727,45700,23.06999969482422,23.200000762939453,22.799999237060547,23.0,56300
2022-01-19,22.190000534057617,22.280000686645508,21.979999542236328,22.0,231800,23.540000915527344,23.540000915527344,23.21999931335449,23.21999931335449,59100
2022-01-20,22.059999465942383,22.25,22.01000022888184,22.13999938964844,115000,23.940000534057617,24.030000686645508,23.559999465942383,23.600000381469727,69100
2022-01-21,22.26000022888184,22.280000686645508,21.979999542236328,22.049999237060547,100500,23.799999237060547,23.96999931335449,23.75,23.920000076293945,57600
2022-01-24,22.350000381469727,22.350000381469727,21.920000076293945,22.170000076293945,186100,23.65999984741211,23.670000076293945,23.299999237060547,23.520000457763672,79700
2022-01-25,22.399999618530277,22.6200008392334,22.32999992370605,22.36000061035156,337400,23.780000686645508,23.84000015258789,23.540000915527344,23.799999237060547,25400
2022-01-26,22.56999969482422,22.61000061035156,22.299999237060547,22.43000030517578,120000,24.15999984741211,24.21999931335449,23.82999992370605,23.950000762939453,74100
2022-01-27,22.40999984741211,22.59000015258789,22.36000061035156,22.59000015258789,206000,24.25,24.3799991607666,24.11000061035156,24.190000534057617,42600
2022-01-28,22.75,22.75,22.40999984741211,22.40999984741211,145600,24.61000061035156,24.71999931335449,24.520000457763672,24.600000381469727,130900
2022-01-31,22.61000061035156,22.940000534057617,22.5,22.920000076293945,202000,24.920000076293945,25.0,24.68000030517578,25.0,71600
2022-02-01,22.88999938964844,22.959999084472656,22.649999618530277,22.68000030517578,144200,25.440000534057617,25.540000915527344,25.059999465942383,25.059999465942383,136900
2022-02-02,22.540000915527344,22.979999542236328,22.34000015258789,22.979999542236328,138200,25.63999938964844,25.850000381469727,25.38999938964844,25.729999542236328,68900
2022-02-03,22.36000061035156,22.420000076293945,22.11000061035156,22.31999969482422,119900,25.520000457763672,25.809999465942383,25.350000381469727,25.420000076293945,52200
2022-02-04,22.559999465942383,22.59000015258789,22.290000915527344,22.31999969482422,108000,25.790000915527344,25.799999237060547,25.459999084472656,25.57999992370605,41800
2022-02-07,23.049999237060547,23.059999465942383,22.75,22.8700008392334,287700,26.190000534057617,26.26000022888184,26.0,26.0,114100
2022-02-08,22.950000762939453,23.020000457763672,22.76000022888184,22.899999618530277,303400,25.96999931335449,26.049999237060547,25.8799991607666,25.950000762939453,39900
2022-02-09,23.280000686645508,23.299999237060547,22.93000030517578,23.0,272200,26.399999618530277,26.440000534057617,26.030000686645508,26.030000686645508,72100
2022-02-10,23.059999465942383,23.770000457763672,23.0,23.5,370300,26.1200008392334,27.020000457763672,26.0,26.8700008392334,132800
2022-02-11,23.489999771118164,23.6200008392334,23.100000381469727,23.15999984741211,231200,26.38999938964844,26.530000686645508,26.100000381469727,26.399999618530277,77200
2022-02-14,23.65999984741211,23.68000030517578,23.170000076293945,23.36000061035156,235900,26.239999771118164,26.299999237060547,26.0,26.299999237060547,85500
2022-02-15,23.059999465942383,23.32999992370605,23.01000022888184,23.32999992370605,199100,25.90999984741211,26.1200008392334,25.809999465942383,26.0,96700
2022-02-16,23.309999465942383,23.38999938964844,23.1200008392334,23.1200008392334,224900,26.540000915527344,26.540000915527344,26.0,26.0,105000
2022-02-17,23.399999618530277,23.479999542236328,23.229999542236328,23.32999992370605,214100,26.549999237060547,26.75,26.3700008392334,26.75,57500
2022-02-18,23.61000061035156,23.68000030517578,23.399999618530277,23.399999618530277,144400,26.65999984741211,26.790000915527344,26.559999465942383,26.700000762939453,61600
2022-02-22,24.209999084472656,24.21999931335449,23.670000076293945,23.780000686645508,353400,27.18000030517578,27.190000534057617,26.690000534057617,26.709999084472656,122700
2022-02-23,24.34000015258789,24.40999984741211,23.989999771118164,24.13999938964844,341000,27.489999771118164,27.51000022888184,27.21999931335449,27.21999931335449,125200
2022-02-24,24.5,25.75,24.299999237060547,25.709999084472656,820000,27.299999237060547,28.06999969482422,27.0,28.06999969482422,344600
2022-02-25,23.3799991607666,23.850000381469727,23.200000762939453,23.729999542236328,487300,26.100000381469727,26.700000762939453,25.940000534057617,26.690000534057617,231800
2022-02-28,24.57999992370605,24.670000076293945,23.920000076293945,24.100000381469727,455400,26.899999618530277,27.09000015258789,26.5,26.65999984741211,147600
2022-03-01,25.6299991607666,25.649999618530277,25.299999237060547,25.459999084472656,638000,27.520000457763672,27.75,27.26000022888184,27.75,106400
2022-03-02,25.25,25.71999931335449,24.850000381469727,25.71999931335449,436500,27.09000015258789,27.600000381469727,26.899999618530277,27.600000381469727,145800
2022-03-03,25.530000686645508,26.290000915527344,25.1200008392334,25.34000015258789,1510800,27.26000022888184,27.530000686645508,27.06999969482422,27.239999771118164,255300
2022-03-04,26.13999938964844,27.770000457763672,25.350000381469727,26.68000030517578,1967200,27.0,27.399999618530277,26.57999992370605,27.399999618530277,223200
2022-03-07,26.59000015258789,26.6200008392334,25.809999465942383,26.309999465942383,1314800,27.200000762939453,27.25,26.88999938964844,27.11000061035156,144600
2022-03-08,26.270000457763672,26.57999992370605,25.46999931335449,26.11000061035156,868800,27.559999465942383,27.63999938964844,27.100000381469727,27.3700008392334,145000
2022-03-09,25.82999992370605,26.13999938964844,25.51000022888184,25.93000030517578,413700,27.549999237060547,27.81999969482422,27.200000762939453,27.5,146400
2022-03-10,26.3799991607666,26.549999237060547,25.850000381469727,26.13999938964844,351700,27.600000381469727,27.809999465942383,27.440000534057617,27.65999984741211,85600
2022-03-11,26.59000015258789,26.6200008392334,26.020000457763672,26.15999984741211,290500,27.790000915527344,27.799999237060547,27.270000457763672,27.6299991607666,74600
2022-03-14,26.0,26.63999938964844,25.93000030517578,26.399999618530277,455200,27.34000015258789,27.790000915527344,27.32999992370605,27.790000915527344,97400
2022-03-15,26.21999931335449,26.38999938964844,25.649999618530277,25.770000457763672,192600,27.07999992370605,27.270000457763672,26.76000022888184,27.1299991607666,101100
2022-03-16,25.34000015258789,26.209999084472656,25.18000030517578,26.209999084472656,469200,26.8799991607666,27.440000534057617,26.82999992370605,27.399999618530277,91400
2022-03-17,26.1200008392334,26.190000534057617,25.6200008392334,25.6200008392334,254600,27.309999465942383,27.32999992370605,27.01000022888184,27.11000061035156,121200
2022-03-18,26.01000022888184,26.06999969482422,25.709999084472656,26.06999969482422,151100,27.280000686645508,27.440000534057617,27.100000381469727,27.440000534057617,84000
2022-03-21,26.75,26.940000534057617,26.36000061035156,26.489999771118164,713500,27.86000061035156,27.950000762939453,27.420000076293945,27.420000076293945,135700
2022-03-22,26.81999969482422,26.850000381469727,26.489999771118164,26.850000381469727,305300,27.90999984741211,27.93000030517578,27.799999237060547,27.899999618530277,95500
2022-03-23,26.989999771118164,27.299999237060547,26.899999618530277,27.049999237060547,347200,28.170000076293945,28.290000915527344,28.049999237060547,28.06999969482422,120200
2022-03-24,26.690000534057617,26.940000534057617,26.63999938964844,26.940000534057617,247900,27.920000076293945,28.1200008392334,27.88999938964844,28.100000381469727,98800
2022-03-25,26.8799991607666,26.920000076293945,26.649999618530277,26.799999237060547,305800,27.989999771118164,28.030000686645508,27.82999992370605,28.0,71000
2022-03-28,26.690000534057617,26.709999084472656,26.40999984741211,26.57999992370605,290700,27.350000381469727,27.71999931335449,27.350000381469727,27.71999931335449,87000
2022-03-29,26.040000915527344,26.1299991607666,25.25,25.96999931335449,653300,27.15999984741211,27.26000022888184,26.690000534057617,27.13999938964844,160800
2022-03-30,26.36000061035156,26.71999931335449,26.209999084472656,26.3799991607666,206600,27.530000686645508,27.700000762939453,27.200000762939453,27.200000762939453,114100
2022-03-31,27.15999984741211,27.729999542236328,26.34000015258789,26.51000022888184,821300,26.709999084472656,27.65999984741211,26.709999084472656,27.46999931335449,145100
2022-04-01,27.059999465942383,27.3799991607666,26.920000076293945,27.21999931335449,382900,26.459999084472656,26.780000686645508,26.399999618530277,26.75,92600
2022-04-04,27.649999618530277,27.670000076293945,27.3799991607666,27.549999237060547,377700,27.040000915527344,27.059999465942383,26.709999084472656,26.709999084472656,69100
2022-04-05,27.8799991607666,28.190000534057617,27.84000015258789,28.049999237060547,520000,27.299999237060547,27.420000076293945,27.26000022888184,27.290000915527344,42700
2022-04-06,27.8799991607666,28.06999969482422,27.709999084472656,27.84000015258789,277200,27.15999984741211,27.34000015258789,27.06999969482422,27.299999237060547,53800
2022-04-07,28.06999969482422,28.09000015258789,27.700000762939453,27.790000915527344,237200,27.649999618530277,27.649999618530277,27.32999992370605,27.32999992370605,50800
2022-04-08,28.34000015258789,28.399999618530277,27.920000076293945,28.11000061035156,314700,28.15999984741211,28.190000534057617,27.770000457763672,27.920000076293945,87200
2022-04-11,28.399999618530277,28.68000030517578,28.25,28.649999618530277,431800,28.0,28.11000061035156,27.770000457763672,28.11000061035156,76500
2022-04-12,28.8799991607666,28.940000534057617,28.71999931335449,28.739999771118164,622800,28.26000022888184,28.309999465942383,28.100000381469727,28.200000762939453,192000
2022-04-13,29.100000381469727,29.170000076293945,28.600000381469727,28.86000061035156,546000,28.280000686645508,28.309999465942383,27.979999542236328,28.21999931335449,107700
2022-04-14,29.209999084472656,29.280000686645508,28.950000762939453,29.15999984741211,473400,28.290000915527344,28.34000015258789,28.1299991607666,28.34000015258789,83900
2022-04-18,29.850000381469727,29.940000534057617,29.51000022888184,29.57999992370605,793300,28.59000015258789,28.690000534057617,28.420000076293945,28.420000076293945,133300
2022-04-19,29.670000076293945,29.850000381469727,29.61000061035156,29.76000022888184,492200,28.690000534057617,28.780000686645508,28.479999542236328,28.540000915527344,116700
2022-04-20,29.8799991607666,29.899999618530277,29.309999465942383,29.68000030517578,362300,28.940000534057617,28.989999771118164,28.51000022888184,28.790000915527344,111200
2022-04-21,29.399999618530277,29.739999771118164,29.34000015258789,29.739999771118164,433700,28.959999084472656,29.0,28.75,28.81999969482422,102800
2022-04-22,28.940000534057617,29.59000015258789,28.84000015258789,29.540000915527344,467900,28.450000762939453,29.170000076293945,28.31999969482422,29.040000915527344,151600
2022-04-25,29.34000015258789,29.350000381469727,28.700000762939453,28.850000381469727,455500,28.280000686645508,28.32999992370605,28.01000022888184,28.21999931335449,113700
2022-04-26,29.68000030517578,29.809999465942383,29.25,29.63999938964844,399200,28.40999984741211,28.6299991607666,28.26000022888184,28.5,54100
2022-04-27,30.049999237060547,30.100000381469727,29.5,29.59000015258789,713100,28.799999237060547,28.86000061035156,28.5,28.6299991607666,56900
2022-04-28,30.0,30.190000534057617,29.799999237060547,30.1200008392334,382000,28.71999931335449,28.81999969482422,28.61000061035156,28.81999969482422,347800
2022-04-29,29.979999542236328,30.299999237060547,29.93000030517578,30.049999237060547,562300,28.57999992370605,28.93000030517578,28.530000686645508,28.76000022888184,65600
2022-05-02,29.6299991607666,29.700000762939453,29.18000030517578,29.649999618530277,577900,28.100000381469727,28.479999542236328,27.920000076293945,28.43000030517578,280600
2022-05-03,29.290000915527344,29.90999984741211,29.13999938964844,29.76000022888184,359800,27.920000076293945,28.36000061035156,27.8700008392334,28.200000762939453,53400
2022-05-04,29.299999237060547,29.56999969482422,29.01000022888184,29.520000457763672,261600,28.100000381469727,28.100000381469727,27.709999084472656,28.020000457763672,43300
2022-05-05,29.40999984741211,29.5,29.170000076293945,29.5,387200,28.18000030517578,28.350000381469727,28.01000022888184,28.270000457763672,50800
2022-05-06,28.93000030517578,29.3700008392334,28.649999618530277,29.3700008392334,476900,27.780000686645508,28.209999084472656,27.68000030517578,28.209999084472656,62100
2022-05-09,28.200000762939453,28.65999984741211,28.149999618530277,28.450000762939453,576700,27.11000061035156,27.59000015258789,27.11000061035156,27.530000686645508,154400
2022-05-10,28.559999465942383,28.61000061035156,28.239999771118164,28.34000015258789,266500,27.31999969482422,27.399999618530277,27.239999771118164,27.309999465942383,45100
2022-05-11,29.209999084472656,29.239999771118164,28.790000915527344,28.790000915527344,693600,27.520000457763672,27.670000076293945,27.43000030517578,27.43000030517578,78000
2022-05-12,29.6200008392334,29.739999771118164,29.049999237060547,29.21999931335449,673700,27.600000381469727,27.75,27.26000022888184,27.3799991607666,51900
2022-05-13,29.309999465942383,29.63999938964844,29.1200008392334,29.63999938964844,258600,27.8700008392334,27.979999542236328,27.690000534057617,27.739999771118164,184700
2022-05-16,29.979999542236328,29.979999542236328,29.600000381469727,29.6299991607666,568100,28.040000915527344,28.13999938964844,27.93000030517578,28.01000022888184,134300
2022-05-17,29.8700008392334,30.040000915527344,29.809999465942383,29.979999542236328,497300,28.3700008392334,28.420000076293945,28.149999618530277,28.15999984741211,110400
2022-05-18,29.15999984741211,29.71999931335449,29.059999465942383,29.71999931335449,504000,27.899999618530277,28.3700008392334,27.88999938964844,28.3700008392334,102400
2022-05-19,29.040000915527344,29.32999992370605,28.799999237060547,28.82999992370605,267100,28.149999618530277,28.290000915527344,27.920000076293945,27.93000030517578,99100
2022-05-20,28.96999931335449,29.059999465942383,28.809999465942383,28.979999542236328,385500,28.420000076293945,28.440000534057617,28.209999084472656,28.209999084472656,114200
2022-05-23,29.229999542236328,29.270000457763672,28.8700008392334,29.200000762939453,210900,28.270000457763672,28.56999969482422,28.21999931335449,28.56999969482422,75100
2022-05-24,28.729999542236328,29.1200008392334,28.350000381469727,29.1200008392334,278600,28.209999084472656,28.34000015258789,28.09000015258789,28.309999465942383,32700
2022-05-25,28.540000915527344,28.670000076293945,28.1200008392334,28.229999542236328,493500,28.15999984741211,28.270000457763672,27.899999618530277,27.959999084472656,69800
2022-05-26,28.459999084472656,28.790000915527344,28.25,28.38999938964844,267500,28.68000030517578,28.799999237060547,28.1299991607666,28.1299991607666,92500
2022-05-27,28.88999938964844,28.989999771118164,28.670000076293945,28.670000076293945,223700,28.68000030517578,28.84000015258789,28.600000381469727,28.670000076293945,43700
2022-05-31,28.21999931335449,28.809999465942383,28.07999992370605,28.770000457763672,391400,28.1299991607666,28.989999771118164,28.049999237060547,28.850000381469727,157100
2022-06-01,27.46999931335449,28.38999938964844,27.200000762939453,28.26000022888184,784400,28.200000762939453,28.5,27.979999542236328,28.239999771118164,122300
2022-06-02,27.56999969482422,27.799999237060547,27.5,27.700000762939453,689400,28.530000686645508,28.649999618530277,28.290000915527344,28.299999237060547,77200
2022-06-03,27.559999465942383,27.770000457763672,27.489999771118164,27.489999771118164,155100,28.3799991607666,28.520000457763672,28.270000457763672,28.520000457763672,78700
2022-06-06,27.959999084472656,28.0,27.65999984741211,27.82999992370605,298900,28.520000457763672,28.540000915527344,28.21999931335449,28.51000022888184,46200
2022-06-07,28.520000457763672,28.63999938964844,28.049999237060547,28.149999618530277,208700,28.649999618530277,28.780000686645508,28.46999931335449,28.530000686645508,57500
2022-06-08,28.5,28.81999969482422,28.3799991607666,28.76000022888184,224400,29.09000015258789,29.09000015258789,28.90999984741211,29.0,117000
2022-06-09,28.51000022888184,28.81999969482422,28.299999237060547,28.309999465942383,224900,29.239999771118164,29.290000915527344,28.850000381469727,28.989999771118164,186700
2022-06-10,28.790000915527344,28.809999465942383,28.34000015258789,28.540000915527344,418900,28.989999771118164,29.1299991607666,28.780000686645508,29.1299991607666,266000
2022-06-13,28.649999618530277,29.020000457763672,28.25,28.920000076293945,679200,28.309999465942383,28.65999984741211,28.059999465942383,28.65999984741211,153900
2022-06-14,28.530000686645508,28.790000915527344,28.479999542236328,28.63999938964844,552300,28.239999771118164,28.540000915527344,28.209999084472656,28.40999984741211,93000
2022-06-15,28.649999618530277,28.90999984741211,28.25,28.25,271700,28.299999237060547,28.43000030517578,28.170000076293945,28.290000915527344,161400
2022-06-16,29.100000381469727,29.290000915527344,28.799999237060547,28.799999237060547,548700,28.649999618530277,28.68000030517578,28.309999465942383,28.420000076293945,61600
2022-06-17,28.86000061035156,29.530000686645508,28.739999771118164,29.459999084472656,517800,28.46999931335449,28.76000022888184,28.46999931335449,28.729999542236328,78000
2022-06-21,27.799999237060547,28.420000076293945,27.450000762939453,28.149999618530277,783600,28.11000061035156,28.350000381469727,27.93000030517578,27.979999542236328,106900
2022-06-22,27.520000457763672,27.979999542236328,27.51000022888184,27.59000015258789,375000,27.530000686645508,27.8700008392334,27.43000030517578,27.850000381469727,112000
2022-06-23,26.149999618530277,27.11000061035156,25.8799991607666,27.0,930300,26.350000381469727,27.1200008392334,26.350000381469727,27.100000381469727,213300
2022-06-24,26.809999465942383,27.0,26.5,26.6200008392334,254200,26.549999237060547,26.770000457763672,26.280000686645508,26.57999992370605,174400
2022-06-27,26.15999984741211,26.399999618530277,25.84000015258789,26.309999465942383,417300,26.71999931335449,26.809999465942383,26.40999984741211,26.6200008392334,111500
2022-06-28,26.299999237060547,26.690000534057617,26.290000915527344,26.450000762939453,313100,27.25,27.32999992370605,26.90999984741211,26.90999984741211,39300
2022-06-29,26.25,26.440000534057617,26.200000762939453,26.40999984741211,442300,27.420000076293945,27.51000022888184,27.239999771118164,27.32999992370605,208200
2022-06-30,25.15999984741211,26.239999771118164,25.040000915527344,26.0,567400,27.059999465942383,27.899999618530277,26.979999542236328,27.280000686645508,225400
2022-07-01,24.61000061035156,25.18000030517578,24.56999969482422,25.13999938964844,469600,26.030000686645508,26.729999542236328,25.920000076293945,26.729999542236328,197200
2022-07-05,23.450000762939453,24.530000686645508,23.309999465942383,24.43000030517578,714300,24.71999931335449,25.76000022888184,24.479999542236328,25.76000022888184,175800
2022-07-06,23.739999771118164,23.81999969482422,23.170000076293945,23.6299991607666,369200,24.76000022888184,24.979999542236328,24.440000534057617,24.8700008392334,82900
2022-07-07,24.11000061035156,24.6299991607666,23.989999771118164,24.280000686645508,350300,25.36000061035156,25.56999969482422,25.239999771118164,25.420000076293945,88200
2022-07-08,25.170000076293945,25.18000030517578,24.38999938964844,24.450000762939453,385900,26.040000915527344,26.040000915527344,25.540000915527344,25.61000061035156,81500
2022-07-11,25.06999969482422,25.790000915527344,25.030000686645508,25.75,307000,26.09000015258789,26.440000534057617,26.040000915527344,26.25,56800
2022-07-12,23.65999984741211,24.799999237060547,23.57999992370605,24.709999084472656,334800,25.020000457763672,25.90999984741211,25.0,25.90999984741211,79700
2022-07-13,24.06999969482422,24.399999618530277,23.68000030517578,23.809999465942383,215400,25.15999984741211,25.399999618530277,24.770000457763672,24.920000076293945,107100
2022-07-14,24.290000915527344,24.450000762939453,23.86000061035156,23.86000061035156,153100,25.09000015258789,25.459999084472656,24.670000076293945,24.950000762939453,114300
2022-07-15,24.31999969482422,24.56999969482422,24.030000686645508,24.399999618530277,141100,25.149999618530277,25.209999084472656,24.96999931335449,25.07999992370605,31700
2022-07-18,24.59000015258789,25.049999237060547,24.51000022888184,24.739999771118164,141300,25.799999237060547,25.96999931335449,25.700000762939453,25.700000762939453,52000
2022-07-19,24.07999992370605,24.200000762939453,23.68000030517578,23.850000381469727,164200,25.459999084472656,25.559999465942383,25.11000061035156,25.350000381469727,98200
2022-07-20,23.8799991607666,24.0,23.739999771118164,23.950000762939453,94900,24.989999771118164,25.200000762939453,24.84000015258789,25.200000762939453,29200
2022-07-21,23.290000915527344,23.799999237060547,23.18000030517578,23.34000015258789,148600,24.40999984741211,24.709999084472656,24.26000022888184,24.700000762939453,58700
2022-07-22,22.88999938964844,23.540000915527344,22.8700008392334,23.149999618530277,276600,24.65999984741211,24.959999084472656,24.399999618530277,24.399999618530277,49700
2022-07-25,23.530000686645508,23.600000381469727,23.11000061035156,23.399999618530277,117900,25.25,25.270000457763672,24.82999992370605,24.950000762939453,20000
2022-07-26,24.1299991607666,24.25,23.729999542236328,24.15999984741211,277800,25.780000686645508,25.899999618530277,25.479999542236328,25.700000762939453,244600
2022-07-27,24.32999992370605,24.350000381469727,24.020000457763672,24.21999931335449,78600,26.36000061035156,26.3700008392334,26.049999237060547,26.149999618530277,89200
2022-07-28,24.809999465942383,24.940000534057617,24.61000061035156,24.65999984741211,297400,26.90999984741211,26.950000762939453,26.399999618530277,26.399999618530277,82600
2022-07-29,25.0,25.5,24.76000022888184,25.26000022888184,242100,27.3799991607666,27.65999984741211,27.06999969482422,27.3799991607666,192100
2022-08-01,24.649999618530277,24.700000762939453,24.170000076293945,24.40999984741211,346500,26.31999969482422,26.850000381469727,26.11000061035156,26.780000686645508,216900
2022-08-02,24.040000915527344,24.489999771118164,24.040000915527344,24.3700008392334,97800,25.90999984741211,26.270000457763672,25.86000061035156,26.01000022888184,47200
2022-08-03,24.15999984741211,24.239999771118164,23.8700008392334,24.1200008392334,109800,25.709999084472656,26.13999938964844,25.420000076293945,26.13999938964844,44700
2022-08-04,24.530000686645508,24.709999084472656,24.170000076293945,24.170000076293945,76700,26.56999969482422,26.6299991607666,25.86000061035156,25.86000061035156,84000
2022-08-05,24.68000030517578,24.899999618530277,24.450000762939453,24.530000686645508,175500,26.299999237060547,26.5,26.1200008392334,26.18000030517578,77800
2022-08-08,24.670000076293945,24.739999771118164,24.40999984741211,24.40999984741211,111700,26.309999465942383,26.51000022888184,26.209999084472656,26.25,33200
2022-08-09,24.86000061035156,25.15999984741211,24.799999237060547,25.100000381469727,101400,26.75,26.88999938964844,26.6200008392334,26.71999931335449,39900
2022-08-10,25.020000457763672,25.350000381469727,24.93000030517578,25.07999992370605,144000,26.670000076293945,27.200000762939453,26.670000076293945,27.0,29300
2022-08-11,25.34000015258789,25.399999618530277,25.13999938964844,25.25,69500,27.190000534057617,27.229999542236328,27.059999465942383,27.06999969482422,41700
2022-08-12,25.75,25.809999465942383,25.0,25.32999992370605,179900,27.15999984741211,27.440000534057617,26.59000015258789,27.15999984741211,50200
2022-08-15,25.350000381469727,25.65999984741211,25.049999237060547,25.239999771118164,142600,26.600000381469727,26.700000762939453,26.09000015258789,26.43000030517578,50800
2022-08-16,24.71999931335449,25.26000022888184,24.690000534057617,25.149999618530277,234100,26.06999969482422,26.399999618530277,25.979999542236328,26.34000015258789,47500
2022-08-17,24.799999237060547,24.88999938964844,24.6200008392334,24.88999938964844,91900,26.209999084472656,26.36000061035156,26.020000457763672,26.36000061035156,19400
2022-08-18,24.90999984741211,25.059999465942383,24.520000457763672,24.690000534057617,104100,26.46999931335449,26.549999237060547,26.01000022888184,26.13999938964844,98600
2022-08-19,25.100000381469727,25.21999931335449,24.84000015258789,24.940000534057617,183100,26.459999084472656,26.520000457763672,26.170000076293945,26.3799991607666,80000
2022-08-22,25.420000076293945,25.489999771118164,24.899999618530277,25.030000686645508,173700,27.040000915527344,27.07999992370605,26.43000030517578,26.43000030517578,61000
2022-08-23,26.38999938964844,26.549999237060547,25.940000534057617,26.01000022888184,509600,27.51000022888184,27.709999084472656,27.190000534057617,27.190000534057617,71100
2022-08-24,26.40999984741211,26.86000061035156,26.1200008392334,26.57999992370605,310400,27.38999938964844,28.0,27.200000762939453,27.739999771118164,128500
2022-08-25,26.149999618530277,26.649999618530277,26.07999992370605,26.540000915527344,228500,26.899999618530277,27.290000915527344,26.850000381469727,27.229999542236328,47700
2022-08-26,26.770000457763672,26.84000015258789,26.25,26.36000061035156,393500,27.520000457763672,27.530000686645508,27.09000015258789,27.09000015258789,72100
2022-08-29,27.26000022888184,27.270000457763672,26.75,27.0,821700,27.09000015258789,27.520000457763672,26.899999618530277,27.520000457763672,433200
2022-08-30,27.09000015258789,27.149999618530277,26.68000030517578,26.96999931335449,266000,26.940000534057617,26.979999542236328,26.43000030517578,26.700000762939453,62100
2022-08-31,26.8700008392334,26.940000534057617,26.530000686645508,26.68000030517578,324600,26.75,26.989999771118164,26.700000762939453,26.700000762939453,50600
2022-09-01,26.43000030517578,26.8799991607666,26.26000022888184,26.59000015258789,323100,26.32999992370605,26.71999931335449,26.239999771118164,26.530000686645508,156800
2022-09-02,26.61000061035156,26.75,26.479999542236328,26.6299991607666,103800,26.700000762939453,26.75,26.56999969482422,26.56999969482422,71400
2022-09-06,27.07999992370605,27.07999992370605,26.489999771118164,26.780000686645508,288600,26.3700008392334,26.489999771118164,26.26000022888184,26.489999771118164,91500
2022-09-07,26.82999992370605,27.440000534057617,26.82999992370605,27.15999984741211,471400,26.1200008392334,26.90999984741211,26.07999992370605,26.38999938964844,72400
2022-09-08,26.75,26.90999984741211,26.399999618530277,26.899999618530277,155100,26.170000076293945,26.229999542236328,25.88999938964844,26.09000015258789,77200
2022-09-09,27.26000022888184,27.32999992370605,26.93000030517578,26.93000030517578,204600,26.65999984741211,26.65999984741211,26.299999237060547,26.299999237060547,28700
2022-09-12,27.600000381469727,27.71999931335449,27.06999969482422,27.200000762939453,397400,27.799999237060547,27.82999992370605,26.61000061035156,26.729999542236328,73000
2022-09-13,27.56999969482422,27.68000030517578,27.40999984741211,27.459999084472656,188400,27.739999771118164,27.950000762939453,27.670000076293945,27.799999237060547,62700
2022-09-14,27.299999237060547,27.5,27.21999931335449,27.440000534057617,396200,27.36000061035156,27.8700008392334,27.31999969482422,27.739999771118164,64500
2022-09-15,27.030000686645508,27.5,26.920000076293945,27.21999931335449,188000,27.25,27.540000915527344,27.1299991607666,27.290000915527344,24600
2022-09-16,27.09000015258789,27.15999984741211,26.690000534057617,26.76000022888184,623400,27.1299991607666,27.25,26.899999618530277,27.09000015258789,30000
2022-09-19,27.07999992370605,27.100000381469727,26.780000686645508,26.790000915527344,276700,27.5,27.51000022888184,27.030000686645508,27.13999938964844,54500
2022-09-20,27.600000381469727,27.600000381469727,27.15999984741211,27.15999984741211,288800,27.75,27.82999992370605,27.32999992370605,27.32999992370605,69100
2022-09-21,27.36000061035156,27.690000534057617,27.1299991607666,27.690000534057617,308000,27.530000686645508,27.799999237060547,27.479999542236328,27.799999237060547,90600
2022-09-22,27.420000076293945,27.530000686645508,27.270000457763672,27.399999618530277,156200,27.38999938964844,27.6200008392334,27.350000381469727,27.5,27800
2022-09-23,26.90999984741211,27.100000381469727,26.799999237060547,26.989999771118164,324700,26.8799991607666,27.049999237060547,26.82999992370605,27.049999237060547,56400
2022-09-26,26.61000061035156,26.979999542236328,26.549999237060547,26.690000534057617,525400,26.6299991607666,27.020000457763672,26.559999465942383,26.75,31600
2022-09-27,26.63999938964844,27.01000022888184,26.63999938964844,26.809999465942383,414900,26.59000015258789,27.0,26.59000015258789,26.8700008392334,19000
2022-09-28,26.770000457763672,26.86000061035156,26.649999618530277,26.71999931335449,151900,26.709999084472656,26.739999771118164,26.43000030517578,26.600000381469727,35500
2022-09-29,26.770000457763672,26.989999771118164,26.690000534057617,26.96999931335449,137900,26.81999969482422,26.96999931335449,26.71999931335449,26.850000381469727,32900
2022-09-30,27.040000915527344,27.649999618530277,26.770000457763672,26.899999618530277,341200,26.11000061035156,27.06999969482422,26.06999969482422,26.84000015258789,99300
2022-10-03,27.1299991607666,27.350000381469727,26.8799991607666,27.309999465942383,213400,26.229999542236328,26.32999992370605,26.100000381469727,26.11000061035156,430000
2022-10-04,27.229999542236328,27.479999542236328,27.190000534057617,27.200000762939453,137000,26.479999542236328,26.65999984741211,26.40999984741211,26.43000030517578,48000
2022-10-05,27.31999969482422,27.38999938964844,27.01000022888184,27.11000061035156,113000,26.350000381469727,26.3700008392334,26.1200008392334,26.34000015258789,29900
2022-10-06,27.09000015258789,27.21999931335449,26.93000030517578,27.21999931335449,218300,26.170000076293945,26.21999931335449,25.989999771118164,26.01000022888184,41700
2022-10-07,27.36000061035156,27.3799991607666,27.030000686645508,27.13999938964844,168600,26.290000915527344,26.36000061035156,26.059999465942383,26.149999618530277,25400
2022-10-10,27.770000457763672,28.049999237060547,27.5,27.649999618530277,421000,26.32999992370605,26.75,26.32999992370605,26.649999618530277,46400
2022-10-11,27.63999938964844,27.81999969482422,27.600000381469727,27.68000030517578,100600,26.38999938964844,26.559999465942383,26.280000686645508,26.309999465942383,22400
2022-10-12,27.700000762939453,27.8799991607666,27.209999084472656,27.489999771118164,402800,26.61000061035156,26.979999542236328,26.299999237060547,26.299999237060547,40600
2022-10-13,27.84000015258789,27.940000534057617,27.420000076293945,27.520000457763672,223300,26.670000076293945,26.739999771118164,26.32999992370605,26.3799991607666,19500
2022-10-14,27.600000381469727,27.899999618530277,27.540000915527344,27.81999969482422,165900,26.459999084472656,26.809999465942383,26.38999938964844,26.690000534057617,21500
2022-10-17,27.309999465942383,27.57999992370605,27.25,27.489999771118164,230900,26.34000015258789,26.56999969482422,26.34000015258789,26.489999771118164,28500
2022-10-18,27.190000534057617,27.270000457763672,26.950000762939453,27.21999931335449,218900,26.190000534057617,26.440000534057617,26.059999465942383,26.31999969482422,24100
2022-10-19,27.100000381469727,27.13999938964844,26.989999771118164,27.06999969482422,143800,26.239999771118164,26.290000915527344,26.01000022888184,26.01000022888184,14300
2022-10-20,27.34000015258789,27.399999618530277,27.209999084472656,27.209999084472656,193100,26.57999992370605,26.61000061035156,26.40999984741211,26.40999984741211,23500
2022-10-21,27.270000457763672,27.459999084472656,27.049999237060547,27.209999084472656,157100,26.61000061035156,26.670000076293945,26.350000381469727,26.3700008392334,16100
2022-10-24,27.209999084472656,27.36000061035156,27.07999992370605,27.18000030517578,136300,26.200000762939453,26.43000030517578,26.18000030517578,26.43000030517578,24100
2022-10-25,27.309999465942383,27.43000030517578,27.100000381469727,27.100000381469727,201200,26.450000762939453,26.5,26.239999771118164,26.239999771118164,12600
2022-10-26,27.290000915527344,27.459999084472656,27.280000686645508,27.38999938964844,102600,26.459999084472656,26.700000762939453,26.38999938964844,26.61000061035156,18600
2022-10-27,27.18000030517578,27.399999618530277,27.100000381469727,27.32999992370605,188500,26.450000762939453,26.57999992370605,26.399999618530277,26.450000762939453,10300
2022-10-28,27.09000015258789,27.239999771118164,26.979999542236328,27.06999969482422,140600,26.5,26.56999969482422,26.239999771118164,26.36000061035156,32000
2022-10-31,27.40999984741211,27.63999938964844,27.21999931335449,27.59000015258789,215300,26.920000076293945,26.920000076293945,26.549999237060547,26.6299991607666,38700
2022-11-01,27.729999542236328,27.739999771118164,27.420000076293945,27.46999931335449,121600,27.36000061035156,27.399999618530277,27.07999992370605,27.07999992370605,151400
2022-11-02,27.350000381469727,27.450000762939453,27.209999084472656,27.34000015258789,159400,27.530000686645508,27.530000686645508,27.11000061035156,27.200000762939453,31900
2022-11-03,27.149999618530277,27.309999465942383,27.13999938964844,27.25,137800,27.239999771118164,27.290000915527344,27.040000915527344,27.25,41800
2022-11-04,27.25,27.350000381469727,27.18000030517578,27.290000915527344,69300,27.649999618530277,27.65999984741211,27.5,27.5,27800
2022-11-07,27.059999465942383,27.270000457763672,27.059999465942383,27.170000076293945,205600,27.440000534057617,27.700000762939453,27.350000381469727,27.690000534057617,337200
2022-11-08,26.84000015258789,27.11000061035156,26.81999969482422,27.030000686645508,290300,27.36000061035156,27.489999771118164,27.299999237060547,27.46999931335449,21900
2022-11-09,26.56999969482422,26.8700008392334,26.520000457763672,26.729999542236328,839400,27.34000015258789,27.459999084472656,27.11000061035156,27.299999237060547,61100
2022-11-10,26.200000762939453,26.59000015258789,26.200000762939453,26.59000015258789,411500,26.809999465942383,27.36000061035156,26.809999465942383,27.36000061035156,46600
2022-11-11,26.38999938964844,26.46999931335449,26.31999969482422,26.3799991607666,145500,27.38999938964844,27.51000022888184,27.209999084472656,27.209999084472656,29600
2022-11-14,26.21999931335449,26.440000534057617,26.190000534057617,26.209999084472656,88600,27.270000457763672,27.309999465942383,27.1200008392334,27.239999771118164,14600
2022-11-15,26.6299991607666,26.86000061035156,26.059999465942383,26.1299991607666,142600,27.56999969482422,27.6299991607666,27.1200008392334,27.21999931335449,27400
2022-11-16,26.56999969482422,26.6200008392334,26.09000015258789,26.09000015258789,103200,27.049999237060547,27.299999237060547,27.020000457763672,27.299999237060547,19200
2022-11-17,26.56999969482422,26.59000015258789,26.270000457763672,26.32999992370605,73300,26.84000015258789,27.01000022888184,26.670000076293945,26.8799991607666,31500
2022-11-18,26.549999237060547,26.65999984741211,26.34000015258789,26.34000015258789,54400,27.01000022888184,27.059999465942383,26.799999237060547,26.809999465942383,41100
2022-11-21,26.34000015258789,26.479999542236328,26.270000457763672,26.36000061035156,183700,27.170000076293945,27.18000030517578,26.8799991607666,26.8799991607666,19300
2022-11-22,26.26000022888184,26.459999084472656,26.229999542236328,26.40999984741211,79100,27.18000030517578,27.239999771118164,27.059999465942383,27.1299991607666,39300
2022-11-23,26.399999618530277,26.479999542236328,26.25,26.25,74800,27.18000030517578,27.239999771118164,27.01000022888184,27.020000457763672,16500
2022-11-25,26.63999938964844,26.700000762939453,26.3799991607666,26.3799991607666,47600,27.209999084472656,27.34000015258789,27.13999938964844,27.200000762939453,9700
2022-11-28,26.6299991607666,26.670000076293945,26.450000762939453,26.489999771118164,110900,27.549999237060547,27.57999992370605,27.07999992370605,27.11000061035156,63700
2022-11-29,26.63999938964844,26.75,26.57999992370605,26.59000015258789,52900,27.57999992370605,27.71999931335449,27.520000457763672,27.559999465942383,27800
2022-11-30,26.420000076293945,26.670000076293945,26.3700008392334,26.65999984741211,63300,27.75,27.8799991607666,27.61000061035156,27.76000022888184,33500
2022-12-01,26.18000030517578,26.5,26.18000030517578,26.459999084472656,147800,27.049999237060547,27.75,27.0,27.75,45500
2022-12-02,25.850000381469727,26.170000076293945,25.81999969482422,26.11000061035156,139200,27.25,27.31999969482422,27.059999465942383,27.059999465942383,39200
2022-12-05,25.649999618530277,25.8799991607666,25.59000015258789,25.8700008392334,419100,27.26000022888184,27.420000076293945,27.190000534057617,27.299999237060547,56800
2022-12-06,25.549999237060547,25.780000686645508,25.459999084472656,25.68000030517578,89600,27.520000457763672,27.75,27.3799991607666,27.450000762939453,122300
2022-12-07,25.729999542236328,25.84000015258789,25.51000022888184,25.51000022888184,69100,27.82999992370605,27.84000015258789,27.540000915527344,27.649999618530277,39500
2022-12-08,25.68000030517578,25.81999969482422,25.59000015258789,25.68000030517578,38600,27.940000534057617,28.0,27.739999771118164,27.8700008392334,35200
2022-12-09,25.739999771118164,25.920000076293945,25.68000030517578,25.68000030517578,93200,27.920000076293945,27.959999084472656,27.790000915527344,27.8700008392334,20500
2022-12-12,26.059999465942383,26.09000015258789,25.799999237060547,25.799999237060547,111500,27.489999771118164,27.6200008392334,27.479999542236328,27.61000061035156,84500
2022-12-13,25.950000762939453,26.229999542236328,25.950000762939453,26.11000061035156,96300,27.799999237060547,27.920000076293945,27.65999984741211,27.65999984741211,27600
2022-12-14,25.96999931335449,25.989999771118164,25.790000915527344,25.850000381469727,40200,27.799999237060547,27.8799991607666,27.649999618530277,27.739999771118164,16900
2022-12-15,26.030000686645508,26.09000015258789,25.899999618530277,25.950000762939453,75000,27.600000381469727,27.799999237060547,27.56999969482422,27.729999542236328,26900
2022-12-16,26.059999465942383,26.07999992370605,25.96999931335449,25.979999542236328,200600,27.690000534057617,27.82999992370605,27.6200008392334,27.6200008392334,44300
2022-12-19,25.850000381469727,25.93000030517578,25.76000022888184,25.920000076293945,175600,27.46999931335449,27.68000030517578,27.440000534057617,27.68000030517578,80700
2022-12-20,26.0,26.059999465942383,25.81999969482422,25.850000381469727,109400,27.670000076293945,27.86000061035156,27.540000915527344,27.540000915527344,59000
2022-12-21,26.309999465942383,26.36000061035156,25.989999771118164,25.989999771118164,161500,27.809999465942383,27.850000381469727,27.729999542236328,27.780000686645508,19600
2022-12-22,26.270000457763672,26.31999969482422,26.209999084472656,26.229999542236328,48700,27.6200008392334,27.729999542236328,27.540000915527344,27.690000534057617,19500
2022-12-23,26.36000061035156,26.479999542236328,26.350000381469727,26.36000061035156,153500,27.84000015258789,27.899999618530277,27.700000762939453,27.700000762939453,28400
2022-12-27,26.6200008392334,26.68000030517578,26.290000915527344,26.290000915527344,178600,27.899999618530277,28.399999618530277,27.82999992370605,27.88999938964844,62900
2022-12-28,27.030000686645508,27.030000686645508,26.59000015258789,26.59000015258789,460600,28.440000534057617,28.440000534057617,28.0,28.0,346300
2022-12-29,26.959999084472656,26.979999542236328,26.84000015258789,26.899999618530277,193400,28.40999984741211,28.5,28.34000015258789,28.40999984741211,37600
2022-12-30,26.93000030517578,27.09000015258789,26.809999465942383,26.809999465942383,101900,28.5,28.729999542236328,28.3700008392334,28.3700008392334,53400
2023-01-03,26.6299991607666,27.09000015258789,26.5,27.09000015258789,83900,28.030000686645508,28.540000915527344,27.940000534057617,28.170000076293945,70000
2023-01-04,26.11000061035156,26.530000686645508,26.030000686645508,26.459999084472656,150200,27.82999992370605,28.09000015258789,27.770000457763672,28.040000915527344,52000
2023-01-05,25.93000030517578,26.11000061035156,25.82999992370605,26.11000061035156,61800,27.65999984741211,27.799999237060547,27.56999969482422,27.770000457763672,37200
2023-01-06,25.93000030517578,26.149999618530277,25.90999984741211,26.06999969482422,68300,27.959999084472656,28.059999465942383,27.850000381469727,27.850000381469727,89400
2023-01-09,25.920000076293945,26.06999969482422,25.8700008392334,25.8700008392334,32600,27.959999084472656,28.07999992370605,27.8799991607666,28.01000022888184,18500
2023-01-10,25.940000534057617,26.26000022888184,25.790000915527344,25.959999084472656,82700,27.82999992370605,28.1200008392334,27.75,27.770000457763672,23900
2023-01-11,25.979999542236328,26.07999992370605,25.8799991607666,25.8799991607666,139200,27.90999984741211,28.100000381469727,27.90999984741211,28.01000022888184,84200
2023-01-12,26.5,26.56999969482422,25.739999771118164,26.0,203200,28.32999992370605,28.450000762939453,27.989999771118164,27.989999771118164,46600
2023-01-13,26.6299991607666,26.6299991607666,26.26000022888184,26.26000022888184,82700,28.420000076293945,28.420000076293945,28.13999938964844,28.13999938964844,17600
2023-01-17,26.96999931335449,26.96999931335449,26.399999618530277,26.540000915527344,104200,28.5,28.5,28.1299991607666,28.1299991607666,29500
2023-01-18,26.729999542236328,26.989999771118164,26.649999618530277,26.799999237060547,251000,28.15999984741211,28.459999084472656,27.950000762939453,28.290000915527344,22200
2023-01-19,26.489999771118164,26.850000381469727,26.489999771118164,26.709999084472656,69500,27.93000030517578,28.09000015258789,27.850000381469727,28.07999992370605,30600
2023-01-20,26.489999771118164,26.6200008392334,26.459999084472656,26.5,78100,27.700000762939453,28.18000030517578,27.700000762939453,28.18000030517578,52900
2023-01-23,26.149999618530277,26.31999969482422,26.01000022888184,26.31999969482422,70200,27.459999084472656,27.51000022888184,27.290000915527344,27.51000022888184,295500
2023-01-24,26.5,26.530000686645508,26.25,26.450000762939453,38700,27.440000534057617,27.799999237060547,27.420000076293945,27.799999237060547,21000
2023-01-25,26.420000076293945,26.57999992370605,26.3700008392334,26.440000534057617,50100,27.6200008392334,27.649999618530277,27.290000915527344,27.40999984741211,13600
2023-01-26,26.57999992370605,26.709999084472656,26.540000915527344,26.59000015258789,60000,27.899999618530277,27.90999984741211,27.68000030517578,27.68000030517578,15700
2023-01-27,26.540000915527344,26.61000061035156,26.40999984741211,26.40999984741211,43200,27.82999992370605,27.88999938964844,27.75,27.799999237060547,15200
2023-01-30,26.57999992370605,26.63999938964844,26.3799991607666,26.63999938964844,122000,28.1299991607666,28.209999084472656,28.0,28.0,16100
2023-01-31,26.57999992370605,26.76000022888184,26.5,26.51000022888184,46800,28.190000534057617,28.21999931335449,28.0,28.0,20400
2023-02-01,26.690000534057617,26.739999771118164,26.399999618530277,26.459999084472656,92000,28.040000915527344,28.1299991607666,27.81999969482422,28.1200008392334,17500
2023-02-02,26.489999771118164,26.82999992370605,26.459999084472656,26.670000076293945,93600,28.190000534057617,28.270000457763672,27.93000030517578,27.93000030517578,17300
2023-02-03,26.57999992370605,26.670000076293945,26.479999542236328,26.51000022888184,58200,28.200000762939453,28.26000022888184,28.059999465942383,28.09000015258789,18200
2023-02-06,26.65999984741211,26.690000534057617,26.440000534057617,26.56999969482422,32700,28.059999465942383,28.100000381469727,27.959999084472656,28.059999465942383,93600
2023-02-07,26.5,26.8700008392334,26.5,26.8700008392334,33900,28.01000022888184,28.1299991607666,27.88999938964844,28.1299991607666,13300
2023-02-08,26.61000061035156,26.6200008392334,26.450000762939453,26.540000915527344,20400,28.01000022888184,28.280000686645508,27.850000381469727,28.280000686645508,12200
2023-02-09,26.34000015258789,26.649999618530277,26.34000015258789,26.600000381469727,63700,27.959999084472656,28.21999931335449,27.899999618530277,28.21999931335449,15800
2023-02-10,26.65999984741211,26.75,26.399999618530277,26.399999618530277,71900,28.309999465942383,28.3700008392334,28.030000686645508,28.299999237060547,23300
2023-02-13,26.770000457763672,26.780000686645508,26.6200008392334,26.6200008392334,76300,28.399999618530277,28.559999465942383,28.309999465942383,28.309999465942383,20400
2023-02-14,26.709999084472656,26.84000015258789,26.700000762939453,26.770000457763672,34400,28.350000381469727,28.450000762939453,28.280000686645508,28.280000686645508,19400
2023-02-15,26.530000686645508,26.670000076293945,26.520000457763672,26.670000076293945,57600,28.100000381469727,28.3799991607666,28.020000457763672,28.3799991607666,21500
2023-02-16,26.5,26.57999992370605,26.399999618530277,26.399999618530277,42800,28.21999931335449,28.270000457763672,28.1299991607666,28.200000762939453,10200
2023-02-17,26.63999938964844,26.690000534057617,26.489999771118164,26.6200008392334,33400,28.299999237060547,28.34000015258789,28.01000022888184,28.01000022888184,12700
2023-02-21,26.790000915527344,26.799999237060547,26.59000015258789,26.709999084472656,165000,28.690000534057617,28.690000534057617,28.309999465942383,28.309999465942383,67800
2023-02-22,26.540000915527344,26.68000030517578,26.520000457763672,26.559999465942383,39000,28.56999969482422,28.75,28.479999542236328,28.75,25100
2023-02-23,26.09000015258789,26.57999992370605,26.059999465942383,26.399999618530277,80800,28.350000381469727,28.549999237060547,28.34000015258789,28.440000534057617,19000
2023-02-24,25.649999618530277,25.96999931335449,25.6200008392334,25.96999931335449,81400,28.1200008392334,28.309999465942383,28.100000381469727,28.309999465942383,44800
2023-02-27,25.479999542236328,25.700000762939453,25.479999542236328,25.549999237060547,57700,28.030000686645508,28.26000022888184,27.989999771118164,28.26000022888184,21100
2023-02-28,25.059999465942383,25.43000030517578,25.059999465942383,25.270000457763672,219700,27.5,27.8700008392334,27.440000534057617,27.8700008392334,143100
2023-03-01,25.190000534057617,25.26000022888184,24.82999992370605,25.01000022888184,169500,27.700000762939453,27.809999465942383,27.559999465942383,27.559999465942383,114500
2023-03-02,25.13999938964844,25.34000015258789,25.040000915527344,25.309999465942383,61000,27.959999084472656,28.06999969482422,27.5,27.5,24000
2023-03-03,25.36000061035156,25.420000076293945,25.13999938964844,25.25,50600,28.18000030517578,28.200000762939453,28.0,28.0,11500
2023-03-06,25.25,25.299999237060547,25.100000381469727,25.26000022888184,99800,28.31999969482422,28.459999084472656,27.950000762939453,27.950000762939453,10500
2023-03-07,25.1200008392334,25.26000022888184,25.059999465942383,25.170000076293945,62600,28.11000061035156,28.31999969482422,28.06999969482422,28.31999969482422,13800
2023-03-08,24.76000022888184,25.149999618530277,24.729999542236328,25.13999938964844,104800,28.100000381469727,28.350000381469727,28.020000457763672,28.020000457763672,15400
2023-03-09,24.36000061035156,24.82999992370605,24.309999465942383,24.82999992370605,127600,28.020000457763672,28.26000022888184,27.899999618530277,28.21999931335449,13200
2023-03-10,24.57999992370605,24.600000381469727,24.290000915527344,24.36000061035156,86100,27.86000061035156,27.920000076293945,27.76000022888184,27.82999992370605,97400
2023-03-13,24.420000076293945,24.68000030517578,24.25,24.26000022888184,99500,27.63999938964844,27.920000076293945,27.59000015258789,27.799999237060547,49000
2023-03-14,24.61000061035156,24.68000030517578,24.280000686645508,24.280000686645508,86600,27.6200008392334,27.6299991607666,27.5,27.57999992370605,24500
2023-03-15,24.57999992370605,24.75,24.51000022888184,24.51000022888184,73800,27.350000381469727,27.51000022888184,27.32999992370605,27.40999984741211,42700
2023-03-16,24.700000762939453,24.71999931335449,24.549999237060547,24.61000061035156,41800,27.34000015258789,27.38999938964844,27.149999618530277,27.309999465942383,22000
2023-03-17,24.770000457763672,24.899999618530277,24.649999618530277,24.76000022888184,59800,27.06999969482422,27.34000015258789,27.06999969482422,27.34000015258789,23800
2023-03-20,24.75,24.76000022888184,24.56999969482422,24.700000762939453,35500,27.09000015258789,27.13999938964844,26.799999237060547,27.020000457763672,21900
2023-03-21,24.520000457763672,24.899999618530277,24.520000457763672,24.81999969482422,41700,26.809999465942383,27.43000030517578,26.799999237060547,27.43000030517578,19200
2023-03-22,24.459999084472656,24.6200008392334,24.25,24.36000061035156,42700,26.32999992370605,26.670000076293945,26.31999969482422,26.670000076293945,21100
2023-03-23,24.399999618530277,24.71999931335449,24.34000015258789,24.559999465942383,72700,25.959999084472656,26.63999938964844,25.920000076293945,26.399999618530277,26100
2023-03-24,24.8700008392334,24.899999618530277,24.559999465942383,24.559999465942383,76500,26.290000915527344,26.350000381469727,25.959999084472656,25.959999084472656,17600
2023-03-27,25.25,25.25,24.8700008392334,24.989999771118164,66100,26.51000022888184,26.56999969482422,26.270000457763672,26.36000061035156,14500
2023-03-28,25.290000915527344,25.420000076293945,25.209999084472656,25.420000076293945,52700,26.88999938964844,26.90999984741211,26.6200008392334,26.670000076293945,29800
2023-03-29,25.290000915527344,25.51000022888184,25.239999771118164,25.5,52000,26.84000015258789,26.88999938964844,26.729999542236328,26.729999542236328,6200
2023-03-30,25.15999984741211,25.309999465942383,25.1299991607666,25.280000686645508,28100,26.88999938964844,26.950000762939453,26.809999465942383,26.950000762939453,17200
2023-03-31,25.229999542236328,25.420000076293945,24.96999931335449,25.100000381469727,87000,27.13999938964844,27.3700008392334,26.8700008392334,26.8700008392334,16200
2023-04-03,25.270000457763672,25.63999938964844,25.25,25.46999931335449,44300,27.440000534057617,27.540000915527344,27.34000015258789,27.36000061035156,18000
2023-04-04,24.940000534057617,25.06999969482422,24.920000076293945,24.989999771118164,57000,27.31999969482422,27.350000381469727,27.15999984741211,27.299999237060547,16100
2023-04-05,24.90999984741211,25.059999465942383,24.780000686645508,24.899999618530277,27600,27.25,27.3799991607666,27.149999618530277,27.149999618530277,13000
2023-04-06,24.739999771118164,24.850000381469727,24.700000762939453,24.81999969482422,28200,27.030000686645508,27.100000381469727,26.950000762939453,26.950000762939453,14500
2023-04-10,25.07999992370605,25.1200008392334,24.51000022888184,24.6200008392334,65600,27.07999992370605,27.1200008392334,26.96999931335449,27.030000686645508,11200
2023-04-11,24.90999984741211,25.09000015258789,24.770000457763672,25.09000015258789,51600,27.149999618530277,27.34000015258789,27.07999992370605,27.25,21300
2023-04-12,24.81999969482422,24.940000534057617,24.780000686645508,24.940000534057617,35800,27.100000381469727,27.1299991607666,27.020000457763672,27.1200008392334,3500
2023-04-13,24.770000457763672,24.86000061035156,24.670000076293945,24.790000915527344,92100,27.18000030517578,27.270000457763672,27.059999465942383,27.190000534057617,8700
2023-04-14,25.11000061035156,25.11000061035156,24.670000076293945,24.670000076293945,51400,26.979999542236328,27.020000457763672,26.8799991607666,27.0,6600
2023-04-17,25.32999992370605,25.36000061035156,24.979999542236328,25.25,33000,27.209999084472656,27.209999084472656,26.979999542236328,26.979999542236328,17300
2023-04-18,25.479999542236328,25.489999771118164,25.239999771118164,25.309999465942383,62500,27.3700008392334,27.3700008392334,27.25,27.309999465942383,10200
2023-04-19,25.15999984741211,25.38999938964844,25.11000061035156,25.25,67800,27.18000030517578,27.26000022888184,27.1299991607666,27.18000030517578,5300
2023-04-20,24.8700008392334,24.899999618530277,24.690000534057617,24.82999992370605,62800,27.0,27.0,26.850000381469727,26.8799991607666,14600
2023-04-21,24.40999984741211,24.709999084472656,24.32999992370605,24.68000030517578,52600,26.709999084472656,26.90999984741211,26.530000686645508,26.81999969482422,9300
2023-04-24,24.299999237060547,24.3700008392334,24.11000061035156,24.149999618530277,44600,26.5,26.81999969482422,26.350000381469727,26.350000381469727,18800
2023-04-25,24.209999084472656,24.3700008392334,24.020000457763672,24.270000457763672,64100,26.280000686645508,26.3700008392334,26.11000061035156,26.3700008392334,34800
2023-04-26,24.09000015258789,24.229999542236328,24.030000686645508,24.1200008392334,75900,26.290000915527344,26.34000015258789,26.209999084472656,26.239999771118164,21400
2023-04-27,23.450000762939453,23.979999542236328,23.3799991607666,23.979999542236328,220600,26.149999618530277,26.209999084472656,26.049999237060547,26.049999237060547,7400
2023-04-28,23.3799991607666,23.43000030517578,22.96999931335449,23.21999931335449,86400,26.31999969482422,26.350000381469727,26.049999237060547,26.13999938964844,10000
2023-05-01,23.229999542236328,23.299999237060547,23.030000686645508,23.09000015258789,47200,26.59000015258789,26.59000015258789,26.11000061035156,26.11000061035156,8800
2023-05-02,23.059999465942383,23.32999992370605,23.0,23.020000457763672,58400,26.40999984741211,26.809999465942383,26.290000915527344,26.809999465942383,20000
2023-05-03,23.489999771118164,23.51000022888184,22.690000534057617,22.690000534057617,79600,26.51000022888184,26.51000022888184,26.200000762939453,26.209999084472656,11800
2023-05-04,23.46999931335449,23.479999542236328,23.1200008392334,23.1200008392334,30400,26.38999938964844,26.43000030517578,26.299999237060547,26.43000030517578,11100
2023-05-05,23.780000686645508,23.780000686645508,23.15999984741211,23.15999984741211,35300,26.6299991607666,26.690000534057617,26.3799991607666,26.3799991607666,38100
2023-05-08,23.59000015258789,23.790000915527344,23.540000915527344,23.790000915527344,29000,26.520000457763672,26.770000457763672,26.51000022888184,26.51000022888184,6900
2023-05-09,23.15999984741211,23.209999084472656,23.01000022888184,23.170000076293945,66600,26.25,26.5,26.11000061035156,26.5,11700
2023-05-10,23.209999084472656,23.270000457763672,22.88999938964844,22.959999084472656,43900,26.170000076293945,26.309999465942383,26.13999938964844,26.200000762939453,15300
2023-05-11,22.959999084472656,23.030000686645508,22.899999618530277,22.920000076293945,33700,26.200000762939453,26.209999084472656,25.84000015258789,25.979999542236328,13400
2023-05-12,22.739999771118164,23.239999771118164,22.34000015258789,22.8799991607666,71300,25.68000030517578,26.1200008392334,25.65999984741211,26.09000015258789,31800
2023-05-15,23.06999969482422,23.06999969482422,22.899999618530277,22.96999931335449,45400,25.729999542236328,25.899999618530277,25.65999984741211,25.65999984741211,5900
2023-05-16,22.61000061035156,23.0,22.440000534057617,23.0,60900,25.270000457763672,25.729999542236328,25.21999931335449,25.729999542236328,24400
2023-05-17,22.200000762939453,22.440000534057617,22.06999969482422,22.36000061035156,75000,24.850000381469727,25.32999992370605,24.809999465942383,25.01000022888184,27300
2023-05-18,22.229999542236328,22.31999969482422,21.899999618530277,21.989999771118164,44100,24.86000061035156,24.989999771118164,24.700000762939453,24.76000022888184,22600
2023-05-19,22.270000457763672,22.649999618530277,22.21999931335449,22.51000022888184,74800,24.649999618530277,25.15999984741211,24.600000381469727,25.1299991607666,21000
2023-05-22,22.6299991607666,22.700000762939453,22.290000915527344,22.290000915527344,58900,25.040000915527344,25.170000076293945,24.809999465942383,24.809999465942383,15200
2023-05-23,23.0,23.040000915527344,22.709999084472656,22.81999969482422,71500,24.90999984741211,25.1200008392334,24.799999237060547,25.1200008392334,21700
2023-05-24,23.030000686645508,23.299999237060547,22.86000061035156,23.020000457763672,45200,24.82999992370605,25.049999237060547,24.729999542236328,24.88999938964844,9200
2023-05-25,22.8799991607666,23.100000381469727,22.780000686645508,22.989999771118164,40400,24.649999618530277,24.81999969482422,24.51000022888184,24.700000762939453,24100
2023-05-26,23.6200008392334,23.63999938964844,23.26000022888184,23.350000381469727,78300,24.920000076293945,24.989999771118164,24.809999465942383,24.82999992370605,5400
2023-05-30,23.200000762939453,23.57999992370605,22.90999984741211,23.57999992370605,70900,24.280000686645508,24.65999984741211,24.209999084472656,24.65999984741211,26500
2023-05-31,23.100000381469727,23.13999938964844,22.700000762939453,22.71999931335449,66800,24.059999465942383,24.11000061035156,23.82999992370605,23.8700008392334,13600
2023-06-01,23.489999771118164,23.709999084472656,23.3700008392334,23.399999618530277,136000,24.43000030517578,24.56999969482422,24.38999938964844,24.420000076293945,20200
2023-06-02,23.82999992370605,23.86000061035156,23.170000076293945,23.299999237060547,68000,24.729999542236328,24.799999237060547,24.520000457763672,24.520000457763672,122200
2023-06-05,23.649999618530277,24.0,23.540000915527344,23.82999992370605,36900,24.63999938964844,24.84000015258789,24.61000061035156,24.739999771118164,17300
2023-06-06,23.729999542236328,23.8700008392334,23.479999542236328,23.75,54300,24.690000534057617,24.81999969482422,24.600000381469727,24.68000030517578,10400
2023-06-07,23.270000457763672,23.559999465942383,23.209999084472656,23.559999465942383,60400,24.530000686645508,24.71999931335449,24.530000686645508,24.61000061035156,8000
2023-06-08,23.530000686645508,23.540000915527344,23.07999992370605,23.1200008392334,60400,24.809999465942383,24.82999992370605,24.5,24.5,9800
2023-06-09,23.3700008392334,23.5,23.1200008392334,23.399999618530277,47100,25.11000061035156,25.18000030517578,24.850000381469727,24.850000381469727,14300
2023-06-12,24.049999237060547,24.07999992370605,23.709999084472656,23.709999084472656,75700,25.270000457763672,25.3799991607666,25.149999618530277,25.18000030517578,12200
2023-06-13,24.170000076293945,24.489999771118164,24.1200008392334,24.3799991607666,102000,25.84000015258789,25.989999771118164,25.51000022888184,25.549999237060547,38800
2023-06-14,24.190000534057617,24.25,23.81999969482422,23.920000076293945,48700,25.8700008392334,25.920000076293945,25.6200008392334,25.700000762939453,8600
2023-06-15,25.059999465942383,25.07999992370605,24.56999969482422,24.56999969482422,154700,26.770000457763672,26.790000915527344,26.26000022888184,26.26000022888184,41400
2023-06-16,25.950000762939453,25.959999084472656,25.32999992370605,25.520000457763672,172400,27.56999969482422,27.57999992370605,27.18000030517578,27.18000030517578,47800
2023-06-20,25.96999931335449,26.059999465942383,25.65999984741211,25.940000534057617,130400,27.63999938964844,27.700000762939453,27.309999465942383,27.600000381469727,39000
2023-06-21,27.200000762939453,27.209999084472656,26.420000076293945,26.420000076293945,212900,28.190000534057617,28.190000534057617,27.75,27.780000686645508,41800
2023-06-22,26.809999465942383,27.030000686645508,26.61000061035156,26.75,237700,27.68000030517578,27.690000534057617,27.290000915527344,27.489999771118164,132500
2023-06-23,25.489999771118164,26.190000534057617,25.420000076293945,25.950000762939453,252600,27.059999465942383,27.200000762939453,26.6200008392334,27.049999237060547,25800
2023-06-26,25.6200008392334,26.049999237060547,25.280000686645508,25.540000915527344,102200,27.43000030517578,27.57999992370605,27.049999237060547,27.049999237060547,36900
2023-06-27,24.540000915527344,24.84000015258789,24.32999992370605,24.75,179500,26.90999984741211,27.040000915527344,26.65999984741211,26.809999465942383,38500
2023-06-28,23.739999771118164,24.299999237060547,23.700000762939453,24.06999969482422,145200,26.299999237060547,26.5,26.190000534057617,26.5,15900
2023-06-29,23.40999984741211,23.850000381469727,23.34000015258789,23.71999931335449,122500,26.270000457763672,26.450000762939453,26.25,26.25,35500
2023-06-30,22.190000534057617,23.71999931335449,22.13999938964844,23.530000686645508,250100,27.31999969482422,27.709999084472656,26.57999992370605,26.68000030517578,51900
2023-07-03,22.399999618530277,22.649999618530277,22.21999931335449,22.63999938964844,84700,27.920000076293945,28.100000381469727,27.739999771118164,28.07999992370605,26000
2023-07-05,22.15999984741211,22.51000022888184,21.920000076293945,22.5,223200,27.75,28.170000076293945,27.700000762939453,27.940000534057617,36000
2023-07-06,22.75,22.76000022888184,22.309999465942383,22.309999465942383,128700,27.68000030517578,27.84000015258789,27.479999542236328,27.84000015258789,10000
2023-07-07,22.350000381469727,22.61000061035156,22.200000762939453,22.61000061035156,269500,27.190000534057617,27.540000915527344,27.190000534057617,27.540000915527344,13000
2023-07-10,22.459999084472656,22.56999969482422,22.350000381469727,22.450000762939453,60500,27.59000015258789,27.799999237060547,27.450000762939453,27.450000762939453,14100
2023-07-11,22.549999237060547,22.65999984741211,22.459999084472656,22.6299991607666,58600,27.940000534057617,27.950000762939453,27.780000686645508,27.86000061035156,12400
2023-07-12,21.82999992370605,22.670000076293945,21.739999771118164,22.6200008392334,195200,27.290000915527344,28.229999542236328,27.26000022888184,28.13999938964844,41500
2023-07-13,22.6299991607666,22.6299991607666,21.959999084472656,21.959999084472656,325000,28.1200008392334,28.1299991607666,27.59000015258789,27.59000015258789,14300
2023-07-14,23.15999984741211,23.170000076293945,22.600000381469727,22.90999984741211,172700,28.25,28.280000686645508,28.0,28.209999084472656,14600
2023-07-17,22.799999237060547,23.280000686645508,22.71999931335449,23.280000686645508,79800,28.299999237060547,28.479999542236328,28.21999931335449,28.399999618530277,19500
2023-07-18,23.84000015258789,24.1200008392334,23.06999969482422,23.149999618530277,210400,28.600000381469727,28.780000686645508,28.51000022888184,28.530000686645508,21100
2023-07-19,24.59000015258789,24.979999542236328,24.100000381469727,24.790000915527344,211300,28.88999938964844,29.200000762939453,28.75,29.100000381469727,35400
2023-07-20,24.350000381469727,24.81999969482422,24.190000534057617,24.75,84000,28.86000061035156,29.049999237060547,28.770000457763672,29.049999237060547,15600
2023-07-21,23.959999084472656,24.31999969482422,23.709999084472656,23.770000457763672,132000,28.790000915527344,28.90999984741211,28.670000076293945,28.670000076293945,18300
2023-07-24,25.170000076293945,25.26000022888184,24.5,24.729999542236328,165600,29.309999465942383,29.43000030517578,28.90999984741211,29.040000915527344,48900
2023-07-25,25.0,25.1299991607666,24.770000457763672,24.770000457763672,86700,29.190000534057617,29.200000762939453,28.950000762939453,29.11000061035156,10900
2023-07-26,24.38999938964844,24.84000015258789,24.200000762939453,24.81999969482422,197900,29.21999931335449,29.270000457763672,28.959999084472656,29.09000015258789,14300
2023-07-27,24.229999542236328,24.75,24.149999618530277,24.299999237060547,60300,28.799999237060547,29.36000061035156,28.71999931335449,29.21999931335449,20200
2023-07-28,23.780000686645508,24.36000061035156,23.63999938964844,23.86000061035156,125500,28.51000022888184,28.739999771118164,28.40999984741211,28.530000686645508,14100
2023-07-31,23.09000015258789,23.290000915527344,22.950000762939453,23.270000457763672,130200,27.649999618530277,28.18000030517578,27.450000762939453,28.18000030517578,24500
2023-08-01,22.93000030517578,23.190000534057617,22.86000061035156,23.059999465942383,262500,27.86000061035156,27.86000061035156,27.549999237060547,27.6200008392334,20700
2023-08-02,22.670000076293945,23.030000686645508,22.549999237060547,23.030000686645508,72300,27.399999618530277,27.56999969482422,27.299999237060547,27.530000686645508,33500
2023-08-03,22.489999771118164,22.709999084472656,22.43000030517578,22.709999084472656,36800,27.530000686645508,27.700000762939453,27.399999618530277,27.51000022888184,8900
2023-08-04,22.739999771118164,22.8700008392334,22.51000022888184,22.75,97200,27.8799991607666,28.0,27.68000030517578,28.0,45700
2023-08-07,22.649999618530277,22.690000534057617,22.299999237060547,22.59000015258789,80700,27.200000762939453,27.280000686645508,26.93000030517578,27.13999938964844,27500
2023-08-08,22.729999542236328,22.809999465942383,22.450000762939453,22.450000762939453,77700,27.270000457763672,27.3799991607666,27.0,27.0,108800
2023-08-09,22.600000381469727,22.84000015258789,22.51000022888184,22.780000686645508,44000,27.399999618530277,27.5,27.31999969482422,27.5,7300
2023-08-10,22.61000061035156,22.68000030517578,22.540000915527344,22.540000915527344,42800,27.549999237060547,27.6299991607666,27.399999618530277,27.399999618530277,25500
2023-08-11,22.290000915527344,23.020000457763672,22.15999984741211,22.600000381469727,69000,27.34000015258789,27.84000015258789,27.239999771118164,27.549999237060547,22400
2023-08-14,22.26000022888184,22.36000061035156,22.059999465942383,22.21999931335449,50400,27.56999969482422,27.670000076293945,27.280000686645508,27.280000686645508,15700
2023-08-15,21.799999237060547,22.26000022888184,21.799999237060547,22.26000022888184,99300,27.239999771118164,27.63999938964844,27.239999771118164,27.520000457763672,19800
2023-08-16,22.06999969482422,22.18000030517578,21.86000061035156,21.88999938964844,48500,27.6200008392334,27.770000457763672,27.420000076293945,27.420000076293945,20300
2023-08-17,22.299999237060547,22.309999465942383,21.940000534057617,22.0,53800,27.88999938964844,28.0,27.6299991607666,27.76000022888184,9600
2023-08-18,22.520000457763672,22.559999465942383,22.3700008392334,22.420000076293945,64600,28.309999465942383,28.309999465942383,28.09000015258789,28.1299991607666,23600
2023-08-21,22.100000381469727,22.700000762939453,22.09000015258789,22.6299991607666,53100,28.420000076293945,28.739999771118164,28.31999969482422,28.700000762939453,24300
2023-08-22,21.93000030517578,22.1200008392334,21.790000915527344,21.989999771118164,32300,28.0,28.420000076293945,27.950000762939453,28.38999938964844,14800
2023-08-23,22.31999969482422,22.440000534057617,22.0,22.0,48100,28.399999618530277,28.399999618530277,27.739999771118164,28.049999237060547,12800
2023-08-24,22.36000061035156,22.36000061035156,22.170000076293945,22.170000076293945,39100,28.61000061035156,28.61000061035156,28.3700008392334,28.440000534057617,14700
2023-08-25,22.290000915527344,22.540000915527344,22.270000457763672,22.420000076293945,88500,28.56999969482422,28.8799991607666,28.56999969482422,28.75,27500
2023-08-28,22.690000534057617,22.71999931335449,22.420000076293945,22.459999084472656,61100,29.13999938964844,29.149999618530277,28.920000076293945,29.06999969482422,54300
2023-08-29,22.299999237060547,22.709999084472656,22.26000022888184,22.63999938964844,44500,28.940000534057617,29.100000381469727,28.899999618530277,29.01000022888184,9200
2023-08-30,22.15999984741211,22.440000534057617,22.1200008392334,22.3700008392334,57800,28.81999969482422,29.1299991607666,28.75,29.1299991607666,17800
2023-08-31,22.06999969482422,22.280000686645508,22.0,22.200000762939453,34300,28.40999984741211,28.780000686645508,28.399999618530277,28.71999931335449,31800
2023-09-01,22.200000762939453,22.32999992370605,22.149999618530277,22.32999992370605,26000,28.520000457763672,28.770000457763672,28.420000076293945,28.770000457763672,82400
2023-09-05,22.3700008392334,22.420000076293945,22.100000381469727,22.1299991607666,34000,28.489999771118164,28.559999465942383,28.299999237060547,28.36000061035156,15000
2023-09-06,22.299999237060547,22.5,22.239999771118164,22.3700008392334,35500,28.56999969482422,28.790000915527344,28.549999237060547,28.65999984741211,11400
2023-09-07,22.309999465942383,22.420000076293945,22.21999931335449,22.350000381469727,28700,28.36000061035156,28.51000022888184,28.309999465942383,28.51000022888184,11900
2023-09-08,22.18000030517578,22.31999969482422,22.13999938964844,22.309999465942383,23900,28.479999542236328,28.479999542236328,28.239999771118164,28.299999237060547,9000
2023-09-11,22.32999992370605,22.36000061035156,22.13999938964844,22.309999465942383,33500,28.600000381469727,28.61000061035156,28.489999771118164,28.489999771118164,11900
2023-09-12,21.989999771118164,22.32999992370605,21.84000015258789,22.32999992370605,68300,28.15999984741211,28.420000076293945,28.0,28.399999618530277,24300
2023-09-13,22.15999984741211,22.200000762939453,21.899999618530277,21.959999084472656,103100,28.25,28.270000457763672,27.959999084472656,28.11000061035156,13000
2023-09-14,22.1299991607666,22.280000686645508,22.040000915527344,22.06999969482422,43300,28.489999771118164,28.5,28.170000076293945,28.190000534057617,17500
2023-09-15,21.96999931335449,22.15999984741211,21.959999084472656,22.100000381469727,38900,28.030000686645508,28.299999237060547,27.979999542236328,28.280000686645508,13800
2023-09-18,21.81999969482422,21.93000030517578,21.739999771118164,21.93000030517578,69100,27.59000015258789,27.93000030517578,27.549999237060547,27.93000030517578,113400
2023-09-19,21.96999931335449,21.989999771118164,21.739999771118164,21.75,54500,27.59000015258789,27.63999938964844,27.459999084472656,27.459999084472656,15600
2023-09-20,22.200000762939453,22.270000457763672,21.979999542236328,22.100000381469727,80000,27.65999984741211,27.790000915527344,27.51000022888184,27.790000915527344,12800
2023-09-21,21.90999984741211,22.149999618530277,21.90999984741211,22.049999237060547,54100,27.229999542236328,27.46999931335449,27.200000762939453,27.399999618530277,51600
2023-09-22,21.959999084472656,22.09000015258789,21.86000061035156,21.8799991607666,39800,27.26000022888184,27.350000381469727,27.200000762939453,27.25,9700
2023-09-25,22.209999084472656,22.239999771118164,21.90999984741211,21.979999542236328,46400,27.3700008392334,27.40999984741211,27.100000381469727,27.239999771118164,13400
2023-09-26,22.1200008392334,22.25,22.020000457763672,22.209999084472656,61400,27.440000534057617,27.5,27.239999771118164,27.450000762939453,7300
2023-09-27,22.34000015258789,22.43000030517578,22.229999542236328,22.25,56200,27.51000022888184,27.770000457763672,27.51000022888184,27.540000915527344,14300
2023-09-28,22.489999771118164,22.530000686645508,22.270000457763672,22.270000457763672,43000,27.530000686645508,27.530000686645508,27.3700008392334,27.38999938964844,14500
2023-09-29,22.020000457763672,22.520000457763672,22.01000022888184,22.520000457763672,80500,27.06999969482422,27.540000915527344,27.059999465942383,27.420000076293945,81500
2023-10-02,22.520000457763672,22.57999992370605,22.13999938964844,22.13999938964844,52000,27.18000030517578,27.21999931335449,26.81999969482422,27.030000686645508,12700
2023-10-03,22.5,22.540000915527344,22.3700008392334,22.46999931335449,44500,27.11000061035156,27.13999938964844,26.90999984741211,27.11000061035156,21100
2023-10-04,22.40999984741211,22.530000686645508,22.309999465942383,22.36000061035156,38700,27.06999969482422,27.1200008392334,26.979999542236328,27.049999237060547,18500
2023-10-05,22.809999465942383,22.920000076293945,22.31999969482422,22.32999992370605,86800,27.190000534057617,27.190000534057617,26.88999938964844,27.059999465942383,25100
2023-10-06,22.739999771118164,22.850000381469727,22.68000030517578,22.850000381469727,27800,26.90999984741211,27.190000534057617,26.88999938964844,27.190000534057617,9900
2023-10-09,22.559999465942383,22.71999931335449,22.520000457763672,22.71999931335449,25100,26.81999969482422,26.989999771118164,26.799999237060547,26.989999771118164,2800
2023-10-10,22.420000076293945,22.5,22.3799991607666,22.459999084472656,51800,26.96999931335449,26.989999771118164,26.850000381469727,26.850000381469727,6700
2023-10-11,22.59000015258789,22.59000015258789,22.31999969482422,22.3700008392334,30700,26.63999938964844,26.8799991607666,26.59000015258789,26.8700008392334,17800
2023-10-12,22.850000381469727,22.959999084472656,22.31999969482422,22.600000381469727,65600,27.299999237060547,27.459999084472656,26.700000762939453,26.780000686645508,38200
2023-10-13,22.799999237060547,22.959999084472656,22.670000076293945,22.940000534057617,38200,27.13999938964844,27.440000534057617,26.979999542236328,27.440000534057617,6400
2023-10-16,22.6200008392334,22.739999771118164,22.57999992370605,22.739999771118164,38100,27.270000457763672,27.270000457763672,27.11000061035156,27.1299991607666,12400
2023-10-17,22.57999992370605,22.700000762939453,22.5,22.6200008392334,85800,27.46999931335449,27.479999542236328,27.290000915527344,27.290000915527344,16200
2023-10-18,22.71999931335449,22.76000022888184,22.6299991607666,22.63999938964844,59900,27.68000030517578,27.690000534057617,27.32999992370605,27.61000061035156,18800
2023-10-19,23.100000381469727,23.149999618530277,22.56999969482422,22.56999969482422,60200,27.729999542236328,27.76000022888184,27.46999931335449,27.600000381469727,14600
2023-10-20,22.799999237060547,23.239999771118164,22.739999771118164,23.07999992370605,155100,27.459999084472656,27.68000030517578,27.459999084472656,27.59000015258789,22400
2023-10-23,22.649999618530277,22.780000686645508,22.600000381469727,22.729999542236328,151900,27.26000022888184,27.51000022888184,27.25,27.309999465942383,34600
2023-10-24,22.31999969482422,22.530000686645508,22.290000915527344,22.489999771118164,109000,27.399999618530277,27.420000076293945,27.25,27.3799991607666,22800
2023-10-25,22.25,22.36000061035156,22.06999969482422,22.299999237060547,114500,27.299999237060547,27.440000534057617,27.1200008392334,27.43000030517578,12900
2023-10-26,22.149999618530277,22.31999969482422,22.1200008392334,22.280000686645508,175800,27.190000534057617,27.489999771118164,27.149999618530277,27.489999771118164,8100
2023-10-27,22.270000457763672,22.34000015258789,22.149999618530277,22.149999618530277,59200,27.559999465942383,27.65999984741211,27.459999084472656,27.459999084472656,7300
2023-10-30,22.18000030517578,22.290000915527344,22.1299991607666,22.170000076293945,55900,27.3799991607666,27.59000015258789,27.34000015258789,27.559999465942383,6900
2023-10-31,22.239999771118164,22.34000015258789,22.11000061035156,22.11000061035156,43100,27.440000534057617,27.549999237060547,27.309999465942383,27.309999465942383,2700
2023-11-01,22.1299991607666,22.239999771118164,22.0,22.229999542236328,38700,27.489999771118164,27.559999465942383,27.459999084472656,27.459999084472656,5400
2023-11-02,21.950000762939453,22.21999931335449,21.940000534057617,22.030000686645508,77000,27.780000686645508,27.84000015258789,27.65999984741211,27.700000762939453,33700
2023-11-03,22.309999465942383,22.3799991607666,21.959999084472656,21.989999771118164,50300,28.270000457763672,28.290000915527344,27.989999771118164,28.049999237060547,31900
2023-11-06,22.280000686645508,22.38999938964844,22.26000022888184,22.280000686645508,67700,28.459999084472656,28.530000686645508,28.350000381469727,28.489999771118164,27100
2023-11-07,21.96999931335449,22.270000457763672,21.920000076293945,22.170000076293945,36800,28.3700008392334,28.65999984741211,28.209999084472656,28.399999618530277,37700
2023-11-08,22.1299991607666,22.31999969482422,21.989999771118164,21.989999771118164,48100,28.3700008392334,28.63999938964844,28.31999969482422,28.600000381469727,11300
2023-11-09,21.90999984741211,22.040000915527344,21.81999969482422,22.020000457763672,47400,28.06999969482422,28.479999542236328,27.850000381469727,28.32999992370605,43000
2023-11-10,21.729999542236328,21.8799991607666,21.670000076293945,21.8799991607666,26800,28.06999969482422,28.11000061035156,27.920000076293945,28.11000061035156,21200
2023-11-13,22.290000915527344,22.32999992370605,21.65999984741211,21.65999984741211,129900,28.81999969482422,28.81999969482422,28.149999618530277,28.149999618530277,30900
2023-11-14,22.38999938964844,22.40999984741211,22.209999084472656,22.209999084472656,127200,28.90999984741211,28.90999984741211,28.520000457763672,28.59000015258789,18900
2023-11-15,22.1299991607666,22.309999465942383,22.0,22.309999465942383,49200,28.850000381469727,28.88999938964844,28.75,28.809999465942383,18100
2023-11-16,22.270000457763672,22.32999992370605,21.920000076293945,22.06999969482422,53100,28.34000015258789,28.63999938964844,28.239999771118164,28.59000015258789,18600
2023-11-17,22.06999969482422,22.26000022888184,22.020000457763672,22.26000022888184,44100,28.1200008392334,28.190000534057617,28.020000457763672,28.18000030517578,50800
2023-11-20,22.09000015258789,22.1299991607666,21.920000076293945,22.06999969482422,20400,28.56999969482422,28.57999992370605,28.149999618530277,28.34000015258789,20100
2023-11-21,22.18000030517578,22.34000015258789,22.1200008392334,22.299999237060547,37500,28.76000022888184,28.950000762939453,28.549999237060547,28.809999465942383,16700
2023-11-22,22.149999618530277,22.36000061035156,22.1200008392334,22.1200008392334,35300,28.5,28.65999984741211,28.420000076293945,28.6299991607666,21000
2023-11-24,21.93000030517578,22.190000534057617,21.93000030517578,22.059999465942383,11100,27.93000030517578,28.43000030517578,27.93000030517578,28.43000030517578,7800
2023-11-27,21.649999618530277,21.8799991607666,21.59000015258789,21.8799991607666,48200,28.0,28.040000915527344,27.82999992370605,28.040000915527344,13900
2023-11-28,21.61000061035156,21.729999542236328,21.540000915527344,21.729999542236328,37500,28.31999969482422,28.34000015258789,28.01000022888184,28.01000022888184,11800
2023-11-29,21.729999542236328,21.76000022888184,21.540000915527344,21.59000015258789,38000,28.299999237060547,28.31999969482422,28.13999938964844,28.280000686645508,7000
2023-11-30,21.950000762939453,22.049999237060547,21.809999465942383,21.81999969482422,69000,28.25,28.280000686645508,28.190000534057617,28.190000534057617,6400
2023-12-01,22.040000915527344,22.25,21.84000015258789,21.899999618530277,34600,27.979999542236328,28.1299991607666,27.86000061035156,28.0,16300
2023-12-04,22.09000015258789,22.239999771118164,21.979999542236328,22.0,52700,27.649999618530277,27.989999771118164,27.540000915527344,27.84000015258789,35300
2023-12-05,22.270000457763672,22.31999969482422,22.1200008392334,22.18000030517578,36100,27.6299991607666,27.729999542236328,27.36000061035156,27.709999084472656,22900
2023-12-06,22.0,22.399999618530277,21.96999931335449,22.290000915527344,91400,27.440000534057617,27.559999465942383,27.36000061035156,27.559999465942383,19200
2023-12-07,22.18000030517578,22.239999771118164,22.040000915527344,22.07999992370605,33400,27.71999931335449,27.75,27.440000534057617,27.459999084472656,4400
2023-12-08,22.170000076293945,22.31999969482422,22.030000686645508,22.18000030517578,58500,27.6299991607666,27.979999542236328,27.43000030517578,27.81999969482422,46500
2023-12-11,22.0,22.15999984741211,21.899999618530277,22.0,38200,28.15999984741211,28.15999984741211,27.729999542236328,27.729999542236328,21400
2023-12-12,22.11000061035156,22.200000762939453,21.989999771118164,21.989999771118164,19400,27.920000076293945,28.059999465942383,27.790000915527344,27.989999771118164,40600
2023-12-13,21.90999984741211,22.049999237060547,21.81999969482422,22.049999237060547,117500,27.709999084472656,27.71999931335449,27.530000686645508,27.71999931335449,34100
2023-12-14,21.950000762939453,22.040000915527344,21.8700008392334,21.950000762939453,28100,27.84000015258789,27.850000381469727,27.65999984741211,27.709999084472656,11800
2023-12-15,21.979999542236328,22.07999992370605,21.84000015258789,21.850000381469727,53300,27.71999931335449,27.899999618530277,27.489999771118164,27.489999771118164,5800
2023-12-18,21.82999992370605,22.0,21.76000022888184,22.0,35500,27.93000030517578,27.93000030517578,27.600000381469727,27.770000457763672,15400
2023-12-19,21.649999618530277,21.790000915527344,21.61000061035156,21.76000022888184,39000,27.530000686645508,27.989999771118164,27.479999542236328,27.6299991607666,12400
2023-12-20,21.520000457763672,21.799999237060547,21.46999931335449,21.63999938964844,115300,27.34000015258789,27.549999237060547,27.34000015258789,27.549999237060547,8900
2023-12-21,21.65999984741211,21.700000762939453,21.530000686645508,21.530000686645508,45700,27.149999618530277,27.399999618530277,27.07999992370605,27.38999938964844,12000
2023-12-22,21.6200008392334,21.700000762939453,21.59000015258789,21.700000762939453,24300,27.149999618530277,27.280000686645508,27.149999618530277,27.190000534057617,5800
2023-12-26,21.920000076293945,21.96999931335449,21.59000015258789,21.59000015258789,42200,27.479999542236328,27.479999542236328,27.1200008392334,27.32999992370605,18500
2023-12-27,21.739999771118164,21.88999938964844,21.709999084472656,21.88999938964844,26000,27.420000076293945,27.450000762939453,27.299999237060547,27.31999969482422,6500
2023-12-28,21.729999542236328,21.850000381469727,21.65999984741211,21.780000686645508,59600,27.280000686645508,27.56999969482422,27.239999771118164,27.479999542236328,14600
2023-12-29,21.56999969482422,21.700000762939453,21.549999237060547,21.65999984741211,27400,27.01000022888184,27.21999931335449,26.950000762939453,27.21999931335449,21300
2024-01-02,21.32999992370605,21.530000686645508,21.270000457763672,21.530000686645508,36000,26.549999237060547,27.020000457763672,26.3700008392334,27.020000457763672,17500
2024-01-03,21.420000076293945,21.5,21.270000457763672,21.5,27000,26.63999938964844,26.670000076293945,26.440000534057617,26.459999084472656,18900
2024-01-04,21.450000762939453,21.5,21.290000915527344,21.290000915527344,17800,26.46999931335449,26.530000686645508,26.239999771118164,26.38999938964844,29900
2024-01-05,21.229999542236328,21.399999618530277,21.13999938964844,21.350000381469727,39400,26.18000030517578,26.399999618530277,26.1299991607666,26.1299991607666,15000
2024-01-08,20.90999984741211,21.11000061035156,20.81999969482422,21.059999465942383,57200,26.049999237060547,26.049999237060547,25.809999465942383,25.96999931335449,21100
2024-01-09,21.1299991607666,21.13999938964844,20.809999465942383,20.90999984741211,35500,26.11000061035156,26.11000061035156,25.850000381469727,25.899999618530277,10000
2024-01-10,21.07999992370605,21.170000076293945,20.940000534057617,21.059999465942383,27900,25.93000030517578,26.059999465942383,25.850000381469727,25.850000381469727,13800
2024-01-11,20.959999084472656,21.059999465942383,20.90999984741211,21.059999465942383,26000,26.0,26.040000915527344,25.850000381469727,25.850000381469727,13500
2024-01-12,20.61000061035156,21.059999465942383,20.350000381469727,21.049999237060547,77900,25.850000381469727,26.270000457763672,25.3799991607666,26.270000457763672,38000
2024-01-16,20.3799991607666,20.649999618530277,20.3700008392334,20.530000686645508,58800,25.82999992370605,25.989999771118164,25.65999984741211,25.899999618530277,74400
2024-01-17,20.299999237060547,20.56999969482422,20.270000457763672,20.270000457763672,54900,25.38999938964844,25.65999984741211,25.34000015258789,25.5,22900
2024-01-18,20.350000381469727,20.40999984741211,20.11000061035156,20.299999237060547,40000,25.540000915527344,25.549999237060547,25.350000381469727,25.399999618530277,9700
2024-01-19,20.420000076293945,20.559999465942383,20.34000015258789,20.459999084472656,31300,25.549999237060547,25.81999969482422,25.459999084472656,25.75,14100
2024-01-22,20.420000076293945,20.459999084472656,20.34000015258789,20.3700008392334,38500,25.709999084472656,25.729999542236328,25.149999618530277,25.149999618530277,21300
2024-01-23,20.440000534057617,20.59000015258789,20.36000061035156,20.450000762939453,62400,25.989999771118164,25.989999771118164,25.5,25.5,14800
2024-01-24,20.670000076293945,20.68000030517578,20.51000022888184,20.51000022888184,199300,25.96999931335449,26.06999969482422,25.86000061035156,26.059999465942383,10800
2024-01-25,20.600000381469727,20.690000534057617,20.479999542236328,20.690000534057617,41100,25.6200008392334,26.1299991607666,25.520000457763672,26.1299991607666,28100
2024-01-26,20.399999618530277,20.450000762939453,20.3700008392334,20.450000762939453,146200,25.3700008392334,25.51000022888184,25.149999618530277,25.38999938964844,13900
2024-01-29,20.200000762939453,20.26000022888184,20.11000061035156,20.25,48100,25.239999771118164,25.3799991607666,25.06999969482422,25.21999931335449,13500
2024-01-30,20.540000915527344,20.559999465942383,20.18000030517578,20.18000030517578,73700,25.690000534057617,25.71999931335449,25.239999771118164,25.399999618530277,22200
2024-01-31,20.530000686645508,20.559999465942383,20.399999618530277,20.459999084472656,29300,25.729999542236328,25.729999542236328,25.46999931335449,25.56999969482422,29900
2024-02-01,20.459999084472656,20.530000686645508,20.3700008392334,20.450000762939453,18400,25.38999938964844,25.56999969482422,25.309999465942383,25.56999969482422,17200
2024-02-02,20.36000061035156,20.5,20.32999992370605,20.450000762939453,36300,25.059999465942383,25.299999237060547,25.0,25.290000915527344,33300
2024-02-05,20.36000061035156,20.459999084472656,20.270000457763672,20.270000457763672,24000,25.15999984741211,25.190000534057617,24.81999969482422,25.049999237060547,39700
2024-02-06,20.280000686645508,20.51000022888184,20.280000686645508,20.479999542236328,35400,25.280000686645508,25.31999969482422,25.170000076293945,25.25,11100
2024-02-07,20.149999618530277,20.31999969482422,20.100000381469727,20.18000030517578,44200,25.01000022888184,25.1200008392334,24.8799991607666,25.11000061035156,15200
2024-02-08,20.049999237060547,20.190000534057617,19.950000762939453,20.07999992370605,61400,25.170000076293945,25.290000915527344,24.84000015258789,25.07999992370605,21700
2024-02-09,19.93000030517578,20.18000030517578,19.8700008392334,19.920000076293945,33000,24.8700008392334,25.11000061035156,24.850000381469727,25.100000381469727,14600
2024-02-12,19.950000762939453,20.040000915527344,19.88999938964844,19.93000030517578,46900,25.059999465942383,25.1200008392334,25.0,25.030000686645508,15900
2024-02-13,20.0,20.100000381469727,19.920000076293945,20.01000022888184,28200,24.959999084472656,25.06999969482422,24.86000061035156,25.06999969482422,24900
2024-02-14,19.729999542236328,19.84000015258789,19.65999984741211,19.84000015258789,53100,24.61000061035156,24.979999542236328,24.530000686645508,24.979999542236328,29300
2024-02-15,19.40999984741211,19.729999542236328,19.399999618530277,19.71999931335449,52800,24.46999931335449,24.649999618530277,24.36000061035156,24.540000915527344,31600
2024-02-16,19.450000762939453,19.530000686645508,19.3700008392334,19.38999938964844,58400,24.649999618530277,24.649999618530277,24.520000457763672,24.56999969482422,16500
2024-02-20,19.56999969482422,19.65999984741211,19.399999618530277,19.63999938964844,60600,24.780000686645508,24.899999618530277,24.649999618530277,24.770000457763672,18000
2024-02-21,19.25,19.61000061035156,19.229999542236328,19.479999542236328,34400,24.40999984741211,24.57999992370605,24.36000061035156,24.57999992370605,16100
2024-02-22,19.09000015258789,19.440000534057617,19.049999237060547,19.299999237060547,77100,24.21999931335449,24.46999931335449,24.1299991607666,24.43000030517578,38300
2024-02-23,18.899999618530277,19.170000076293945,18.799999237060547,19.07999992370605,57200,24.049999237060547,24.13999938964844,23.940000534057617,24.13999938964844,28600
2024-02-26,19.200000762939453,19.26000022888184,18.71999931335449,18.780000686645508,115300,24.040000915527344,24.100000381469727,23.850000381469727,23.950000762939453,43300
2024-02-27,19.34000015258789,19.459999084472656,19.299999237060547,19.31999969482422,76800,24.049999237060547,24.38999938964844,23.989999771118164,24.21999931335449,49200
2024-02-28,19.600000381469727,19.600000381469727,19.270000457763672,19.3799991607666,57000,24.15999984741211,24.190000534057617,23.920000076293945,23.96999931335449,10100
2024-02-29,19.559999465942383,19.649999618530277,19.32999992370605,19.440000534057617,35900,23.96999931335449,24.190000534057617,23.790000915527344,23.989999771118164,14400
2024-03-01,19.299999237060547,19.489999771118164,19.229999542236328,19.489999771118164,116300,24.209999084472656,24.21999931335449,23.989999771118164,24.09000015258789,33100
2024-03-04,19.56999969482422,19.700000762939453,19.440000534057617,19.5,232400,24.34000015258789,24.51000022888184,24.26000022888184,24.46999931335449,112300
2024-03-05,19.3700008392334,19.540000915527344,19.34000015258789,19.479999542236328,79900,24.270000457763672,24.36000061035156,24.170000076293945,24.34000015258789,46600
2024-03-06,19.479999542236328,19.520000457763672,19.299999237060547,19.399999618530277,67600,24.26000022888184,24.280000686645508,24.059999465942383,24.280000686645508,43100
2024-03-07,19.86000061035156,19.899999618530277,19.670000076293945,19.75,90400,24.56999969482422,24.56999969482422,24.350000381469727,24.350000381469727,39400
2024-03-08,19.979999542236328,20.0,19.65999984741211,19.729999542236328,67500,24.96999931335449,24.979999542236328,24.34000015258789,24.540000915527344,150000
2024-03-11,20.09000015258789,20.100000381469727,19.71999931335449,19.88999938964844,85800,24.920000076293945,25.0,24.81999969482422,24.920000076293945,70400
2024-03-12,20.09000015258789,20.170000076293945,20.0,20.09000015258789,88900,25.209999084472656,25.239999771118164,24.850000381469727,24.989999771118164,87200
2024-03-13,20.049999237060547,20.149999618530277,19.8700008392334,19.90999984741211,66200,25.270000457763672,25.270000457763672,24.950000762939453,25.15999984741211,44800
2024-03-14,19.81999969482422,20.11000061035156,19.739999771118164,19.940000534057617,140000,25.270000457763672,25.549999237060547,25.1200008392334,25.18000030517578,67800
2024-03-15,19.950000762939453,20.040000915527344,19.770000457763672,19.770000457763672,33700,25.26000022888184,25.34000015258789,25.0,25.06999969482422,28700
2024-03-18,19.950000762939453,19.96999931335449,19.690000534057617,19.690000534057617,63400,25.100000381469727,25.290000915527344,25.049999237060547,25.170000076293945,62100
2024-03-19,20.020000457763672,20.06999969482422,19.940000534057617,19.989999771118164,37800,25.100000381469727,25.1299991607666,24.920000076293945,24.920000076293945,27600
2024-03-20,20.07999992370605,20.13999938964844,19.959999084472656,20.0,30700,25.540000915527344,25.540000915527344,25.049999237060547,25.049999237060547,49300
2024-03-21,20.15999984741211,20.280000686645508,20.049999237060547,20.280000686645508,79300,25.559999465942383,25.63999938964844,25.3700008392334,25.63999938964844,35800
2024-03-22,20.100000381469727,20.1299991607666,19.959999084472656,20.09000015258789,23600,25.170000076293945,25.280000686645508,25.1200008392334,25.239999771118164,36300
2024-03-25,20.059999465942383,20.190000534057617,20.020000457763672,20.06999969482422,78700,25.3700008392334,25.440000534057617,25.1299991607666,25.1299991607666,30600
2024-03-26,19.780000686645508,20.100000381469727,19.739999771118164,20.01000022888184,87700,25.170000076293945,25.38999938964844,25.170000076293945,25.3799991607666,44900
2024-03-27,19.540000915527344,19.670000076293945,19.5,19.6200008392334,83900,25.030000686645508,25.209999084472656,25.0,25.170000076293945,19800
2024-03-28,20.18000030517578,20.399999618530277,19.530000686645508,19.540000915527344,150200,25.209999084472656,25.26000022888184,24.729999542236328,24.96999931335449,90000
2024-04-01,20.11000061035156,20.18000030517578,19.88999938964844,20.11000061035156,43500,25.059999465942383,25.26000022888184,25.01000022888184,25.21999931335449,25700
2024-04-02,19.780000686645508,20.1200008392334,19.63999938964844,20.1200008392334,70300,24.950000762939453,25.31999969482422,24.93000030517578,25.13999938964844,31100
2024-04-03,19.88999938964844,19.950000762939453,19.690000534057617,19.76000022888184,76300,25.190000534057617,25.229999542236328,24.920000076293945,24.93000030517578,23800
2024-04-04,20.0,20.0,19.790000915527344,19.790000915527344,154600,25.11000061035156,25.149999618530277,24.979999542236328,25.06999969482422,135400
2024-04-05,19.90999984741211,20.100000381469727,19.8700008392334,20.100000381469727,33900,25.15999984741211,25.26000022888184,25.09000015258789,25.170000076293945,30900
2024-04-08,19.959999084472656,20.020000457763672,19.799999237060547,19.96999931335449,41500,25.1200008392334,25.280000686645508,25.059999465942383,25.26000022888184,53500
2024-04-09,19.76000022888184,19.899999618530277,19.690000534057617,19.899999618530277,32000,25.0,25.149999618530277,24.959999084472656,25.0,24000
2024-04-10,19.82999992370605,19.8700008392334,19.770000457763672,19.809999465942383,19600,24.81999969482422,24.899999618530277,24.76000022888184,24.88999938964844,17000
2024-04-11,19.68000030517578,19.959999084472656,19.61000061035156,19.899999618530277,235000,24.76000022888184,24.86000061035156,24.51000022888184,24.86000061035156,35800
2024-04-12,19.920000076293945,19.989999771118164,19.670000076293945,19.670000076293945,59900,24.90999984741211,25.049999237060547,24.780000686645508,24.799999237060547,113400
2024-04-15,19.81999969482422,19.86000061035156,19.729999542236328,19.86000061035156,108800,24.770000457763672,24.8700008392334,24.649999618530277,24.770000457763672,24800
2024-04-16,19.729999542236328,19.76000022888184,19.6200008392334,19.739999771118164,36200,24.520000457763672,24.690000534057617,24.5,24.649999618530277,21200
2024-04-17,19.670000076293945,19.75,19.63999938964844,19.700000762939453,21800,24.559999465942383,24.690000534057617,24.51000022888184,24.51000022888184,40000
2024-04-18,19.479999542236328,19.600000381469727,19.40999984741211,19.600000381469727,32300,24.32999992370605,24.56999969482422,24.32999992370605,24.56999969482422,63900
2024-04-19,19.700000762939453,19.75,19.520000457763672,19.520000457763672,20000,24.6200008392334,24.670000076293945,24.32999992370605,24.32999992370605,15100
2024-04-22,20.059999465942383,20.07999992370605,19.63999938964844,19.63999938964844,105700,24.899999618530277,24.96999931335449,24.549999237060547,24.549999237060547,61900
2024-04-23,20.15999984741211,20.18000030517578,19.96999931335449,20.01000022888184,92200,24.940000534057617,24.96999931335449,24.790000915527344,24.790000915527344,30300
2024-04-24,20.01000022888184,20.200000762939453,19.959999084472656,20.15999984741211,110500,24.90999984741211,25.040000915527344,24.88999938964844,24.899999618530277,27300
2024-04-25,20.15999984741211,20.21999931335449,20.0,20.049999237060547,57900,24.96999931335449,25.0,24.690000534057617,24.76000022888184,94100
2024-04-26,20.040000915527344,20.229999542236328,20.040000915527344,20.1200008392334,190000,24.959999084472656,24.96999931335449,24.8700008392334,24.8700008392334,17000
2024-04-29,20.0,20.059999465942383,19.899999618530277,20.020000457763672,31600,25.030000686645508,25.15999984741211,24.90999984741211,25.0,36100
2024-04-30,19.950000762939453,20.049999237060547,19.82999992370605,19.989999771118164,40300,24.649999618530277,24.93000030517578,24.57999992370605,24.88999938964844,32300
2024-05-01,20.020000457763672,20.059999465942383,19.76000022888184,19.850000381469727,122000,24.790000915527344,24.809999465942383,24.56999969482422,24.56999969482422,98000
2024-05-02,20.440000534057617,20.440000534057617,20.21999931335449,20.25,94600,25.299999237060547,25.299999237060547,24.799999237060547,24.799999237060547,45100
2024-05-03,20.530000686645508,20.76000022888184,20.38999938964844,20.6299991607666,126100,25.549999237060547,25.559999465942383,25.31999969482422,25.420000076293945,53100
2024-05-06,20.84000015258789,20.86000061035156,20.40999984741211,20.43000030517578,79900,26.01000022888184,26.030000686645508,25.520000457763672,25.520000457763672,97700
2024-05-07,20.809999465942383,20.920000076293945,20.71999931335449,20.770000457763672,69400,26.11000061035156,26.190000534057617,25.959999084472656,25.979999542236328,46500
2024-05-08,20.450000762939453,20.709999084472656,20.3799991607666,20.709999084472656,68900,25.780000686645508,26.0,25.729999542236328,25.940000534057617,57100
2024-05-09,20.43000030517578,20.440000534057617,20.280000686645508,20.40999984741211,92800,25.530000686645508,25.799999237060547,25.46999931335449,25.65999984741211,29000
2024-05-10,20.82999992370605,20.88999938964844,20.43000030517578,20.43000030517578,96300,25.68000030517578,25.709999084472656,25.40999984741211,25.59000015258789,24100
2024-05-13,20.899999618530277,21.0,20.809999465942383,20.809999465942383,83900,25.809999465942383,25.8799991607666,25.690000534057617,25.709999084472656,35800
2024-05-14,20.8700008392334,21.06999969482422,20.809999465942383,20.959999084472656,57300,25.649999618530277,25.8700008392334,25.549999237060547,25.8700008392334,50100
2024-05-15,20.700000762939453,21.030000686645508,20.6200008392334,20.959999084472656,79900,25.530000686645508,25.899999618530277,25.489999771118164,25.8799991607666,34100
2024-05-16,20.5,20.75,20.420000076293945,20.649999618530277,341400,25.450000762939453,25.59000015258789,25.43000030517578,25.59000015258789,31800
2024-05-17,20.309999465942383,20.489999771118164,20.229999542236328,20.479999542236328,255200,25.520000457763672,25.799999237060547,25.520000457763672,25.540000915527344,66900
2024-05-20,20.56999969482422,20.649999618530277,20.3799991607666,20.3799991607666,123900,25.770000457763672,25.8799991607666,25.540000915527344,25.540000915527344,60200
2024-05-21,20.479999542236328,20.6200008392334,20.38999938964844,20.459999084472656,148100,25.71999931335449,25.809999465942383,25.6200008392334,25.690000534057617,78100
2024-05-22,20.559999465942383,20.600000381469727,20.459999084472656,20.51000022888184,62200,25.920000076293945,25.920000076293945,25.670000076293945,25.670000076293945,51700
2024-05-23,20.6299991607666,20.739999771118164,20.57999992370605,20.59000015258789,107100,25.739999771118164,26.0,25.71999931335449,25.96999931335449,53600
2024-05-24,20.71999931335449,20.76000022888184,20.600000381469727,20.6299991607666,69600,25.86000061035156,25.8700008392334,25.739999771118164,25.739999771118164,21700
2024-05-28,20.59000015258789,20.71999931335449,20.520000457763672,20.700000762939453,114100,25.68000030517578,25.850000381469727,25.6200008392334,25.850000381469727,42600
2024-05-29,20.40999984741211,20.61000061035156,20.3700008392334,20.479999542236328,38900,25.43000030517578,25.68000030517578,25.399999618530277,25.530000686645508,56700
2024-05-30,20.07999992370605,20.38999938964844,20.06999969482422,20.3700008392334,161900,25.290000915527344,25.549999237060547,25.270000457763672,25.459999084472656,61100
2024-05-31,19.899999618530277,20.229999542236328,19.899999618530277,20.229999542236328,60400,25.270000457763672,25.540000915527344,25.15999984741211,25.450000762939453,24500
2024-06-03,19.75,20.030000686645508,19.65999984741211,20.0,89700,24.84000015258789,25.13999938964844,24.71999931335449,25.13999938964844,49900
2024-06-04,19.709999084472656,19.90999984741211,19.649999618530277,19.68000030517578,115100,24.6200008392334,24.84000015258789,24.6200008392334,24.790000915527344,38100
2024-06-05,19.559999465942383,19.799999237060547,19.559999465942383,19.709999084472656,59300,24.5,24.71999931335449,24.5,24.65999984741211,26300
2024-06-06,20.07999992370605,20.09000015258789,19.739999771118164,19.739999771118164,121300,24.920000076293945,24.950000762939453,24.63999938964844,24.63999938964844,94500
2024-06-07,19.940000534057617,20.020000457763672,19.780000686645508,20.020000457763672,38000,24.670000076293945,25.020000457763672,24.530000686645508,24.65999984741211,47100
2024-06-10,19.979999542236328,20.049999237060547,19.920000076293945,20.020000457763672,47300,24.700000762939453,24.76000022888184,24.6200008392334,24.75,54600
2024-06-11,19.88999938964844,20.049999237060547,19.82999992370605,20.049999237060547,51300,24.530000686645508,24.700000762939453,24.5,24.690000534057617,55900
2024-06-12,19.950000762939453,20.01000022888184,19.76000022888184,19.8799991607666,61900,24.520000457763672,24.61000061035156,24.350000381469727,24.600000381469727,21900
2024-06-13,20.229999542236328,20.270000457763672,20.100000381469727,20.100000381469727,127400,24.6299991607666,24.709999084472656,24.5,24.5,100200
2024-06-14,19.940000534057617,20.299999237060547,19.920000076293945,20.11000061035156,53600,24.459999084472656,24.61000061035156,24.43000030517578,24.57999992370605,51600
2024-06-17,19.75,19.920000076293945,19.709999084472656,19.82999992370605,36000,24.11000061035156,24.309999465942383,24.09000015258789,24.290000915527344,31900
2024-06-18,19.84000015258789,19.979999542236328,19.81999969482422,19.84000015258789,30000,24.149999618530277,24.26000022888184,24.149999618530277,24.21999931335449,23900
2024-06-20,19.549999237060547,19.86000061035156,19.5,19.84000015258789,74100,23.959999084472656,24.1200008392334,23.86000061035156,24.030000686645508,35200
2024-06-21,19.34000015258789,19.59000015258789,19.309999465942383,19.59000015258789,72100,23.96999931335449,24.040000915527344,23.82999992370605,23.979999542236328,9900
2024-06-24,19.32999992370605,19.3700008392334,19.040000915527344,19.270000457763672,140900,24.07999992370605,24.149999618530277,23.76000022888184,23.86000061035156,20200
2024-06-25,18.979999542236328,19.200000762939453,18.940000534057617,19.200000762939453,63600,23.700000762939453,24.01000022888184,23.700000762939453,24.01000022888184,12400
2024-06-26,18.770000457763672,19.07999992370605,18.75,19.0,39500,23.649999618530277,23.81999969482422,23.6299991607666,23.700000762939453,28100
2024-06-27,18.71999931335449,18.8700008392334,18.690000534057617,18.809999465942383,76500,23.6200008392334,23.71999931335449,23.56999969482422,23.670000076293945,26600
2024-06-28,18.309999465942383,19.06999969482422,18.030000686645508,18.76000022888184,131400,23.649999618530277,23.90999984741211,23.59000015258789,23.700000762939453,38300
2024-07-01,18.36000061035156,18.3799991607666,18.1200008392334,18.18000030517578,60300,23.899999618530277,23.90999984741211,23.549999237060547,23.71999931335449,22300
2024-07-02,18.32999992370605,18.549999237060547,18.280000686645508,18.40999984741211,85300,23.899999618530277,24.100000381469727,23.799999237060547,23.979999542236328,18400
2024-07-03,18.280000686645508,18.32999992370605,18.190000534057617,18.32999992370605,33800,24.149999618530277,24.170000076293945,23.989999771118164,24.030000686645508,18300
2024-07-05,18.43000030517578,18.5,18.239999771118164,18.239999771118164,171100,24.299999237060547,24.299999237060547,23.979999542236328,24.149999618530277,120200
2024-07-08,17.84000015258789,18.229999542236328,17.790000915527344,18.229999542236328,162200,23.65999984741211,24.020000457763672,23.57999992370605,24.020000457763672,96900
2024-07-09,17.899999618530273,18.049999237060547,17.850000381469727,17.860000610351562,79600,23.270000457763672,23.68000030517578,23.25,23.600000381469727,60700
2024-07-10,17.81999969482422,17.899999618530273,17.700000762939453,17.809999465942383,57400,23.0,23.780000686645508,23.0,23.270000457763672,30800
2024-07-11,18.0,18.07999992370605,17.920000076293945,18.049999237060547,54500,23.1200008392334,23.190000534057617,22.96999931335449,23.1200008392334,13200
2024-07-12,18.190000534057617,18.200000762939453,17.729999542236328,17.8700008392334,138100,22.989999771118164,23.200000762939453,22.920000076293945,23.049999237060547,33400
2024-07-15,17.770000457763672,18.06999969482422,17.729999542236328,17.989999771118164,83500,22.479999542236328,22.700000762939453,22.459999084472656,22.65999984741211,47700
2024-07-16,17.93000030517578,18.0,17.799999237060547,17.799999237060547,44900,22.670000076293945,22.780000686645508,22.46999931335449,22.540000915527344,36400
2024-07-17,18.059999465942383,18.100000381469727,17.989999771118164,18.020000457763672,34500,22.59000015258789,22.690000534057617,22.5,22.670000076293945,9600
2024-07-18,17.780000686645508,17.969999313354492,17.739999771118164,17.969999313354492,151200,22.549999237060547,22.68000030517578,22.3700008392334,22.479999542236328,42300
2024-07-19,17.84000015258789,18.020000457763672,17.799999237060547,17.889999389648438,38500,22.399999618530277,22.670000076293945,22.399999618530277,22.649999618530277,72500
2024-07-22,18.239999771118164,18.239999771118164,17.950000762939453,18.0,74600,23.11000061035156,23.13999938964844,22.670000076293945,22.670000076293945,44000
2024-07-23,18.270000457763672,18.450000762939453,18.21999931335449,18.239999771118164,60600,23.21999931335449,23.3799991607666,23.11000061035156,23.18000030517578,130900
2024-07-24,18.309999465942383,18.479999542236328,18.25,18.25,132300,22.93000030517578,23.25,22.899999618530277,23.21999931335449,33100
2024-07-25,18.420000076293945,18.5,18.36000061035156,18.3700008392334,47600,23.299999237060547,23.3799991607666,23.06999969482422,23.07999992370605,51400
2024-07-26,18.020000457763672,18.290000915527344,18.010000228881836,18.290000915527344,88700,22.6200008392334,23.299999237060547,22.61000061035156,23.299999237060547,91100
2024-07-29,18.06999969482422,18.09000015258789,17.850000381469727,17.899999618530273,41700,22.549999237060547,22.6299991607666,22.11000061035156,22.399999618530277,35900
2024-07-30,17.799999237060547,17.940000534057617,17.799999237060547,17.899999618530273,43600,22.170000076293945,22.32999992370605,22.170000076293945,22.299999237060547,18000
2024-07-31,17.65999984741211,17.809999465942383,17.579999923706055,17.809999465942383,70000,22.309999465942383,22.350000381469727,22.18000030517578,22.290000915527344,9000
2024-08-01,17.649999618530273,17.65999984741211,17.510000228881836,17.600000381469727,50300,22.1200008392334,22.290000915527344,22.07999992370605,22.280000686645508,17900
2024-08-02,17.84000015258789,17.860000610351562,17.6299991607666,17.6299991607666,51100,22.450000762939453,22.46999931335449,22.270000457763672,22.270000457763672,19000
2024-08-05,17.93000030517578,17.959999084472656,17.549999237060547,17.549999237060547,56600,22.700000762939453,22.700000762939453,22.21999931335449,22.21999931335449,30700
2024-08-06,17.81999969482422,17.989999771118164,17.770000457763672,17.84000015258789,86700,22.32999992370605,22.6200008392334,22.309999465942383,22.540000915527344,42400
2024-08-07,17.75,17.829999923706055,17.670000076293945,17.81999969482422,64300,22.26000022888184,22.36000061035156,22.18000030517578,22.239999771118164,32100
2024-08-08,17.56999969482422,17.829999923706055,17.56999969482422,17.719999313354492,43300,22.01000022888184,22.26000022888184,21.950000762939453,22.26000022888184,46000
2024-08-09,17.5,17.610000610351562,17.450000762939453,17.59000015258789,31000,21.920000076293945,22.09000015258789,21.8700008392334,22.09000015258789,16800
2024-08-12,17.709999084472656,17.760000228881836,17.309999465942383,17.469999313354492,51900,21.670000076293945,21.8700008392334,21.450000762939453,21.8700008392334,56300
2024-08-13,17.559999465942383,17.690000534057617,17.5,17.690000534057617,28700,21.149999618530277,21.399999618530277,21.1200008392334,21.399999618530277,32800
2024-08-14,17.68000030517578,17.690000534057617,17.510000228881836,17.540000915527344,21800,21.25,21.3799991607666,21.200000762939453,21.209999084472656,46600
2024-08-15,17.549999237060547,17.65999984741211,17.520000457763672,17.600000381469727,34200,21.25,21.479999542236328,21.239999771118164,21.299999237060547,39100
2024-08-16,17.34000015258789,17.479999542236328,17.280000686645508,17.420000076293945,48100,21.06999969482422,21.209999084472656,21.020000457763672,21.1299991607666,36300
2024-08-19,17.700000762939453,17.709999084472656,17.34000015258789,17.420000076293945,47400,21.46999931335449,21.489999771118164,21.100000381469727,21.100000381469727,62600
2024-08-20,17.6299991607666,17.75,17.600000381469727,17.75,153000,21.489999771118164,21.59000015258789,21.399999618530277,21.459999084472656,9300
2024-08-21,17.59000015258789,17.68000030517578,17.520000457763672,17.68000030517578,34400,21.600000381469727,21.6200008392334,21.450000762939453,21.57999992370605,21500
2024-08-22,17.360000610351562,17.489999771118164,17.299999237060547,17.489999771118164,149500,21.11000061035156,21.440000534057617,21.100000381469727,21.440000534057617,48700
2024-08-23,17.31999969482422,17.479999542236328,17.290000915527344,17.329999923706055,47500,21.350000381469727,21.38999938964844,21.170000076293945,21.170000076293945,38000
2024-08-26,17.149999618530273,17.229999542236328,17.020000457763672,17.15999984741211,125500,21.530000686645508,21.559999465942383,21.229999542236328,21.229999542236328,24800
2024-08-27,17.360000610351562,17.420000076293945,17.1299991607666,17.149999618530273,51900,21.649999618530277,21.729999542236328,21.549999237060547,21.63999938964844,42500
2024-08-28,17.25,17.420000076293945,17.239999771118164,17.329999923706055,22000,21.450000762939453,21.6299991607666,21.350000381469727,21.6299991607666,39800
2024-08-29,17.469999313354492,17.469999313354492,17.31999969482422,17.34000015258789,41100,21.739999771118164,21.76000022888184,21.600000381469727,21.61000061035156,33700
2024-08-30,17.700000762939453,17.700000762939453,17.489999771118164,17.489999771118164,63700,21.86000061035156,22.030000686645508,21.709999084472656,22.030000686645508,51800
2024-09-03,17.959999084472656,17.989999771118164,17.700000762939453,17.700000762939453,74800,22.170000076293945,22.399999618530277,21.940000534057617,22.0,76300
2024-09-04,18.15999984741211,18.170000076293945,17.969999313354492,18.0,206800,22.32999992370605,22.3799991607666,22.100000381469727,22.31999969482422,46000
2024-09-05,18.040000915527344,18.06999969482422,17.93000030517578,18.0,44100,22.450000762939453,22.450000762939453,22.190000534057617,22.25,26600
2024-09-06,17.889999389648438,18.239999771118164,17.860000610351562,18.15999984741211,66100,22.030000686645508,22.5,21.950000762939453,22.489999771118164,45500
2024-09-09,17.93000030517578,17.959999084472656,17.81999969482422,17.899999618530273,80800,22.290000915527344,22.299999237060547,22.09000015258789,22.09000015258789,14800
2024-09-10,17.850000381469727,17.979999542236328,17.81999969482422,17.979999542236328,44800,21.88999938964844,22.15999984741211,21.81999969482422,21.989999771118164,23700
2024-09-11,17.899999618530273,17.950000762939453,17.719999313354492,17.950000762939453,41400,21.940000534057617,22.049999237060547,21.899999618530277,21.989999771118164,6500
2024-09-12,17.950000762939453,17.989999771118164,17.549999237060547,17.989999771118164,45800,22.200000762939453,22.229999542236328,21.899999618530277,22.0,20800
2024-09-13,18.15999984741211,18.190000534057617,17.969999313354492,18.09000015258789,248400,22.1200008392334,22.309999465942383,22.020000457763672,22.290000915527344,113700
2024-09-16,18.09000015258789,18.11000061035156,17.959999084472656,18.020000457763672,48000,22.040000915527344,22.190000534057617,22.01000022888184,22.09000015258789,52900
2024-09-17,18.15999984741211,18.18000030517578,18.010000228881836,18.1200008392334,56000,22.1299991607666,22.21999931335449,22.01000022888184,22.09000015258789,34700
2024-09-18,18.11000061035156,18.229999542236328,18.11000061035156,18.18000030517578,31600,22.239999771118164,22.399999618530277,22.13999938964844,22.239999771118164,16200
2024-09-19,17.920000076293945,18.07999992370605,17.8799991607666,18.07999992370605,109300,22.200000762939453,22.32999992370605,22.15999984741211,22.32999992370605,45300
2024-09-20,17.739999771118164,17.920000076293945,17.729999542236328,17.920000076293945,137900,22.170000076293945,22.21999931335449,22.0,22.11000061035156,89800
2024-09-23,18.170000076293945,18.190000534057617,17.950000762939453,17.950000762939453,72900,22.71999931335449,22.75,22.479999542236328,22.479999542236328,78100
2024-09-24,18.170000076293945,18.350000381469727,18.07999992370605,18.270000457763672,43600,22.81999969482422,23.030000686645508,22.700000762939453,23.0,64400
2024-09-25,18.229999542236328,18.239999771118164,18.09000015258789,18.170000076293945,60400,23.030000686645508,23.049999237060547,22.6299991607666,22.6299991607666,46600
2024-09-26,18.149999618530277,18.32999992370605,18.1299991607666,18.290000915527344,65300,22.770000457763672,23.190000534057617,22.670000076293945,23.15999984741211,44600
2024-09-27,18.270000457763672,18.32999992370605,18.100000381469727,18.13999938964844,42600,23.200000762939453,23.239999771118164,22.75,22.790000915527344,24600
2024-09-30,18.489999771118164,18.61000061035156,18.239999771118164,18.25,94400,23.049999237060547,23.299999237060547,23.0,23.11000061035156,24000
2024-10-01,18.670000076293945,18.780000686645508,18.399999618530277,18.399999618530277,60600,23.040000915527344,23.25,22.780000686645508,22.81999969482422,15400
2024-10-02,18.780000686645508,18.850000381469727,18.700000762939453,18.770000457763672,81900,23.020000457763672,23.07999992370605,22.88999938964844,22.899999618530277,24800
2024-10-03,18.63999938964844,18.76000022888184,18.600000381469727,18.709999084472656,59300,22.8799991607666,23.07999992370605,22.770000457763672,22.790000915527344,27400
2024-10-04,18.46999931335449,18.57999992370605,18.420000076293945,18.57999992370605,68000,22.68000030517578,22.979999542236328,22.63999938964844,22.979999542236328,20700
2024-10-07,18.549999237060547,18.559999465942383,18.399999618530277,18.46999931335449,30100,22.63999938964844,22.71999931335449,22.540000915527344,22.6299991607666,20900
2024-10-08,18.3799991607666,18.530000686645508,18.309999465942383,18.450000762939453,155800,22.290000915527344,22.5,22.229999542236328,22.5,147500
2024-10-09,18.3700008392334,18.440000534057617,18.34000015258789,18.350000381469727,56600,22.32999992370605,22.3799991607666,22.190000534057617,22.200000762939453,16100
2024-10-10,18.299999237060547,18.40999984741211,18.26000022888184,18.32999992370605,52500,22.229999542236328,22.290000915527344,22.21999931335449,22.290000915527344,22400
2024-10-11,18.229999542236328,18.399999618530277,18.18000030517578,18.280000686645508,66100,22.040000915527344,22.399999618530277,22.01000022888184,22.18000030517578,26700
2024-10-14,17.829999923706055,18.09000015258789,17.81999969482422,18.07999992370605,94600,21.81999969482422,22.030000686645508,21.75,21.940000534057617,42900
2024-10-15,17.56999969482422,17.75,17.559999465942383,17.719999313354492,72500,21.6200008392334,21.75,21.51000022888184,21.75,21600
2024-10-16,17.700000762939453,17.770000457763672,17.600000381469727,17.670000076293945,175200,21.46999931335449,21.770000457763672,21.36000061035156,21.71999931335449,23400
2024-10-17,17.690000534057617,17.729999542236328,17.450000762939453,17.6200008392334,101900,21.489999771118164,21.540000915527344,21.200000762939453,21.36000061035156,24400
2024-10-18,17.579999923706055,17.770000457763672,17.549999237060547,17.770000457763672,68000,21.239999771118164,21.57999992370605,21.239999771118164,21.57999992370605,18100
2024-10-21,17.700000762939453,17.809999465942383,17.56999969482422,17.56999969482422,75000,21.34000015258789,21.5,21.239999771118164,21.239999771118164,22200
2024-10-22,17.940000534057617,17.969999313354492,17.690000534057617,17.690000534057617,102500,21.6299991607666,21.6299991607666,21.459999084472656,21.459999084472656,11800
2024-10-23,18.059999465942383,18.100000381469727,17.899999618530273,17.959999084472656,78300,21.68000030517578,21.729999542236328,21.520000457763672,21.700000762939453,32300
2024-10-24,18.149999618530277,18.209999084472656,18.059999465942383,18.15999984741211,107100,21.700000762939453,21.950000762939453,21.6299991607666,21.950000762939453,41500
2024-10-25,17.959999084472656,18.09000015258789,17.93000030517578,18.09000015258789,68800,21.549999237060547,21.6299991607666,21.399999618530277,21.6299991607666,31100
2024-10-28,17.809999465942383,17.93000030517578,17.780000686645508,17.93000030517578,44800,21.32999992370605,21.5,21.25,21.399999618530277,51000
2024-10-29,17.899999618530273,17.940000534057617,17.81999969482422,17.81999969482422,34000,21.18000030517578,21.32999992370605,21.18000030517578,21.270000457763672,25200
2024-10-30,17.850000381469727,17.90999984741211,17.809999465942383,17.860000610351562,23300,21.40999984741211,21.46999931335449,21.229999542236328,21.229999542236328,22300
2024-10-31,17.889999389648438,17.940000534057617,17.829999923706055,17.829999923706055,50800,21.549999237060547,21.600000381469727,21.440000534057617,21.56999969482422,30800
2024-11-01,17.950000762939453,18.040000915527344,17.889999389648438,17.93000030517578,48400,21.5,21.790000915527344,21.40999984741211,21.71999931335449,18700
2024-11-04,17.93000030517578,18.06999969482422,17.90999984741211,17.979999542236328,61600,21.549999237060547,21.76000022888184,21.51000022888184,21.65999984741211,53500
2024-11-05,18.030000686645508,18.059999465942383,17.959999084472656,18.010000228881836,39800,21.6200008392334,21.690000534057617,21.57999992370605,21.61000061035156,7800
2024-11-06,18.26000022888184,18.299999237060547,17.850000381469727,17.850000381469727,68100,21.61000061035156,21.6200008392334,21.21999931335449,21.350000381469727,30800
2024-11-07,18.3799991607666,18.38999938964844,18.15999984741211,18.309999465942383,67400,22.030000686645508,22.09000015258789,21.530000686645508,21.75,14000
2024-11-08,18.479999542236328,18.56999969482422,18.31999969482422,18.399999618530277,78900,22.1200008392334,22.309999465942383,21.8700008392334,21.920000076293945,23300
2024-11-11,18.350000381469727,18.420000076293945,18.21999931335449,18.38999938964844,78300,21.940000534057617,22.190000534057617,21.8700008392334,22.15999984741211,17500
2024-11-12,18.25,18.399999618530277,18.18000030517578,18.38999938964844,26000,21.729999542236328,21.940000534057617,21.559999465942383,21.940000534057617,43300
2024-11-13,18.1299991607666,18.270000457763672,18.06999969482422,18.209999084472656,40400,21.549999237060547,21.649999618530277,21.459999084472656,21.649999618530277,17900
2024-11-14,17.920000076293945,18.100000381469727,17.8700008392334,18.100000381469727,51300,21.290000915527344,21.540000915527344,21.239999771118164,21.540000915527344,17800
2024-11-15,18.06999969482422,18.149999618530277,17.889999389648438,17.899999618530273,48000,21.3700008392334,21.530000686645508,21.299999237060547,21.299999237060547,16400
2024-11-18,18.209999084472656,18.229999542236328,18.0,18.0,42500,21.600000381469727,21.65999984741211,21.25,21.26000022888184,26100
2024-11-19,18.15999984741211,18.299999237060547,18.1299991607666,18.21999931335449,29800,21.40999984741211,21.63999938964844,21.40999984741211,21.540000915527344,36000
2024-11-20,18.290000915527344,18.299999237060547,18.059999465942383,18.09000015258789,26100,21.239999771118164,21.3799991607666,21.18000030517578,21.3799991607666,23800
2024-11-21,18.07999992370605,18.25,18.030000686645508,18.25,34700,21.020000457763672,21.299999237060547,20.940000534057617,21.299999237060547,49500
2024-11-22,18.06999969482422,18.15999984741211,18.020000457763672,18.149999618530277,24500,21.09000015258789,21.15999984741211,20.96999931335449,21.0,14300
2024-11-25,17.920000076293945,18.06999969482422,17.899999618530273,17.969999313354492,27900,21.209999084472656,21.270000457763672,21.11000061035156,21.13999938964844,14400
2024-11-26,17.770000457763672,17.920000076293945,17.690000534057617,17.920000076293945,70200,21.209999084472656,21.25,21.07999992370605,21.100000381469727,12900
2024-11-27,17.739999771118164,17.84000015258789,17.729999542236328,17.780000686645508,29900,21.239999771118164,21.290000915527344,21.190000534057617,21.239999771118164,24700
2024-11-29,17.8700008392334,17.899999618530273,17.709999084472656,17.709999084472656,10000,21.200000762939453,21.399999618530277,21.100000381469727,21.280000686645508,11500
2024-12-02,17.920000076293945,17.979999542236328,17.760000228881836,17.760000228881836,15500,21.020000457763672,21.100000381469727,20.950000762939453,21.059999465942383,19700
2024-12-03,17.8799991607666,17.989999771118164,17.829999923706055,17.969999313354492,39200,21.1299991607666,21.25,21.049999237060547,21.1200008392334,27600
2024-12-04,17.760000228881836,17.889999389648438,17.760000228881836,17.780000686645508,23700,20.989999771118164,21.11000061035156,20.950000762939453,21.11000061035156,11700
2024-12-05,18.0,18.0,17.75,17.75,28100,21.13999938964844,21.200000762939453,21.030000686645508,21.030000686645508,19800
2024-12-06,18.18000030517578,18.190000534057617,18.0,18.0,44500,21.200000762939453,21.200000762939453,21.06999969482422,21.149999618530277,11600
2024-12-09,18.239999771118164,18.239999771118164,18.11000061035156,18.18000030517578,27100,21.100000381469727,21.299999237060547,21.049999237060547,21.200000762939453,16100
2024-12-10,18.5,18.5,18.21999931335449,18.21999931335449,40300,21.21999931335449,21.280000686645508,21.11000061035156,21.13999938964844,11400
2024-12-11,18.479999542236328,18.57999992370605,18.46999931335449,18.5,49200,21.299999237060547,21.32999992370605,21.209999084472656,21.209999084472656,7400
2024-12-12,18.3799991607666,18.479999542236328,18.31999969482422,18.459999084472656,50100,21.270000457763672,21.299999237060547,21.11000061035156,21.25,19300
2024-12-13,18.26000022888184,18.32999992370605,18.190000534057617,18.26000022888184,49100,21.09000015258789,21.15999984741211,21.020000457763672,21.13999938964844,19800
2024-12-16,18.36000061035156,18.36000061035156,18.26000022888184,18.36000061035156,55500,20.959999084472656,21.229999542236328,20.920000076293945,21.229999542236328,17800
2024-12-17,18.280000686645508,18.309999465942383,18.18000030517578,18.26000022888184,114600,20.739999771118164,20.82999992370605,20.61000061035156,20.82999992370605,45800
2024-12-18,18.030000686645508,18.350000381469727,18.0,18.280000686645508,215100,20.21999931335449,20.46999931335449,20.200000762939453,20.420000076293945,103000
2024-12-19,18.09000015258789,18.13999938964844,17.940000534057617,18.0,44300,20.459999084472656,20.540000915527344,20.21999931335449,20.21999931335449,40000
2024-12-20,18.26000022888184,18.34000015258789,18.149999618530277,18.149999618530277,66500,20.739999771118164,20.76000022888184,20.56999969482422,20.56999969482422,10200
2024-12-23,18.3700008392334,18.38999938964844,18.26000022888184,18.38999938964844,56400,20.71999931335449,20.75,20.61000061035156,20.729999542236328,49100
2024-12-24,18.36000061035156,18.38999938964844,18.32999992370605,18.3700008392334,20400,20.76000022888184,20.809999465942383,20.729999542236328,20.76000022888184,41200
2024-12-26,18.6299991607666,18.63999938964844,18.399999618530277,18.440000534057617,62100,21.13999938964844,21.149999618530277,20.86000061035156,20.8700008392334,19700
2024-12-27,18.56999969482422,18.63999938964844,18.559999465942383,18.559999465942383,39300,21.01000022888184,21.13999938964844,20.96999931335449,21.1200008392334,8900
2024-12-30,18.57999992370605,18.780000686645508,18.440000534057617,18.75,78000,21.06999969482422,21.32999992370605,20.959999084472656,21.239999771118164,19800
2024-12-31,18.770000457763672,18.799999237060547,18.59000015258789,18.59000015258789,51300,21.479999542236328,21.549999237060547,21.15999984741211,21.209999084472656,24700
2025-01-02,18.88999938964844,18.88999938964844,18.700000762939453,18.739999771118164,73700,21.530000686645508,21.6200008392334,21.350000381469727,21.5,34600
2025-01-03,18.520000457763672,18.76000022888184,18.46999931335449,18.76000022888184,144900,21.06999969482422,21.5,20.96999931335449,21.5,28500
2025-01-06,18.780000686645508,18.86000061035156,18.729999542236328,18.780000686645508,75300,21.190000534057617,21.43000030517578,21.13999938964844,21.43000030517578,17200
2025-01-07,18.780000686645508,18.81999969482422,18.600000381469727,18.6299991607666,44500,21.200000762939453,21.21999931335449,20.979999542236328,21.040000915527344,9200
2025-01-08,18.649999618530277,18.780000686645508,18.649999618530277,18.68000030517578,40600,21.1299991607666,21.209999084472656,21.07999992370605,21.209999084472656,16500
2025-01-10,19.229999542236328,19.280000686645508,18.729999542236328,18.729999542236328,272100,21.76000022888184,21.88999938964844,21.26000022888184,21.280000686645508,50400
2025-01-13,19.5,19.51000022888184,19.299999237060547,19.309999465942383,218500,22.25,22.270000457763672,21.76000022888184,21.76000022888184,97400
2025-01-14,19.43000030517578,19.6299991607666,19.399999618530277,19.450000762939453,57100,22.11000061035156,22.420000076293945,22.040000915527344,22.290000915527344,73900
2025-01-15,19.549999237060547,19.559999465942383,19.5,19.520000457763672,85700,22.040000915527344,22.270000457763672,21.950000762939453,22.170000076293945,24500
2025-01-16,19.280000686645508,19.43000030517578,19.25,19.36000061035156,180300,21.57999992370605,21.770000457763672,21.5,21.690000534057617,50000
2025-01-17,19.6200008392334,19.649999618530277,19.3799991607666,19.420000076293945,82300,21.809999465942383,21.86000061035156,21.5,21.5,11800
2025-01-21,19.86000061035156,19.88999938964844,19.600000381469727,19.709999084472656,106700,22.420000076293945,22.420000076293945,21.950000762939453,22.07999992370605,43600
2025-01-22,19.700000762939453,19.93000030517578,19.6299991607666,19.86000061035156,86900,22.229999542236328,22.530000686645508,22.13999938964844,22.420000076293945,32200
2025-01-23,19.90999984741211,20.059999465942383,19.549999237060547,19.700000762939453,128200,22.399999618530277,22.57999992370605,22.170000076293945,22.31999969482422,32000
2025-01-24,19.76000022888184,19.920000076293945,19.76000022888184,19.799999237060547,87400,22.25,22.5,22.200000762939453,22.5,28300
2025-01-27,19.6299991607666,19.690000534057617,19.479999542236328,19.61000061035156,79300,22.11000061035156,22.13999938964844,22.0,22.07999992370605,20500
2025-01-28,19.790000915527344,19.940000534057617,19.729999542236328,19.76000022888184,63400,22.11000061035156,22.209999084472656,22.06999969482422,22.13999938964844,29000
2025-01-29,20.18000030517578,20.190000534057617,19.950000762939453,19.950000762939453,77000,22.450000762939453,22.549999237060547,22.149999618530277,22.149999618530277,42800
2025-01-30,20.049999237060547,20.100000381469727,19.96999931335449,20.100000381469727,49300,22.25,22.32999992370605,22.15999984741211,22.31999969482422,20600
2025-01-31,19.790000915527344,19.90999984741211,19.61000061035156,19.71999931335449,107300,22.15999984741211,22.350000381469727,21.93000030517578,22.0,16300
2025-02-03,19.989999771118164,20.059999465942383,19.5,19.51000022888184,75300,22.43000030517578,22.459999084472656,22.13999938964844,22.13999938964844,62700
2025-02-04,20.149999618530277,20.229999542236328,19.989999771118164,20.040000915527344,98800,22.739999771118164,22.780000686645508,22.32999992370605,22.459999084472656,44100
2025-02-05,20.170000076293945,20.200000762939453,20.040000915527344,20.170000076293945,80200,22.489999771118164,22.65999984741211,22.3799991607666,22.65999984741211,54200
2025-02-06,20.280000686645508,20.290000915527344,19.940000534057617,20.1299991607666,285600,22.549999237060547,22.690000534057617,22.26000022888184,22.690000534057617,191900
2025-02-07,19.96999931335449,20.18000030517578,19.950000762939453,20.18000030517578,210100,22.280000686645508,22.5,22.280000686645508,22.5,99600
2025-02-10,20.170000076293945,20.190000534057617,20.0,20.059999465942383,52900,22.270000457763672,22.3700008392334,22.239999771118164,22.25,31300
2025-02-11,20.01000022888184,20.350000381469727,19.950000762939453,20.25,68900,22.270000457763672,22.479999542236328,22.200000762939453,22.26000022888184,27000
2025-02-12,20.200000762939453,20.25,20.01000022888184,20.030000686645508,115100,21.940000534057617,22.239999771118164,21.86000061035156,22.239999771118164,43900
2025-02-13,20.21999931335449,20.270000457763672,20.1200008392334,20.149999618530277,80700,21.940000534057617,22.020000457763672,21.850000381469727,21.850000381469727,40700
2025-02-14,20.31999969482422,20.43000030517578,20.21999931335449,20.21999931335449,56300,22.1299991607666,22.239999771118164,22.01000022888184,22.100000381469727,8900
2025-02-18,20.600000381469727,20.65999984741211,20.38999938964844,20.38999938964844,168200,22.190000534057617,22.350000381469727,22.06999969482422,22.350000381469727,30800
2025-02-19,20.46999931335449,20.690000534057617,20.420000076293945,20.600000381469727,70400,22.020000457763672,22.34000015258789,22.01000022888184,22.1200008392334,17100
2025-02-20,20.540000915527344,20.65999984741211,20.5,20.61000061035156,28800,22.299999237060547,22.440000534057617,22.059999465942383,22.440000534057617,14900
2025-02-21,20.239999771118164,20.530000686645508,20.229999542236328,20.43000030517578,63000,22.229999542236328,22.3700008392334,22.149999618530277,22.3700008392334,9400
2025-02-24,19.96999931335449,20.239999771118164,19.940000534057617,20.1299991607666,148800,22.06999969482422,22.290000915527344,22.0,22.170000076293945,20100
2025-02-25,19.940000534057617,19.979999542236328,19.709999084472656,19.84000015258789,236700,22.049999237060547,22.06999969482422,21.81999969482422,21.940000534057617,16600
2025-02-26,19.8700008392334,20.11000061035156,19.82999992370605,19.96999931335449,89700,21.90999984741211,21.940000534057617,21.81999969482422,21.940000534057617,12400
2025-02-27,19.43000030517578,19.809999465942383,19.43000030517578,19.790000915527344,94400,21.81999969482422,21.989999771118164,21.780000686645508,21.899999618530277,27400
2025-02-28,19.06999969482422,19.5,19.049999237060547,19.5,122300,21.530000686645508,21.770000457763672,21.520000457763672,21.700000762939453,23400
2025-03-03,18.68000030517578,19.09000015258789,18.6299991607666,19.0,252000,21.270000457763672,21.520000457763672,21.21999931335449,21.520000457763672,56000
2025-03-04,18.520000457763672,18.63999938964844,18.209999084472656,18.420000076293945,218200,21.030000686645508,21.1299991607666,20.8700008392334,21.1299991607666,25600
2025-03-05,18.649999618530277,18.709999084472656,18.36000061035156,18.56999969482422,80000,21.200000762939453,21.239999771118164,20.93000030517578,21.040000915527344,10600
2025-03-06,18.8799991607666,19.15999984741211,18.459999084472656,18.63999938964844,132700,21.51000022888184,21.59000015258789,21.25,21.25,13700
2025-03-07,19.06999969482422,19.11000061035156,18.770000457763672,18.88999938964844,87300,21.520000457763672,21.600000381469727,21.290000915527344,21.399999618530277,7900
2025-03-10,19.18000030517578,19.239999771118164,19.0,19.11000061035156,69100,21.299999237060547,21.489999771118164,21.299999237060547,21.459999084472656,17900
2025-03-11,19.059999465942383,19.32999992370605,19.040000915527344,19.209999084472656,43900,21.270000457763672,21.5,21.239999771118164,21.5,31900
2025-03-12,18.780000686645508,18.950000762939453,18.600000381469727,18.940000534057617,76200,21.040000915527344,21.239999771118164,20.93000030517578,21.239999771118164,8900
2025-03-13,18.88999938964844,19.059999465942383,18.8700008392334,18.8700008392334,36000,21.21999931335449,21.350000381469727,21.170000076293945,21.280000686645508,29800
2025-03-14,18.82999992370605,18.93000030517578,18.75,18.93000030517578,23300,21.46999931335449,21.46999931335449,21.190000534057617,21.270000457763672,22200
2025-03-17,18.959999084472656,19.020000457763672,18.8799991607666,18.940000534057617,49700,21.43000030517578,21.46999931335449,21.309999465942383,21.46999931335449,35000
2025-03-18,18.88999938964844,19.030000686645508,18.81999969482422,19.030000686645508,89600,21.34000015258789,21.549999237060547,21.34000015258789,21.549999237060547,38100
2025-03-19,18.8700008392334,18.96999931335449,18.82999992370605,18.82999992370605,199700,21.21999931335449,21.399999618530277,21.21999931335449,21.399999618530277,10800
2025-03-20,18.979999542236328,19.020000457763672,18.90999984741211,18.920000076293945,15900,21.290000915527344,21.290000915527344,21.15999984741211,21.15999984741211,5200
2025-03-21,18.8799991607666,19.059999465942383,18.82999992370605,18.979999542236328,44500,21.15999984741211,21.280000686645508,21.11000061035156,21.200000762939453,7400
2025-03-24,18.93000030517578,18.93000030517578,18.790000915527344,18.899999618530277,95600,21.149999618530277,21.209999084472656,21.09000015258789,21.149999618530277,14100
2025-03-25,18.770000457763672,18.799999237060547,18.709999084472656,18.799999237060547,48800,21.18000030517578,21.200000762939453,21.040000915527344,21.13999938964844,10000
2025-03-26,18.559999465942383,18.799999237060547,18.51000022888184,18.799999237060547,50000,21.15999984741211,21.270000457763672,21.149999618530277,21.170000076293945,7700
2025-03-27,18.51000022888184,18.520000457763672,18.36000061035156,18.489999771118164,41300,21.3799991607666,21.43000030517578,21.170000076293945,21.170000076293945,14800
2025-03-28,18.459999084472656,18.489999771118164,18.209999084472656,18.36000061035156,39600,21.479999542236328,21.51000022888184,21.229999542236328,21.399999618530277,14000
2025-03-31,18.559999465942383,18.57999992370605,18.170000076293945,18.51000022888184,77800,21.34000015258789,21.649999618530277,21.299999237060547,21.549999237060547,10500
2025-04-01,18.71999931335449,18.790000915527344,18.670000076293945,18.670000076293945,67400,21.75,21.76000022888184,21.350000381469727,21.350000381469727,11600
2025-04-02,18.700000762939453,18.76000022888184,18.549999237060547,18.600000381469727,46400,21.700000762939453,21.729999542236328,21.61000061035156,21.6299991607666,6500
2025-04-03,18.68000030517578,18.780000686645508,18.399999618530277,18.489999771118164,91000,21.3700008392334,21.479999542236328,21.26000022888184,21.34000015258789,17900
2025-04-04,18.739999771118164,18.780000686645508,18.3700008392334,18.489999771118164,52700,20.729999542236328,20.940000534057617,20.600000381469727,20.90999984741211,57400
2025-04-07,18.71999931335449,18.8799991607666,18.559999465942383,18.559999465942383,103900,20.75,20.989999771118164,20.65999984741211,20.729999542236328,71900
2025-04-08,18.739999771118164,18.93000030517578,18.709999084472656,18.81999969482422,53400,20.59000015258789,21.01000022888184,20.59000015258789,21.0,18900
2025-04-09,19.049999237060547,19.049999237060547,18.75,18.899999618530277,111000,21.09000015258789,21.1200008392334,20.649999618530277,20.649999618530277,20000
2025-04-10,19.18000030517578,19.299999237060547,18.979999542236328,19.01000022888184,132700,21.32999992370605,21.32999992370605,21.049999237060547,21.049999237060547,25600
2025-04-11,19.57999992370605,19.63999938964844,19.309999465942383,19.3799991607666,339500,21.68000030517578,21.700000762939453,21.32999992370605,21.32999992370605,47100
2025-04-14,19.420000076293945,19.700000762939453,19.420000076293945,19.6299991607666,185400,21.670000076293945,21.86000061035156,21.6200008392334,21.850000381469727,33800
2025-04-15,19.5,19.649999618530277,19.440000534057617,19.57999992370605,142800,21.61000061035156,21.65999984741211,21.520000457763672,21.600000381469727,6000
2025-04-16,19.57999992370605,19.709999084472656,19.549999237060547,19.65999984741211,42200,21.709999084472656,21.81999969482422,21.61000061035156,21.75,31700
2025-04-17,19.57999992370605,19.68000030517578,19.530000686645508,19.6200008392334,59100,21.6200008392334,21.82999992370605,21.549999237060547,21.82999992370605,10300
2025-04-21,19.51000022888184,19.76000022888184,19.489999771118164,19.76000022888184,61100,21.600000381469727,21.770000457763672,21.530000686645508,21.770000457763672,9700
2025-04-22,19.229999542236328,19.3700008392334,19.200000762939453,19.34000015258789,109300,21.57999992370605,21.709999084472656,21.540000915527344,21.670000076293945,5700
2025-04-23,19.09000015258789,19.15999984741211,19.01000022888184,19.07999992370605,48200,21.700000762939453,21.75,21.6200008392334,21.670000076293945,14500
2025-04-24,19.1299991607666,19.190000534057617,19.049999237060547,19.100000381469727,37300,21.8799991607666,21.88999938964844,21.6200008392334,21.65999984741211,40300
2025-04-25,19.170000076293945,19.239999771118164,19.11000061035156,19.170000076293945,122400,21.850000381469727,21.989999771118164,21.790000915527344,21.920000076293945,26000
2025-04-28,18.979999542236328,19.100000381469727,18.81999969482422,18.899999618530277,78600,21.88999938964844,21.90999984741211,21.649999618530277,21.649999618530277,20100
2025-04-29,18.649999618530277,19.020000457763672,18.649999618530277,18.959999084472656,69800,21.690000534057617,21.809999465942383,21.57999992370605,21.809999465942383,18300
2025-04-30,18.739999771118164,18.8700008392334,18.600000381469727,18.600000381469727,56300,21.46999931335449,21.6200008392334,21.36000061035156,21.6200008392334,37800
2025-05-01,18.780000686645508,18.8700008392334,18.63999938964844,18.8700008392334,88100,21.6299991607666,21.690000534057617,21.450000762939453,21.5,7000
2025-05-02,18.809999465942383,18.989999771118164,18.76000022888184,18.850000381469727,52300,21.75,21.82999992370605,21.65999984741211,21.75,16500
2025-05-05,18.3700008392334,18.75,18.36000061035156,18.71999931335449,89700,21.6200008392334,21.76000022888184,21.530000686645508,21.76000022888184,8900
2025-05-06,18.3700008392334,18.440000534057617,18.299999237060547,18.420000076293945,100300,21.489999771118164,21.57999992370605,21.43000030517578,21.549999237060547,15500
2025-05-07,18.270000457763672,18.559999465942383,18.229999542236328,18.489999771118164,182100,21.520000457763672,21.729999542236328,21.5,21.700000762939453,10900
2025-05-08,18.15999984741211,18.299999237060547,18.020000457763672,18.299999237060547,41700,21.61000061035156,21.63999938964844,21.520000457763672,21.63999938964844,9500
2025-05-09,18.239999771118164,18.420000076293945,18.18000030517578,18.200000762939453,145000,21.700000762939453,21.799999237060547,21.65999984741211,21.68000030517578,18100
2025-05-12,18.299999237060547,18.600000381469727,18.299999237060547,18.450000762939453,121600,22.21999931335449,22.21999931335449,21.86000061035156,22.209999084472656,64600
2025-05-13,18.18000030517578,18.290000915527344,18.11000061035156,18.26000022888184,34600,22.270000457763672,22.299999237060547,21.88999938964844,22.049999237060547,51500
2025-05-14,18.1299991607666,18.229999542236328,18.06999969482422,18.09000015258789,52200,22.21999931335449,22.350000381469727,22.149999618530277,22.299999237060547,29600
2025-05-15,18.11000061035156,18.209999084472656,18.0,18.209999084472656,52400,21.780000686645508,22.15999984741211,21.739999771118164,22.15999984741211,39600
2025-05-16,17.940000534057617,18.09000015258789,17.899999618530273,18.040000915527344,81200,21.71999931335449,21.940000534057617,21.600000381469727,21.649999618530277,8300
2025-05-19,18.190000534057617,18.26000022888184,17.979999542236328,18.059999465942383,86100,21.799999237060547,21.850000381469727,21.65999984741211,21.75,21500
2025-05-20,18.5,18.5,18.34000015258789,18.399999618530277,84600,21.920000076293945,21.93000030517578,21.799999237060547,21.86000061035156,19500
2025-05-21,18.709999084472656,18.739999771118164,18.530000686645508,18.540000915527344,43100,22.07999992370605,22.149999618530277,21.88999938964844,21.88999938964844,20500
2025-05-22,18.61000061035156,18.739999771118164,18.56999969482422,18.700000762939453,25500,22.1299991607666,22.18000030517578,22.01000022888184,22.059999465942383,8300
2025-05-23,18.520000457763672,18.6299991607666,18.459999084472656,18.6299991607666,23000,22.1299991607666,22.1299991607666,21.96999931335449,22.07999992370605,10400
2025-05-27,18.3799991607666,18.63999938964844,18.32999992370605,18.5,36400,22.11000061035156,22.149999618530277,22.01000022888184,22.049999237060547,16100
2025-05-28,18.239999771118164,18.59000015258789,18.239999771118164,18.43000030517578,25500,21.770000457763672,22.049999237060547,21.76000022888184,22.0,15800
2025-05-29,18.15999984741211,18.299999237060547,18.11000061035156,18.200000762939453,34300,21.780000686645508,21.88999938964844,21.5,21.809999465942383,45100
2025-05-30,18.1200008392334,18.309999465942383,18.040000915527344,18.209999084472656,23800,21.6200008392334,21.799999237060547,21.540000915527344,21.799999237060547,28800
2025-06-02,18.020000457763672,18.25,18.0,18.170000076293945,134100,21.520000457763672,21.71999931335449,21.440000534057617,21.71999931335449,40100
2025-06-03,18.209999084472656,18.21999931335449,18.06999969482422,18.07999992370605,46400,21.559999465942383,21.81999969482422,21.31999969482422,21.31999969482422,18800
2025-06-04,18.3799991607666,18.399999618530277,18.200000762939453,18.299999237060547,36100,21.649999618530277,21.709999084472656,21.559999465942383,21.690000534057617,14100
2025-06-05,18.5,18.549999237060547,18.3700008392334,18.3799991607666,42800,21.809999465942383,21.88999938964844,21.59000015258789,21.649999618530277,35400
2025-06-06,18.6200008392334,18.6200008392334,18.399999618530277,18.530000686645508,67400,21.989999771118164,22.020000457763672,21.68000030517578,21.68000030517578,16300
2025-06-09,18.26000022888184,18.530000686645508,18.190000534057617,18.459999084472656,81500,21.82999992370605,21.959999084472656,21.790000915527344,21.940000534057617,13800
2025-06-10,18.270000457763672,18.299999237060547,18.11000061035156,18.229999542236328,25700,21.86000061035156,21.959999084472656,21.799999237060547,21.959999084472656,29700
2025-06-11,18.26000022888184,18.489999771118164,18.229999542236328,18.40999984741211,36500,21.770000457763672,21.940000534057617,21.670000076293945,21.940000534057617,20700
2025-06-12,18.309999465942383,18.3799991607666,18.200000762939453,18.36000061035156,21800,21.690000534057617,21.8700008392334,21.63999938964844,21.799999237060547,10600
2025-06-13,18.38999938964844,18.440000534057617,18.21999931335449,18.21999931335449,54200,22.290000915527344,22.34000015258789,22.030000686645508,22.09000015258789,90800
2025-06-16,18.09000015258789,18.239999771118164,18.059999465942383,18.229999542236328,62700,22.3799991607666,22.51000022888184,22.26000022888184,22.40999984741211,133800
2025-06-17,18.229999542236328,18.299999237060547,18.149999618530277,18.149999618530277,25400,22.559999465942383,22.6200008392334,22.34000015258789,22.46999931335449,94300
2025-06-18,18.399999618530277,18.489999771118164,18.170000076293945,18.170000076293945,42600,22.489999771118164,22.649999618530277,22.450000762939453,22.5,42000
2025-06-20,18.34000015258789,18.489999771118164,18.290000915527344,18.440000534057617,24900,22.38999938964844,22.57999992370605,22.36000061035156,22.57999992370605,37500
2025-06-23,17.959999084472656,18.21999931335449,17.950000762939453,18.21999931335449,50000,22.13999938964844,22.3799991607666,22.100000381469727,22.3799991607666,23400
2025-06-24,17.84000015258789,17.989999771118164,17.770000457763672,17.940000534057617,89300,21.950000762939453,22.049999237060547,21.920000076293945,22.049999237060547,34100
2025-06-25,17.600000381469727,17.889999389648438,17.530000686645508,17.889999389648438,78400,21.57999992370605,21.940000534057617,21.559999465942383,21.920000076293945,88500
2025-06-26,17.559999465942383,17.670000076293945,17.510000228881836,17.670000076293945,68100,21.56999969482422,21.71999931335449,21.51000022888184,21.71999931335449,34900
2025-06-27,17.719999313354492,17.799999237060547,17.59000015258789,17.700000762939453,20900,21.729999542236328,21.850000381469727,21.559999465942383,21.65999984741211,32900
2025-06-30,17.700000762939453,17.809999465942383,17.6200008392334,17.639999389648438,50600,21.780000686645508,21.979999542236328,21.670000076293945,21.729999542236328,26000
2025-07-01,17.579999923706055,17.690000534057617,17.239999771118164,17.549999237060547,42300,21.790000915527344,21.84000015258789,21.530000686645508,21.739999771118164,13200
2025-07-02,18.010000228881836,18.020000457763672,17.459999084472656,17.520000457763672,59600,22.11000061035156,22.13999938964844,21.780000686645508,21.82999992370605,21100
2025-07-03,18.15999984741211,18.270000457763672,18.11000061035156,18.1299991607666,33600,22.25,22.32999992370605,22.200000762939453,22.21999931335449,25600
2025-07-07,17.540000915527344,17.829999923706055,17.520000457763672,17.690000534057617,74900,21.649999618530277,22.0,21.600000381469727,22.0,19200
2025-07-08,17.34000015258789,17.489999771118164,17.290000915527344,17.459999084472656,57900,21.57999992370605,21.65999984741211,21.520000457763672,21.61000061035156,11800
2025-07-09,17.389999389648438,17.389999389648438,17.260000228881836,17.34000015258789,40600,21.43000030517578,21.549999237060547,21.399999618530277,21.51000022888184,37200
2025-07-10,17.389999389648438,17.399999618530273,17.270000457763672,17.34000015258789,23500,21.549999237060547,21.600000381469727,21.270000457763672,21.3700008392334,77500
2025-07-11,17.270000457763672,17.40999984741211,17.209999084472656,17.360000610351562,39500,21.459999084472656,21.59000015258789,21.38999938964844,21.559999465942383,23100
2025-07-14,17.459999084472656,17.459999084472656,17.299999237060547,17.350000381469727,32100,21.450000762939453,21.489999771118164,21.36000061035156,21.43000030517578,26700
2025-07-15,17.510000228881836,17.649999618530273,17.25,17.299999237060547,23700,21.350000381469727,21.459999084472656,21.26000022888184,21.399999618530277,27700
2025-07-16,17.6299991607666,17.690000534057617,17.559999465942383,17.6200008392334,13900,21.68000030517578,21.709999084472656,21.479999542236328,21.479999542236328,10600
2025-07-17,17.549999237060547,17.739999771118164,17.5,17.729999542236328,46200,21.84000015258789,21.899999618530277,21.65999984741211,21.770000457763672,9000
2025-07-18,17.809999465942383,17.860000610351562,17.65999984741211,17.65999984741211,26800,21.979999542236328,22.200000762939453,21.940000534057617,21.979999542236328,29500
2025-07-21,17.579999923706055,17.799999237060547,17.520000457763672,17.709999084472656,54000,21.86000061035156,21.989999771118164,21.709999084472656,21.899999618530277,22400
2025-07-22,17.459999084472656,17.56999969482422,17.459999084472656,17.469999313354492,23800,21.8799991607666,21.93000030517578,21.6299991607666,21.739999771118164,15400
2025-07-23,17.469999313354492,17.520000457763672,17.420000076293945,17.520000457763672,26100,21.84000015258789,22.0,21.739999771118164,21.8700008392334,6600
2025-07-24,17.56999969482422,17.59000015258789,17.489999771118164,17.489999771118164,13000,21.850000381469727,21.850000381469727,21.739999771118164,21.84000015258789,17000
2025-07-25,17.489999771118164,17.530000686645508,17.459999084472656,17.479999542236328,26900,21.76000022888184,21.770000457763672,21.670000076293945,21.690000534057617,10400
2025-07-28,17.329999923706055,17.469999313354492,17.290000915527344,17.450000762939453,32300,21.670000076293945,21.690000534057617,21.600000381469727,21.68000030517578,30500
2025-07-29,17.200000762939453,17.299999237060547,17.15999984741211,17.290000915527344,34000,21.530000686645508,21.709999084472656,21.5,21.68000030517578,14600
2025-07-30,17.25,17.350000381469727,17.149999618530273,17.200000762939453,21700,21.350000381469727,21.6200008392334,21.31999969482422,21.5,24000
2025-07-31,17.260000228881836,17.31999969482422,17.110000610351562,17.149999618530273,18300,21.209999084472656,21.31999969482422,21.170000076293945,21.31999969482422,42600
2025-08-01,17.170000076293945,17.299999237060547,17.170000076293945,17.25,10500,21.209999084472656,21.299999237060547,21.149999618530277,21.149999618530277,14200
2025-08-04,17.1200008392334,17.219999313354492,17.079999923706055,17.15999984741211,21900,21.36000061035156,21.36000061035156,21.190000534057617,21.25,11500
2025-08-05,16.899999618530273,17.100000381469727,16.899999618530273,17.100000381469727,103800,21.209999084472656,21.450000762939453,21.209999084472656,21.450000762939453,12000
2025-08-06,16.920000076293945,17.030000686645508,16.719999313354492,16.920000076293945,60700,21.1200008392334,21.31999969482422,21.059999465942383,21.31999969482422,12200
2025-08-07,17.079999923706055,17.09000015258789,16.989999771118164,17.030000686645508,46300,21.25,21.32999992370605,21.149999618530277,21.149999618530277,6100
2025-08-08,17.040000915527344,17.18000030517578,17.0,17.1200008392334,33600,21.06999969482422,21.36000061035156,21.06999969482422,21.200000762939453,14500
2025-08-11,17.139999389648438,17.18000030517578,17.100000381469727,17.100000381469727,20400,21.56999969482422,21.649999618530277,21.43000030517578,21.450000762939453,21100
2025-08-12,16.709999084472656,17.020000457763672,16.610000610351562,16.989999771118164,70400,21.96999931335449,21.96999931335449,21.280000686645508,21.43000030517578,30700
2025-08-13,16.799999237060547,16.850000381469727,16.670000076293945,16.81999969482422,41700,22.06999969482422,22.26000022888184,21.979999542236328,22.059999465942383,99500
2025-08-14,16.770000457763672,16.84000015258789,16.649999618530273,16.65999984741211,21700,21.8700008392334,22.07999992370605,21.8700008392334,22.07999992370605,27300
2025-08-15,17.09000015258789,17.100000381469727,16.860000610351562,16.899999618530273,51900,22.18000030517578,22.200000762939453,21.920000076293945,22.059999465942383,22400
2025-08-18,17.100000381469727,17.149999618530273,16.979999542236328,16.979999542236328,318700,22.1299991607666,22.229999542236328,22.049999237060547,22.13999938964844,19400
2025-08-19,16.989999771118164,17.100000381469727,16.850000381469727,17.0,39600,21.96999931335449,22.149999618530277,21.899999618530277,22.149999618530277,17800
2025-08-20,17.06999969482422,17.09000015258789,17.0,17.0,41400,22.020000457763672,22.09000015258789,21.959999084472656,21.96999931335449,10200
2025-08-21,17.309999465942383,17.360000610351562,17.100000381469727,17.149999618530273,364500,22.309999465942383,22.38999938964844,22.09000015258789,22.09000015258789,14100
2025-08-22,17.299999237060547,17.350000381469727,17.25,17.299999237060547,66800,22.399999618530277,22.5,22.350000381469727,22.459999084472656,59800
2025-08-25,17.350000381469727,17.469999313354492,17.270000457763672,17.3700008392334,39900,22.299999237060547,22.5,22.21999931335449,22.489999771118164,55300
2025-08-26,17.219999313354492,17.290000915527344,17.170000076293945,17.280000686645508,61500,22.280000686645508,22.46999931335449,22.209999084472656,22.34000015258789,37600
2025-08-27,17.100000381469727,17.170000076293945,17.09000015258789,17.170000076293945,43700,22.26000022888184,22.3799991607666,22.200000762939453,22.25,14600
2025-08-28,17.260000228881836,17.280000686645508,17.020000457763672,17.100000381469727,77700,22.309999465942383,22.309999465942383,22.149999618530277,22.299999237060547,13300
2025-08-29,17.56999969482422,17.600000381469727,17.280000686645508,17.280000686645508,129300,22.38999938964844,22.440000534057617,22.209999084472656,22.270000457763672,21800
2025-09-02,17.719999313354492,17.739999771118164,17.43000030517578,17.489999771118164,127500,22.15999984741211,22.239999771118164,22.07999992370605,22.209999084472656,24500
2025-09-03,17.559999465942383,17.739999771118164,17.479999542236328,17.6299991607666,90600,22.01000022888184,22.170000076293945,22.01000022888184,22.100000381469727,22300
2025-09-04,17.639999389648438,17.649999618530273,17.3799991607666,17.530000686645508,47800,22.049999237060547,22.09000015258789,21.82999992370605,21.940000534057617,32400
2025-09-05,17.530000686645508,17.75,17.510000228881836,17.690000534057617,41200,21.920000076293945,22.100000381469727,21.920000076293945,22.0,33400
2025-09-08,17.65999984741211,17.670000076293945,17.450000762939453,17.5,70600,22.09000015258789,22.100000381469727,21.8700008392334,21.920000076293945,28500
2025-09-09,17.579999923706055,17.670000076293945,17.549999237060547,17.549999237060547,30000,22.020000457763672,22.1299991607666,22.01000022888184,22.07999992370605,52500
2025-09-10,17.469999313354492,17.600000381469727,17.420000076293945,17.559999465942383,50500,21.920000076293945,22.01000022888184,21.899999618530277,21.950000762939453,15600
2025-09-11,17.600000381469727,17.65999984741211,17.510000228881836,17.559999465942383,24100,22.11000061035156,22.1200008392334,22.040000915527344,22.07999992370605,16200
2025-09-12,17.899999618530273,17.959999084472656,17.530000686645508,17.6299991607666,98900,22.31999969482422,22.31999969482422,22.049999237060547,22.11000061035156,22600
2025-09-15,17.780000686645508,17.920000076293945,17.75,17.850000381469727,230400,22.25,22.38999938964844,22.229999542236328,22.32999992370605,62100
2025-09-16,17.959999084472656,18.0,17.860000610351562,17.889999389648438,182900,22.399999618530277,22.450000762939453,22.350000381469727,22.38999938964844,63400
2025-09-17,17.8799991607666,18.020000457763672,17.84000015258789,18.0,103700,22.25,22.43000030517578,22.25,22.36000061035156,58600
2025-09-18,17.739999771118164,17.8700008392334,17.739999771118164,17.8700008392334,48900,22.170000076293945,22.309999465942383,22.13999938964844,22.270000457763672,274800
2025-09-19,17.739999771118164,17.899999618530273,17.670000076293945,17.799999237060547,34300,21.959999084472656,22.32999992370605,21.90999984741211,22.25,146000
2025-09-22,17.610000610351562,17.709999084472656,17.520000457763672,17.59000015258789,69200,21.670000076293945,21.790000915527344,21.59000015258789,21.790000915527344,323900
2025-09-23,17.75,17.770000457763672,17.6200008392334,17.6200008392334,32700,21.690000534057617,21.76000022888184,21.59000015258789,21.59000015258789,49700
2025-09-24,17.719999313354492,17.84000015258789,17.690000534057617,17.809999465942383,50300,21.65999984741211,21.799999237060547,21.63999938964844,21.790000915527344,28500
2025-09-25,17.719999313354492,17.850000381469727,17.700000762939453,17.829999923706055,60500,21.670000076293945,21.76000022888184,21.6200008392334,21.739999771118164,64700
2025-09-26,17.6200008392334,17.690000534057617,17.600000381469727,17.690000534057617,56100,21.739999771118164,21.75,21.65999984741211,21.670000076293945,25100
2025-09-29,17.6299991607666,17.65999984741211,17.540000915527344,17.56999969482422,46800,21.68000030517578,21.700000762939453,21.6200008392334,21.6299991607666,56000
2025-09-30,17.450000762939453,17.56999969482422,17.40999984741211,17.549999237060547,59800,21.459999084472656,21.61000061035156,21.459999084472656,21.61000061035156,30000
2025-10-01,17.549999237060547,17.600000381469727,17.299999237060547,17.31999969482422,49500,21.729999542236328,21.809999465942383,21.36000061035156,21.40999984741211,133900
2025-10-02,17.670000076293945,17.709999084472656,17.489999771118164,17.5,97300,21.8799991607666,21.959999084472656,21.690000534057617,21.690000534057617,114200
2025-10-03,17.610000610351562,17.709999084472656,17.59000015258789,17.649999618530273,43900,21.790000915527344,21.979999542236328,21.780000686645508,21.920000076293945,67400
2025-10-06,17.600000381469727,17.649999618530273,17.510000228881836,17.600000381469727,31900,21.780000686645508,21.8799991607666,21.780000686645508,21.850000381469727,49600
2025-10-07,17.510000228881836,17.65999984741211,17.510000228881836,17.59000015258789,20100,21.84000015258789,21.920000076293945,21.809999465942383,21.850000381469727,56400
2025-10-08,17.579999923706055,17.600000381469727,17.540000915527344,17.56999969482422,40100,21.920000076293945,21.950000762939453,21.8700008392334,21.8799991607666,53100
2025-10-09,17.450000762939453,17.56999969482422,17.450000762939453,17.530000686645508,33200,21.84000015258789,21.940000534057617,21.809999465942383,21.86000061035156,45900
2025-10-10,17.299999237060547,17.40999984741211,17.260000228881836,17.40999984741211,85200,21.559999465942383,21.71999931335449,21.450000762939453,21.690000534057617,67300
2025-10-13,17.219999313354492,17.31999969482422,17.219999313354492,17.270000457763672,60100,21.57999992370605,21.700000762939453,21.549999237060547,21.63999938964844,23400
2025-10-14,17.260000228881836,17.299999237060547,17.190000534057617,17.190000534057617,44800,21.559999465942383,21.600000381469727,21.46999931335449,21.559999465942383,72400
2025-10-15,17.420000076293945,17.450000762939453,17.229999542236328,17.260000228881836,30800,21.59000015258789,21.670000076293945,21.530000686645508,21.59000015258789,104200
2025-10-16,17.510000228881836,17.559999465942383,17.3799991607666,17.389999389648438,40600,21.649999618530277,21.84000015258789,21.649999618530277,21.690000534057617,78300
2025-10-17,17.540000915527344,17.610000610351562,17.520000457763672,17.59000015258789,27600,21.81999969482422,21.850000381469727,21.75,21.75,43500
2025-10-20,17.56999969482422,17.579999923706055,17.469999313354492,17.56999969482422,29400,22.059999465942383,22.09000015258789,21.940000534057617,22.0,74000
2025-10-21,17.459999084472656,17.549999237060547,17.40999984741211,17.510000228881836,46200,22.020000457763672,22.100000381469727,21.959999084472656,22.100000381469727,76600
2025-10-22,17.530000686645508,17.540000915527344,17.440000534057617,17.489999771118164,71700,22.030000686645508,22.1200008392334,21.959999084472656,22.100000381469727,99700
2025-10-23,17.670000076293945,17.719999313354492,17.469999313354492,17.530000686645508,102800,22.26000022888184,22.280000686645508,22.11000061035156,22.149999618530277,80100
2025-10-24,17.6200008392334,17.68000030517578,17.59000015258789,17.65999984741211,73200,22.25,22.299999237060547,22.209999084472656,22.290000915527344,131800
2025-10-27,17.8700008392334,17.959999084472656,17.770000457763672,17.84000015258789,95000,22.63999938964844,22.75,22.530000686645508,22.6200008392334,385700
2025-10-28,17.90999984741211,18.09000015258789,17.84000015258789,17.959999084472656,152300,22.850000381469727,23.07999992370605,22.790000915527344,22.850000381469727,343600
2025-10-29,17.920000076293945,17.950000762939453,17.81999969482422,17.829999923706055,34200,22.799999237060547,22.920000076293945,22.709999084472656,22.739999771118164,178300
2025-10-30,17.829999923706055,17.899999618530273,17.719999313354492,17.889999389648438,45500,22.96999931335449,23.040000915527344,22.670000076293945,22.96999931335449,268400
2025-10-31,17.790000915527344,17.850000381469727,17.68000030517578,17.75,61600,23.13999938964844,23.149999618530277,22.88999938964844,22.90999984741211,137300
2025-11-03,17.969999313354492,17.989999771118164,17.729999542236328,17.889999389648438,85000,23.46999931335449,23.479999542236328,23.11000061035156,23.21999931335449,355000
2025-11-04,17.8700008392334,17.8799991607666,17.799999237060547,17.84000015258789,38300,23.18000030517578,23.200000762939453,23.030000686645508,23.11000061035156,204700
2025-11-05,18.049999237060547,18.049999237060547,17.889999389648438,17.889999389648438,50100,23.420000076293945,23.479999542236328,23.239999771118164,23.239999771118164,141500
2025-11-06,17.829999923706055,17.979999542236328,17.799999237060547,17.979999542236328,51900,22.979999542236328,23.299999237060547,22.899999618530277,23.299999237060547,290500
2025-11-07,17.770000457763672,17.8700008392334,17.75,17.81999969482422,39300,23.149999618530277,23.15999984741211,23.059999465942383,23.09000015258789,179500
2025-11-10,17.8799991607666,17.920000076293945,17.75,17.850000381469727,25000,23.36000061035156,23.40999984741211,23.21999931335449,23.239999771118164,85400
2025-11-11,18.010000228881836,18.020000457763672,17.770000457763672,17.770000457763672,29700,23.36000061035156,23.43000030517578,23.18000030517578,23.31999969482422,58600
2025-11-12,18.030000686645508,18.059999465942383,17.940000534057617,17.969999313354492,47900,23.450000762939453,23.489999771118164,23.280000686645508,23.309999465942383,86800
2025-11-13,18.270000457763672,18.290000915527344,18.020000457763672,18.07999992370605,95100,23.709999084472656,23.739999771118164,23.549999237060547,23.549999237060547,194300
2025-11-14,17.899999618530273,18.290000915527344,17.850000381469727,18.25,98800,23.36000061035156,23.780000686645508,23.309999465942383,23.75,199500
2025-11-17,18.020000457763672,18.100000381469727,17.920000076293945,17.920000076293945,91700,23.799999237060547,23.86000061035156,23.600000381469727,23.61000061035156,107200
2025-11-18,18.020000457763672,18.100000381469727,17.969999313354492,18.030000686645508,82500,23.729999542236328,23.850000381469727,23.65999984741211,23.75,82700
2025-11-19,17.75,18.0,17.729999542236328,18.0,63100,23.46999931335449,23.6299991607666,23.450000762939453,23.6299991607666,123000
2025-11-20,17.600000381469727,17.809999465942383,17.59000015258789,17.809999465942383,89600,23.34000015258789,23.649999618530277,23.309999465942383,23.649999618530277,361100
2025-11-21,17.600000381469727,17.649999618530273,17.520000457763672,17.549999237060547,41300,23.3799991607666,23.38999938964844,23.15999984741211,23.239999771118164,372900
2025-11-24,17.59000015258789,17.649999618530273,17.5,17.549999237060547,44300,23.31999969482422,23.440000534057617,23.18000030517578,23.239999771118164,284900
2025-11-25,17.639999389648438,17.690000534057617,17.600000381469727,17.6200008392334,27900,23.350000381469727,23.399999618530277,23.26000022888184,23.399999618530277,79500
2025-11-26,17.940000534057617,17.940000534057617,17.700000762939453,17.75,36400,23.46999931335449,23.559999465942383,23.34000015258789,23.399999618530277,119900
2025-11-28,17.969999313354492,18.020000457763672,17.84000015258789,17.920000076293945,44700,23.600000381469727,23.6200008392334,23.46999931335449,23.5,61500
2025-12-01,17.90999984741211,18.010000228881836,17.8700008392334,17.899999618530273,22400,23.46999931335449,23.540000915527344,23.450000762939453,23.489999771118164,173600
2025-12-02,18.049999237060547,18.1299991607666,17.81999969482422,17.889999389648438,31000,23.43000030517578,23.559999465942383,23.38999938964844,23.5,66400
2025-12-03,17.809999465942383,17.979999542236328,17.809999465942383,17.979999542236328,82100,23.280000686645508,23.43000030517578,23.239999771118164,23.40999984741211,420900
2025-12-04,17.889999389648438,17.940000534057617,17.760000228881836,17.8799991607666,72700,23.299999237060547,23.3700008392334,23.229999542236328,23.270000457763672,65600
2025-12-05,17.850000381469727,17.950000762939453,17.850000381469727,17.8700008392334,78600,23.030000686645508,23.309999465942383,23.020000457763672,23.299999237060547,188300
2025-12-08,17.84000015258789,17.940000534057617,17.790000915527344,17.8700008392334,13600,22.8700008392334,23.06999969482422,22.86000061035156,23.030000686645508,182600
2025-12-09,17.950000762939453,18.0,17.829999923706055,17.829999923706055,26600,22.729999542236328,22.86000061035156,22.71999931335449,22.82999992370605,129300
2025-12-10,17.829999923706055,17.93000030517578,17.809999465942383,17.93000030517578,21100,22.780000686645508,22.809999465942383,22.68000030517578,22.690000534057617,66400
2025-12-11,17.899999618530273,17.959999084472656,17.850000381469727,17.93000030517578,51700,22.81999969482422,22.84000015258789,22.68000030517578,22.790000915527344,855100
2025-12-12,17.75,17.920000076293945,17.75,17.860000610351562,25400,22.520000457763672,22.700000762939453,22.51000022888184,22.700000762939453,258100
2025-12-15,17.700000762939453,17.75,17.610000610351562,17.719999313354492,63400,22.479999542236328,22.559999465942383,22.38999938964844,22.559999465942383,269400
2025-12-16,17.59000015258789,17.690000534057617,17.559999465942383,17.690000534057617,44500,22.290000915527344,22.46999931335449,22.239999771118164,22.46999931335449,61100
2025-12-17,17.709999084472656,17.729999542236328,17.6200008392334,17.649999618530273,31300,22.229999542236328,22.309999465942383,22.190000534057617,22.270000457763672,59100
2025-12-18,17.84000015258789,17.8700008392334,17.75,17.75,71200,22.07999992370605,22.21999931335449,22.049999237060547,22.200000762939453,60800
2025-12-19,17.790000915527344,17.860000610351562,17.780000686645508,17.860000610351562,40200,22.01000022888184,22.100000381469727,22.01000022888184,22.07999992370605,36300
2025-12-22,17.889999389648438,17.940000534057617,17.8799991607666,17.93000030517578,70100,22.13999938964844,22.170000076293945,22.07999992370605,22.149999618530277,63900
2025-12-23,17.93000030517578,17.969999313354492,17.899999618530273,17.899999618530273,30100,22.13999938964844,22.21999931335449,22.11000061035156,22.15999984741211,32100
2025-12-24,18.06999969482422,18.09000015258789,17.989999771118164,18.010000228881836,40200,22.3799991607666,22.40999984741211,22.239999771118164,22.280000686645508,35100
2025-12-26,18.100000381469727,18.1299991607666,18.059999465942383,18.06999969482422,21500,22.34000015258789,22.479999542236328,22.299999237060547,22.399999618530277,66200
2025-12-29,17.81999969482422,17.989999771118164,17.799999237060547,17.989999771118164,94000,22.18000030517578,22.26000022888184,22.149999618530277,22.25,60400
2025-12-30,17.729999542236328,17.84000015258789,17.719999313354492,17.84000015258789,39900,22.11000061035156,22.21999931335449,22.11000061035156,22.21999931335449,35500
2025-12-31,17.729999542236328,17.780000686645508,17.700000762939453,17.719999313354492,71700,21.86000061035156,22.1200008392334,21.850000381469727,22.1200008392334,95800
2026-01-02,17.6299991607666,17.719999313354492,17.59000015258789,17.719999313354492,36400,21.81999969482422,21.8700008392334,21.690000534057617,21.86000061035156,96200
2026-01-05,17.860000610351562,17.8799991607666,17.719999313354492,17.719999313354492,57600,22.170000076293945,22.18000030517578,21.989999771118164,22.020000457763672,113100
2026-01-06,17.809999465942383,17.950000762939453,17.790000915527344,17.84000015258789,32200,22.020000457763672,22.26000022888184,22.0,22.170000076293945,43200
2026-01-07,17.90999984741211,17.93000030517578,17.860000610351562,17.90999984741211,24100,22.18000030517578,22.26000022888184,22.149999618530277,22.200000762939453,30300
2026-01-08,17.950000762939453,17.989999771118164,17.899999618530273,17.899999618530273,74300,22.15999984741211,22.239999771118164,22.11000061035156,22.200000762939453,35200
2026-01-09,17.889999389648438,17.979999542236328,17.8700008392334,17.8799991607666,33300,22.1299991607666,22.229999542236328,22.1200008392334,22.21999931335449,37100
2026-01-12,17.149999618530273,18.010000228881836,17.100000381469727,17.989999771118164,169700,21.96999931335449,22.299999237060547,21.799999237060547,22.209999084472656,78700
2026-01-13,17.0,17.139999389648438,17.0,17.030000686645508,60600,21.709999084472656,21.8799991607666,21.709999084472656,21.850000381469727,43300
2026-01-14,17.09000015258789,17.15999984741211,17.020000457763672,17.149999618530273,44900,21.739999771118164,21.88999938964844,21.700000762939453,21.86000061035156,35000
2026-01-15,17.049999237060547,17.139999389648438,17.010000228881836,17.1299991607666,45400,21.88999938964844,22.030000686645508,21.76000022888184,21.76000022888184,30400
2026-01-16,17.18000030517578,17.219999313354492,17.059999465942383,17.059999465942383,28400,21.979999542236328,22.020000457763672,21.86000061035156,21.899999618530277,24200
2026-01-20,17.18000030517578,17.229999542236328,17.110000610351562,17.149999618530273,43200,21.93000030517578,22.059999465942383,21.899999618530277,21.979999542236328,24300
2026-01-21,17.149999618530273,17.280000686645508,17.110000610351562,17.270000457763672,19300,22.15999984741211,22.200000762939453,22.09000015258789,22.11000061035156,27700
2026-01-22,17.190000534057617,17.209999084472656,17.1200008392334,17.15999984741211,62300,22.15999984741211,22.270000457763672,22.100000381469727,22.190000534057617,29200
2026-01-23,17.420000076293945,17.43000030517578,17.25,17.290000915527344,73400,22.270000457763672,22.350000381469727,22.239999771118164,22.290000915527344,85900
2026-01-26,17.350000381469727,17.399999618530273,17.329999923706055,17.389999389648438,58200,22.190000534057617,22.31999969482422,22.1200008392334,22.290000915527344,48200
2026-01-27,17.31999969482422,17.40999984741211,17.280000686645508,17.40999984741211,38500,22.299999237060547,22.299999237060547,22.21999931335449,22.26000022888184,21900
2026-01-28,17.43000030517578,17.510000228881836,17.399999618530273,17.399999618530273,88300,22.450000762939453,22.59000015258789,22.38999938964844,22.450000762939453,83600
2026-01-29,17.5,17.59000015258789,17.420000076293945,17.489999771118164,80300,22.43000030517578,22.6200008392334,22.34000015258789,22.530000686645508,77500
2026-01-30,17.479999542236328,17.479999542236328,17.25,17.399999618530273,54900,22.239999771118164,22.36000061035156,22.170000076293945,22.299999237060547,51900
2026-02-02,17.280000686645508,17.329999923706055,17.219999313354492,17.329999923706055,47800,22.1200008392334,22.170000076293945,22.040000915527344,22.100000381469727,103000
2026-02-03,17.3700008392334,17.3799991607666,17.309999465942383,17.3700008392334,49300,22.25,22.290000915527344,22.149999618530277,22.270000457763672,43900
2026-02-04,17.389999389648438,17.520000457763672,17.280000686645508,17.350000381469727,79000,22.6200008392334,23.0,22.13999938964844,22.190000534057617,102300
2026-02-05,17.600000381469727,17.6200008392334,17.350000381469727,17.3799991607666,57100,22.959999084472656,23.0,22.739999771118164,22.780000686645508,121600
2026-02-06,17.5,17.6299991607666,17.43000030517578,17.56999969482422,87500,23.01000022888184,23.299999237060547,22.920000076293945,23.030000686645508,113800
2026-02-09,17.420000076293945,17.450000762939453,17.350000381469727,17.43000030517578,24000,22.959999084472656,23.0,22.8799991607666,22.959999084472656,43700
2026-02-10,17.459999084472656,17.459999084472656,17.40999984741211,17.450000762939453,37900,23.209999084472656,23.239999771118164,23.020000457763672,23.040000915527344,45100
2026-02-11,17.450000762939453,17.5,17.360000610351562,17.40999984741211,58300,23.25,23.34000015258789,23.07999992370605,23.18000030517578,48400
2026-02-12,17.6200008392334,17.639999389648438,17.5,17.5,70500,23.459999084472656,23.540000915527344,23.3799991607666,23.38999938964844,66300
2026-02-13,17.649999618530273,17.65999984741211,17.579999923706055,17.600000381469727,39000,23.440000534057617,23.450000762939453,23.239999771118164,23.34000015258789,54800
2026-02-17,17.450000762939453,17.520000457763672,17.420000076293945,17.5,48400,23.450000762939453,23.5,23.31999969482422,23.31999969482422,60500
2026-02-18,17.440000534057617,17.489999771118164,17.43000030517578,17.459999084472656,26000,23.420000076293945,23.56999969482422,23.350000381469727,23.540000915527344,52500
2026-02-19,17.489999771118164,17.489999771118164,17.389999389648438,17.489999771118164,90400,23.549999237060547,23.56999969482422,23.3799991607666,23.420000076293945,80300
2026-02-20,17.6200008392334,17.6299991607666,17.450000762939453,17.530000686645508,107500,23.489999771118164,23.649999618530277,23.190000534057617,23.56999969482422,64500
2026-02-23,17.6200008392334,17.790000915527344,17.549999237060547,17.549999237060547,102300,23.46999931335449,23.729999542236328,23.34000015258789,23.38999938964844,53900
2026-02-24,17.59000015258789,17.6200008392334,17.530000686645508,17.56999969482422,77500,23.56999969482422,23.61000061035156,23.399999618530277,23.459999084472656,38400
2026-02-25,17.700000762939453,17.709999084472656,17.559999465942383,17.579999923706055,76600,23.739999771118164,23.75,23.450000762939453,23.56999969482422,71900
2026-02-26,17.739999771118164,17.799999237060547,17.6299991607666,17.75,93900,23.739999771118164,23.82999992370605,23.450000762939453,23.799999237060547,51600
2026-02-27,17.889999389648438,17.940000534057617,17.81999969482422,17.889999389648438,192600,23.81999969482422,23.88999938964844,23.670000076293945,23.799999237060547,29500
2026-03-02,17.829999923706055,17.920000076293945,17.760000228881836,17.920000076293945,142100,23.690000534057617,23.76000022888184,23.61000061035156,23.75,43900
2026-03-03,17.889999389648438,18.049999237060547,17.81999969482422,17.989999771118164,160400,23.940000534057617,23.979999542236328,23.690000534057617,23.959999084472656,40300
2026-03-04,17.790000915527344,17.799999237060547,17.68000030517578,17.760000228881836,66600,23.790000915527344,23.899999618530277,23.76000022888184,23.799999237060547,38600
2026-03-05,18.190000534057617,18.209999084472656,17.899999618530273,17.899999618530273,389600,24.0,24.049999237060547,23.809999465942383,23.8799991607666,57900
2026-03-06,18.520000457763672,18.559999465942383,18.299999237060547,18.3700008392334,943400,24.40999984741211,24.450000762939453,24.25,24.299999237060547,266500
2026-03-09,18.200000762939453,18.729999542236328,18.15999984741211,18.6200008392334,1105000,24.21999931335449,24.65999984741211,24.18000030517578,24.63999938964844,359300
2026-03-10,18.270000457763672,18.280000686645508,17.959999084472656,18.18000030517578,1297800,24.450000762939453,24.5,24.229999542236328,24.34000015258789,166500
2026-03-11,18.450000762939453,18.489999771118164,18.299999237060547,18.43000030517578,247970,24.80500030517578,24.847000122070312,24.65660095214844,24.739999771118164,44546
