date,close_soybean,high_soybean,low_soybean,open_soybean,volume_soybean
2011-09-19,24.549999237060547,24.549999237060547,24.549999237060547,24.549999237060547,100
2011-09-20,25.079999923706055,25.079999923706055,24.65999984741211,24.989999771118164,1200
2011-09-21,24.34000015258789,25.110000610351562,24.34000015258789,24.959999084472656,4400
2011-09-22,24.0,24.0,24.0,24.0,100
2011-09-23,23.0,24.43000030517578,23.0,24.43000030517578,300
2011-09-26,23.459999084472656,23.459999084472656,23.260000228881836,23.31999969482422,1000
2011-09-27,23.389999389648438,23.479999542236328,23.389999389648438,23.479999542236328,300
2011-09-28,22.709999084472656,23.260000228881836,22.709999084472656,23.260000228881836,2200
2011-09-29,22.90999984741211,22.90999984741211,22.829999923706055,22.829999923706055,1600
2011-09-30,22.1299991607666,22.600000381469727,22.1299991607666,22.600000381469727,600
2011-10-03,21.719999313354492,22.010000228881836,21.719999313354492,22.010000228881836,1600
2011-10-04,21.690000534057617,21.969999313354492,21.690000534057617,21.959999084472656,1900
2011-10-05,21.65999984741211,21.690000534057617,21.65999984741211,21.690000534057617,1000
2011-10-06,21.59000015258789,22.09000015258789,21.59000015258789,22.09000015258789,200
2011-10-07,21.729999542236328,21.729999542236328,21.719999313354492,21.719999313354492,1100
2011-10-10,21.920000076293945,22.18000030517578,21.920000076293945,22.18000030517578,2200
2011-10-11,21.920000076293945,21.920000076293945,21.920000076293945,21.920000076293945,0
2011-10-12,22.829999923706055,22.84000015258789,22.729999542236328,22.729999542236328,2300
2011-10-13,22.950000762939453,22.950000762939453,22.950000762939453,22.950000762939453,500
2011-10-14,23.280000686645508,24.399999618530273,23.139999389648438,24.399999618530273,3800
2011-10-17,23.0,23.239999771118164,22.799999237060547,22.799999237060547,2000
2011-10-18,22.799999237060547,22.899999618530273,22.770000457763672,22.770000457763672,1700
2011-10-19,22.520000457763672,23.040000915527344,22.520000457763672,23.040000915527344,4100
2011-10-20,22.299999237060547,22.700000762939453,22.1200008392334,22.700000762939453,8600
2011-10-21,22.579999923706055,22.84000015258789,22.579999923706055,22.84000015258789,1500
2011-10-24,22.59000015258789,22.850000381469727,22.59000015258789,22.850000381469727,1600
2011-10-25,22.700000762939453,22.799999237060547,22.610000610351562,22.719999313354492,3300
2011-10-26,22.479999542236328,22.510000228881836,22.479999542236328,22.510000228881836,500
2011-10-27,23.079999923706055,23.079999923706055,22.690000534057617,22.719999313354492,1600
2011-10-28,22.610000610351562,22.989999771118164,22.610000610351562,22.989999771118164,2000
2011-10-31,22.209999084472656,22.329999923706055,22.209999084472656,22.329999923706055,600
2011-11-01,22.209999084472656,22.229999542236328,21.959999084472656,21.959999084472656,2400
2011-11-02,22.209999084472656,22.209999084472656,22.209999084472656,22.209999084472656,0
2011-11-03,22.770000457763672,22.770000457763672,22.56999969482422,22.639999389648438,900
2011-11-04,22.520000457763672,22.739999771118164,22.5,22.739999771118164,1000
2011-11-07,22.25,22.5,22.149999618530273,22.5,1800
2011-11-08,22.270000457763672,22.290000915527344,22.270000457763672,22.290000915527344,400
2011-11-09,21.959999084472656,22.25,21.8799991607666,22.200000762939453,2500
2011-11-10,21.59000015258789,21.739999771118164,21.59000015258789,21.739999771118164,1600
2011-11-11,21.59000015258789,21.59000015258789,21.59000015258789,21.59000015258789,0
2011-11-14,21.709999084472656,21.799999237060547,21.709999084472656,21.799999237060547,1200
2011-11-15,21.93000030517578,21.93000030517578,21.93000030517578,21.93000030517578,100
2011-11-16,21.920000076293945,22.229999542236328,21.920000076293945,22.229999542236328,300
2011-11-17,21.600000381469727,21.770000457763672,21.600000381469727,21.770000457763672,1000
2011-11-18,21.600000381469727,21.600000381469727,21.600000381469727,21.600000381469727,0
2011-11-21,21.170000076293945,21.170000076293945,21.1200008392334,21.1200008392334,1400
2011-11-22,21.25,21.25,21.25,21.25,300
2011-11-23,20.670000076293945,20.889999389648438,20.670000076293945,20.81999969482422,500
2011-11-25,20.530000686645508,20.530000686645508,20.5,20.5,200
2011-11-28,20.8700008392334,20.8700008392334,20.610000610351562,20.610000610351562,300
2011-11-29,20.719999313354492,20.719999313354492,20.719999313354492,20.719999313354492,300
2011-11-30,20.84000015258789,21.139999389648438,20.84000015258789,21.139999389648438,2200
2011-12-01,20.75,20.75,20.75,20.75,100
2011-12-02,20.969999313354492,20.969999313354492,20.969999313354492,20.969999313354492,400
2011-12-05,20.969999313354492,20.969999313354492,20.969999313354492,20.969999313354492,0
2011-12-06,20.969999313354492,20.969999313354492,20.969999313354492,20.969999313354492,0
2011-12-07,20.829999923706055,20.920000076293945,20.829999923706055,20.920000076293945,2400
2011-12-08,20.8799991607666,21.0,20.8799991607666,21.0,200
2011-12-09,20.420000076293945,20.420000076293945,20.420000076293945,20.420000076293945,1000
2011-12-12,20.420000076293945,20.420000076293945,20.420000076293945,20.420000076293945,0
2011-12-13,20.649999618530273,20.729999542236328,20.600000381469727,20.600000381469727,2200
2011-12-14,20.649999618530273,20.649999618530273,20.649999618530273,20.649999618530273,0
2011-12-15,20.649999618530273,20.649999618530273,20.649999618530273,20.649999618530273,0
2011-12-16,20.780000686645508,20.780000686645508,20.780000686645508,20.780000686645508,200
2011-12-19,20.81999969482422,20.899999618530273,20.81999969482422,20.899999618530273,300
2011-12-20,20.81999969482422,20.81999969482422,20.81999969482422,20.81999969482422,0
2011-12-21,21.329999923706055,21.329999923706055,21.049999237060547,21.049999237060547,1100
2011-12-22,21.34000015258789,22.440000534057617,21.229999542236328,21.3700008392334,5900
2011-12-23,21.31999969482422,21.31999969482422,21.280000686645508,21.280000686645508,300
2011-12-27,21.920000076293945,21.920000076293945,21.40999984741211,21.40999984741211,7800
2011-12-28,21.729999542236328,22.030000686645508,21.729999542236328,22.030000686645508,800
2011-12-29,21.809999465942383,21.809999465942383,21.670000076293945,21.790000915527344,1700
2011-12-30,22.059999465942383,22.059999465942383,21.850000381469727,21.850000381469727,1200
2012-01-03,22.290000915527344,22.3799991607666,22.0,22.0,3500
2012-01-04,22.15999984741211,22.190000534057617,22.100000381469727,22.100000381469727,900
2012-01-05,21.850000381469727,21.90999984741211,21.770000457763672,21.770000457763672,1800
2012-01-06,21.5,22.1299991607666,21.489999771118164,22.1299991607666,1300
2012-01-09,22.139999389648438,22.139999389648438,21.739999771118164,21.93000030517578,1000
2012-01-10,22.06999969482422,22.06999969482422,22.0,22.0,500
2012-01-11,21.729999542236328,21.850000381469727,21.700000762939453,21.829999923706055,2500
2012-01-12,21.290000915527344,21.290000915527344,20.850000381469727,20.850000381469727,1900
2012-01-13,21.15999984741211,21.15999984741211,21.15999984741211,21.15999984741211,1100
2012-01-17,21.200000762939453,21.209999084472656,21.200000762939453,21.209999084472656,1800
2012-01-18,21.15999984741211,21.15999984741211,21.110000610351562,21.110000610351562,2000
2012-01-19,21.3799991607666,21.3799991607666,21.3799991607666,21.3799991607666,1000
2012-01-20,21.34000015258789,21.34000015258789,21.34000015258789,21.34000015258789,200
2012-01-23,21.34000015258789,21.34000015258789,21.34000015258789,21.34000015258789,0
2012-01-24,21.34000015258789,21.34000015258789,21.34000015258789,21.34000015258789,0
2012-01-25,21.829999923706055,21.829999923706055,21.68000030517578,21.68000030517578,5900
2012-01-26,21.75,21.989999771118164,21.75,21.989999771118164,600
2012-01-27,21.75,21.75,21.75,21.75,0
2012-01-30,21.100000381469727,21.65999984741211,21.100000381469727,21.649999618530273,10500
2012-01-31,21.399999618530273,21.399999618530273,21.399999618530273,21.399999618530273,100
2012-02-01,21.399999618530273,21.399999618530273,21.399999618530273,21.399999618530273,0
2012-02-02,21.399999618530273,21.399999618530273,21.399999618530273,21.399999618530273,0
2012-02-03,22.040000915527344,22.040000915527344,21.809999465942383,21.809999465942383,700
2012-02-06,22.06999969482422,22.06999969482422,22.0,22.049999237060547,2400
2012-02-07,21.899999618530273,21.989999771118164,21.389999389648438,21.989999771118164,4700
2012-02-08,22.020000457763672,22.020000457763672,21.93000030517578,21.950000762939453,13900
2012-02-09,22.079999923706055,22.200000762939453,22.079999923706055,22.079999923706055,7300
2012-02-10,22.079999923706055,22.079999923706055,22.079999923706055,22.079999923706055,0
2012-02-13,22.200000762939453,22.200000762939453,21.959999084472656,21.959999084472656,2000
2012-02-14,22.270000457763672,22.360000610351562,22.270000457763672,22.280000686645508,11000
2012-02-15,22.360000610351562,22.420000076293945,22.299999237060547,22.420000076293945,1700
2012-02-16,22.31999969482422,22.56999969482422,22.31999969482422,22.56999969482422,700
2012-02-17,22.459999084472656,22.639999389648438,22.31999969482422,22.31999969482422,500
2012-02-21,22.3700008392334,22.420000076293945,22.31999969482422,22.420000076293945,1500
2012-02-22,22.350000381469727,22.690000534057617,22.350000381469727,22.690000534057617,300
2012-02-23,22.8799991607666,22.8799991607666,22.489999771118164,22.540000915527344,4600
2012-02-24,22.59000015258789,22.84000015258789,22.59000015258789,22.84000015258789,800
2012-02-27,22.170000076293945,22.799999237060547,22.079999923706055,22.549999237060547,1700
2012-02-28,22.969999313354492,23.010000228881836,22.850000381469727,22.959999084472656,15800
2012-02-29,21.299999237060547,23.18000030517578,21.299999237060547,23.18000030517578,3900
2012-03-01,23.360000610351562,23.360000610351562,22.850000381469727,23.290000915527344,12000
2012-03-02,23.299999237060547,23.299999237060547,23.100000381469727,23.100000381469727,1300
2012-03-05,23.200000762939453,23.350000381469727,23.200000762939453,23.350000381469727,3600
2012-03-06,23.190000534057617,23.190000534057617,22.829999923706055,22.829999923706055,1300
2012-03-07,23.399999618530273,23.399999618530273,23.239999771118164,23.239999771118164,1100
2012-03-08,23.5,23.5,23.040000915527344,23.489999771118164,1300
2012-03-09,23.59000015258789,23.59000015258789,23.1200008392334,23.450000762939453,5400
2012-03-12,23.030000686645508,23.530000686645508,23.030000686645508,23.530000686645508,1900
2012-03-13,23.219999313354492,23.479999542236328,23.219999313354492,23.459999084472656,600
2012-03-14,23.5,24.790000915527344,23.440000534057617,24.790000915527344,2600
2012-03-15,23.90999984741211,23.90999984741211,23.700000762939453,23.709999084472656,2000
2012-03-16,23.940000534057617,23.940000534057617,23.700000762939453,23.860000610351562,4100
2012-03-19,23.6200008392334,23.950000762939453,23.610000610351562,23.950000762939453,1500
2012-03-20,23.34000015258789,23.459999084472656,23.34000015258789,23.3700008392334,3000
2012-03-21,23.34000015258789,23.34000015258789,23.34000015258789,23.34000015258789,0
2012-03-22,23.510000228881836,23.639999389648438,23.329999923706055,23.329999923706055,4200
2012-03-23,23.899999618530273,23.90999984741211,23.6200008392334,23.6200008392334,3200
2012-03-26,24.010000228881836,24.030000686645508,23.68000030517578,23.68000030517578,8700
2012-03-27,23.780000686645508,24.280000686645508,23.520000457763672,23.850000381469727,6100
2012-03-28,23.540000915527344,24.280000686645508,23.540000915527344,23.65999984741211,400
2012-03-29,23.639999389648438,23.639999389648438,23.34000015258789,23.489999771118164,1400
2012-03-30,24.100000381469727,24.200000762939453,23.540000915527344,23.540000915527344,2400
2012-04-02,24.34000015258789,24.579999923706055,24.25,24.450000762939453,5800
2012-04-03,24.600000381469727,24.600000381469727,24.280000686645508,24.350000381469727,1700
2012-04-04,24.389999389648438,24.389999389648438,24.389999389648438,24.389999389648438,500
2012-04-05,24.420000076293945,24.43000030517578,24.399999618530273,24.43000030517578,700
2012-04-09,24.65999984741211,24.65999984741211,24.299999237060547,24.399999618530273,9400
2012-04-10,24.139999389648438,24.770000457763672,24.09000015258789,24.770000457763672,5400
2012-04-11,23.799999237060547,24.420000076293945,23.799999237060547,24.420000076293945,2800
2012-04-12,24.110000610351562,24.540000915527344,24.110000610351562,24.239999771118164,4400
2012-04-13,24.3700008392334,24.579999923706055,24.110000610351562,24.579999923706055,8500
2012-04-16,23.950000762939453,24.200000762939453,23.920000076293945,24.200000762939453,7800
2012-04-17,24.15999984741211,24.399999618530273,24.15999984741211,24.399999618530273,1300
2012-04-18,23.8700008392334,23.989999771118164,23.729999542236328,23.950000762939453,7500
2012-04-19,24.0,24.040000915527344,23.860000610351562,23.950000762939453,3400
2012-04-20,23.959999084472656,24.3700008392334,23.8799991607666,24.0,4900
2012-04-23,24.040000915527344,24.040000915527344,23.899999618530273,23.899999618530273,400
2012-04-24,24.200000762939453,24.309999465942383,24.1200008392334,24.309999465942383,1000
2012-04-25,24.309999465942383,24.34000015258789,24.25,24.34000015258789,1900
2012-04-26,24.18000030517578,24.540000915527344,24.139999389648438,24.540000915527344,5900
2012-04-27,24.530000686645508,24.579999923706055,24.3700008392334,24.510000228881836,9800
2012-04-30,24.459999084472656,24.600000381469727,24.260000228881836,24.309999465942383,3300
2012-05-01,24.530000686645508,24.59000015258789,24.18000030517578,24.190000534057617,4500
2012-05-02,24.15999984741211,24.799999237060547,24.15999984741211,24.479999542236328,12000
2012-05-03,24.09000015258789,24.200000762939453,24.020000457763672,24.020000457763672,2000
2012-05-04,23.90999984741211,24.1299991607666,23.90999984741211,24.010000228881836,8300
2012-05-07,24.15999984741211,24.200000762939453,23.649999618530273,23.649999618530273,1900
2012-05-08,23.450000762939453,23.770000457763672,23.450000762939453,23.65999984741211,1900
2012-05-09,23.5,23.549999237060547,23.209999084472656,23.209999084472656,800
2012-05-10,23.950000762939453,24.200000762939453,23.709999084472656,24.200000762939453,10100
2012-05-11,23.149999618530273,23.770000457763672,22.969999313354492,23.770000457763672,6300
2012-05-14,22.649999618530273,22.889999389648438,22.329999923706055,22.329999923706055,12200
2012-05-15,23.049999237060547,23.049999237060547,22.75,22.850000381469727,600
2012-05-16,23.0,23.0,22.639999389648438,22.959999084472656,14400
2012-05-17,22.700000762939453,23.15999984741211,22.700000762939453,22.889999389648438,900
2012-05-18,22.459999084472656,22.84000015258789,22.25,22.700000762939453,4600
2012-05-21,23.100000381469727,23.100000381469727,22.84000015258789,22.84000015258789,2000
2012-05-22,22.010000228881836,22.829999923706055,22.010000228881836,22.75,2700
2012-05-23,22.190000534057617,22.239999771118164,22.190000534057617,22.239999771118164,400
2012-05-24,22.31999969482422,22.440000534057617,22.260000228881836,22.299999237060547,1600
2012-05-25,22.149999618530273,22.469999313354492,22.149999618530273,22.40999984741211,600
2012-05-29,22.520000457763672,22.6299991607666,22.520000457763672,22.520000457763672,2800
2012-05-30,22.969999313354492,22.969999313354492,22.700000762939453,22.700000762939453,700
2012-05-31,22.389999389648438,22.770000457763672,22.329999923706055,22.389999389648438,16200
2012-06-01,22.270000457763672,22.270000457763672,22.1299991607666,22.1299991607666,4300
2012-06-04,22.31999969482422,22.31999969482422,22.31999969482422,22.31999969482422,200
2012-06-05,22.190000534057617,22.3700008392334,22.190000534057617,22.3700008392334,1300
2012-06-06,22.829999923706055,22.829999923706055,22.65999984741211,22.65999984741211,4800
2012-06-07,23.65999984741211,23.65999984741211,23.170000076293945,23.18000030517578,4000
2012-06-08,23.239999771118164,23.239999771118164,23.1299991607666,23.229999542236328,1300
2012-06-11,23.18000030517578,23.440000534057617,23.18000030517578,23.440000534057617,800
2012-06-12,23.170000076293945,23.200000762939453,23.059999465942383,23.200000762939453,6400
2012-06-13,22.889999389648438,23.079999923706055,22.850000381469727,22.850000381469727,41200
2012-06-14,22.780000686645508,23.40999984741211,22.700000762939453,23.09000015258789,24400
2012-06-15,22.959999084472656,23.5,18.270000457763672,18.270000457763672,5200
2012-06-18,23.1200008392334,23.350000381469727,23.100000381469727,23.100000381469727,23500
2012-06-19,23.829999923706055,24.049999237060547,23.739999771118164,23.850000381469727,54600
2012-06-20,23.959999084472656,24.149999618530273,23.729999542236328,23.809999465942383,50900
2012-06-21,23.56999969482422,24.049999237060547,23.350000381469727,23.950000762939453,115600
2012-06-22,23.329999923706055,24.399999618530273,23.290000915527344,23.889999389648438,25600
2012-06-25,24.6200008392334,24.6299991607666,24.290000915527344,24.399999618530273,25500
2012-06-26,24.239999771118164,24.59000015258789,24.239999771118164,24.59000015258789,7100
2012-06-27,24.239999771118164,24.649999618530273,24.190000534057617,24.639999389648438,13300
2012-06-28,24.0,24.280000686645508,22.799999237060547,24.0,18100
2012-06-29,24.3799991607666,24.690000534057617,24.299999237060547,24.34000015258789,54700
2012-07-02,24.719999313354492,24.809999465942383,24.15999984741211,24.780000686645508,45400
2012-07-03,25.200000762939453,25.200000762939453,24.84000015258789,24.8799991607666,18700
2012-07-05,26.0,26.0,25.110000610351562,25.489999771118164,67400
2012-07-06,25.3799991607666,25.700000762939453,25.3700008392334,25.670000076293945,28400
2012-07-09,26.270000457763672,26.860000610351562,25.989999771118164,26.219999313354492,75600
2012-07-10,25.940000534057617,26.1200008392334,25.81999969482422,25.989999771118164,21800
2012-07-11,25.559999465942383,26.40999984741211,25.0,26.3700008392334,33300
2012-07-12,25.860000610351562,25.90999984741211,25.639999389648438,25.75,41800
2012-07-13,26.200000762939453,26.790000915527344,25.899999618530273,26.260000228881836,66600
2012-07-16,26.959999084472656,26.979999542236328,26.479999542236328,26.729999542236328,132800
2012-07-17,26.65999984741211,26.959999084472656,26.399999618530273,26.959999084472656,79100
2012-07-18,26.950000762939453,26.979999542236328,26.459999084472656,26.610000610351562,177400
2012-07-19,27.059999465942383,27.579999923706055,26.81999969482422,27.239999771118164,124100
2012-07-20,27.489999771118164,27.489999771118164,27.170000076293945,27.329999923706055,85500
2012-07-23,26.559999465942383,26.989999771118164,26.360000610351562,26.799999237060547,117400
2012-07-24,25.540000915527344,25.93000030517578,25.1299991607666,25.889999389648438,203500
2012-07-25,26.450000762939453,26.479999542236328,26.059999465942383,26.260000228881836,71400
2012-07-26,25.579999923706055,26.520000457763672,25.559999465942383,26.520000457763672,42500
2012-07-27,26.260000228881836,26.299999237060547,26.020000457763672,26.139999389648438,37600
2012-07-30,26.8700008392334,26.8799991607666,26.639999389648438,26.829999923706055,59200
2012-07-31,26.75,27.030000686645508,26.6200008392334,26.969999313354492,44500
2012-08-01,26.559999465942383,26.729999542236328,26.200000762939453,26.65999984741211,77800
2012-08-02,26.479999542236328,26.540000915527344,26.200000762939453,26.219999313354492,45700
2012-08-03,26.639999389648438,26.780000686645508,26.540000915527344,26.540000915527344,48200
2012-08-06,25.979999542236328,26.329999923706055,25.889999389648438,26.059999465942383,60800
2012-08-07,25.799999237060547,26.34000015258789,25.75,26.260000228881836,40600
2012-08-08,26.030000686645508,26.059999465942383,25.75,25.950000762939453,24500
2012-08-09,26.700000762939453,26.700000762939453,26.149999618530273,26.170000076293945,97900
2012-08-10,27.010000228881836,27.09000015258789,26.799999237060547,26.809999465942383,70600
2012-08-13,26.229999542236328,26.969999313354492,26.18000030517578,26.969999313354492,25300
2012-08-14,26.209999084472656,26.3700008392334,26.079999923706055,26.3700008392334,40100
2012-08-15,26.719999313354492,26.739999771118164,26.420000076293945,26.43000030517578,23000
2012-08-16,26.440000534057617,26.65999984741211,26.440000534057617,26.639999389648438,36500
2012-08-17,26.729999542236328,26.780000686645508,26.600000381469727,26.670000076293945,28700
2012-08-20,27.260000228881836,27.309999465942383,26.8700008392334,26.889999389648438,24300
2012-08-21,27.959999084472656,28.0,27.6200008392334,27.6200008392334,45300
2012-08-22,28.020000457763672,28.040000915527344,27.790000915527344,27.920000076293945,69200
2012-08-23,27.639999389648438,28.1200008392334,27.600000381469727,28.09000015258789,47300
2012-08-24,27.959999084472656,28.030000686645508,27.799999237060547,27.920000076293945,29900
2012-08-27,27.860000610351562,28.170000076293945,27.75,28.1299991607666,45900
2012-08-28,28.09000015258789,28.09000015258789,27.649999618530273,27.75,42500
2012-08-29,28.34000015258789,28.360000610351562,27.979999542236328,28.100000381469727,18600
2012-08-30,28.540000915527344,28.6200008392334,28.260000228881836,28.290000915527344,27600
2012-08-31,28.420000076293945,28.459999084472656,28.270000457763672,28.3700008392334,32700
2012-09-04,28.850000381469727,28.8799991607666,28.639999389648438,28.68000030517578,45200
2012-09-05,28.530000686645508,28.760000228881836,28.43000030517578,28.760000228881836,29100
2012-09-06,28.43000030517578,28.600000381469727,28.3700008392334,28.399999618530273,39700
2012-09-07,28.270000457763672,28.579999923706055,28.170000076293945,28.239999771118164,23200
2012-09-10,27.979999542236328,28.290000915527344,27.959999084472656,28.200000762939453,33100
2012-09-11,27.670000076293945,27.979999542236328,27.670000076293945,27.959999084472656,30500
2012-09-12,28.43000030517578,28.459999084472656,27.989999771118164,27.989999771118164,26400
2012-09-13,28.549999237060547,28.59000015258789,28.309999465942383,28.459999084472656,19200
2012-09-14,28.5,28.860000610351562,28.489999771118164,28.729999542236328,16200
2012-09-17,27.280000686645508,28.049999237060547,27.200000762939453,28.049999237060547,72400
2012-09-18,27.0,27.3700008392334,26.860000610351562,27.030000686645508,37300
2012-09-19,27.40999984741211,27.489999771118164,27.299999237060547,27.360000610351562,10400
2012-09-20,26.739999771118164,27.40999984741211,26.719999313354492,27.3799991607666,38300
2012-09-21,26.920000076293945,27.0,26.690000534057617,26.850000381469727,23600
2012-09-24,26.739999771118164,26.770000457763672,26.5,26.59000015258789,18500
2012-09-25,26.75,27.020000457763672,26.68000030517578,27.020000457763672,21600
2012-09-26,26.1299991607666,26.5,26.049999237060547,26.489999771118164,38700
2012-09-27,25.959999084472656,26.200000762939453,25.959999084472656,25.969999313354492,21100
2012-09-28,26.579999923706055,26.770000457763672,25.93000030517578,25.93000030517578,20800
2012-10-01,26.06999969482422,26.459999084472656,26.059999465942383,26.3700008392334,29300
2012-10-02,25.739999771118164,25.93000030517578,25.670000076293945,25.739999771118164,17200
2012-10-03,25.799999237060547,25.899999618530273,25.450000762939453,25.6299991607666,63200
2012-10-04,25.920000076293945,26.309999465942383,25.920000076293945,26.229999542236328,24400
2012-10-05,25.90999984741211,26.040000915527344,25.850000381469727,25.989999771118164,11600
2012-10-08,25.829999923706055,25.860000610351562,25.649999618530273,25.649999618530273,8800
2012-10-09,25.889999389648438,26.110000610351562,25.889999389648438,26.09000015258789,7600
2012-10-10,25.639999389648438,25.84000015258789,25.6299991607666,25.81999969482422,13700
2012-10-11,26.06999969482422,26.190000534057617,25.950000762939453,26.059999465942383,8400
2012-10-12,25.700000762939453,25.790000915527344,25.510000228881836,25.790000915527344,5900
2012-10-15,25.25,25.329999923706055,25.1200008392334,25.280000686645508,10000
2012-10-16,25.299999237060547,25.510000228881836,25.299999237060547,25.440000534057617,7400
2012-10-17,25.530000686645508,25.540000915527344,25.3700008392334,25.40999984741211,7000
2012-10-18,26.049999237060547,26.049999237060547,25.719999313354492,25.719999313354492,21900
2012-10-19,25.770000457763672,26.100000381469727,25.75,25.969999313354492,29800
2012-10-22,25.90999984741211,26.020000457763672,25.84000015258789,25.950000762939453,10800
2012-10-23,25.940000534057617,25.940000534057617,25.579999923706055,25.65999984741211,7400
2012-10-24,26.09000015258789,26.15999984741211,26.020000457763672,26.020000457763672,11700
2012-10-25,26.06999969482422,26.110000610351562,25.979999542236328,26.079999923706055,14600
2012-10-26,26.059999465942383,26.079999923706055,25.950000762939453,26.030000686645508,9700
2012-10-31,25.950000762939453,26.100000381469727,25.739999771118164,26.100000381469727,20200
2012-11-01,26.100000381469727,26.25,26.100000381469727,26.149999618530273,6400
2012-11-02,25.6200008392334,25.790000915527344,25.6200008392334,25.790000915527344,5900
2012-11-05,25.3799991607666,25.600000381469727,25.3799991607666,25.59000015258789,7600
2012-11-06,25.540000915527344,25.610000610351562,25.540000915527344,25.540000915527344,2100
2012-11-07,25.489999771118164,25.530000686645508,25.3799991607666,25.450000762939453,11800
2012-11-08,25.309999465942383,25.489999771118164,25.309999465942383,25.450000762939453,11700
2012-11-09,24.68000030517578,24.959999084472656,24.68000030517578,24.90999984741211,24400
2012-11-12,23.940000534057617,24.290000915527344,23.920000076293945,24.290000915527344,25300
2012-11-13,23.90999984741211,24.059999465942383,23.719999313354492,24.020000457763672,17100
2012-11-14,23.979999542236328,24.170000076293945,23.969999313354492,24.15999984741211,5900
2012-11-15,23.829999923706055,24.100000381469727,23.81999969482422,24.030000686645508,99200
2012-11-16,23.59000015258789,23.65999984741211,23.440000534057617,23.579999923706055,14200
2012-11-19,23.829999923706055,23.90999984741211,23.799999237060547,23.799999237060547,7200
2012-11-20,24.079999923706055,24.1200008392334,23.610000610351562,23.639999389648438,5500
2012-11-21,24.0,24.1299991607666,23.969999313354492,24.1299991607666,3700
2012-11-23,24.059999465942383,24.149999618530273,24.010000228881836,24.010000228881836,1500
2012-11-26,24.299999237060547,24.309999465942383,24.1299991607666,24.260000228881836,20200
2012-11-27,24.610000610351562,24.610000610351562,24.40999984741211,24.420000076293945,5700
2012-11-28,24.530000686645508,24.549999237060547,24.459999084472656,24.520000457763672,10100
2012-11-29,24.670000076293945,24.68000030517578,24.540000915527344,24.56999969482422,17600
2012-11-30,24.510000228881836,24.520000457763672,24.360000610351562,24.440000534057617,8100
2012-12-03,24.790000915527344,24.809999465942383,24.6200008392334,24.700000762939453,7600
2012-12-04,24.739999771118164,24.75,24.510000228881836,24.639999389648438,4200
2012-12-05,25.110000610351562,25.110000610351562,24.889999389648438,24.889999389648438,4700
2012-12-06,25.09000015258789,25.190000534057617,25.09000015258789,25.190000534057617,13900
2012-12-07,25.170000076293945,25.280000686645508,25.010000228881836,25.100000381469727,17100
2012-12-10,25.170000076293945,25.170000076293945,24.799999237060547,24.979999542236328,25300
2012-12-11,25.010000228881836,25.18000030517578,24.950000762939453,25.06999969482422,7400
2012-12-12,25.010000228881836,25.010000228881836,24.8700008392334,24.8700008392334,3400
2012-12-13,24.93000030517578,25.020000457763672,24.93000030517578,25.0,1600
2012-12-14,25.149999618530273,25.149999618530273,25.09000015258789,25.09000015258789,4700
2012-12-17,25.18000030517578,25.25,25.059999465942383,25.18000030517578,11200
2012-12-18,24.75,24.989999771118164,24.75,24.809999465942383,13900
2012-12-19,24.40999984741211,24.799999237060547,24.3700008392334,24.780000686645508,9700
2012-12-20,24.040000915527344,24.190000534057617,24.0,24.09000015258789,12900
2012-12-21,24.360000610351562,24.399999618530273,24.209999084472656,24.209999084472656,8100
2012-12-24,24.479999542236328,24.479999542236328,24.40999984741211,24.459999084472656,5300
2012-12-26,24.219999313354492,25.989999771118164,24.219999313354492,24.5,3400
2012-12-27,24.260000228881836,24.329999923706055,24.15999984741211,24.260000228881836,7200
2012-12-28,24.229999542236328,24.34000015258789,24.170000076293945,24.219999313354492,5300
2012-12-31,24.06999969482422,24.110000610351562,24.030000686645508,24.040000915527344,4600
2013-01-02,23.889999389648438,24.5,23.729999542236328,24.5,5300
2013-01-03,23.850000381469727,23.850000381469727,23.59000015258789,23.6299991607666,6400
2013-01-04,23.450000762939453,23.729999542236328,23.280000686645508,23.729999542236328,12200
2013-01-07,23.600000381469727,23.649999618530273,23.440000534057617,23.6299991607666,4600
2013-01-08,23.739999771118164,23.799999237060547,23.649999618530273,23.719999313354492,9100
2013-01-09,23.75,23.780000686645508,23.65999984741211,23.780000686645508,5800
2013-01-10,23.59000015258789,23.850000381469727,23.59000015258789,23.760000228881836,15000
2013-01-11,23.479999542236328,23.610000610351562,23.190000534057617,23.40999984741211,21500
2013-01-14,24.059999465942383,24.09000015258789,23.139999389648438,23.139999389648438,17600
2013-01-15,23.979999542236328,24.15999984741211,23.979999542236328,24.1200008392334,7200
2013-01-16,24.360000610351562,24.360000610351562,24.149999618530273,24.149999618530273,12300
2013-01-17,24.1299991607666,24.309999465942383,24.079999923706055,24.280000686645508,35300
2013-01-18,24.190000534057617,24.200000762939453,24.06999969482422,24.110000610351562,3900
2013-01-22,24.559999465942383,24.6299991607666,24.469999313354492,24.469999313354492,15700
2013-01-23,24.3799991607666,24.56999969482422,24.309999465942383,24.469999313354492,5400
2013-01-24,24.3799991607666,24.3799991607666,24.110000610351562,24.15999984741211,6900
2013-01-25,24.34000015258789,24.399999618530273,24.239999771118164,24.239999771118164,10300
2013-01-28,24.5,24.5,24.290000915527344,24.290000915527344,13300
2013-01-29,24.530000686645508,24.579999923706055,24.450000762939453,24.56999969482422,4400
2013-01-30,25.010000228881836,25.020000457763672,24.809999465942383,24.850000381469727,11500
2013-01-31,24.889999389648438,24.889999389648438,24.65999984741211,24.850000381469727,8600
2013-02-01,24.940000534057617,25.010000228881836,24.940000534057617,25.010000228881836,7400
2013-02-04,25.18000030517578,25.31999969482422,25.149999618530273,25.200000762939453,41600
2013-02-05,25.270000457763672,25.270000457763672,25.020000457763672,25.06999969482422,5700
2013-02-06,25.09000015258789,25.1200008392334,24.979999542236328,25.020000457763672,8000
2013-02-07,24.8799991607666,25.06999969482422,24.8799991607666,25.040000915527344,8300
2013-02-08,24.260000228881836,24.950000762939453,24.200000762939453,24.950000762939453,13300
2013-02-11,23.959999084472656,23.989999771118164,23.889999389648438,23.969999313354492,9300
2013-02-12,23.860000610351562,24.020000457763672,23.81999969482422,24.010000228881836,41600
2013-02-13,23.920000076293945,23.93000030517578,23.75,23.75,3900
2013-02-14,23.799999237060547,23.809999465942383,23.6200008392334,23.670000076293945,3600
2013-02-15,23.860000610351562,23.8799991607666,23.799999237060547,23.850000381469727,7600
2013-02-19,24.420000076293945,24.440000534057617,24.1299991607666,24.139999389648438,13700
2013-02-20,24.549999237060547,24.639999389648438,24.40999984741211,24.530000686645508,9000
2013-02-21,24.5,24.579999923706055,24.420000076293945,24.520000457763672,3300
2013-02-22,24.15999984741211,24.799999237060547,24.15999984741211,24.770000457763672,7800
2013-02-25,24.040000915527344,24.149999618530273,23.899999618530273,24.149999618530273,4500
2013-02-26,23.940000534057617,24.110000610351562,23.81999969482422,23.989999771118164,5000
2013-02-27,24.010000228881836,24.1299991607666,23.899999618530273,24.1200008392334,9100
2013-02-28,24.170000076293945,24.389999389648438,24.15999984741211,24.15999984741211,8800
2013-03-01,24.110000610351562,24.1200008392334,23.93000030517578,23.989999771118164,20000
2013-03-04,24.1200008392334,24.139999389648438,24.049999237060547,24.049999237060547,1800
2013-03-05,24.360000610351562,24.520000457763672,24.34000015258789,24.5,2900
2013-03-06,24.459999084472656,24.510000228881836,24.309999465942383,24.329999923706055,9900
2013-03-07,24.489999771118164,24.530000686645508,24.389999389648438,24.459999084472656,5600
2013-03-08,24.389999389648438,24.579999923706055,24.170000076293945,24.520000457763672,6200
2013-03-11,24.450000762939453,24.510000228881836,24.43000030517578,24.440000534057617,1100
2013-03-12,24.40999984741211,24.40999984741211,24.309999465942383,24.309999465942383,1300
2013-03-13,24.059999465942383,24.09000015258789,24.0,24.06999969482422,6500
2013-03-14,24.1200008392334,24.1200008392334,23.56999969482422,23.950000762939453,10400
2013-03-15,23.5,23.889999389648438,23.469999313354492,23.670000076293945,17300
2013-03-18,23.700000762939453,23.700000762939453,23.6299991607666,23.670000076293945,4600
2013-03-19,23.670000076293945,23.770000457763672,23.649999618530273,23.649999618530273,5500
2013-03-20,23.899999618530273,23.899999618530273,23.65999984741211,23.739999771118164,4000
2013-03-21,24.040000915527344,25.0,23.889999389648438,25.0,5400
2013-03-22,23.969999313354492,24.139999389648438,23.93000030517578,24.100000381469727,9300
2013-03-25,24.030000686645508,24.149999618530273,23.030000686645508,23.030000686645508,8700
2013-03-26,24.170000076293945,24.56999969482422,24.170000076293945,24.200000762939453,1000
2013-03-27,24.15999984741211,24.200000762939453,24.06999969482422,24.06999969482422,10800
2013-03-28,24.229999542236328,24.229999542236328,23.510000228881836,24.049999237060547,20900
2013-04-01,23.110000610351562,23.68000030517578,23.110000610351562,23.65999984741211,22400
2013-04-02,23.6200008392334,23.709999084472656,23.15999984741211,23.15999984741211,19300
2013-04-03,23.200000762939453,23.6200008392334,23.030000686645508,23.559999465942383,10000
2013-04-04,23.149999618530273,23.149999618530273,22.100000381469727,23.010000228881836,21900
2013-04-05,23.100000381469727,23.149999618530273,23.100000381469727,23.110000610351562,2400
2013-04-08,22.850000381469727,23.219999313354492,22.799999237060547,23.110000610351562,9900
2013-04-09,23.350000381469727,23.360000610351562,22.420000076293945,22.420000076293945,4300
2013-04-10,23.290000915527344,23.290000915527344,23.290000915527344,23.290000915527344,100
2013-04-11,23.190000534057617,23.350000381469727,22.670000076293945,22.670000076293945,3800
2013-04-12,23.440000534057617,23.479999542236328,23.059999465942383,23.059999465942383,6600
2013-04-15,23.06999969482422,24.059999465942383,22.610000610351562,22.610000610351562,1700
2013-04-16,23.270000457763672,23.270000457763672,22.31999969482422,22.729999542236328,2600
2013-04-17,23.25,23.299999237060547,22.989999771118164,23.290000915527344,8000
2013-04-18,23.3799991607666,23.5,23.309999465942383,23.5,5800
2013-04-19,23.1299991607666,23.25,23.1299991607666,23.25,500
2013-04-22,22.979999542236328,23.020000457763672,22.510000228881836,22.510000228881836,2600
2013-04-23,22.809999465942383,23.030000686645508,22.260000228881836,22.260000228881836,2700
2013-04-24,22.600000381469727,22.75,22.510000228881836,22.709999084472656,7200
2013-04-25,23.09000015258789,23.09000015258789,22.510000228881836,22.510000228881836,7800
2013-04-26,23.200000762939453,23.799999237060547,22.829999923706055,23.799999237060547,15600
2013-04-29,23.56999969482422,23.799999237060547,23.100000381469727,23.799999237060547,15200
2013-04-30,23.510000228881836,24.200000762939453,23.100000381469727,23.149999618530273,14100
2013-05-01,23.09000015258789,23.90999984741211,22.979999542236328,23.90999984741211,12800
2013-05-02,23.010000228881836,23.09000015258789,23.010000228881836,23.09000015258789,1600
2013-05-03,23.469999313354492,23.469999313354492,23.229999542236328,23.229999542236328,2900
2013-05-06,23.030000686645508,23.229999542236328,23.0,23.200000762939453,10900
2013-05-07,23.18000030517578,23.3700008392334,23.010000228881836,23.229999542236328,10300
2013-05-08,23.209999084472656,23.299999237060547,23.0,23.0,3000
2013-05-09,23.420000076293945,23.59000015258789,22.809999465942383,23.219999313354492,12500
2013-05-10,23.1200008392334,23.6299991607666,23.100000381469727,23.6299991607666,7500
2013-05-13,23.31999969482422,23.600000381469727,23.190000534057617,23.5,4900
2013-05-14,23.31999969482422,23.360000610351562,23.200000762939453,23.200000762939453,400
2013-05-15,23.200000762939453,23.6299991607666,23.200000762939453,23.6299991607666,2700
2013-05-16,23.510000228881836,23.610000610351562,23.280000686645508,23.479999542236328,18700
2013-05-17,23.579999923706055,23.6200008392334,23.280000686645508,23.5,9000
2013-05-20,23.579999923706055,23.600000381469727,23.270000457763672,23.40999984741211,20400
2013-05-21,23.329999923706055,23.56999969482422,23.329999923706055,23.3799991607666,9800
2013-05-22,23.84000015258789,23.84000015258789,23.239999771118164,23.239999771118164,8200
2013-05-23,23.829999923706055,24.030000686645508,23.399999618530273,24.030000686645508,11700
2013-05-24,23.940000534057617,23.950000762939453,23.889999389648438,23.940000534057617,3400
2013-05-28,24.549999237060547,24.559999465942383,24.059999465942383,24.059999465942383,20400
2013-05-29,24.68000030517578,24.790000915527344,24.389999389648438,24.690000534057617,21600
2013-05-30,24.639999389648438,24.850000381469727,24.399999618530273,24.850000381469727,8300
2013-05-31,24.770000457763672,25.059999465942383,24.770000457763672,24.899999618530273,19300
2013-06-03,25.389999389648438,25.399999618530273,25.100000381469727,25.299999237060547,17100
2013-06-04,25.1299991607666,25.34000015258789,24.860000610351562,24.90999984741211,12700
2013-06-05,24.719999313354492,25.010000228881836,24.610000610351562,24.610000610351562,23300
2013-06-06,24.75,24.770000457763672,24.520000457763672,24.719999313354492,12200
2013-06-07,25.229999542236328,25.25,24.899999618530273,24.940000534057617,16900
2013-06-10,25.1200008392334,25.229999542236328,24.860000610351562,25.079999923706055,10100
2013-06-11,25.229999542236328,25.229999542236328,25.0,25.09000015258789,11300
2013-06-12,24.93000030517578,25.229999542236328,24.56999969482422,25.229999542236328,19300
2013-06-13,24.84000015258789,24.84000015258789,24.469999313354492,24.700000762939453,10200
2013-06-14,24.690000534057617,24.84000015258789,24.579999923706055,24.84000015258789,2300
2013-06-17,24.489999771118164,24.510000228881836,23.860000610351562,24.389999389648438,21700
2013-06-18,24.530000686645508,24.59000015258789,24.440000534057617,24.540000915527344,6400
2013-06-19,24.719999313354492,24.93000030517578,24.43000030517578,24.530000686645508,8400
2013-06-20,24.309999465942383,24.459999084472656,24.309999465942383,24.3700008392334,2800
2013-06-21,24.020000457763672,24.200000762939453,23.959999084472656,23.959999084472656,1400
2013-06-24,23.600000381469727,24.100000381469727,22.549999237060547,23.829999923706055,12300
2013-06-25,24.229999542236328,24.239999771118164,23.450000762939453,23.450000762939453,12400
2013-06-26,24.1200008392334,24.1200008392334,23.799999237060547,23.799999237060547,800
2013-06-27,24.0,24.200000762939453,23.790000915527344,23.790000915527344,1900
2013-06-28,23.549999237060547,24.06999969482422,23.540000915527344,24.06999969482422,9700
2013-07-01,23.59000015258789,23.649999618530273,23.360000610351562,23.649999618530273,1400
2013-07-02,23.56999969482422,23.65999984741211,23.139999389648438,23.139999389648438,5500
2013-07-03,23.649999618530273,23.649999618530273,23.040000915527344,23.040000915527344,600
2013-07-05,23.479999542236328,23.520000457763672,23.479999542236328,23.520000457763672,300
2013-07-08,23.65999984741211,23.68000030517578,23.65999984741211,23.68000030517578,200
2013-07-09,24.1299991607666,24.1299991607666,23.889999389648438,23.889999389648438,6300
2013-07-10,24.209999084472656,24.889999389648438,24.139999389648438,24.889999389648438,1800
2013-07-11,24.25,24.25,23.6299991607666,23.6299991607666,12700
2013-07-12,23.649999618530273,23.809999465942383,23.649999618530273,23.809999465942383,2200
2013-07-15,23.75,23.780000686645508,23.649999618530273,23.65999984741211,1200
2013-07-16,24.190000534057617,24.290000915527344,24.139999389648438,24.149999618530273,1200
2013-07-17,23.940000534057617,24.139999389648438,23.940000534057617,23.959999084472656,1500
2013-07-18,23.850000381469727,23.8799991607666,23.739999771118164,23.8799991607666,3100
2013-07-19,23.829999923706055,23.829999923706055,23.829999923706055,23.829999923706055,200
2013-07-22,24.110000610351562,24.190000534057617,24.0,24.0,1600
2013-07-23,23.760000228881836,24.020000457763672,23.709999084472656,24.010000228881836,3100
2013-07-24,23.479999542236328,24.0,22.899999618530273,24.0,2700
2013-07-25,23.040000915527344,23.239999771118164,22.950000762939453,23.239999771118164,5800
2013-07-26,23.010000228881836,23.100000381469727,22.780000686645508,22.780000686645508,8200
2013-07-29,23.0,23.0,22.989999771118164,22.989999771118164,600
2013-07-30,22.639999389648438,23.0,22.639999389648438,23.0,8300
2013-07-31,22.709999084472656,22.739999771118164,22.690000534057617,22.690000534057617,1600
2013-08-01,22.489999771118164,22.65999984741211,22.440000534057617,22.549999237060547,10600
2013-08-02,22.25,22.719999313354492,22.239999771118164,22.649999618530273,7300
2013-08-05,22.280000686645508,22.280000686645508,22.280000686645508,22.280000686645508,300
2013-08-06,21.93000030517578,22.200000762939453,21.93000030517578,22.200000762939453,4800
2013-08-07,21.940000534057617,22.389999389648438,21.940000534057617,22.389999389648438,6900
2013-08-08,22.280000686645508,22.399999618530273,21.5,21.5,9300
2013-08-09,22.200000762939453,22.389999389648438,22.200000762939453,22.389999389648438,1600
2013-08-12,22.979999542236328,23.0,22.450000762939453,22.479999542236328,7600
2013-08-13,23.030000686645508,23.299999237060547,22.920000076293945,23.299999237060547,28900
2013-08-14,23.1299991607666,23.139999389648438,22.8700008392334,22.899999618530273,6800
2013-08-15,23.420000076293945,23.440000534057617,23.190000534057617,23.190000534057617,12800
2013-08-16,23.25,23.440000534057617,23.25,23.389999389648438,2200
2013-08-19,23.8700008392334,25.389999389648438,23.5,25.389999389648438,11000
2013-08-20,23.6200008392334,23.75,23.56999969482422,23.670000076293945,8600
2013-08-21,23.780000686645508,24.030000686645508,23.75,24.030000686645508,5500
2013-08-22,23.829999923706055,23.829999923706055,23.729999542236328,23.81999969482422,4600
2013-08-23,24.100000381469727,24.190000534057617,23.979999542236328,24.190000534057617,22700
2013-08-26,25.030000686645508,25.399999618530273,24.780000686645508,25.0,17600
2013-08-27,24.770000457763672,25.40999984741211,24.700000762939453,25.100000381469727,18200
2013-08-28,24.889999389648438,24.889999389648438,23.829999923706055,23.829999923706055,10800
2013-08-29,24.649999618530273,24.8799991607666,24.649999618530273,24.8799991607666,5000
2013-08-30,24.510000228881836,24.600000381469727,24.40999984741211,24.56999969482422,3800
2013-09-03,24.889999389648438,25.229999542236328,24.809999465942383,25.200000762939453,8300
2013-09-04,24.34000015258789,24.709999084472656,24.239999771118164,24.59000015258789,6100
2013-09-05,24.540000915527344,24.540000915527344,24.040000915527344,24.06999969482422,11200
2013-09-06,24.489999771118164,25.219999313354492,24.25,24.34000015258789,11100
2013-09-09,24.290000915527344,24.579999923706055,24.270000457763672,24.520000457763672,19300
2013-09-10,24.3799991607666,24.440000534057617,24.1299991607666,24.1299991607666,1700
2013-09-11,24.3799991607666,24.450000762939453,24.360000610351562,24.450000762939453,2000
2013-09-12,24.90999984741211,24.920000076293945,24.170000076293945,24.3799991607666,11700
2013-09-13,24.489999771118164,25.0,24.469999313354492,25.0,17000
2013-09-16,24.110000610351562,24.360000610351562,24.010000228881836,24.350000381469727,11200
2013-09-17,24.190000534057617,24.329999923706055,24.030000686645508,24.329999923706055,2900
2013-09-18,24.329999923706055,24.329999923706055,24.049999237060547,24.049999237060547,3100
2013-09-19,24.079999923706055,24.59000015258789,24.079999923706055,24.59000015258789,8900
2013-09-20,23.739999771118164,23.8799991607666,23.719999313354492,23.8799991607666,5100
2013-09-23,23.729999542236328,23.799999237060547,23.719999313354492,23.780000686645508,1500
2013-09-24,23.729999542236328,23.860000610351562,23.729999542236328,23.829999923706055,14100
2013-09-25,23.850000381469727,23.899999618530273,23.729999542236328,23.729999542236328,2700
2013-09-26,23.790000915527344,23.850000381469727,23.09000015258789,23.799999237060547,9800
2013-09-27,23.829999923706055,23.860000610351562,23.829999923706055,23.860000610351562,500
2013-09-30,23.1299991607666,24.0,23.0,24.0,17200
2013-10-01,23.049999237060547,23.110000610351562,22.979999542236328,23.110000610351562,7300
2013-10-02,23.1200008392334,23.209999084472656,23.100000381469727,23.100000381469727,4300
2013-10-03,23.3700008392334,23.399999618530273,23.280000686645508,23.280000686645508,6700
2013-10-04,23.479999542236328,23.5,23.34000015258789,23.34000015258789,2600
2013-10-07,23.510000228881836,23.649999618530273,23.3799991607666,23.649999618530273,5000
2013-10-08,23.489999771118164,23.559999465942383,23.34000015258789,23.520000457763672,2800
2013-10-09,23.290000915527344,23.40999984741211,23.280000686645508,23.3799991607666,8300
2013-10-10,23.360000610351562,23.450000762939453,23.360000610351562,23.450000762939453,1500
2013-10-11,22.950000762939453,23.229999542236328,22.950000762939453,23.229999542236328,7700
2013-10-14,22.829999923706055,23.1299991607666,22.770000457763672,23.030000686645508,3000
2013-10-15,22.770000457763672,23.110000610351562,22.770000457763672,23.010000228881836,22500
2013-10-16,23.149999618530273,23.18000030517578,23.09000015258789,23.170000076293945,1700
2013-10-17,23.329999923706055,23.329999923706055,23.190000534057617,23.219999313354492,2700
2013-10-18,23.280000686645508,23.3700008392334,23.280000686645508,23.3700008392334,3100
2013-10-21,23.440000534057617,23.459999084472656,23.389999389648438,23.399999618530273,1500
2013-10-22,23.350000381469727,23.420000076293945,23.149999618530273,23.149999618530273,13600
2013-10-23,23.469999313354492,23.559999465942383,23.450000762939453,23.530000686645508,2800
2013-10-24,23.469999313354492,23.469999313354492,23.469999313354492,23.469999313354492,300
2013-10-25,23.200000762939453,23.479999542236328,23.200000762939453,23.479999542236328,5700
2013-10-28,22.860000610351562,23.010000228881836,22.860000610351562,23.010000228881836,8800
2013-10-29,22.959999084472656,23.0,22.540000915527344,22.739999771118164,3300
2013-10-30,23.040000915527344,23.100000381469727,23.020000457763672,23.09000015258789,3000
2013-10-31,22.84000015258789,23.0,22.84000015258789,23.0,1900
2013-11-01,22.600000381469727,22.8799991607666,22.600000381469727,22.8700008392334,9700
2013-11-04,22.709999084472656,22.75,22.709999084472656,22.75,200
2013-11-05,22.559999465942383,22.6200008392334,22.540000915527344,22.6200008392334,3100
2013-11-06,22.739999771118164,22.739999771118164,22.670000076293945,22.670000076293945,400
2013-11-07,22.639999389648438,22.75,22.600000381469727,22.600000381469727,2300
2013-11-08,23.15999984741211,23.18000030517578,22.799999237060547,22.799999237060547,2600
2013-11-11,23.229999542236328,23.31999969482422,22.719999313354492,22.719999313354492,3100
2013-11-12,23.459999084472656,23.489999771118164,23.399999618530273,23.399999618530273,1600
2013-11-13,23.5,23.5,23.420000076293945,23.5,2700
2013-11-14,23.469999313354492,23.520000457763672,23.420000076293945,23.520000457763672,5700
2013-11-15,22.889999389648438,23.350000381469727,22.889999389648438,23.350000381469727,8000
2013-11-18,22.989999771118164,23.059999465942383,22.989999771118164,23.030000686645508,1300
2013-11-19,22.940000534057617,22.950000762939453,22.809999465942383,22.90999984741211,3600
2013-11-20,22.969999313354492,23.0,22.889999389648438,23.0,12800
2013-11-21,23.149999618530273,23.149999618530273,22.829999923706055,22.829999923706055,3200
2013-11-22,23.489999771118164,23.510000228881836,23.200000762939453,23.200000762939453,8600
2013-11-25,23.479999542236328,23.549999237060547,23.0,23.0,6100
2013-11-26,23.450000762939453,23.450000762939453,23.399999618530273,23.40999984741211,500
2013-11-27,23.299999237060547,23.389999389648438,23.299999237060547,23.389999389648438,1800
2013-11-29,23.43000030517578,23.479999542236328,23.40999984741211,23.450000762939453,1900
2013-12-02,23.299999237060547,23.59000015258789,23.299999237060547,23.59000015258789,19800
2013-12-03,23.3700008392334,23.43000030517578,23.25,23.25,9500
2013-12-04,23.469999313354492,23.5,23.3700008392334,23.3700008392334,900
2013-12-05,23.389999389648438,23.459999084472656,23.350000381469727,23.459999084472656,1900
2013-12-06,23.329999923706055,23.350000381469727,23.329999923706055,23.350000381469727,1700
2013-12-09,23.719999313354492,23.729999542236328,23.530000686645508,23.530000686645508,3500
2013-12-10,23.600000381469727,23.770000457763672,23.559999465942383,23.770000457763672,8300
2013-12-11,23.690000534057617,23.690000534057617,23.530000686645508,23.6200008392334,1200
2013-12-12,23.420000076293945,23.420000076293945,23.31999969482422,23.34000015258789,10100
2013-12-13,23.420000076293945,23.420000076293945,23.25,23.25,1000
2013-12-16,23.489999771118164,23.489999771118164,23.43000030517578,23.43000030517578,4200
2013-12-17,23.65999984741211,23.690000534057617,23.56999969482422,23.56999969482422,5200
2013-12-18,23.40999984741211,23.760000228881836,23.40999984741211,23.75,1700
2013-12-19,23.520000457763672,23.520000457763672,23.389999389648438,23.389999389648438,4200
2013-12-20,23.690000534057617,23.719999313354492,23.610000610351562,23.6200008392334,11800
2013-12-23,23.489999771118164,23.600000381469727,23.489999771118164,23.56999969482422,4900
2013-12-24,23.489999771118164,23.489999771118164,23.489999771118164,23.489999771118164,0
2013-12-26,23.190000534057617,23.399999618530273,23.190000534057617,23.399999618530273,2000
2013-12-27,23.270000457763672,23.299999237060547,23.229999542236328,23.229999542236328,800
2013-12-30,23.229999542236328,23.229999542236328,23.219999313354492,23.219999313354492,300
2013-12-31,22.809999465942383,23.100000381469727,22.809999465942383,23.100000381469727,1800
2014-01-02,22.670000076293945,22.809999465942383,22.5,22.5,5700
2014-01-03,22.68000030517578,22.68000030517578,22.520000457763672,22.520000457763672,3100
2014-01-06,22.709999084472656,22.709999084472656,22.65999984741211,22.670000076293945,2100
2014-01-07,22.520000457763672,22.68000030517578,22.520000457763672,22.549999237060547,2700
2014-01-08,22.43000030517578,22.450000762939453,22.3700008392334,22.43000030517578,3700
2014-01-09,22.450000762939453,22.459999084472656,22.299999237060547,22.299999237060547,2100
2014-01-10,22.40999984741211,22.600000381469727,22.40999984741211,22.559999465942383,2500
2014-01-13,22.739999771118164,22.75,22.280000686645508,22.280000686645508,3300
2014-01-14,22.709999084472656,22.709999084472656,22.639999389648438,22.639999389648438,800
2014-01-15,22.959999084472656,22.989999771118164,22.700000762939453,22.700000762939453,6200
2014-01-16,23.020000457763672,23.100000381469727,23.020000457763672,23.100000381469727,3100
2014-01-17,23.040000915527344,23.040000915527344,22.899999618530273,22.940000534057617,800
2014-01-21,22.530000686645508,22.760000228881836,22.520000457763672,22.760000228881836,6100
2014-01-22,22.559999465942383,22.559999465942383,22.479999542236328,22.559999465942383,1600
2014-01-23,22.559999465942383,22.559999465942383,22.559999465942383,22.559999465942383,0
2014-01-24,22.5,22.5,22.40999984741211,22.450000762939453,3200
2014-01-27,22.540000915527344,22.540000915527344,22.469999313354492,22.5,800
2014-01-28,22.520000457763672,22.530000686645508,22.459999084472656,22.530000686645508,2100
2014-01-29,22.3700008392334,22.3700008392334,22.280000686645508,22.31999969482422,2400
2014-01-30,22.540000915527344,22.540000915527344,22.229999542236328,22.280000686645508,7300
2014-01-31,22.5,22.549999237060547,22.100000381469727,22.100000381469727,500
2014-02-03,22.68000030517578,22.75,22.200000762939453,22.209999084472656,2800
2014-02-04,22.8799991607666,22.90999984741211,22.700000762939453,22.700000762939453,4700
2014-02-05,22.8799991607666,22.8799991607666,22.8700008392334,22.8700008392334,1700
2014-02-06,23.06999969482422,23.489999771118164,22.989999771118164,22.989999771118164,10700
2014-02-07,23.059999465942383,23.100000381469727,23.049999237060547,23.100000381469727,3000
2014-02-10,23.09000015258789,23.43000030517578,23.09000015258789,23.43000030517578,2600
2014-02-11,23.170000076293945,23.469999313354492,22.75,22.75,6900
2014-02-12,23.06999969482422,23.100000381469727,22.75,22.75,2300
2014-02-13,23.290000915527344,23.3799991607666,23.170000076293945,23.18000030517578,4700
2014-02-14,23.270000457763672,23.5,21.510000228881836,23.5,9100
2014-02-18,23.610000610351562,23.649999618530273,22.200000762939453,23.280000686645508,12100
2014-02-19,23.600000381469727,23.649999618530273,23.299999237060547,23.299999237060547,5300
2014-02-20,23.690000534057617,23.690000534057617,23.299999237060547,23.299999237060547,6000
2014-02-21,23.8700008392334,23.8700008392334,23.6200008392334,23.6200008392334,1100
2014-02-24,24.010000228881836,24.100000381469727,23.40999984741211,23.989999771118164,27400
2014-02-25,24.209999084472656,24.209999084472656,24.139999389648438,24.139999389648438,1400
2014-02-26,24.290000915527344,24.329999923706055,24.239999771118164,24.25,1900
2014-02-27,24.059999465942383,24.719999313354492,23.0,24.309999465942383,12900
2014-02-28,24.59000015258789,24.59000015258789,23.75,23.75,2600
2014-03-03,24.489999771118164,25.829999923706055,24.309999465942383,25.489999771118164,30500
2014-03-04,24.68000030517578,25.5,23.110000610351562,24.979999542236328,9000
2014-03-05,24.690000534057617,24.850000381469727,23.170000076293945,24.68000030517578,8300
2014-03-06,24.790000915527344,25.09000015258789,24.739999771118164,25.09000015258789,4100
2014-03-07,25.049999237060547,25.06999969482422,24.799999237060547,25.0,7300
2014-03-10,24.5,25.299999237060547,24.5,25.219999313354492,5100
2014-03-11,24.6299991607666,24.719999313354492,24.540000915527344,24.65999984741211,8300
2014-03-12,24.200000762939453,24.219999313354492,23.520000457763672,23.899999618530273,25800
2014-03-13,24.329999923706055,24.469999313354492,24.110000610351562,24.25,2900
2014-03-14,24.139999389648438,24.260000228881836,23.610000610351562,23.65999984741211,6400
2014-03-17,24.190000534057617,24.459999084472656,23.649999618530273,24.459999084472656,6300
2014-03-18,24.489999771118164,26.510000228881836,24.3700008392334,25.239999771118164,21900
2014-03-19,24.889999389648438,24.889999389648438,24.3799991607666,24.649999618530273,7600
2014-03-20,24.489999771118164,24.75,23.760000228881836,24.350000381469727,5600
2014-03-21,24.350000381469727,24.420000076293945,24.139999389648438,24.139999389648438,2600
2014-03-24,24.459999084472656,24.549999237060547,24.139999389648438,24.549999237060547,4300
2014-03-25,24.770000457763672,24.770000457763672,24.0,24.770000457763672,3300
2014-03-26,24.06999969482422,24.799999237060547,24.06999969482422,24.31999969482422,11100
2014-03-27,24.639999389648438,24.639999389648438,23.719999313354492,24.399999618530273,2800
2014-03-28,24.6200008392334,24.649999618530273,24.329999923706055,24.329999923706055,3900
2014-03-31,24.579999923706055,24.639999389648438,24.389999389648438,24.440000534057617,3600
2014-04-01,25.540000915527344,25.579999923706055,24.579999923706055,24.579999923706055,14500
2014-04-02,24.979999542236328,25.540000915527344,24.979999542236328,25.540000915527344,11700
2014-04-03,24.979999542236328,25.1200008392334,24.850000381469727,24.90999984741211,6800
2014-04-04,25.09000015258789,25.15999984741211,25.079999923706055,25.110000610351562,1300
2014-04-07,25.059999465942383,25.31999969482422,25.049999237060547,25.31999969482422,13800
2014-04-08,25.34000015258789,25.420000076293945,24.969999313354492,24.969999313354492,6800
2014-04-09,25.56999969482422,25.600000381469727,24.950000762939453,25.579999923706055,9200
2014-04-10,25.399999618530273,25.850000381469727,25.3700008392334,25.850000381469727,4900
2014-04-11,25.18000030517578,25.600000381469727,25.010000228881836,25.600000381469727,5900
2014-04-14,25.280000686645508,25.350000381469727,25.270000457763672,25.270000457763672,1700
2014-04-15,25.56999969482422,25.75,25.280000686645508,25.520000457763672,27000
2014-04-16,25.8700008392334,25.950000762939453,25.40999984741211,25.40999984741211,16100
2014-04-17,25.860000610351562,26.329999923706055,25.719999313354492,26.149999618530273,30600
2014-04-21,25.09000015258789,25.600000381469727,25.09000015258789,25.420000076293945,4300
2014-04-22,25.329999923706055,25.75,25.170000076293945,25.170000076293945,12000
2014-04-23,25.59000015258789,25.59000015258789,25.3799991607666,25.440000534057617,5500
2014-04-24,25.530000686645508,25.860000610351562,25.469999313354492,25.860000610351562,3100
2014-04-25,25.770000457763672,25.860000610351562,25.65999984741211,25.860000610351562,15500
2014-04-28,25.790000915527344,26.489999771118164,25.770000457763672,25.959999084472656,5100
2014-04-29,25.979999542236328,26.0,25.600000381469727,25.600000381469727,10700
2014-04-30,26.06999969482422,26.790000915527344,25.90999984741211,26.790000915527344,5600
2014-05-01,25.399999618530273,25.760000228881836,25.0,25.68000030517578,9900
2014-05-02,25.479999542236328,25.540000915527344,25.209999084472656,25.209999084472656,3500
2014-05-05,25.489999771118164,25.520000457763672,25.40999984741211,25.40999984741211,3300
2014-05-06,25.3700008392334,25.440000534057617,25.200000762939453,25.260000228881836,5200
2014-05-07,25.190000534057617,25.329999923706055,25.190000534057617,25.329999923706055,1600
2014-05-08,25.40999984741211,25.450000762939453,25.360000610351562,25.360000610351562,1900
2014-05-09,25.530000686645508,25.59000015258789,25.15999984741211,25.15999984741211,4600
2014-05-12,25.25,25.700000762939453,24.3799991607666,25.700000762939453,6200
2014-05-13,25.450000762939453,25.75,25.299999237060547,25.75,3800
2014-05-14,25.510000228881836,25.510000228881836,25.270000457763672,25.469999313354492,5600
2014-05-15,25.420000076293945,25.600000381469727,25.360000610351562,25.600000381469727,7200
2014-05-16,25.459999084472656,25.989999771118164,25.100000381469727,25.200000762939453,4600
2014-05-19,25.770000457763672,25.81999969482422,25.489999771118164,25.56999969482422,5600
2014-05-20,25.65999984741211,26.0,25.600000381469727,25.600000381469727,2300
2014-05-21,25.700000762939453,26.399999618530273,25.700000762939453,26.399999618530273,2300
2014-05-22,26.280000686645508,26.5,26.25,26.389999389648438,9500
2014-05-23,26.31999969482422,27.309999465942383,26.110000610351562,27.0,5700
2014-05-27,25.709999084472656,26.600000381469727,25.110000610351562,26.31999969482422,18700
2014-05-28,25.81999969482422,25.81999969482422,25.520000457763672,25.520000457763672,800
2014-05-29,25.739999771118164,25.739999771118164,25.739999771118164,25.739999771118164,600
2014-05-30,25.549999237060547,25.75,25.549999237060547,25.729999542236328,5700
2014-06-02,25.5,25.610000610351562,25.420000076293945,25.450000762939453,5100
2014-06-03,25.360000610351562,25.450000762939453,25.18000030517578,25.18000030517578,5400
2014-06-04,25.309999465942383,25.420000076293945,25.309999465942383,25.3799991607666,1000
2014-06-05,25.229999542236328,25.31999969482422,24.81999969482422,25.31999969482422,29500
2014-06-06,25.40999984741211,25.40999984741211,25.219999313354492,25.260000228881836,16100
2014-06-09,25.59000015258789,25.59000015258789,24.920000076293945,25.200000762939453,15900
2014-06-10,25.530000686645508,25.540000915527344,25.309999465942383,25.309999465942383,5400
2014-06-11,25.420000076293945,25.489999771118164,25.34000015258789,25.489999771118164,3400
2014-06-12,25.020000457763672,25.68000030517578,25.020000457763672,25.68000030517578,4200
2014-06-13,25.389999389648438,25.420000076293945,24.6200008392334,24.6200008392334,6200
2014-06-16,25.260000228881836,25.790000915527344,25.260000228881836,25.65999984741211,2700
2014-06-17,25.079999923706055,25.260000228881836,25.040000915527344,25.25,7900
2014-06-18,25.200000762939453,25.290000915527344,25.06999969482422,25.06999969482422,1700
2014-06-19,25.450000762939453,25.530000686645508,25.0,25.0,4000
2014-06-20,25.510000228881836,25.510000228881836,25.260000228881836,25.260000228881836,800
2014-06-23,25.700000762939453,25.700000762939453,25.450000762939453,25.6299991607666,2500
2014-06-24,25.3700008392334,25.459999084472656,25.290000915527344,25.459999084472656,3500
2014-06-25,25.420000076293945,25.420000076293945,25.420000076293945,25.420000076293945,700
2014-06-26,25.65999984741211,25.65999984741211,25.6299991607666,25.6299991607666,1200
2014-06-27,25.329999923706055,25.719999313354492,25.309999465942383,25.719999313354492,2700
2014-06-30,23.90999984741211,25.3700008392334,23.520000457763672,25.100000381469727,20400
2014-07-01,24.09000015258789,24.09000015258789,23.540000915527344,23.649999618530273,9500
2014-07-02,23.899999618530273,24.0,23.799999237060547,24.0,10200
2014-07-03,23.709999084472656,23.899999618530273,23.709999084472656,23.899999618530273,20600
2014-07-07,23.610000610351562,23.639999389648438,23.350000381469727,23.5,14700
2014-07-08,23.3700008392334,23.850000381469727,23.3700008392334,23.850000381469727,6900
2014-07-09,23.059999465942383,23.299999237060547,23.030000686645508,23.299999237060547,7000
2014-07-10,22.860000610351562,23.0,22.520000457763672,23.0,18900
2014-07-11,22.520000457763672,22.780000686645508,22.440000534057617,22.770000457763672,7500
2014-07-14,22.75,22.809999465942383,22.649999618530273,22.649999618530273,17200
2014-07-15,22.739999771118164,22.739999771118164,22.459999084472656,22.56999969482422,11700
2014-07-16,23.059999465942383,23.1299991607666,22.93000030517578,23.1299991607666,15100
2014-07-17,22.8799991607666,23.34000015258789,22.8700008392334,23.34000015258789,6200
2014-07-18,22.75,23.010000228881836,22.75,22.84000015258789,1900
2014-07-21,22.540000915527344,22.950000762939453,22.34000015258789,22.420000076293945,7300
2014-07-22,22.200000762939453,22.670000076293945,22.200000762939453,22.309999465942383,9900
2014-07-23,22.530000686645508,22.559999465942383,22.309999465942383,22.309999465942383,4900
2014-07-24,22.670000076293945,22.829999923706055,22.59000015258789,22.829999923706055,9700
2014-07-25,23.020000457763672,23.020000457763672,22.350000381469727,22.5,8900
2014-07-28,23.079999923706055,23.549999237060547,22.81999969482422,23.239999771118164,7300
2014-07-29,22.780000686645508,22.829999923706055,22.75,22.799999237060547,7200
2014-07-30,22.579999923706055,22.719999313354492,22.549999237060547,22.6299991607666,4000
2014-07-31,22.670000076293945,22.68000030517578,22.579999923706055,22.610000610351562,4600
2014-08-01,22.18000030517578,22.719999313354492,22.139999389648438,22.719999313354492,9200
2014-08-04,22.600000381469727,22.6200008392334,22.450000762939453,22.530000686645508,4000
2014-08-05,22.209999084472656,23.030000686645508,22.18000030517578,23.030000686645508,10400
2014-08-06,22.43000030517578,22.459999084472656,22.329999923706055,22.329999923706055,4900
2014-08-07,22.469999313354492,22.489999771118164,22.40999984741211,22.469999313354492,4800
2014-08-08,22.540000915527344,22.540000915527344,22.5,22.5,900
2014-08-11,22.350000381469727,22.670000076293945,22.290000915527344,22.290000915527344,3700
2014-08-12,22.100000381469727,22.25,21.889999389648438,22.25,4800
2014-08-13,21.90999984741211,22.06999969482422,21.8700008392334,22.06999969482422,2000
2014-08-14,22.0,22.100000381469727,21.860000610351562,21.860000610351562,1600
2014-08-15,21.950000762939453,22.100000381469727,21.90999984741211,22.100000381469727,2100
2014-08-18,21.989999771118164,22.09000015258789,21.920000076293945,21.920000076293945,5300
2014-08-19,21.8700008392334,21.899999618530273,21.829999923706055,21.8700008392334,2800
2014-08-20,21.700000762939453,21.950000762939453,21.649999618530273,21.950000762939453,6000
2014-08-21,21.729999542236328,21.84000015258789,21.690000534057617,21.690000534057617,6100
2014-08-22,21.770000457763672,22.0,21.729999542236328,22.0,2500
2014-08-25,21.5,21.690000534057617,21.420000076293945,21.690000534057617,13900
2014-08-26,21.540000915527344,21.540000915527344,21.329999923706055,21.5,4700
2014-08-27,21.40999984741211,21.59000015258789,21.40999984741211,21.59000015258789,3000
2014-08-28,21.520000457763672,21.59000015258789,21.389999389648438,21.43000030517578,12200
2014-08-29,21.43000030517578,21.5,21.350000381469727,21.5,2600
2014-09-02,21.59000015258789,21.6200008392334,21.469999313354492,21.469999313354492,3300
2014-09-03,21.34000015258789,21.520000457763672,21.139999389648438,21.520000457763672,7600
2014-09-04,21.010000228881836,21.34000015258789,20.979999542236328,21.34000015258789,5100
2014-09-05,21.290000915527344,21.34000015258789,21.030000686645508,21.110000610351562,4800
2014-09-08,21.09000015258789,21.360000610351562,21.09000015258789,21.360000610351562,1800
2014-09-09,20.75,20.940000534057617,20.719999313354492,20.889999389648438,4700
2014-09-10,20.780000686645508,20.8799991607666,20.649999618530273,20.649999618530273,3200
2014-09-11,20.489999771118164,20.709999084472656,20.299999237060547,20.65999984741211,5500
2014-09-12,20.5,20.559999465942383,20.459999084472656,20.520000457763672,1200
2014-09-15,20.56999969482422,20.719999313354492,20.510000228881836,20.600000381469727,6800
2014-09-16,20.559999465942383,20.65999984741211,20.459999084472656,20.600000381469727,5700
2014-09-17,20.559999465942383,20.559999465942383,20.489999771118164,20.489999771118164,1900
2014-09-18,20.389999389648438,21.8700008392334,20.309999465942383,21.489999771118164,4100
2014-09-19,20.049999237060547,20.299999237060547,20.040000915527344,20.299999237060547,5000
2014-09-22,19.59000015258789,20.139999389648438,19.540000915527344,20.139999389648438,6600
2014-09-23,19.670000076293945,19.670000076293945,19.389999389648438,19.389999389648438,4600
2014-09-24,19.6200008392334,19.709999084472656,19.59000015258789,19.670000076293945,3900
2014-09-25,19.420000076293945,19.520000457763672,19.389999389648438,19.520000457763672,3800
2014-09-26,19.170000076293945,19.260000228881836,19.149999618530273,19.260000228881836,1900
2014-09-29,19.43000030517578,19.440000534057617,19.06999969482422,19.149999618530273,4100
2014-09-30,19.139999389648438,19.229999542236328,19.06999969482422,19.06999969482422,3900
2014-10-01,19.229999542236328,19.31999969482422,19.079999923706055,19.149999618530273,11700
2014-10-02,19.479999542236328,19.489999771118164,19.219999313354492,19.450000762939453,3900
2014-10-03,19.079999923706055,19.3700008392334,19.06999969482422,19.3700008392334,8500
2014-10-06,19.739999771118164,19.739999771118164,19.329999923706055,19.34000015258789,4300
2014-10-07,19.770000457763672,21.25,19.65999984741211,21.25,12500
2014-10-08,19.649999618530273,19.75,19.489999771118164,19.75,10800
2014-10-09,19.790000915527344,20.0,19.719999313354492,20.0,5200
2014-10-10,19.3700008392334,19.93000030517578,19.34000015258789,19.579999923706055,11800
2014-10-13,19.760000228881836,19.850000381469727,19.389999389648438,19.399999618530273,7500
2014-10-14,20.200000762939453,20.270000457763672,19.799999237060547,20.030000686645508,29800
2014-10-15,19.8799991607666,20.440000534057617,19.8700008392334,20.200000762939453,13000
2014-10-16,20.219999313354492,20.219999313354492,19.90999984741211,20.0,16700
2014-10-17,19.8799991607666,20.079999923706055,19.8799991607666,20.049999237060547,6800
2014-10-20,19.770000457763672,19.770000457763672,19.579999923706055,19.760000228881836,7000
2014-10-21,20.15999984741211,20.15999984741211,19.899999618530273,19.950000762939453,5300
2014-10-22,20.079999923706055,20.3700008392334,20.020000457763672,20.350000381469727,13100
2014-10-23,20.649999618530273,22.469999313354492,20.1299991607666,22.219999313354492,196600
2014-10-24,20.280000686645508,20.68000030517578,20.25,20.670000076293945,67700
2014-10-27,20.809999465942383,20.81999969482422,20.100000381469727,20.25,24100
2014-10-28,20.780000686645508,21.010000228881836,20.75,21.010000228881836,30300
2014-10-29,21.510000228881836,21.510000228881836,20.889999389648438,20.889999389648438,27200
2014-10-30,21.110000610351562,21.299999237060547,21.079999923706055,21.299999237060547,19000
2014-10-31,21.3700008392334,21.489999771118164,20.860000610351562,21.030000686645508,30100
2014-11-03,21.1200008392334,21.299999237060547,21.059999465942383,21.299999237060547,41500
2014-11-04,20.709999084472656,20.8799991607666,20.6200008392334,20.860000610351562,34400
2014-11-05,20.920000076293945,20.940000534057617,20.450000762939453,20.940000534057617,23500
2014-11-06,21.049999237060547,21.209999084472656,20.81999969482422,20.81999969482422,18300
2014-11-07,21.290000915527344,21.290000915527344,20.90999984741211,21.030000686645508,51200
2014-11-10,20.969999313354492,21.510000228881836,20.920000076293945,21.450000762939453,30200
2014-11-11,21.739999771118164,21.829999923706055,20.979999542236328,21.0,16700
2014-11-12,21.459999084472656,22.1200008392334,21.389999389648438,21.950000762939453,33900
2014-11-13,21.639999389648438,21.84000015258789,21.459999084472656,21.5,23500
2014-11-14,21.030000686645508,21.5,20.940000534057617,21.5,28500
2014-11-17,21.229999542236328,21.290000915527344,20.81999969482422,21.040000915527344,22500
2014-11-18,20.969999313354492,21.290000915527344,20.969999313354492,21.290000915527344,9900
2014-11-19,20.600000381469727,20.790000915527344,20.579999923706055,20.790000915527344,14700
2014-11-20,20.950000762939453,20.950000762939453,20.59000015258789,20.59000015258789,10800
2014-11-21,21.239999771118164,21.239999771118164,20.920000076293945,20.969999313354492,15300
2014-11-24,21.139999389648438,21.200000762939453,20.989999771118164,21.040000915527344,26100
2014-11-25,21.360000610351562,21.450000762939453,21.280000686645508,21.329999923706055,12300
2014-11-26,21.329999923706055,21.389999389648438,21.200000762939453,21.389999389648438,6500
2014-11-28,20.729999542236328,21.479999542236328,20.700000762939453,21.479999542236328,16600
2014-12-01,20.81999969482422,20.84000015258789,20.649999618530273,20.700000762939453,12400
2014-12-02,20.360000610351562,20.84000015258789,20.350000381469727,20.799999237060547,25100
2014-12-03,20.469999313354492,20.469999313354492,19.969999313354492,20.299999237060547,34600
2014-12-04,20.610000610351562,20.729999542236328,20.3799991607666,20.510000228881836,12900
2014-12-05,21.149999618530273,21.190000534057617,20.610000610351562,20.610000610351562,18900
2014-12-08,21.209999084472656,21.3799991607666,21.1299991607666,21.200000762939453,10800
2014-12-09,21.31999969482422,21.3700008392334,21.209999084472656,21.25,7700
2014-12-10,21.049999237060547,21.31999969482422,20.959999084472656,21.31999969482422,10500
2014-12-11,21.190000534057617,21.239999771118164,20.989999771118164,21.010000228881836,6900
2014-12-12,21.270000457763672,21.420000076293945,21.079999923706055,21.389999389648438,15900
2014-12-15,21.06999969482422,21.290000915527344,21.06999969482422,21.290000915527344,7900
2014-12-16,20.8700008392334,21.079999923706055,20.8700008392334,21.0,3700
2014-12-17,21.0,21.06999969482422,20.760000228881836,20.84000015258789,14400
2014-12-18,21.139999389648438,21.229999542236328,21.059999465942383,21.18000030517578,14200
2014-12-19,21.110000610351562,21.110000610351562,20.920000076293945,21.06999969482422,10000
2014-12-22,21.200000762939453,21.290000915527344,21.010000228881836,21.200000762939453,8700
2014-12-23,21.170000076293945,21.389999389648438,21.149999618530273,21.149999618530273,7400
2014-12-24,21.010000228881836,21.1299991607666,21.010000228881836,21.1299991607666,700
2014-12-26,21.399999618530273,21.399999618530273,21.1299991607666,21.190000534057617,17300
2014-12-29,21.290000915527344,21.6200008392334,21.209999084472656,21.459999084472656,12300
2014-12-30,21.15999984741211,21.360000610351562,21.15999984741211,21.260000228881836,7000
2014-12-31,20.760000228881836,21.049999237060547,20.75,21.010000228881836,24100
2015-01-02,20.450000762939453,20.68000030517578,20.450000762939453,20.65999984741211,23000
2015-01-05,21.170000076293945,21.219999313354492,20.649999618530273,20.649999618530273,11800
2015-01-06,21.3700008392334,21.479999542236328,21.18000030517578,21.479999542236328,14200
2015-01-07,21.299999237060547,21.420000076293945,21.229999542236328,21.399999618530273,10400
2015-01-08,21.139999389648438,21.40999984741211,21.110000610351562,21.40999984741211,11400
2015-01-09,21.190000534057617,21.25,21.110000610351562,21.110000610351562,28500
2015-01-12,20.549999237060547,21.18000030517578,20.549999237060547,21.18000030517578,28200
2015-01-13,20.399999618530273,20.729999542236328,20.31999969482422,20.65999984741211,32800
2015-01-14,20.489999771118164,20.520000457763672,20.170000076293945,20.350000381469727,24200
2015-01-15,20.09000015258789,20.549999237060547,20.020000457763672,20.549999237060547,17300
2015-01-16,20.06999969482422,20.149999618530273,19.969999313354492,20.0,14200
2015-01-20,19.899999618530273,19.969999313354492,19.729999542236328,19.959999084472656,41300
2015-01-21,19.90999984741211,20.309999465942383,19.260000228881836,19.260000228881836,16500
2015-01-22,19.799999237060547,20.020000457763672,19.799999237060547,20.020000457763672,5700
2015-01-23,19.719999313354492,19.850000381469727,19.649999618530273,19.670000076293945,13100
2015-01-26,19.8799991607666,19.8799991607666,19.739999771118164,19.829999923706055,2700
2015-01-27,19.770000457763672,19.979999542236328,19.770000457763672,19.979999542236328,12000
2015-01-28,19.68000030517578,19.850000381469727,19.649999618530273,19.770000457763672,9600
2015-01-29,19.6299991607666,19.780000686645508,19.299999237060547,19.5,7600
2015-01-30,19.489999771118164,19.670000076293945,19.3799991607666,19.670000076293945,9600
2015-02-02,19.489999771118164,19.549999237060547,19.43000030517578,19.5,5200
2015-02-03,19.920000076293945,20.219999313354492,19.690000534057617,19.690000534057617,15800
2015-02-04,19.690000534057617,19.770000457763672,19.649999618530273,19.770000457763672,8600
2015-02-05,19.920000076293945,19.920000076293945,19.84000015258789,19.850000381469727,3200
2015-02-06,19.719999313354492,19.8700008392334,19.68000030517578,19.84000015258789,84800
2015-02-09,19.809999465942383,19.899999618530273,19.700000762939453,19.700000762939453,28400
2015-02-10,19.600000381469727,19.920000076293945,19.360000610351562,19.790000915527344,25200
2015-02-11,19.739999771118164,19.760000228881836,19.579999923706055,19.579999923706055,5300
2015-02-12,19.829999923706055,19.860000610351562,19.670000076293945,19.790000915527344,18700
2015-02-13,20.030000686645508,20.1299991607666,19.950000762939453,19.969999313354492,26000
2015-02-17,20.360000610351562,20.360000610351562,20.059999465942383,20.059999465942383,16900
2015-02-18,20.09000015258789,20.329999923706055,20.030000686645508,20.329999923706055,9200
2015-02-19,20.280000686645508,20.469999313354492,20.100000381469727,20.100000381469727,9400
2015-02-20,20.139999389648438,20.219999313354492,20.139999389648438,20.18000030517578,17200
2015-02-23,20.149999618530273,20.360000610351562,20.030000686645508,20.360000610351562,24500
2015-02-24,20.489999771118164,20.700000762939453,20.290000915527344,20.290000915527344,24700
2015-02-25,20.239999771118164,20.479999542236328,20.239999771118164,20.450000762939453,5800
2015-02-26,20.59000015258789,20.6299991607666,20.350000381469727,20.389999389648438,6000
2015-02-27,20.649999618530273,20.770000457763672,20.530000686645508,20.530000686645508,12300
2015-03-02,20.3799991607666,20.899999618530273,20.329999923706055,20.809999465942383,23300
2015-03-03,20.389999389648438,20.399999618530273,20.170000076293945,20.280000686645508,8700
2015-03-04,20.010000228881836,20.200000762939453,20.0,20.200000762939453,13900
2015-03-05,19.809999465942383,20.049999237060547,19.809999465942383,19.989999771118164,17900
2015-03-06,19.790000915527344,19.860000610351562,19.690000534057617,19.739999771118164,7800
2015-03-09,19.969999313354492,20.06999969482422,19.93000030517578,19.93000030517578,4100
2015-03-10,19.790000915527344,19.920000076293945,19.790000915527344,19.899999618530273,3900
2015-03-11,19.950000762939453,20.030000686645508,19.8799991607666,19.899999618530273,2700
2015-03-12,19.889999389648438,20.049999237060547,19.860000610351562,20.049999237060547,4300
2015-03-13,19.59000015258789,19.760000228881836,19.59000015258789,19.760000228881836,3700
2015-03-16,19.540000915527344,19.670000076293945,19.5,19.559999465942383,33100
2015-03-17,19.290000915527344,19.489999771118164,19.219999313354492,19.489999771118164,25600
2015-03-18,19.5,19.5,19.219999313354492,19.350000381469727,7300
2015-03-19,19.389999389648438,19.510000228881836,19.3799991607666,19.5,2700
2015-03-20,19.559999465942383,19.68000030517578,19.520000457763672,19.530000686645508,13000
2015-03-23,19.780000686645508,19.899999618530273,19.719999313354492,19.719999313354492,10500
2015-03-24,19.700000762939453,19.729999542236328,19.649999618530273,19.649999618530273,4800
2015-03-25,19.639999389648438,19.809999465942383,19.610000610351562,19.75,4900
2015-03-26,19.56999969482422,19.649999618530273,19.56999969482422,19.649999618530273,1400
2015-03-27,19.440000534057617,19.559999465942383,19.440000534057617,19.559999465942383,3900
2015-03-30,19.5,19.6299991607666,19.450000762939453,19.450000762939453,3900
2015-03-31,19.6299991607666,19.649999618530273,19.219999313354492,19.399999618530273,4600
2015-04-01,19.920000076293945,19.969999313354492,19.6299991607666,19.6299991607666,7300
2015-04-02,20.040000915527344,20.040000915527344,19.850000381469727,19.8700008392334,5400
2015-04-06,19.899999618530273,20.0,19.829999923706055,20.0,1700
2015-04-07,19.709999084472656,19.729999542236328,19.68000030517578,19.729999542236328,1000
2015-04-08,19.639999389648438,19.729999542236328,19.6200008392334,19.700000762939453,4400
2015-04-09,19.350000381469727,19.610000610351562,19.299999237060547,19.610000610351562,5500
2015-04-10,19.299999237060547,19.440000534057617,19.0,19.350000381469727,9300
2015-04-13,19.200000762939453,19.350000381469727,19.200000762939453,19.299999237060547,3600
2015-04-14,19.440000534057617,19.479999542236328,19.270000457763672,19.360000610351562,6600
2015-04-15,19.5,19.68000030517578,19.450000762939453,19.450000762939453,3100
2015-04-16,19.510000228881836,19.510000228881836,19.350000381469727,19.489999771118164,1400
2015-04-17,19.579999923706055,19.610000610351562,19.459999084472656,19.510000228881836,2600
2015-04-20,19.639999389648438,19.709999084472656,19.610000610351562,19.610000610351562,3700
2015-04-21,19.610000610351562,19.610000610351562,19.5,19.559999465942383,12300
2015-04-22,19.530000686645508,19.59000015258789,19.450000762939453,19.59000015258789,5700
2015-04-23,19.700000762939453,19.770000457763672,19.600000381469727,19.600000381469727,11600
2015-04-24,19.510000228881836,19.59000015258789,19.5,19.579999923706055,1500
2015-04-27,19.56999969482422,19.649999618530273,19.530000686645508,19.600000381469727,5100
2015-04-28,19.530000686645508,19.760000228881836,19.530000686645508,19.59000015258789,6400
2015-04-29,19.719999313354492,19.75,19.540000915527344,19.540000915527344,5400
2015-04-30,19.56999969482422,19.809999465942383,19.489999771118164,19.770000457763672,12900
2015-05-01,19.280000686645508,19.31999969482422,19.270000457763672,19.280000686645508,2900
2015-05-04,19.540000915527344,19.540000915527344,19.450000762939453,19.450000762939453,2700
2015-05-05,19.6299991607666,19.6299991607666,19.469999313354492,19.510000228881836,3900
2015-05-06,19.56999969482422,19.719999313354492,19.56999969482422,19.719999313354492,2700
2015-05-07,19.520000457763672,19.520000457763672,19.459999084472656,19.479999542236328,2600
2015-05-08,19.489999771118164,19.510000228881836,19.3799991607666,19.510000228881836,29200
2015-05-11,19.489999771118164,19.540000915527344,19.459999084472656,19.489999771118164,3000
2015-05-12,19.139999389648438,19.530000686645508,19.110000610351562,19.469999313354492,10700
2015-05-13,19.18000030517578,19.260000228881836,19.1299991607666,19.260000228881836,8200
2015-05-14,19.270000457763672,19.270000457763672,19.149999618530273,19.239999771118164,20500
2015-05-15,19.18000030517578,19.389999389648438,19.139999389648438,19.389999389648438,24300
2015-05-18,19.25,19.350000381469727,19.18000030517578,19.209999084472656,27200
2015-05-19,18.959999084472656,19.1200008392334,18.940000534057617,19.110000610351562,19400
2015-05-20,18.920000076293945,18.920000076293945,18.809999465942383,18.850000381469727,19700
2015-05-21,18.799999237060547,18.950000762939453,18.799999237060547,18.93000030517578,30000
2015-05-22,18.670000076293945,18.899999618530273,18.600000381469727,18.899999618530273,19700
2015-05-26,18.540000915527344,18.65999984741211,18.510000228881836,18.59000015258789,13800
2015-05-27,18.6299991607666,18.690000534057617,18.510000228881836,18.68000030517578,8200
2015-05-28,18.489999771118164,18.65999984741211,18.469999313354492,18.639999389648438,3700
2015-05-29,18.56999969482422,18.670000076293945,18.530000686645508,18.549999237060547,8900
2015-06-01,18.510000228881836,18.559999465942383,18.43000030517578,18.479999542236328,13900
2015-06-02,18.75,18.84000015258789,18.75,18.780000686645508,6400
2015-06-03,18.760000228881836,18.920000076293945,18.700000762939453,18.75,16500
2015-06-04,18.90999984741211,18.969999313354492,18.850000381469727,18.850000381469727,16300
2015-06-05,18.780000686645508,19.0,18.75,18.889999389648438,16800
2015-06-08,18.889999389648438,18.889999389648438,18.770000457763672,18.780000686645508,3300
2015-06-09,18.889999389648438,18.969999313354492,18.850000381469727,18.90999984741211,9000
2015-06-10,18.889999389648438,19.040000915527344,18.81999969482422,19.0,6600
2015-06-11,18.6299991607666,18.780000686645508,18.540000915527344,18.770000457763672,9700
2015-06-12,18.510000228881836,18.56999969482422,18.469999313354492,18.479999542236328,4300
2015-06-15,18.520000457763672,18.520000457763672,18.350000381469727,18.469999313354492,6000
2015-06-16,18.8700008392334,18.93000030517578,18.559999465942383,18.59000015258789,10000
2015-06-17,19.059999465942383,19.139999389648438,18.979999542236328,19.020000457763672,17600
2015-06-18,19.110000610351562,19.200000762939453,18.989999771118164,19.049999237060547,7200
2015-06-19,19.079999923706055,19.149999618530273,19.030000686645508,19.06999969482422,10900
2015-06-22,19.479999542236328,19.479999542236328,19.149999618530273,19.170000076293945,35900
2015-06-23,19.469999313354492,19.5,19.270000457763672,19.469999313354492,18800
2015-06-24,19.40999984741211,19.549999237060547,19.350000381469727,19.389999389648438,5800
2015-06-25,19.670000076293945,19.770000457763672,19.5,19.5,19300
2015-06-26,19.75,20.1200008392334,19.75,19.989999771118164,24100
2015-06-29,19.729999542236328,19.959999084472656,19.670000076293945,19.8799991607666,20500
2015-06-30,20.489999771118164,20.610000610351562,19.59000015258789,19.59000015258789,56400
2015-07-01,20.540000915527344,20.790000915527344,20.299999237060547,20.65999984741211,86000
2015-07-02,20.530000686645508,20.709999084472656,20.329999923706055,20.329999923706055,30200
2015-07-06,20.34000015258789,20.459999084472656,20.239999771118164,20.25,22300
2015-07-07,19.81999969482422,20.25,19.719999313354492,20.25,31700
2015-07-08,19.760000228881836,20.0,19.670000076293945,19.670000076293945,46900
2015-07-09,20.280000686645508,20.459999084472656,20.149999618530273,20.149999618530273,25400
2015-07-10,20.350000381469727,20.559999465942383,20.25,20.3799991607666,16300
2015-07-13,20.440000534057617,20.5,20.25,20.25,16400
2015-07-14,20.3799991607666,20.530000686645508,20.3799991607666,20.530000686645508,6500
2015-07-15,20.219999313354492,20.31999969482422,20.170000076293945,20.239999771118164,11500
2015-07-16,20.1200008392334,20.479999542236328,20.030000686645508,20.420000076293945,31800
2015-07-17,20.049999237060547,20.139999389648438,20.0,20.010000228881836,21700
2015-07-20,19.899999618530273,20.040000915527344,19.799999237060547,19.84000015258789,25800
2015-07-21,19.969999313354492,20.09000015258789,19.950000762939453,20.0,15300
2015-07-22,19.81999969482422,19.989999771118164,19.729999542236328,19.860000610351562,11200
2015-07-23,19.540000915527344,19.81999969482422,19.510000228881836,19.81999969482422,13800
2015-07-24,19.219999313354492,19.489999771118164,19.059999465942383,19.450000762939453,14900
2015-07-27,18.670000076293945,19.09000015258789,18.65999984741211,19.040000915527344,22700
2015-07-28,18.90999984741211,18.979999542236328,18.760000228881836,18.829999923706055,10000
2015-07-29,18.899999618530273,19.049999237060547,18.8700008392334,18.8700008392334,9100
2015-07-30,19.030000686645508,19.030000686645508,18.950000762939453,19.0,4700
2015-07-31,18.809999465942383,19.0,18.799999237060547,19.0,13800
2015-08-03,18.809999465942383,18.809999465942383,18.6299991607666,18.6299991607666,4300
2015-08-04,18.920000076293945,18.959999084472656,18.920000076293945,18.920000076293945,8900
2015-08-05,18.989999771118164,19.049999237060547,18.979999542236328,19.049999237060547,9600
2015-08-06,18.84000015258789,19.0,18.780000686645508,19.0,12300
2015-08-07,19.219999313354492,19.219999313354492,18.959999084472656,18.959999084472656,12400
2015-08-10,19.790000915527344,19.790000915527344,19.3700008392334,19.3700008392334,11000
2015-08-11,19.3700008392334,19.549999237060547,19.290000915527344,19.520000457763672,2900
2015-08-12,18.350000381469727,19.34000015258789,18.049999237060547,19.34000015258789,39400
2015-08-13,18.649999618530273,18.649999618530273,18.3799991607666,18.3799991607666,10700
2015-08-14,18.389999389648438,18.479999542236328,18.34000015258789,18.360000610351562,21300
2015-08-17,18.459999084472656,18.479999542236328,18.40999984741211,18.469999313354492,4200
2015-08-18,18.209999084472656,18.290000915527344,18.18000030517578,18.290000915527344,6100
2015-08-19,18.030000686645508,18.280000686645508,17.959999084472656,18.239999771118164,22200
2015-08-20,18.280000686645508,18.280000686645508,18.0,18.020000457763672,7700
2015-08-21,17.989999771118164,18.200000762939453,17.959999084472656,18.200000762939453,2600
2015-08-24,17.65999984741211,17.850000381469727,17.139999389648438,17.799999237060547,10500
2015-08-25,17.65999984741211,17.780000686645508,17.65999984741211,17.65999984741211,14000
2015-08-26,17.43000030517578,17.670000076293945,17.43000030517578,17.670000076293945,4200
2015-08-27,17.68000030517578,17.780000686645508,17.56999969482422,17.610000610351562,7300
2015-08-28,17.799999237060547,17.84000015258789,17.790000915527344,17.799999237060547,1400
2015-08-31,17.899999618530273,17.899999618530273,17.600000381469727,17.739999771118164,21600
2015-09-01,17.649999618530273,17.729999542236328,17.559999465942383,17.729999542236328,11500
2015-09-02,17.6200008392334,17.649999618530273,17.420000076293945,17.649999618530273,7600
2015-09-03,17.530000686645508,17.719999313354492,17.510000228881836,17.719999313354492,9100
2015-09-04,17.420000076293945,17.549999237060547,17.40999984741211,17.549999237060547,4000
2015-09-08,17.6200008392334,17.670000076293945,17.549999237060547,17.639999389648438,6000
2015-09-09,17.520000457763672,17.770000457763672,17.520000457763672,17.770000457763672,3900
2015-09-10,17.579999923706055,17.690000534057617,17.5,17.510000228881836,3900
2015-09-11,17.600000381469727,17.6299991607666,17.229999542236328,17.510000228881836,30300
2015-09-14,17.760000228881836,17.84000015258789,17.729999542236328,17.84000015258789,10100
2015-09-15,17.860000610351562,17.950000762939453,17.780000686645508,17.780000686645508,15800
2015-09-16,17.850000381469727,18.0,17.81999969482422,17.81999969482422,1900
2015-09-17,17.8799991607666,17.8799991607666,17.799999237060547,17.799999237060547,3000
2015-09-18,17.540000915527344,17.8700008392334,17.540000915527344,17.8700008392334,8700
2015-09-21,17.700000762939453,17.729999542236328,17.639999389648438,17.639999389648438,1600
2015-09-22,17.510000228881836,17.600000381469727,17.459999084472656,17.600000381469727,4100
2015-09-23,17.510000228881836,17.520000457763672,17.479999542236328,17.479999542236328,3600
2015-09-24,17.530000686645508,17.600000381469727,17.530000686645508,17.56999969482422,10400
2015-09-25,17.979999542236328,17.989999771118164,17.760000228881836,17.760000228881836,3200
2015-09-28,17.739999771118164,17.979999542236328,17.739999771118164,17.899999618530273,3500
2015-09-29,17.829999923706055,17.8700008392334,17.770000457763672,17.770000457763672,5100
2015-09-30,18.0,18.049999237060547,17.809999465942383,18.040000915527344,7400
2015-10-01,17.780000686645508,18.049999237060547,17.780000686645508,18.040000915527344,13700
2015-10-02,17.75,17.850000381469727,17.6200008392334,17.75,4600
2015-10-05,17.889999389648438,17.93000030517578,17.799999237060547,17.799999237060547,2800
2015-10-06,17.979999542236328,18.09000015258789,17.950000762939453,17.989999771118164,6300
2015-10-07,18.059999465942383,18.1200008392334,17.979999542236328,18.079999923706055,7000
2015-10-08,17.84000015258789,17.940000534057617,17.84000015258789,17.920000076293945,5900
2015-10-09,17.940000534057617,18.079999923706055,17.670000076293945,17.950000762939453,23300
2015-10-12,17.93000030517578,18.09000015258789,17.93000030517578,18.040000915527344,5000
2015-10-13,18.40999984741211,18.459999084472656,18.010000228881836,18.010000228881836,20000
2015-10-14,18.329999923706055,18.5,18.309999465942383,18.450000762939453,6300
2015-10-15,18.25,18.389999389648438,18.25,18.389999389648438,8000
2015-10-16,18.15999984741211,18.190000534057617,18.139999389648438,18.190000534057617,4100
2015-10-19,18.020000457763672,18.09000015258789,18.020000457763672,18.09000015258789,1900
2015-10-20,18.110000610351562,18.200000762939453,18.09000015258789,18.18000030517578,3900
2015-10-21,18.280000686645508,18.280000686645508,18.139999389648438,18.15999984741211,3600
2015-10-22,18.1299991607666,18.360000610351562,18.1299991607666,18.360000610351562,5700
2015-10-23,17.959999084472656,18.030000686645508,17.920000076293945,18.030000686645508,9500
2015-10-26,17.799999237060547,17.850000381469727,17.719999313354492,17.84000015258789,6700
2015-10-27,17.889999389648438,17.90999984741211,17.799999237060547,17.799999237060547,8600
2015-10-28,17.780000686645508,17.81999969482422,17.729999542236328,17.809999465942383,8500
2015-10-29,17.709999084472656,17.790000915527344,17.639999389648438,17.790000915527344,10800
2015-10-30,17.829999923706055,17.829999923706055,17.729999542236328,17.770000457763672,4900
2015-11-02,17.709999084472656,17.8799991607666,17.670000076293945,17.81999969482422,11000
2015-11-03,17.700000762939453,17.799999237060547,17.610000610351562,17.610000610351562,2100
2015-11-04,17.770000457763672,17.809999465942383,17.770000457763672,17.809999465942383,4100
2015-11-05,17.440000534057617,17.639999389648438,17.399999618530273,17.639999389648438,12300
2015-11-06,17.479999542236328,17.479999542236328,17.31999969482422,17.34000015258789,3900
2015-11-09,17.450000762939453,17.5,17.450000762939453,17.450000762939453,3600
2015-11-10,17.270000457763672,17.3799991607666,17.09000015258789,17.3799991607666,30000
2015-11-11,17.280000686645508,17.329999923706055,17.18000030517578,17.260000228881836,37800
2015-11-12,17.420000076293945,17.420000076293945,17.360000610351562,17.360000610351562,2900
2015-11-13,17.260000228881836,17.290000915527344,17.25,17.280000686645508,7800
2015-11-16,17.350000381469727,17.350000381469727,17.25,17.25,4100
2015-11-17,17.420000076293945,17.440000534057617,17.3700008392334,17.3799991607666,5000
2015-11-18,17.280000686645508,17.440000534057617,17.25,17.440000534057617,800
2015-11-19,17.389999389648438,17.389999389648438,17.329999923706055,17.350000381469727,4200
2015-11-20,17.299999237060547,17.34000015258789,17.280000686645508,17.290000915527344,6100
2015-11-23,17.459999084472656,17.459999084472656,17.100000381469727,17.100000381469727,7200
2015-11-24,17.469999313354492,17.510000228881836,17.459999084472656,17.479999542236328,2400
2015-11-25,17.65999984741211,17.65999984741211,17.489999771118164,17.489999771118164,8900
2015-11-27,17.600000381469727,17.670000076293945,17.549999237060547,17.549999237060547,1700
2015-11-30,17.729999542236328,17.780000686645508,17.670000076293945,17.670000076293945,22700
2015-12-01,17.950000762939453,17.959999084472656,17.809999465942383,17.809999465942383,11800
2015-12-02,17.950000762939453,17.959999084472656,17.860000610351562,17.860000610351562,7800
2015-12-03,18.09000015258789,18.100000381469727,17.84000015258789,17.8700008392334,18800
2015-12-04,18.260000228881836,18.260000228881836,17.989999771118164,18.020000457763672,11400
2015-12-07,17.8799991607666,18.25,17.760000228881836,18.25,9300
2015-12-08,17.68000030517578,17.780000686645508,17.639999389648438,17.760000228881836,4900
2015-12-09,17.65999984741211,17.799999237060547,17.549999237060547,17.729999542236328,5700
2015-12-10,17.75,17.860000610351562,17.6200008392334,17.6200008392334,3200
2015-12-11,17.56999969482422,17.8700008392334,17.559999465942383,17.8700008392334,4000
2015-12-14,17.559999465942383,17.559999465942383,17.540000915527344,17.540000915527344,400
2015-12-15,17.440000534057617,17.520000457763672,17.420000076293945,17.520000457763672,3100
2015-12-16,17.309999465942383,17.389999389648438,17.209999084472656,17.389999389648438,3600
2015-12-17,17.579999923706055,17.579999923706055,17.1299991607666,17.219999313354492,11000
2015-12-18,17.920000076293945,17.920000076293945,17.700000762939453,17.700000762939453,4300
2015-12-21,17.829999923706055,17.920000076293945,17.799999237060547,17.920000076293945,4500
2015-12-22,17.780000686645508,17.90999984741211,17.780000686645508,17.899999618530273,2300
2015-12-23,17.670000076293945,17.760000228881836,17.65999984741211,17.760000228881836,1300
2015-12-24,17.520000457763672,17.600000381469727,17.510000228881836,17.600000381469727,900
2015-12-28,17.31999969482422,17.3799991607666,17.299999237060547,17.3700008392334,1400
2015-12-29,17.389999389648438,17.399999618530273,17.31999969482422,17.399999618530273,5300
2015-12-30,17.440000534057617,17.489999771118164,17.360000610351562,17.3799991607666,12300
2015-12-31,17.329999923706055,17.3700008392334,17.299999237060547,17.360000610351562,3400
2016-01-04,17.229999542236328,17.25,16.950000762939453,17.25,91200
2016-01-05,17.190000534057617,17.34000015258789,17.15999984741211,17.25,6100
2016-01-06,17.260000228881836,17.31999969482422,17.09000015258789,17.1200008392334,12800
2016-01-07,17.31999969482422,17.350000381469727,17.18000030517578,17.18000030517578,11000
2016-01-08,17.329999923706055,17.420000076293945,17.309999465942383,17.389999389648438,22300
2016-01-11,17.25,17.34000015258789,17.190000534057617,17.31999969482422,18000
2016-01-12,17.489999771118164,17.639999389648438,17.18000030517578,17.18000030517578,25600
2016-01-13,17.530000686645508,17.56999969482422,17.479999542236328,17.56999969482422,7900
2016-01-14,17.520000457763672,17.520000457763672,17.459999084472656,17.459999084472656,2700
2016-01-15,17.450000762939453,17.469999313354492,17.389999389648438,17.389999389648438,1800
2016-01-19,17.510000228881836,17.579999923706055,17.510000228881836,17.549999237060547,3000
2016-01-20,17.440000534057617,17.450000762939453,17.360000610351562,17.420000076293945,8400
2016-01-21,17.510000228881836,17.59000015258789,17.389999389648438,17.389999389648438,2000
2016-01-22,17.459999084472656,17.6200008392334,17.420000076293945,17.6200008392334,7300
2016-01-25,17.540000915527344,17.540000915527344,17.3700008392334,17.469999313354492,12800
2016-01-26,17.510000228881836,17.530000686645508,17.479999542236328,17.530000686645508,2500
2016-01-27,17.649999618530273,17.65999984741211,17.510000228881836,17.559999465942383,7900
2016-01-28,17.3799991607666,17.479999542236328,17.299999237060547,17.479999542236328,5600
2016-01-29,17.43000030517578,17.440000534057617,17.350000381469727,17.389999389648438,8000
2016-02-01,17.510000228881836,17.559999465942383,17.450000762939453,17.540000915527344,2600
2016-02-02,17.68000030517578,17.709999084472656,17.510000228881836,17.540000915527344,6300
2016-02-03,17.559999465942383,17.600000381469727,17.479999542236328,17.600000381469727,4800
2016-02-04,17.520000457763672,17.6299991607666,17.420000076293945,17.579999923706055,6800
2016-02-05,17.350000381469727,17.450000762939453,17.329999923706055,17.450000762939453,8100
2016-02-08,17.229999542236328,17.329999923706055,17.229999542236328,17.31999969482422,12800
2016-02-09,17.200000762939453,17.239999771118164,17.170000076293945,17.239999771118164,18900
2016-02-10,17.260000228881836,17.270000457763672,17.219999313354492,17.25,3600
2016-02-11,17.479999542236328,17.5,17.229999542236328,17.229999542236328,16400
2016-02-12,17.450000762939453,17.450000762939453,17.3700008392334,17.450000762939453,2800
2016-02-16,17.5,19.18000030517578,17.440000534057617,19.18000030517578,10600
2016-02-17,17.59000015258789,17.610000610351562,17.5,17.5,97200
2016-02-18,17.56999969482422,17.579999923706055,17.510000228881836,17.540000915527344,20500
2016-02-19,17.540000915527344,17.559999465942383,17.489999771118164,17.559999465942383,3900
2016-02-22,17.600000381469727,17.6200008392334,17.540000915527344,17.559999465942383,3300
2016-02-23,17.3700008392334,17.489999771118164,17.299999237060547,17.489999771118164,2600
2016-02-24,17.350000381469727,17.399999618530273,17.309999465942383,17.360000610351562,16200
2016-02-25,17.219999313354492,17.25,17.190000534057617,17.25,1700
2016-02-26,17.139999389648438,17.209999084472656,17.1200008392334,17.209999084472656,3200
2016-02-29,17.149999618530273,17.170000076293945,17.139999389648438,17.170000076293945,1800
2016-03-01,17.059999465942383,17.139999389648438,17.020000457763672,17.139999389648438,4500
2016-03-02,17.1200008392334,17.139999389648438,17.040000915527344,17.040000915527344,32200
2016-03-03,17.18000030517578,17.18000030517578,17.079999923706055,17.1299991607666,2600
2016-03-04,17.479999542236328,17.479999542236328,17.350000381469727,17.389999389648438,24300
2016-03-07,17.510000228881836,17.6299991607666,17.5,17.559999465942383,16800
2016-03-08,17.510000228881836,17.559999465942383,17.389999389648438,17.469999313354492,37400
2016-03-09,17.520000457763672,17.59000015258789,17.5,17.549999237060547,61100
2016-03-10,17.6299991607666,17.649999618530273,17.469999313354492,17.520000457763672,23500
2016-03-11,17.739999771118164,17.760000228881836,17.639999389648438,17.670000076293945,22400
2016-03-14,17.790000915527344,17.799999237060547,17.670000076293945,17.709999084472656,43300
2016-03-15,17.690000534057617,17.709999084472656,17.639999389648438,17.700000762939453,11100
2016-03-16,17.760000228881836,17.760000228881836,17.56999969482422,17.639999389648438,24800
2016-03-17,17.799999237060547,17.920000076293945,17.760000228881836,17.860000610351562,26200
2016-03-18,17.809999465942383,17.899999618530273,17.780000686645508,17.899999618530273,8000
2016-03-21,17.899999618530273,17.920000076293945,17.780000686645508,17.799999237060547,9000
2016-03-22,18.010000228881836,18.06999969482422,17.920000076293945,18.040000915527344,46700
2016-03-23,17.8799991607666,17.93000030517578,17.84000015258789,17.84000015258789,4200
2016-03-24,18.040000915527344,18.040000915527344,17.899999618530273,17.899999618530273,5300
2016-03-28,18.020000457763672,18.079999923706055,17.93000030517578,18.010000228881836,19200
2016-03-29,18.1299991607666,18.1299991607666,17.979999542236328,17.989999771118164,24400
2016-03-30,17.969999313354492,18.1200008392334,17.969999313354492,18.100000381469727,15800
2016-03-31,18.020000457763672,18.079999923706055,17.709999084472656,17.969999313354492,17100
2016-04-01,18.219999313354492,18.239999771118164,18.020000457763672,18.020000457763672,15400
2016-04-04,18.1299991607666,18.260000228881836,18.1299991607666,18.260000228881836,2500
2016-04-05,17.959999084472656,18.139999389648438,17.959999084472656,18.059999465942383,13300
2016-04-06,18.040000915527344,18.049999237060547,17.90999984741211,17.93000030517578,13600
2016-04-07,17.979999542236328,18.010000228881836,17.959999084472656,18.0,7100
2016-04-08,18.149999618530273,18.18000030517578,18.139999389648438,18.139999389648438,17700
2016-04-11,18.389999389648438,18.399999618530273,18.229999542236328,18.239999771118164,22000
2016-04-12,18.510000228881836,18.549999237060547,18.34000015258789,18.5,18400
2016-04-13,18.84000015258789,18.889999389648438,18.59000015258789,18.59000015258789,11800
2016-04-14,18.68000030517578,18.829999923706055,18.639999389648438,18.75,19000
2016-04-15,18.829999923706055,18.889999389648438,18.670000076293945,18.68000030517578,4400
2016-04-18,18.790000915527344,18.979999542236328,18.790000915527344,18.81999969482422,14200
2016-04-19,19.25,19.25,18.84000015258789,18.84000015258789,14500
2016-04-20,19.389999389648438,19.43000030517578,19.110000610351562,19.149999618530273,25600
2016-04-21,19.420000076293945,19.600000381469727,19.350000381469727,19.43000030517578,93000
2016-04-22,19.100000381469727,19.3799991607666,19.020000457763672,19.25,46100
2016-04-25,19.360000610351562,19.6299991607666,19.049999237060547,19.049999237060547,31500
2016-04-26,19.579999923706055,19.579999923706055,19.299999237060547,19.440000534057617,21500
2016-04-27,19.440000534057617,19.540000915527344,19.299999237060547,19.5,32800
2016-04-28,19.5,19.700000762939453,19.479999542236328,19.520000457763672,12200
2016-04-29,19.520000457763672,19.579999923706055,19.399999618530273,19.399999618530273,25700
2016-05-02,19.770000457763672,19.770000457763672,19.3700008392334,19.530000686645508,15900
2016-05-03,19.469999313354492,19.829999923706055,19.43000030517578,19.81999969482422,26200
2016-05-04,19.6200008392334,19.780000686645508,19.510000228881836,19.600000381469727,16000
2016-05-05,19.360000610351562,19.829999923706055,19.309999465942383,19.809999465942383,32400
2016-05-06,19.739999771118164,19.760000228881836,19.43000030517578,19.43000030517578,33400
2016-05-09,19.559999465942383,19.700000762939453,19.43000030517578,19.690000534057617,24800
2016-05-10,20.360000610351562,20.579999923706055,19.610000610351562,19.649999618530273,48800
2016-05-11,20.299999237060547,20.440000534057617,20.209999084472656,20.440000534057617,15400
2016-05-12,20.1200008392334,20.420000076293945,20.040000915527344,20.420000076293945,15100
2016-05-13,20.010000228881836,20.059999465942383,19.959999084472656,20.0,9000
2016-05-16,20.020000457763672,20.059999465942383,19.959999084472656,20.049999237060547,15900
2016-05-17,20.260000228881836,20.299999237060547,19.979999542236328,19.979999542236328,12000
2016-05-18,20.06999969482422,20.239999771118164,20.06999969482422,20.239999771118164,8600
2016-05-19,19.989999771118164,20.040000915527344,19.68000030517578,19.84000015258789,17200
2016-05-20,19.889999389648438,20.030000686645508,19.850000381469727,20.030000686645508,12600
2016-05-23,19.639999389648438,19.770000457763672,19.610000610351562,19.6299991607666,20600
2016-05-24,19.56999969482422,19.799999237060547,19.450000762939453,19.450000762939453,14100
2016-05-25,19.90999984741211,19.969999313354492,19.649999618530273,19.649999618530273,4100
2016-05-26,19.940000534057617,20.0,19.81999969482422,20.0,34200
2016-05-27,20.1299991607666,20.1299991607666,19.979999542236328,19.979999542236328,18500
2016-05-31,20.06999969482422,20.260000228881836,20.020000457763672,20.1299991607666,4200
2016-06-01,20.209999084472656,20.209999084472656,20.149999618530273,20.170000076293945,11500
2016-06-02,20.360000610351562,20.5,20.239999771118164,20.299999237060547,26200
2016-06-03,20.530000686645508,20.540000915527344,20.360000610351562,20.399999618530273,25500
2016-06-06,20.850000381469727,20.93000030517578,20.709999084472656,20.739999771118164,58000
2016-06-07,21.010000228881836,21.049999237060547,20.799999237060547,20.8799991607666,27900
2016-06-08,21.559999465942383,21.6200008392334,21.09000015258789,21.09000015258789,59200
2016-06-09,21.469999313354492,21.549999237060547,21.34000015258789,21.479999542236328,26400
2016-06-10,21.610000610351562,21.950000762939453,21.520000457763672,21.600000381469727,32100
2016-06-13,21.6200008392334,21.899999618530273,21.610000610351562,21.790000915527344,18500
2016-06-14,21.40999984741211,21.510000228881836,21.260000228881836,21.489999771118164,34100
2016-06-15,21.200000762939453,21.3799991607666,21.200000762939453,21.3799991607666,32900
2016-06-16,20.889999389648438,21.06999969482422,20.770000457763672,21.049999237060547,23500
2016-06-17,21.350000381469727,21.350000381469727,21.1200008392334,21.1200008392334,9900
2016-06-20,21.100000381469727,21.15999984741211,21.0,21.15999984741211,11300
2016-06-21,20.690000534057617,20.90999984741211,20.670000076293945,20.90999984741211,16700
2016-06-22,20.729999542236328,20.8700008392334,20.690000534057617,20.709999084472656,9500
2016-06-23,20.540000915527344,20.8799991607666,20.530000686645508,20.729999542236328,21100
2016-06-24,20.3700008392334,20.389999389648438,20.139999389648438,20.219999313354492,32600
2016-06-27,20.709999084472656,20.729999542236328,20.459999084472656,20.459999084472656,18800
2016-06-28,20.940000534057617,21.110000610351562,20.809999465942383,21.110000610351562,19400
2016-06-29,20.790000915527344,20.969999313354492,20.700000762939453,20.700000762939453,19700
2016-06-30,21.34000015258789,21.510000228881836,20.489999771118164,20.850000381469727,45200
2016-07-01,21.139999389648438,21.270000457763672,21.059999465942383,21.219999313354492,44000
2016-07-05,20.170000076293945,21.1200008392334,20.09000015258789,21.1200008392334,27300
2016-07-06,20.149999618530273,20.209999084472656,19.649999618530273,19.850000381469727,50900
2016-07-07,19.360000610351562,20.18000030517578,19.360000610351562,20.170000076293945,21600
2016-07-08,19.90999984741211,19.959999084472656,19.6299991607666,19.670000076293945,27000
2016-07-11,19.969999313354492,20.170000076293945,19.81999969482422,20.1200008392334,21300
2016-07-12,20.3799991607666,20.450000762939453,20.0,20.0,11300
2016-07-13,20.649999618530273,20.959999084472656,20.649999618530273,20.829999923706055,21600
2016-07-14,20.0,20.90999984741211,19.950000762939453,20.90999984741211,27900
2016-07-15,19.860000610351562,20.25,19.860000610351562,19.959999084472656,14900
2016-07-18,20.06999969482422,20.139999389648438,19.540000915527344,19.65999984741211,46900
2016-07-19,19.510000228881836,19.8700008392334,19.399999618530273,19.8700008392334,57700
2016-07-20,19.209999084472656,19.610000610351562,19.110000610351562,19.5,14700
2016-07-21,19.260000228881836,19.440000534057617,19.190000534057617,19.440000534057617,12000
2016-07-22,18.93000030517578,18.989999771118164,18.600000381469727,18.989999771118164,89100
2016-07-25,18.510000228881836,18.899999618530273,18.459999084472656,18.899999618530273,69500
2016-07-26,18.68000030517578,18.780000686645508,18.520000457763672,18.520000457763672,14100
2016-07-27,18.84000015258789,18.989999771118164,18.81999969482422,18.850000381469727,20800
2016-07-28,18.709999084472656,18.90999984741211,18.600000381469727,18.850000381469727,14200
2016-07-29,19.079999923706055,19.110000610351562,18.65999984741211,18.690000534057617,45600
2016-08-01,18.450000762939453,18.829999923706055,18.34000015258789,18.829999923706055,60900
2016-08-02,18.31999969482422,18.489999771118164,18.1200008392334,18.399999618530273,37000
2016-08-03,18.3799991607666,18.530000686645508,18.309999465942383,18.450000762939453,10000
2016-08-04,18.3799991607666,18.520000457763672,18.350000381469727,18.520000457763672,9300
2016-08-05,18.690000534057617,18.75,18.520000457763672,18.520000457763672,41800
2016-08-08,18.81999969482422,18.889999389648438,18.6200008392334,18.8799991607666,26100
2016-08-09,18.860000610351562,19.010000228881836,18.709999084472656,18.709999084472656,31800
2016-08-10,18.760000228881836,18.950000762939453,18.68000030517578,18.940000534057617,14200
2016-08-11,18.799999237060547,18.8799991607666,18.799999237060547,18.84000015258789,7200
2016-08-12,18.799999237060547,18.8799991607666,18.5,18.809999465942383,35700
2016-08-15,19.209999084472656,19.290000915527344,18.969999313354492,19.1299991607666,35000
2016-08-16,19.170000076293945,19.229999542236328,19.100000381469727,19.219999313354492,16800
2016-08-17,19.309999465942383,19.309999465942383,19.139999389648438,19.149999618530273,54100
2016-08-18,19.290000915527344,19.31999969482422,18.940000534057617,19.290000915527344,36700
2016-08-19,19.110000610351562,19.219999313354492,19.059999465942383,19.110000610351562,39700
2016-08-22,19.350000381469727,19.399999618530273,19.030000686645508,19.030000686645508,29200
2016-08-23,19.280000686645508,19.350000381469727,19.239999771118164,19.31999969482422,9800
2016-08-24,19.1200008392334,19.239999771118164,19.010000228881836,19.219999313354492,15700
2016-08-25,18.649999618530273,19.06999969482422,18.639999389648438,19.059999465942383,31000
2016-08-26,18.559999465942383,18.790000915527344,18.469999313354492,18.760000228881836,25400
2016-08-29,18.530000686645508,18.670000076293945,18.5,18.549999237060547,37100
2016-08-30,18.31999969482422,18.5,18.229999542236328,18.489999771118164,8800
2016-08-31,18.15999984741211,18.3799991607666,18.079999923706055,18.15999984741211,71700
2016-09-01,18.200000762939453,18.229999542236328,18.1200008392334,18.209999084472656,32400
2016-09-02,18.389999389648438,18.389999389648438,18.260000228881836,18.260000228881836,43000
2016-09-06,18.489999771118164,18.5,18.270000457763672,18.309999465942383,5700
2016-09-07,18.780000686645508,18.780000686645508,18.639999389648438,18.649999618530273,29000
2016-09-08,18.780000686645508,18.8799991607666,18.65999984741211,18.790000915527344,7800
2016-09-09,18.81999969482422,18.889999389648438,18.700000762939453,18.75,6400
2016-09-12,18.6299991607666,18.950000762939453,18.559999465942383,18.760000228881836,20000
2016-09-13,18.280000686645508,18.489999771118164,18.260000228881836,18.489999771118164,65100
2016-09-14,18.270000457763672,18.31999969482422,18.239999771118164,18.25,23600
2016-09-15,18.399999618530273,18.440000534057617,18.239999771118164,18.299999237060547,37400
2016-09-16,18.649999618530273,18.700000762939453,18.290000915527344,18.290000915527344,14700
2016-09-19,18.809999465942383,18.8799991607666,18.700000762939453,18.8799991607666,2000
2016-09-20,19.049999237060547,19.1299991607666,18.979999542236328,18.979999542236328,37000
2016-09-21,18.90999984741211,19.079999923706055,18.799999237060547,19.079999923706055,36400
2016-09-22,18.850000381469727,19.0,18.850000381469727,18.90999984741211,8800
2016-09-23,18.510000228881836,18.700000762939453,18.469999313354492,18.690000534057617,13700
2016-09-26,18.440000534057617,18.540000915527344,18.3700008392334,18.479999542236328,7200
2016-09-27,18.510000228881836,18.559999465942383,18.200000762939453,18.3799991607666,46100
2016-09-28,18.489999771118164,18.549999237060547,18.389999389648438,18.469999313354492,17300
2016-09-29,18.440000534057617,18.510000228881836,18.399999618530273,18.510000228881836,12100
2016-09-30,18.479999542236328,18.579999923706055,18.440000534057617,18.5,22600
2016-10-03,18.8799991607666,18.920000076293945,18.399999618530273,18.489999771118164,21100
2016-10-04,18.719999313354492,18.809999465942383,18.719999313354492,18.809999465942383,12500
2016-10-05,18.639999389648438,18.809999465942383,18.549999237060547,18.739999771118164,9800
2016-10-06,18.610000610351562,18.649999618530273,18.5,18.549999237060547,23400
2016-10-07,18.579999923706055,18.829999923706055,18.579999923706055,18.75,4200
2016-10-10,18.579999923706055,18.760000228881836,18.540000915527344,18.56999969482422,14000
2016-10-11,18.549999237060547,18.700000762939453,18.549999237060547,18.65999984741211,4400
2016-10-12,18.469999313354492,18.719999313354492,18.420000076293945,18.6299991607666,24500
2016-10-13,18.639999389648438,18.709999084472656,18.309999465942383,18.440000534057617,31100
2016-10-14,18.770000457763672,18.950000762939453,18.770000457763672,18.93000030517578,24900
2016-10-17,19.059999465942383,19.059999465942383,18.829999923706055,18.93000030517578,33200
2016-10-18,18.969999313354492,19.15999984741211,18.920000076293945,18.989999771118164,52800
2016-10-19,19.1299991607666,19.139999389648438,19.030000686645508,19.030000686645508,10200
2016-10-20,18.969999313354492,19.219999313354492,18.950000762939453,19.209999084472656,18900
2016-10-21,19.1200008392334,19.149999618530273,18.969999313354492,18.969999313354492,10000
2016-10-24,19.239999771118164,19.399999618530273,19.139999389648438,19.280000686645508,9300
2016-10-25,19.270000457763672,19.399999618530273,19.1200008392334,19.329999923706055,22900
2016-10-26,19.559999465942383,19.600000381469727,19.420000076293945,19.440000534057617,21300
2016-10-27,19.610000610351562,19.770000457763672,19.479999542236328,19.579999923706055,16100
2016-10-28,19.40999984741211,19.649999618530273,19.360000610351562,19.649999618530273,14000
2016-10-31,19.420000076293945,19.520000457763672,19.3700008392334,19.43000030517578,4500
2016-11-01,19.049999237060547,19.3700008392334,19.049999237060547,19.360000610351562,23400
2016-11-02,18.969999313354492,19.110000610351562,18.940000534057617,19.079999923706055,28400
2016-11-03,19.020000457763672,19.079999923706055,19.020000457763672,19.020000457763672,1600
2016-11-04,19.040000915527344,19.110000610351562,18.979999542236328,18.979999542236328,4100
2016-11-07,19.200000762939453,19.239999771118164,19.1200008392334,19.139999389648438,14500
2016-11-08,19.360000610351562,19.56999969482422,19.299999237060547,19.299999237060547,13800
2016-11-09,19.110000610351562,19.5,19.030000686645508,19.479999542236328,18400
2016-11-10,19.270000457763672,19.3799991607666,19.209999084472656,19.34000015258789,19400
2016-11-11,19.059999465942383,19.270000457763672,18.860000610351562,19.270000457763672,80400
2016-11-14,18.950000762939453,19.0,18.860000610351562,18.860000610351562,12700
2016-11-15,19.06999969482422,19.09000015258789,18.899999618530273,18.920000076293945,8400
2016-11-16,19.010000228881836,19.170000076293945,18.950000762939453,19.110000610351562,6400
2016-11-17,19.0,19.010000228881836,18.969999313354492,18.969999313354492,6500
2016-11-18,19.15999984741211,19.209999084472656,19.09000015258789,19.110000610351562,13000
2016-11-21,19.610000610351562,19.6200008392334,19.360000610351562,19.360000610351562,7400
2016-11-22,19.75,19.799999237060547,19.59000015258789,19.59000015258789,17500
2016-11-23,19.809999465942383,19.81999969482422,19.549999237060547,19.700000762939453,59200
2016-11-25,19.90999984741211,19.90999984741211,19.770000457763672,19.809999465942383,5000
2016-11-28,20.1200008392334,20.239999771118164,19.950000762939453,20.110000610351562,61800
2016-11-29,19.950000762939453,20.010000228881836,19.920000076293945,19.989999771118164,10900
2016-11-30,19.739999771118164,20.100000381469727,19.739999771118164,19.93000030517578,37800
2016-12-01,19.719999313354492,19.780000686645508,19.600000381469727,19.780000686645508,15700
2016-12-02,19.719999313354492,19.850000381469727,19.719999313354492,19.809999465942383,2800
2016-12-05,19.93000030517578,20.06999969482422,19.899999618530273,19.899999618530273,12800
2016-12-06,20.020000457763672,20.200000762939453,20.010000228881836,20.139999389648438,6100
2016-12-07,20.1200008392334,20.1200008392334,19.950000762939453,20.030000686645508,2600
2016-12-08,19.649999618530273,19.969999313354492,19.649999618530273,19.969999313354492,33500
2016-12-09,19.90999984741211,19.940000534057617,19.68000030517578,19.799999237060547,9000
2016-12-12,19.790000915527344,19.8799991607666,19.760000228881836,19.8700008392334,5600
2016-12-13,19.799999237060547,19.8700008392334,19.739999771118164,19.8700008392334,4600
2016-12-14,19.649999618530273,19.690000534057617,19.639999389648438,19.639999389648438,1900
2016-12-15,19.709999084472656,19.799999237060547,19.559999465942383,19.649999618530273,11500
2016-12-16,19.809999465942383,19.850000381469727,19.6200008392334,19.739999771118164,6900
2016-12-19,19.600000381469727,19.670000076293945,19.579999923706055,19.59000015258789,3100
2016-12-20,19.290000915527344,19.450000762939453,19.280000686645508,19.450000762939453,28800
2016-12-21,19.350000381469727,19.399999618530273,19.299999237060547,19.399999618530273,6400
2016-12-22,19.06999969482422,19.260000228881836,19.059999465942383,19.18000030517578,26900
2016-12-23,18.969999313354492,19.020000457763672,18.969999313354492,19.0,13100
2016-12-27,19.3700008392334,19.3700008392334,19.200000762939453,19.270000457763672,12700
2016-12-28,19.260000228881836,19.3700008392334,19.209999084472656,19.3700008392334,5800
2016-12-29,19.190000534057617,19.239999771118164,19.190000534057617,19.219999313354492,2200
2016-12-30,19.100000381469727,19.270000457763672,19.079999923706055,19.18000030517578,6500
2017-01-03,18.93000030517578,19.09000015258789,18.93000030517578,19.09000015258789,17000
2017-01-04,19.219999313354492,19.239999771118164,19.079999923706055,19.079999923706055,5600
2017-01-05,19.239999771118164,19.25,19.15999984741211,19.18000030517578,78100
2017-01-06,18.940000534057617,19.139999389648438,18.899999618530273,19.139999389648438,40400
2017-01-09,19.110000610351562,19.110000610351562,18.90999984741211,18.979999542236328,24700
2017-01-10,19.280000686645508,19.299999237060547,19.09000015258789,19.09000015258789,40500
2017-01-11,19.170000076293945,19.239999771118164,19.049999237060547,19.190000534057617,22300
2017-01-12,19.649999618530273,19.700000762939453,19.100000381469727,19.239999771118164,22900
2017-01-13,19.780000686645508,19.889999389648438,19.59000015258789,19.59000015258789,44700
2017-01-17,20.059999465942383,20.190000534057617,19.979999542236328,20.1200008392334,165000
2017-01-18,20.190000534057617,20.260000228881836,20.020000457763672,20.059999465942383,19600
2017-01-19,20.1200008392334,20.200000762939453,20.059999465942383,20.139999389648438,14900
2017-01-20,20.06999969482422,20.149999618530273,20.010000228881836,20.040000915527344,5600
2017-01-23,20.010000228881836,20.079999923706055,19.90999984741211,20.010000228881836,9400
2017-01-24,19.989999771118164,20.0,19.860000610351562,19.989999771118164,9500
2017-01-25,19.950000762939453,19.989999771118164,19.940000534057617,19.959999084472656,8300
2017-01-26,19.850000381469727,19.920000076293945,19.809999465942383,19.84000015258789,4200
2017-01-27,19.850000381469727,19.8799991607666,19.799999237060547,19.809999465942383,2300
2017-01-30,19.3799991607666,19.68000030517578,19.350000381469727,19.68000030517578,22500
2017-01-31,19.389999389648438,19.469999313354492,19.3700008392334,19.469999313354492,2100
2017-02-01,19.649999618530273,19.649999618530273,19.40999984741211,19.40999984741211,14400
2017-02-02,19.68000030517578,19.68000030517578,19.56999969482422,19.649999618530273,13400
2017-02-03,19.5,19.68000030517578,19.469999313354492,19.68000030517578,8300
2017-02-06,19.690000534057617,19.739999771118164,19.600000381469727,19.639999389648438,10200
2017-02-07,19.75,19.760000228881836,19.6299991607666,19.6299991607666,9800
2017-02-08,20.010000228881836,20.010000228881836,19.860000610351562,19.90999984741211,29500
2017-02-09,19.899999618530273,20.010000228881836,19.780000686645508,19.940000534057617,23700
2017-02-10,20.010000228881836,20.079999923706055,19.969999313354492,20.079999923706055,20200
2017-02-13,19.969999313354492,20.059999465942383,19.90999984741211,19.90999984741211,29600
2017-02-14,19.790000915527344,19.8799991607666,19.719999313354492,19.799999237060547,7100
2017-02-15,20.049999237060547,20.049999237060547,19.84000015258789,19.84000015258789,8200
2017-02-16,19.760000228881836,20.059999465942383,19.760000228881836,20.059999465942383,9800
2017-02-17,19.6299991607666,19.68000030517578,19.559999465942383,19.670000076293945,19900
2017-02-21,19.479999542236328,19.6299991607666,19.479999542236328,19.5,14400
2017-02-22,19.420000076293945,19.520000457763672,19.40999984741211,19.520000457763672,9900
2017-02-23,19.270000457763672,19.389999389648438,19.209999084472656,19.389999389648438,14100
2017-02-24,19.239999771118164,19.280000686645508,19.219999313354492,19.25,16000
2017-02-27,19.299999237060547,19.3700008392334,19.15999984741211,19.3700008392334,23400
2017-02-28,19.549999237060547,19.780000686645508,19.350000381469727,19.3700008392334,47200
2017-03-01,19.809999465942383,19.809999465942383,19.600000381469727,19.600000381469727,2400
2017-03-02,19.549999237060547,19.709999084472656,19.479999542236328,19.65999984741211,18500
2017-03-03,19.5,19.549999237060547,19.360000610351562,19.5,9700
2017-03-06,19.510000228881836,19.65999984741211,19.510000228881836,19.530000686645508,20900
2017-03-07,19.350000381469727,19.40999984741211,19.299999237060547,19.40999984741211,4300
2017-03-08,19.229999542236328,19.280000686645508,19.219999313354492,19.280000686645508,25800
2017-03-09,19.06999969482422,19.200000762939453,19.0,19.110000610351562,52800
2017-03-10,19.0,19.040000915527344,18.93000030517578,19.040000915527344,26300
2017-03-13,19.020000457763672,19.040000915527344,18.959999084472656,18.959999084472656,30800
2017-03-14,18.899999618530273,18.950000762939453,18.760000228881836,18.950000762939453,25700
2017-03-15,18.90999984741211,19.040000915527344,18.8700008392334,19.040000915527344,26200
2017-03-16,18.920000076293945,19.0,18.899999618530273,19.0,47900
2017-03-17,18.93000030517578,18.93000030517578,18.809999465942383,18.93000030517578,36600
2017-03-20,18.920000076293945,19.049999237060547,18.920000076293945,18.93000030517578,37600
2017-03-21,19.0,19.040000915527344,18.850000381469727,18.920000076293945,6800
2017-03-22,18.920000076293945,18.950000762939453,18.90999984741211,18.950000762939453,800
2017-03-23,18.850000381469727,18.950000762939453,18.809999465942383,18.920000076293945,5500
2017-03-24,18.559999465942383,18.739999771118164,18.549999237060547,18.709999084472656,15200
2017-03-27,18.450000762939453,18.59000015258789,18.450000762939453,18.59000015258789,59100
2017-03-28,18.469999313354492,18.510000228881836,18.469999313354492,18.489999771118164,3700
2017-03-29,18.450000762939453,18.489999771118164,18.420000076293945,18.459999084472656,5800
2017-03-30,18.329999923706055,18.3799991607666,18.299999237060547,18.309999465942383,8100
2017-03-31,18.1200008392334,18.280000686645508,18.06999969482422,18.280000686645508,51100
2017-04-03,18.030000686645508,18.200000762939453,18.030000686645508,18.200000762939453,11400
2017-04-04,18.049999237060547,18.06999969482422,18.010000228881836,18.06999969482422,12600
2017-04-05,18.1299991607666,18.18000030517578,18.079999923706055,18.18000030517578,21000
2017-04-06,18.030000686645508,18.100000381469727,18.0,18.06999969482422,18400
2017-04-07,18.059999465942383,18.09000015258789,17.989999771118164,18.09000015258789,9800
2017-04-10,18.079999923706055,18.1299991607666,18.010000228881836,18.100000381469727,11400
2017-04-11,18.079999923706055,18.079999923706055,17.899999618530273,18.049999237060547,39100
2017-04-12,18.18000030517578,18.200000762939453,18.1299991607666,18.1299991607666,6900
2017-04-13,18.309999465942383,18.309999465942383,18.219999313354492,18.270000457763672,47900
2017-04-17,18.229999542236328,18.270000457763672,18.209999084472656,18.25,12900
2017-04-18,18.139999389648438,18.15999984741211,18.010000228881836,18.15999984741211,30700
2017-04-19,18.149999618530273,18.229999542236328,18.149999618530273,18.15999984741211,7300
2017-04-20,18.079999923706055,18.25,18.049999237060547,18.25,15800
2017-04-21,18.15999984741211,18.170000076293945,18.049999237060547,18.110000610351562,12200
2017-04-24,18.280000686645508,18.309999465942383,18.260000228881836,18.309999465942383,12600
2017-04-25,18.190000534057617,18.25,18.170000076293945,18.200000762939453,11100
2017-04-26,18.100000381469727,18.219999313354492,18.059999465942383,18.15999984741211,17900
2017-04-27,18.06999969482422,18.139999389648438,18.06999969482422,18.06999969482422,18400
2017-04-28,18.06999969482422,18.06999969482422,18.0,18.0,15100
2017-05-01,18.299999237060547,18.350000381469727,18.239999771118164,18.239999771118164,17500
2017-05-02,18.290000915527344,18.360000610351562,18.219999313354492,18.360000610351562,17200
2017-05-03,18.3700008392334,18.3799991607666,18.290000915527344,18.309999465942383,34000
2017-05-04,18.270000457763672,18.34000015258789,18.25,18.270000457763672,34800
2017-05-05,18.280000686645508,18.459999084472656,18.280000686645508,18.309999465942383,20800
2017-05-08,18.200000762939453,18.270000457763672,18.15999984741211,18.270000457763672,15500
2017-05-09,18.350000381469727,18.350000381469727,18.229999542236328,18.229999542236328,15200
2017-05-10,18.260000228881836,18.520000457763672,18.25,18.360000610351562,33900
2017-05-11,18.229999542236328,18.350000381469727,18.219999313354492,18.329999923706055,14000
2017-05-12,18.170000076293945,18.229999542236328,18.15999984741211,18.190000534057617,9300
2017-05-15,18.18000030517578,18.299999237060547,18.170000076293945,18.18000030517578,9100
2017-05-16,18.280000686645508,18.31999969482422,18.18000030517578,18.260000228881836,11900
2017-05-17,18.290000915527344,18.360000610351562,18.290000915527344,18.329999923706055,27200
2017-05-18,17.93000030517578,18.079999923706055,17.8799991607666,18.079999923706055,27500
2017-05-19,18.020000457763672,18.059999465942383,18.020000457763672,18.059999465942383,14100
2017-05-22,18.110000610351562,18.170000076293945,18.049999237060547,18.049999237060547,67200
2017-05-23,17.989999771118164,18.1299991607666,17.979999542236328,18.049999237060547,18500
2017-05-24,17.989999771118164,18.020000457763672,17.950000762939453,18.0,10300
2017-05-25,17.799999237060547,17.989999771118164,17.799999237060547,17.979999542236328,50800
2017-05-26,17.649999618530273,17.81999969482422,17.649999618530273,17.81999969482422,15800
2017-05-30,17.530000686645508,17.670000076293945,17.489999771118164,17.670000076293945,38600
2017-05-31,17.510000228881836,17.56999969482422,17.489999771118164,17.56999969482422,16700
2017-06-01,17.530000686645508,17.540000915527344,17.489999771118164,17.540000915527344,10700
2017-06-02,17.65999984741211,17.65999984741211,17.540000915527344,17.579999923706055,26600
2017-06-05,17.6200008392334,17.729999542236328,17.6200008392334,17.6299991607666,15700
2017-06-06,17.739999771118164,17.860000610351562,17.700000762939453,17.75,18600
2017-06-07,17.75,17.899999618530273,17.75,17.84000015258789,36200
2017-06-08,17.889999389648438,17.989999771118164,17.8799991607666,17.950000762939453,19300
2017-06-09,17.969999313354492,17.969999313354492,17.8700008392334,17.90999984741211,43800
2017-06-12,17.829999923706055,17.920000076293945,17.799999237060547,17.920000076293945,26700
2017-06-13,17.809999465942383,17.959999084472656,17.809999465942383,17.90999984741211,17700
2017-06-14,17.829999923706055,17.93000030517578,17.829999923706055,17.8700008392334,4900
2017-06-15,17.93000030517578,17.950000762939453,17.709999084472656,17.709999084472656,10000
2017-06-16,18.020000457763672,18.059999465942383,17.8700008392334,17.940000534057617,21300
2017-06-19,17.989999771118164,18.110000610351562,17.989999771118164,18.100000381469727,8700
2017-06-20,17.8700008392334,17.940000534057617,17.799999237060547,17.940000534057617,31100
2017-06-21,17.65999984741211,17.790000915527344,17.649999618530273,17.760000228881836,10300
2017-06-22,17.399999618530273,17.6299991607666,17.360000610351562,17.610000610351562,49400
2017-06-23,17.34000015258789,17.450000762939453,17.270000457763672,17.40999984741211,20200
2017-06-26,17.389999389648438,17.450000762939453,17.350000381469727,17.3799991607666,3600
2017-06-27,17.43000030517578,17.56999969482422,17.43000030517578,17.530000686645508,38900
2017-06-28,17.510000228881836,17.540000915527344,17.469999313354492,17.469999313354492,46900
2017-06-29,17.559999465942383,17.739999771118164,17.559999465942383,17.65999984741211,6800
2017-06-30,18.049999237060547,18.149999618530273,17.6200008392334,17.670000076293945,42000
2017-07-03,18.540000915527344,18.670000076293945,18.309999465942383,18.309999465942383,76400
2017-07-05,18.790000915527344,18.799999237060547,18.540000915527344,18.600000381469727,55400
2017-07-06,18.790000915527344,18.850000381469727,18.670000076293945,18.690000534057617,40900
2017-07-07,19.049999237060547,19.1299991607666,18.8799991607666,18.8799991607666,55500
2017-07-10,19.450000762939453,19.549999237060547,19.360000610351562,19.40999984741211,65300
2017-07-11,19.549999237060547,19.59000015258789,19.309999465942383,19.350000381469727,46500
2017-07-12,19.5,19.639999389648438,19.350000381469727,19.489999771118164,63800
2017-07-13,18.670000076293945,19.139999389648438,18.6299991607666,19.139999389648438,179000
2017-07-14,18.950000762939453,18.950000762939453,18.719999313354492,18.719999313354492,22200
2017-07-17,18.809999465942383,19.0,18.809999465942383,18.940000534057617,22600
2017-07-18,18.860000610351562,19.1299991607666,18.860000610351562,19.040000915527344,24500
2017-07-19,19.079999923706055,19.1299991607666,18.979999542236328,18.979999542236328,31200
2017-07-20,19.329999923706055,19.360000610351562,19.190000534057617,19.200000762939453,38200
2017-07-21,19.280000686645508,19.280000686645508,19.18000030517578,19.239999771118164,38500
2017-07-24,19.020000457763672,19.059999465942383,18.889999389648438,18.969999313354492,43800
2017-07-25,18.739999771118164,19.200000762939453,18.709999084472656,19.149999618530273,51700
2017-07-26,18.84000015258789,18.8700008392334,18.59000015258789,18.649999618530273,23600
2017-07-27,18.959999084472656,19.040000915527344,18.90999984741211,19.020000457763672,6700
2017-07-28,19.030000686645508,19.149999618530273,18.90999984741211,18.90999984741211,35100
2017-07-31,18.93000030517578,18.979999542236328,18.700000762939453,18.84000015258789,27500
2017-08-01,18.329999923706055,18.670000076293945,18.299999237060547,18.670000076293945,44400
2017-08-02,18.420000076293945,18.479999542236328,18.3799991607666,18.459999084472656,42400
2017-08-03,18.209999084472656,18.299999237060547,18.1200008392334,18.270000457763672,16300
2017-08-04,18.1200008392334,18.25,18.1200008392334,18.209999084472656,19800
2017-08-07,18.34000015258789,18.3799991607666,18.219999313354492,18.219999313354492,10500
2017-08-08,18.40999984741211,18.510000228881836,18.3700008392334,18.489999771118164,39600
2017-08-09,18.420000076293945,18.489999771118164,18.309999465942383,18.479999542236328,37700
2017-08-10,17.850000381469727,18.639999389648438,17.81999969482422,18.450000762939453,135100
2017-08-11,17.940000534057617,17.969999313354492,17.860000610351562,17.889999389648438,15800
2017-08-14,17.780000686645508,17.81999969482422,17.68000030517578,17.75,24000
2017-08-15,17.56999969482422,17.670000076293945,17.520000457763672,17.670000076293945,8300
2017-08-16,17.579999923706055,17.6299991607666,17.5,17.6299991607666,25400
2017-08-17,17.729999542236328,17.739999771118164,17.600000381469727,17.68000030517578,10300
2017-08-18,17.770000457763672,17.799999237060547,17.670000076293945,17.670000076293945,20800
2017-08-21,17.75,17.809999465942383,17.649999618530273,17.649999618530273,11200
2017-08-22,17.809999465942383,17.84000015258789,17.760000228881836,17.81999969482422,11000
2017-08-23,17.809999465942383,17.920000076293945,17.729999542236328,17.899999618530273,16800
2017-08-24,17.940000534057617,17.969999313354492,17.8700008392334,17.920000076293945,59700
2017-08-25,17.899999618530273,17.920000076293945,17.8799991607666,17.920000076293945,6300
2017-08-28,17.889999389648438,17.950000762939453,17.81999969482422,17.940000534057617,25500
2017-08-29,17.799999237060547,17.8700008392334,17.719999313354492,17.760000228881836,46800
2017-08-30,17.719999313354492,17.770000457763672,17.700000762939453,17.760000228881836,23500
2017-08-31,18.0,18.010000228881836,17.700000762939453,17.700000762939453,25600
2017-09-01,18.030000686645508,18.049999237060547,17.920000076293945,18.049999237060547,4400
2017-09-05,18.3799991607666,18.459999084472656,18.170000076293945,18.170000076293945,12600
2017-09-06,18.389999389648438,18.510000228881836,18.350000381469727,18.3799991607666,17700
2017-09-07,18.399999618530273,18.5,18.399999618530273,18.5,4700
2017-09-08,18.260000228881836,18.440000534057617,18.260000228881836,18.440000534057617,13400
2017-09-11,18.260000228881836,18.34000015258789,18.15999984741211,18.260000228881836,23100
2017-09-12,18.06999969482422,18.299999237060547,17.81999969482422,18.25,75000
2017-09-13,18.149999618530273,18.18000030517578,18.110000610351562,18.110000610351562,39600
2017-09-14,18.450000762939453,18.489999771118164,18.280000686645508,18.280000686645508,11700
2017-09-15,18.3700008392334,18.469999313354492,18.350000381469727,18.450000762939453,6300
2017-09-18,18.360000610351562,18.469999313354492,18.31999969482422,18.3700008392334,20700
2017-09-19,18.34000015258789,18.34000015258789,18.200000762939453,18.270000457763672,7700
2017-09-20,18.40999984741211,18.43000030517578,18.34000015258789,18.350000381469727,12500
2017-09-21,18.389999389648438,18.40999984741211,18.31999969482422,18.34000015258789,14700
2017-09-22,18.6200008392334,18.649999618530273,18.5,18.5,542800
2017-09-25,18.3799991607666,18.520000457763672,18.3799991607666,18.5,22800
2017-09-26,18.260000228881836,18.31999969482422,18.239999771118164,18.260000228881836,3900
2017-09-27,18.299999237060547,18.299999237060547,18.15999984741211,18.200000762939453,18700
2017-09-28,18.209999084472656,18.260000228881836,18.170000076293945,18.170000076293945,43200
2017-09-29,18.360000610351562,18.469999313354492,18.1299991607666,18.18000030517578,65100
2017-10-02,18.139999389648438,18.290000915527344,18.1200008392334,18.290000915527344,7400
2017-10-03,18.149999618530273,18.209999084472656,18.110000610351562,18.110000610351562,3700
2017-10-04,18.149999618530273,18.219999313354492,18.079999923706055,18.079999923706055,2600
2017-10-05,18.3799991607666,18.3799991607666,18.260000228881836,18.290000915527344,8000
2017-10-06,18.450000762939453,18.450000762939453,18.270000457763672,18.329999923706055,2900
2017-10-09,18.280000686645508,18.450000762939453,18.280000686645508,18.40999984741211,12400
2017-10-10,18.329999923706055,18.450000762939453,18.280000686645508,18.450000762939453,8100
2017-10-11,18.299999237060547,18.31999969482422,18.270000457763672,18.290000915527344,13100
2017-10-12,18.780000686645508,18.809999465942383,18.0,18.299999237060547,69200
2017-10-13,18.8700008392334,18.899999618530273,18.739999771118164,18.790000915527344,46500
2017-10-16,18.709999084472656,18.81999969482422,18.700000762939453,18.760000228881836,4900
2017-10-17,18.639999389648438,18.639999389648438,18.559999465942383,18.639999389648438,24800
2017-10-18,18.600000381469727,18.65999984741211,18.56999969482422,18.56999969482422,10000
2017-10-19,18.65999984741211,18.68000030517578,18.6200008392334,18.639999389648438,15000
2017-10-20,18.489999771118164,18.780000686645508,18.489999771118164,18.670000076293945,67900
2017-10-23,18.530000686645508,18.59000015258789,18.469999313354492,18.469999313354492,9400
2017-10-24,18.479999542236328,18.510000228881836,18.43000030517578,18.510000228881836,7800
2017-10-25,18.450000762939453,18.56999969482422,18.450000762939453,18.549999237060547,9400
2017-10-26,18.389999389648438,18.5,18.389999389648438,18.489999771118164,8400
2017-10-27,18.469999313354492,18.489999771118164,18.399999618530273,18.40999984741211,6300
2017-10-30,18.43000030517578,18.549999237060547,18.40999984741211,18.40999984741211,9200
2017-10-31,18.440000534057617,18.520000457763672,18.420000076293945,18.459999084472656,5100
2017-11-01,18.549999237060547,18.600000381469727,18.5,18.5,16800
2017-11-02,18.670000076293945,18.690000534057617,18.610000610351562,18.610000610351562,6700
2017-11-03,18.450000762939453,18.700000762939453,18.450000762939453,18.700000762939453,4200
2017-11-06,18.600000381469727,18.6299991607666,18.489999771118164,18.530000686645508,7000
2017-11-07,18.639999389648438,18.65999984741211,18.6200008392334,18.649999618530273,7000
2017-11-08,18.670000076293945,18.68000030517578,18.6299991607666,18.68000030517578,4500
2017-11-09,18.459999084472656,18.770000457763672,18.270000457763672,18.729999542236328,70200
2017-11-10,18.459999084472656,18.540000915527344,18.459999084472656,18.489999771118164,12300
2017-11-13,18.239999771118164,18.489999771118164,18.239999771118164,18.40999984741211,505300
2017-11-14,18.149999618530273,18.270000457763672,18.1299991607666,18.270000457763672,7200
2017-11-15,18.270000457763672,18.270000457763672,18.200000762939453,18.200000762939453,1300
2017-11-16,18.239999771118164,18.25,18.170000076293945,18.229999542236328,25300
2017-11-17,18.549999237060547,18.56999969482422,18.290000915527344,18.309999465942383,34600
2017-11-20,18.5,18.520000457763672,18.40999984741211,18.5,8300
2017-11-21,18.479999542236328,18.520000457763672,18.469999313354492,18.469999313354492,2300
2017-11-22,18.6299991607666,18.670000076293945,18.600000381469727,18.65999984741211,16000
2017-11-24,18.549999237060547,18.649999618530273,18.530000686645508,18.649999618530273,6400
2017-11-27,18.610000610351562,18.68000030517578,18.540000915527344,18.540000915527344,8000
2017-11-28,18.59000015258789,18.59000015258789,18.489999771118164,18.510000228881836,5800
2017-11-29,18.559999465942383,18.639999389648438,18.510000228881836,18.510000228881836,19700
2017-11-30,18.469999313354492,18.540000915527344,18.459999084472656,18.540000915527344,10600
2017-12-01,18.600000381469727,18.6200008392334,18.469999313354492,18.469999313354492,5800
2017-12-04,18.709999084472656,18.799999237060547,18.670000076293945,18.760000228881836,14700
2017-12-05,18.8700008392334,18.93000030517578,18.729999542236328,18.729999542236328,499900
2017-12-06,18.780000686645508,18.93000030517578,18.6299991607666,18.93000030517578,8000
2017-12-07,18.559999465942383,18.65999984741211,18.520000457763672,18.65999984741211,13200
2017-12-08,18.510000228881836,18.56999969482422,18.510000228881836,18.56999969482422,1400
2017-12-11,18.399999618530273,18.5,18.399999618530273,18.479999542236328,7500
2017-12-12,18.34000015258789,18.40999984741211,18.290000915527344,18.329999923706055,23600
2017-12-13,18.329999923706055,18.3799991607666,18.309999465942383,18.329999923706055,3600
2017-12-14,18.15999984741211,18.260000228881836,18.139999389648438,18.219999313354492,487600
2017-12-15,18.139999389648438,18.190000534057617,18.139999389648438,18.190000534057617,700
2017-12-18,18.020000457763672,18.15999984741211,17.969999313354492,18.100000381469727,34200
2017-12-19,17.90999984741211,18.059999465942383,17.899999618530273,18.049999237060547,14700
2017-12-20,17.899999618530273,17.979999542236328,17.899999618530273,17.93000030517578,17600
2017-12-21,17.790000915527344,17.860000610351562,17.760000228881836,17.850000381469727,17600
2017-12-22,17.81999969482422,17.81999969482422,17.790000915527344,17.809999465942383,4000
2017-12-26,17.979999542236328,18.030000686645508,17.829999923706055,17.829999923706055,24300
2017-12-27,17.90999984741211,18.049999237060547,17.899999618530273,18.049999237060547,3700
2017-12-28,17.760000228881836,17.81999969482422,17.75,17.81999969482422,14100
2017-12-29,17.8799991607666,17.8799991607666,17.719999313354492,17.780000686645508,29500
2018-01-02,17.950000762939453,18.040000915527344,17.81999969482422,18.040000915527344,15500
2018-01-03,18.020000457763672,18.020000457763672,17.950000762939453,18.0,22400
2018-01-04,17.959999084472656,17.979999542236328,17.809999465942383,17.959999084472656,8600
2018-01-05,18.010000228881836,18.059999465942383,17.969999313354492,18.0,15700
2018-01-08,17.8799991607666,18.0,17.850000381469727,18.0,7900
2018-01-09,17.90999984741211,17.920000076293945,17.8700008392334,17.8700008392334,8600
2018-01-10,17.709999084472656,17.829999923706055,17.670000076293945,17.829999923706055,12600
2018-01-11,17.649999618530273,17.790000915527344,17.649999618530273,17.729999542236328,27100
2018-01-12,17.829999923706055,17.84000015258789,17.59000015258789,17.68000030517578,41300
2018-01-16,18.0,18.020000457763672,17.940000534057617,18.020000457763672,20600
2018-01-17,18.020000457763672,18.020000457763672,17.889999389648438,18.020000457763672,7300
2018-01-18,18.09000015258789,18.110000610351562,18.010000228881836,18.010000228881836,7900
2018-01-19,18.139999389648438,18.239999771118164,18.110000610351562,18.219999313354492,41100
2018-01-22,18.25,18.309999465942383,18.229999542236328,18.290000915527344,23200
2018-01-23,18.299999237060547,18.31999969482422,18.200000762939453,18.31999969482422,27900
2018-01-24,18.3799991607666,18.43000030517578,18.260000228881836,18.260000228881836,26700
2018-01-25,18.360000610351562,18.549999237060547,18.299999237060547,18.43000030517578,30100
2018-01-26,18.270000457763672,18.360000610351562,18.260000228881836,18.360000610351562,12800
2018-01-29,18.389999389648438,18.489999771118164,18.350000381469727,18.43000030517578,9400
2018-01-30,18.510000228881836,18.579999923706055,18.40999984741211,18.420000076293945,22200
2018-01-31,18.469999313354492,18.479999542236328,18.350000381469727,18.450000762939453,11900
2018-02-01,18.290000915527344,18.34000015258789,18.15999984741211,18.31999969482422,52500
2018-02-02,18.139999389648438,18.229999542236328,18.139999389648438,18.190000534057617,24200
2018-02-05,17.979999542236328,18.1299991607666,17.959999084472656,18.100000381469727,23600
2018-02-06,18.31999969482422,18.34000015258789,18.1299991607666,18.1299991607666,23300
2018-02-07,18.25,18.299999237060547,18.239999771118164,18.270000457763672,5100
2018-02-08,18.270000457763672,18.420000076293945,18.190000534057617,18.280000686645508,7200
2018-02-09,18.18000030517578,18.270000457763672,18.149999618530273,18.270000457763672,13000
2018-02-12,18.489999771118164,18.540000915527344,18.360000610351562,18.399999618530273,10000
2018-02-13,18.68000030517578,18.68000030517578,18.549999237060547,18.549999237060547,48800
2018-02-14,18.729999542236328,18.780000686645508,18.649999618530273,18.649999618530273,4200
2018-02-15,18.8700008392334,18.8700008392334,18.729999542236328,18.739999771118164,22800
2018-02-16,18.809999465942383,18.8799991607666,18.75,18.8799991607666,21000
2018-02-20,18.84000015258789,19.030000686645508,18.829999923706055,18.93000030517578,102900
2018-02-21,18.989999771118164,19.040000915527344,18.899999618530273,18.899999618530273,22000
2018-02-22,18.93000030517578,19.0,18.90999984741211,18.969999313354492,9800
2018-02-23,19.010000228881836,19.030000686645508,18.920000076293945,18.920000076293945,11900
2018-02-26,18.969999313354492,19.389999389648438,18.969999313354492,19.1200008392334,26000
2018-02-27,19.049999237060547,19.1299991607666,19.010000228881836,19.010000228881836,29500
2018-02-28,19.1200008392334,19.170000076293945,19.110000610351562,19.149999618530273,35400
2018-03-01,19.309999465942383,19.309999465942383,19.059999465942383,19.149999618530273,52000
2018-03-02,19.329999923706055,19.40999984741211,19.239999771118164,19.40999984741211,32800
2018-03-05,19.450000762939453,19.459999084472656,19.280000686645508,19.350000381469727,36600
2018-03-06,19.420000076293945,19.469999313354492,19.34000015258789,19.459999084472656,24000
2018-03-07,19.25,19.40999984741211,19.25,19.40999984741211,46000
2018-03-08,19.229999542236328,19.350000381469727,19.200000762939453,19.200000762939453,49100
2018-03-09,18.920000076293945,19.06999969482422,18.850000381469727,19.030000686645508,130800
2018-03-12,19.0,19.0,18.8700008392334,18.8799991607666,52100
2018-03-13,19.1299991607666,19.1299991607666,19.020000457763672,19.059999465942383,96400
2018-03-14,18.799999237060547,19.139999389648438,18.799999237060547,19.1200008392334,57000
2018-03-15,18.93000030517578,19.020000457763672,18.860000610351562,18.940000534057617,19000
2018-03-16,19.010000228881836,19.040000915527344,18.93000030517578,18.950000762939453,12000
2018-03-19,18.690000534057617,18.90999984741211,18.690000534057617,18.90999984741211,27900
2018-03-20,18.75,18.81999969482422,18.690000534057617,18.690000534057617,14500
2018-03-21,18.780000686645508,18.889999389648438,18.739999771118164,18.780000686645508,20200
2018-03-22,18.799999237060547,18.829999923706055,18.68000030517578,18.829999923706055,25700
2018-03-23,18.739999771118164,18.799999237060547,18.530000686645508,18.700000762939453,56900
2018-03-26,18.780000686645508,18.8799991607666,18.739999771118164,18.81999969482422,30000
2018-03-27,18.610000610351562,18.809999465942383,18.600000381469727,18.75,14200
2018-03-28,18.600000381469727,18.65999984741211,18.540000915527344,18.65999984741211,14000
2018-03-29,19.049999237060547,19.110000610351562,18.510000228881836,18.56999969482422,52000
2018-04-02,18.940000534057617,19.139999389648438,18.8799991607666,19.100000381469727,12500
2018-04-03,18.920000076293945,19.059999465942383,18.920000076293945,19.030000686645508,17500
2018-04-04,18.579999923706055,18.6299991607666,18.209999084472656,18.389999389648438,65600
2018-04-05,18.81999969482422,18.81999969482422,18.639999389648438,18.639999389648438,18900
2018-04-06,18.84000015258789,18.84000015258789,18.600000381469727,18.600000381469727,11100
2018-04-09,19.010000228881836,19.040000915527344,18.93000030517578,19.020000457763672,42200
2018-04-10,19.079999923706055,19.200000762939453,18.989999771118164,19.09000015258789,39100
2018-04-11,19.0,19.190000534057617,19.0,19.190000534057617,9700
2018-04-12,19.1200008392334,19.190000534057617,19.0,19.0,11300
2018-04-13,19.059999465942383,19.110000610351562,19.059999465942383,19.100000381469727,12000
2018-04-16,18.940000534057617,19.110000610351562,18.90999984741211,19.110000610351562,19300
2018-04-17,18.950000762939453,18.950000762939453,18.899999618530273,18.940000534057617,5500
2018-04-18,18.969999313354492,19.059999465942383,18.950000762939453,19.059999465942383,3700
2018-04-19,18.969999313354492,18.969999313354492,18.899999618530273,18.93000030517578,158500
2018-04-20,18.8799991607666,18.90999984741211,18.81999969482422,18.8799991607666,48800
2018-04-23,18.729999542236328,18.809999465942383,18.68000030517578,18.809999465942383,38300
2018-04-24,18.739999771118164,18.790000915527344,18.670000076293945,18.670000076293945,36600
2018-04-25,18.780000686645508,18.850000381469727,18.75,18.770000457763672,24800
2018-04-26,18.760000228881836,18.84000015258789,18.700000762939453,18.809999465942383,28500
2018-04-27,18.950000762939453,19.020000457763672,18.610000610351562,18.65999984741211,106400
2018-04-30,18.899999618530273,19.079999923706055,18.889999389648438,19.0,50600
2018-05-01,19.0,19.010000228881836,18.81999969482422,18.81999969482422,16100
2018-05-02,18.8799991607666,18.989999771118164,18.8799991607666,18.989999771118164,15600
2018-05-03,18.979999542236328,19.010000228881836,18.719999313354492,18.899999618530273,30400
2018-05-04,18.799999237060547,18.889999389648438,18.780000686645508,18.889999389648438,14300
2018-05-07,18.440000534057617,18.75,18.43000030517578,18.75,38300
2018-05-08,18.540000915527344,18.56999969482422,18.440000534057617,18.530000686645508,32200
2018-05-09,18.479999542236328,18.540000915527344,18.450000762939453,18.510000228881836,11400
2018-05-10,18.59000015258789,18.719999313354492,18.510000228881836,18.520000457763672,42700
2018-05-11,18.309999465942383,18.440000534057617,18.299999237060547,18.440000534057617,33200
2018-05-14,18.420000076293945,18.549999237060547,18.420000076293945,18.440000534057617,49000
2018-05-15,18.399999618530273,18.469999313354492,18.299999237060547,18.399999618530273,35200
2018-05-16,18.25,18.3700008392334,18.209999084472656,18.3700008392334,24500
2018-05-17,18.139999389648438,18.350000381469727,18.09000015258789,18.350000381469727,38000
2018-05-18,18.149999618530273,18.239999771118164,18.1200008392334,18.239999771118164,35700
2018-05-21,18.579999923706055,18.600000381469727,18.399999618530273,18.530000686645508,76700
2018-05-22,18.65999984741211,18.729999542236328,18.600000381469727,18.690000534057617,33400
2018-05-23,18.860000610351562,18.860000610351562,18.690000534057617,18.690000534057617,52000
2018-05-24,18.799999237060547,18.959999084472656,18.799999237060547,18.940000534057617,67100
2018-05-25,18.8700008392334,18.950000762939453,18.8700008392334,18.8799991607666,22500
2018-05-29,18.780000686645508,18.90999984741211,18.700000762939453,18.780000686645508,42600
2018-05-30,18.6299991607666,18.68000030517578,18.549999237060547,18.600000381469727,39600
2018-05-31,18.6299991607666,18.809999465942383,18.579999923706055,18.809999465942383,9700
2018-06-01,18.799999237060547,18.799999237060547,18.600000381469727,18.670000076293945,39800
2018-06-04,18.440000534057617,18.6200008392334,18.420000076293945,18.6200008392334,9300
2018-06-05,18.450000762939453,18.5,18.3700008392334,18.420000076293945,92800
2018-06-06,18.3700008392334,18.5,18.360000610351562,18.5,38500
2018-06-07,18.06999969482422,18.3700008392334,18.06999969482422,18.3700008392334,26000
2018-06-08,18.020000457763672,18.059999465942383,17.959999084472656,18.059999465942383,33500
2018-06-11,17.719999313354492,17.959999084472656,17.719999313354492,17.959999084472656,41300
2018-06-12,17.799999237060547,17.8799991607666,17.739999771118164,17.760000228881836,57000
2018-06-13,17.5,17.68000030517578,17.479999542236328,17.68000030517578,56500
2018-06-14,17.360000610351562,17.489999771118164,17.309999465942383,17.489999771118164,50100
2018-06-15,17.0,17.360000610351562,17.0,17.079999923706055,81800
2018-06-18,17.040000915527344,17.09000015258789,16.950000762939453,17.06999969482422,34900
2018-06-19,16.75,17.040000915527344,15.979999542236328,16.690000534057617,236200
2018-06-20,16.760000228881836,16.850000381469727,16.559999465942383,16.799999237060547,88600
2018-06-21,16.600000381469727,16.760000228881836,16.56999969482422,16.760000228881836,82000
2018-06-22,16.84000015258789,16.860000610351562,16.6200008392334,16.75,78700
2018-06-25,16.489999771118164,17.040000915527344,16.43000030517578,17.040000915527344,104900
2018-06-26,16.3700008392334,16.649999618530273,16.270000457763672,16.649999618530273,44800
2018-06-27,16.3799991607666,16.5,16.350000381469727,16.5,39500
2018-06-28,16.31999969482422,16.43000030517578,16.25,16.34000015258789,31800
2018-06-29,16.239999771118164,16.5,16.200000762939453,16.31999969482422,65500
2018-07-02,16.100000381469727,16.280000686645508,16.030000686645508,16.239999771118164,64400
2018-07-03,16.020000457763672,16.149999618530273,15.970000267028809,16.149999618530273,72400
2018-07-05,15.84000015258789,16.139999389648438,15.819999694824219,16.010000228881836,130900
2018-07-06,16.469999313354492,16.540000915527344,15.869999885559082,15.869999885559082,239000
2018-07-09,16.139999389648438,16.360000610351562,16.020000457763672,16.360000610351562,120600
2018-07-10,16.1299991607666,16.260000228881836,16.059999465942383,16.139999389648438,138500
2018-07-11,15.729999542236328,15.970000267028809,15.699999809265137,15.970000267028809,189900
2018-07-12,15.739999771118164,15.84000015258789,15.539999961853027,15.8100004196167,249400
2018-07-13,15.510000228881836,15.630000114440918,15.359999656677246,15.630000114440918,282100
2018-07-16,15.739999771118164,15.84000015258789,15.510000228881836,15.520000457763672,218500
2018-07-17,15.850000381469727,15.899999618530273,15.6899995803833,15.819999694824219,101600
2018-07-18,15.880000114440918,16.010000228881836,15.75,15.979999542236328,76200
2018-07-19,15.960000038146973,15.979999542236328,15.8100004196167,15.850000381469727,100900
2018-07-20,16.020000457763672,16.040000915527344,15.880000114440918,16.0,101000
2018-07-23,15.970000267028809,16.09000015258789,15.960000038146973,16.020000457763672,97900
2018-07-24,16.18000030517578,16.219999313354492,15.899999618530273,15.949999809265137,162600
2018-07-25,16.350000381469727,16.350000381469727,16.1200008392334,16.15999984741211,150400
2018-07-26,16.149999618530273,16.559999465942383,16.1200008392334,16.540000915527344,326000
2018-07-27,16.360000610351562,16.399999618530273,16.25,16.280000686645508,174800
2018-07-30,16.489999771118164,16.520000457763672,16.40999984741211,16.450000762939453,99800
2018-07-31,16.860000610351562,16.959999084472656,16.559999465942383,16.559999465942383,280200
2018-08-01,16.65999984741211,16.760000228881836,16.600000381469727,16.65999984741211,83000
2018-08-02,16.6299991607666,16.6299991607666,16.389999389648438,16.559999465942383,214100
2018-08-03,16.68000030517578,16.719999313354492,16.399999618530273,16.399999618530273,132900
2018-08-06,16.520000457763672,16.549999237060547,16.43000030517578,16.540000915527344,64900
2018-08-07,16.700000762939453,16.770000457763672,16.6200008392334,16.649999618530273,59300
2018-08-08,16.860000610351562,16.8799991607666,16.729999542236328,16.780000686645508,69300
2018-08-09,16.729999542236328,16.860000610351562,16.700000762939453,16.829999923706055,69000
2018-08-10,16.030000686645508,16.639999389648438,16.0,16.600000381469727,316100
2018-08-13,16.1299991607666,16.139999389648438,15.819999694824219,15.899999618530273,52500
2018-08-14,16.280000686645508,16.299999237060547,16.079999923706055,16.219999313354492,71700
2018-08-15,16.1200008392334,16.270000457763672,16.110000610351562,16.1299991607666,71500
2018-08-16,16.649999618530273,16.65999984741211,16.34000015258789,16.450000762939453,155200
2018-08-17,16.649999618530273,16.700000762939453,16.31999969482422,16.520000457763672,121600
2018-08-20,16.549999237060547,16.719999313354492,16.520000457763672,16.68000030517578,80300
2018-08-21,16.43000030517578,16.540000915527344,16.420000076293945,16.459999084472656,55400
2018-08-22,16.190000534057617,16.299999237060547,16.1299991607666,16.299999237060547,78300
2018-08-23,15.869999885559082,16.1299991607666,15.850000381469727,16.079999923706055,109100
2018-08-24,15.890000343322754,15.979999542236328,15.880000114440918,15.949999809265137,22500
2018-08-27,15.819999694824219,15.859999656677246,15.600000381469727,15.739999771118164,68700
2018-08-28,15.600000381469727,15.800000190734863,15.550000190734863,15.800000190734863,68700
2018-08-29,15.630000114440918,15.739999771118164,15.609999656677246,15.640000343322754,59700
2018-08-30,15.5,15.699999809265137,15.479999542236328,15.699999809265137,103200
2018-08-31,15.789999961853027,15.789999961853027,15.520000457763672,15.529999732971191,44800
2018-09-04,15.760000228881836,15.850000381469727,15.609999656677246,15.720000267028809,53700
2018-09-05,15.670000076293945,15.729999542236328,15.619999885559082,15.729999542236328,43300
2018-09-06,15.680000305175781,15.710000038146973,15.600000381469727,15.710000038146973,61600
2018-09-07,15.789999961853027,15.800000190734863,15.640000343322754,15.680000305175781,15000
2018-09-10,15.800000190734863,15.84000015258789,15.75,15.8100004196167,17000
2018-09-11,15.520000457763672,15.729999542236328,15.510000228881836,15.729999542236328,61600
2018-09-12,15.710000038146973,15.710000038146973,15.350000381469727,15.460000038146973,114100
2018-09-13,15.619999885559082,15.779999732971191,15.579999923706055,15.6899995803833,45100
2018-09-14,15.550000190734863,15.649999618530273,15.529999732971191,15.630000114440918,26000
2018-09-17,15.460000038146973,15.520000457763672,15.449999809265137,15.449999809265137,24000
2018-09-18,15.300000190734863,15.420000076293945,15.260000228881836,15.420000076293945,54000
2018-09-19,15.569999694824219,15.59000015258789,15.270000457763672,15.270000457763672,54700
2018-09-20,15.850000381469727,15.970000267028809,15.489999771118164,15.550000190734863,65000
2018-09-21,15.880000114440918,15.899999618530273,15.760000228881836,15.800000190734863,73500
2018-09-24,15.75,15.8100004196167,15.710000038146973,15.789999961853027,27100
2018-09-25,15.850000381469727,16.049999237060547,15.75,15.75,78200
2018-09-26,15.920000076293945,15.970000267028809,15.850000381469727,15.970000267028809,19800
2018-09-27,15.979999542236328,16.049999237060547,15.90999984741211,15.920000076293945,45000
2018-09-28,15.850000381469727,16.079999923706055,15.779999732971191,15.979999542236328,70100
2018-10-01,16.020000457763672,16.149999618530273,15.819999694824219,15.819999694824219,45500
2018-10-02,16.200000762939453,16.219999313354492,16.0,16.040000915527344,51900
2018-10-03,16.1200008392334,16.25,16.110000610351562,16.25,51700
2018-10-04,16.100000381469727,16.229999542236328,16.079999923706055,16.209999084472656,40000
2018-10-05,16.25,16.270000457763672,15.970000267028809,16.100000381469727,119200
2018-10-08,16.219999313354492,16.280000686645508,16.15999984741211,16.229999542236328,30100
2018-10-09,16.1200008392334,16.200000762939453,16.100000381469727,16.200000762939453,24900
2018-10-10,15.920000076293945,16.09000015258789,15.869999885559082,16.09000015258789,34800
2018-10-11,16.030000686645508,16.1200008392334,15.850000381469727,15.850000381469727,79900
2018-10-12,16.229999542236328,16.229999542236328,16.100000381469727,16.139999389648438,32400
2018-10-15,16.610000610351562,16.639999389648438,16.219999313354492,16.219999313354492,111700
2018-10-16,16.459999084472656,16.559999465942383,16.40999984741211,16.520000457763672,78000
2018-10-17,16.489999771118164,16.56999969482422,16.450000762939453,16.469999313354492,60700
2018-10-18,16.15999984741211,16.299999237060547,16.1200008392334,16.280000686645508,65600
2018-10-19,15.979999542236328,16.15999984741211,15.979999542236328,16.15999984741211,45200
2018-10-22,15.989999771118164,16.09000015258789,15.979999542236328,16.0,37600
2018-10-23,16.0,16.09000015258789,15.899999618530273,15.930000305175781,12700
2018-10-24,15.869999885559082,15.979999542236328,15.869999885559082,15.979999542236328,45500
2018-10-25,15.75,15.850000381469727,15.6899995803833,15.850000381469727,60400
2018-10-26,15.779999732971191,15.859999656677246,15.75,15.760000228881836,38500
2018-10-29,15.6899995803833,15.84000015258789,15.649999618530273,15.800000190734863,37500
2018-10-30,15.59000015258789,15.699999809265137,15.569999694824219,15.6899995803833,18600
2018-10-31,15.619999885559082,15.710000038146973,15.550000190734863,15.5600004196167,52100
2018-11-01,16.1200008392334,16.270000457763672,15.619999885559082,15.619999885559082,80600
2018-11-02,16.309999465942383,16.329999923706055,16.139999389648438,16.25,139300
2018-11-05,16.229999542236328,16.350000381469727,16.209999084472656,16.209999084472656,24300
2018-11-06,16.280000686645508,16.280000686645508,16.1299991607666,16.18000030517578,93200
2018-11-07,16.15999984741211,16.219999313354492,16.09000015258789,16.219999313354492,27200
2018-11-08,16.139999389648438,16.239999771118164,15.869999885559082,16.149999618530273,80600
2018-11-09,16.280000686645508,16.329999923706055,16.100000381469727,16.110000610351562,43900
2018-11-12,16.190000534057617,16.25,16.149999618530273,16.229999542236328,21100
2018-11-13,16.18000030517578,16.280000686645508,16.1299991607666,16.260000228881836,42100
2018-11-14,16.209999084472656,16.280000686645508,16.200000762939453,16.209999084472656,15100
2018-11-15,16.309999465942383,16.420000076293945,16.219999313354492,16.31999969482422,96100
2018-11-16,16.309999465942383,16.3700008392334,16.18000030517578,16.260000228881836,28400
2018-11-19,16.020000457763672,16.309999465942383,16.0,16.309999465942383,35500
2018-11-20,16.18000030517578,16.239999771118164,16.059999465942383,16.059999465942383,20600
2018-11-21,16.209999084472656,16.280000686645508,16.100000381469727,16.15999984741211,12500
2018-11-23,16.15999984741211,16.229999542236328,16.149999618530273,16.229999542236328,7300
2018-11-26,15.850000381469727,16.09000015258789,15.760000228881836,16.09000015258789,108400
2018-11-27,16.1200008392334,16.1299991607666,15.859999656677246,15.880000114440918,23900
2018-11-28,16.350000381469727,16.3700008392334,16.18000030517578,16.18000030517578,44500
2018-11-29,16.270000457763672,16.350000381469727,16.209999084472656,16.270000457763672,28400
2018-11-30,16.360000610351562,16.40999984741211,16.309999465942383,16.3700008392334,68800
2018-12-03,16.56999969482422,16.729999542236328,16.549999237060547,16.729999542236328,209800
2018-12-04,16.6200008392334,16.68000030517578,16.579999923706055,16.6200008392334,103800
2018-12-06,16.639999389648438,16.649999618530273,16.40999984741211,16.600000381469727,118300
2018-12-07,16.75,16.760000228881836,16.649999618530273,16.690000534057617,59900
2018-12-10,16.610000610351562,16.729999542236328,16.610000610351562,16.729999542236328,50400
2018-12-11,16.75,16.760000228881836,16.6200008392334,16.670000076293945,65800
2018-12-12,16.81999969482422,16.940000534057617,16.75,16.780000686645508,103200
2018-12-13,16.6200008392334,16.829999923706055,16.56999969482422,16.809999465942383,56100
2018-12-14,16.479999542236328,16.639999389648438,16.469999313354492,16.639999389648438,48800
2018-12-17,16.56999969482422,16.6200008392334,16.530000686645508,16.540000915527344,46200
2018-12-18,16.610000610351562,16.68000030517578,16.56999969482422,16.600000381469727,30300
2018-12-19,16.450000762939453,16.610000610351562,16.440000534057617,16.610000610351562,90700
2018-12-20,16.360000610351562,16.549999237060547,16.350000381469727,16.549999237060547,37300
2018-12-21,16.139999389648438,16.3700008392334,16.1299991607666,16.299999237060547,86300
2018-12-24,16.200000762939453,16.3700008392334,15.819999694824219,16.0,33400
2018-12-26,15.949999809265137,16.309999465942383,15.949999809265137,16.18000030517578,56900
2018-12-27,16.020000457763672,16.059999465942383,15.930000305175781,15.930000305175781,18000
2018-12-28,16.200000762939453,16.280000686645508,16.049999237060547,16.049999237060547,20100
2018-12-31,16.18000030517578,16.299999237060547,16.1299991607666,16.299999237060547,39000
2019-01-02,16.3799991607666,16.459999084472656,16.18000030517578,16.18000030517578,37500
2019-01-03,16.459999084472656,16.479999542236328,16.420000076293945,16.450000762939453,25100
2019-01-04,16.639999389648438,16.639999389648438,16.549999237060547,16.59000015258789,42700
2019-01-07,16.68000030517578,16.75,16.649999618530273,16.75,49900
2019-01-08,16.56999969482422,16.700000762939453,16.520000457763672,16.68000030517578,39400
2019-01-09,16.719999313354492,16.729999542236328,16.610000610351562,16.610000610351562,16900
2019-01-10,16.389999389648438,16.6299991607666,16.3799991607666,16.6299991607666,60200
2019-01-11,16.450000762939453,16.489999771118164,16.420000076293945,16.420000076293945,17200
2019-01-14,16.360000610351562,16.399999618530273,16.329999923706055,16.399999618530273,19200
2019-01-15,16.200000762939453,16.329999923706055,16.170000076293945,16.329999923706055,15500
2019-01-16,16.25,16.290000915527344,16.139999389648438,16.280000686645508,22000
2019-01-17,16.489999771118164,16.5,16.209999084472656,16.270000457763672,75300
2019-01-18,16.559999465942383,16.6299991607666,16.43000030517578,16.510000228881836,37000
2019-01-22,16.510000228881836,16.579999923706055,16.290000915527344,16.559999465942383,63200
2019-01-23,16.549999237060547,16.600000381469727,16.510000228881836,16.510000228881836,9400
2019-01-24,16.579999923706055,16.600000381469727,16.469999313354492,16.559999465942383,9300
2019-01-25,16.670000076293945,16.709999084472656,16.520000457763672,16.600000381469727,32900
2019-01-28,16.690000534057617,16.690000534057617,16.559999465942383,16.65999984741211,15000
2019-01-29,16.6200008392334,16.639999389648438,16.59000015258789,16.610000610351562,29000
2019-01-30,16.649999618530273,16.68000030517578,16.59000015258789,16.639999389648438,16600
2019-01-31,16.579999923706055,16.75,16.510000228881836,16.700000762939453,30600
2019-02-01,16.600000381469727,16.809999465942383,16.579999923706055,16.799999237060547,47500
2019-02-04,16.6299991607666,16.68000030517578,16.579999923706055,16.579999923706055,20200
2019-02-05,16.649999618530273,16.670000076293945,16.530000686645508,16.649999618530273,22800
2019-02-06,16.670000076293945,16.68000030517578,16.600000381469727,16.600000381469727,8800
2019-02-07,16.540000915527344,16.639999389648438,16.510000228881836,16.610000610351562,28400
2019-02-08,16.59000015258789,16.59000015258789,16.459999084472656,16.549999237060547,40000
2019-02-11,16.389999389648438,16.549999237060547,16.360000610351562,16.549999237060547,38400
2019-02-12,16.6200008392334,16.6299991607666,16.399999618530273,16.43000030517578,23900
2019-02-13,16.579999923706055,16.610000610351562,16.549999237060547,16.59000015258789,18600
2019-02-14,16.40999984741211,16.489999771118164,16.3700008392334,16.479999542236328,20100
2019-02-15,16.459999084472656,16.459999084472656,16.329999923706055,16.440000534057617,22800
2019-02-19,16.309999465942383,16.420000076293945,16.229999542236328,16.420000076293945,60100
2019-02-20,16.350000381469727,16.3700008392334,16.190000534057617,16.270000457763672,36000
2019-02-21,16.489999771118164,16.540000915527344,16.440000534057617,16.469999313354492,27000
2019-02-22,16.489999771118164,16.520000457763672,16.450000762939453,16.5,21200
2019-02-25,16.469999313354492,16.6299991607666,16.469999313354492,16.6299991607666,31400
2019-02-26,16.360000610351562,16.43000030517578,16.290000915527344,16.43000030517578,69400
2019-02-27,16.3700008392334,16.459999084472656,16.350000381469727,16.399999618530273,15100
2019-02-28,16.260000228881836,16.3799991607666,16.25,16.329999923706055,10100
2019-03-01,16.25,16.31999969482422,16.079999923706055,16.309999465942383,51700
2019-03-04,16.389999389648438,16.5,16.360000610351562,16.399999618530273,37000
2019-03-05,16.329999923706055,16.350000381469727,16.260000228881836,16.260000228881836,19000
2019-03-06,16.1299991607666,16.329999923706055,16.100000381469727,16.329999923706055,23500
2019-03-07,16.1299991607666,16.190000534057617,16.049999237060547,16.1200008392334,30700
2019-03-08,16.010000228881836,16.100000381469727,15.930000305175781,16.079999923706055,30800
2019-03-11,15.9399995803833,16.010000228881836,15.899999618530273,16.010000228881836,28800
2019-03-12,16.020000457763672,16.049999237060547,15.920000076293945,15.970000267028809,17600
2019-03-13,16.09000015258789,16.100000381469727,15.960000038146973,15.960000038146973,17200
2019-03-14,16.100000381469727,16.15999984741211,16.049999237060547,16.09000015258789,15000
2019-03-15,16.149999618530273,16.219999313354492,16.100000381469727,16.100000381469727,17300
2019-03-18,16.09000015258789,16.149999618530273,16.049999237060547,16.110000610351562,13000
2019-03-19,16.170000076293945,16.219999313354492,16.06999969482422,16.219999313354492,21900
2019-03-20,16.110000610351562,16.190000534057617,16.030000686645508,16.079999923706055,6400
2019-03-21,16.209999084472656,16.25,16.100000381469727,16.15999984741211,24000
2019-03-22,16.049999237060547,16.200000762939453,16.049999237060547,16.200000762939453,20500
2019-03-25,16.149999618530273,16.149999618530273,16.079999923706055,16.1299991607666,10900
2019-03-26,16.049999237060547,16.139999389648438,16.020000457763672,16.1200008392334,14400
2019-03-27,15.880000114440918,16.0,15.819999694824219,16.0,27500
2019-03-28,15.829999923706055,15.90999984741211,15.829999923706055,15.899999618530273,21700
2019-03-29,15.75,15.90999984741211,15.75,15.899999618530273,25300
2019-04-01,15.949999809265137,16.010000228881836,15.859999656677246,15.880000114440918,28700
2019-04-02,16.049999237060547,16.079999923706055,15.930000305175781,15.970000267028809,34600
2019-04-03,16.049999237060547,16.149999618530273,15.960000038146973,16.09000015258789,18200
2019-04-04,16.149999618530273,16.170000076293945,16.06999969482422,16.06999969482422,31000
2019-04-05,16.049999237060547,16.100000381469727,16.010000228881836,16.100000381469727,15900
2019-04-08,16.049999237060547,16.1200008392334,16.010000228881836,16.059999465942383,21500
2019-04-09,16.059999465942383,16.059999465942383,15.979999542236328,16.049999237060547,29600
2019-04-10,16.079999923706055,16.09000015258789,16.049999237060547,16.059999465942383,6700
2019-04-11,15.949999809265137,16.040000915527344,15.9399995803833,16.040000915527344,15700
2019-04-12,15.9399995803833,16.010000228881836,15.9399995803833,15.9399995803833,8000
2019-04-15,16.020000457763672,16.059999465942383,15.989999771118164,15.989999771118164,4600
2019-04-16,15.850000381469727,15.949999809265137,15.8100004196167,15.949999809265137,28100
2019-04-17,15.720000267028809,15.859999656677246,15.710000038146973,15.850000381469727,32900
2019-04-18,15.720000267028809,15.729999542236328,15.649999618530273,15.6899995803833,21300
2019-04-22,15.670000076293945,15.729999542236328,15.670000076293945,15.699999809265137,19400
2019-04-23,15.4399995803833,15.680000305175781,15.40999984741211,15.680000305175781,84900
2019-04-24,15.350000381469727,15.479999542236328,15.319999694824219,15.449999809265137,59900
2019-04-25,15.380000114440918,15.470000267028809,15.359999656677246,15.380000114440918,37700
2019-04-26,15.319999694824219,15.399999618530273,15.300000190734863,15.380000114440918,23400
2019-04-29,15.220000267028809,15.350000381469727,15.170000076293945,15.350000381469727,38100
2019-04-30,15.100000381469727,15.220000267028809,15.050000190734863,15.220000267028809,45300
2019-05-01,15.020000457763672,15.09000015258789,14.949999809265137,15.09000015258789,78000
2019-05-02,14.90999984741211,15.029999732971191,14.899999618530273,15.029999732971191,80400
2019-05-03,14.899999618530273,14.970000267028809,14.890000343322754,14.930000305175781,47300
2019-05-06,14.760000228881836,14.779999732971191,14.510000228881836,14.569999694824219,98500
2019-05-07,14.760000228881836,14.829999923706055,14.65999984741211,14.65999984741211,72600
2019-05-08,14.670000076293945,14.760000228881836,14.649999618530273,14.75,23100
2019-05-09,14.460000038146973,14.579999923706055,14.359999656677246,14.579999923706055,130700
2019-05-10,14.420000076293945,14.550000190734863,14.399999618530273,14.420000076293945,146700
2019-05-13,14.350000381469727,14.40999984741211,14.149999618530273,14.15999984741211,163000
2019-05-14,14.789999961853027,14.899999618530273,14.579999923706055,14.630000114440918,165300
2019-05-15,14.84000015258789,15.010000228881836,14.800000190734863,14.850000381469727,150300
2019-05-16,14.899999618530273,14.970000267028809,14.829999923706055,14.899999618530273,67700
2019-05-17,14.569999694824219,14.869999885559082,14.520000457763672,14.869999885559082,44100
2019-05-20,14.770000457763672,14.84000015258789,14.720000267028809,14.729999542236328,97300
2019-05-21,14.609999656677246,14.960000038146973,14.5600004196167,14.890000343322754,62500
2019-05-22,14.75,14.819999694824219,14.65999984741211,14.65999984741211,31100
2019-05-23,14.630000114440918,14.739999771118164,14.539999961853027,14.640000343322754,32500
2019-05-24,14.739999771118164,14.760000228881836,14.710000038146973,14.739999771118164,42700
2019-05-28,15.1899995803833,15.210000038146973,14.899999618530273,14.899999618530273,171700
2019-05-29,15.390000343322754,15.5600004196167,15.279999732971191,15.529999732971191,156400
2019-05-30,15.630000114440918,15.640000343322754,15.4399995803833,15.449999809265137,102900
2019-05-31,15.470000267028809,15.649999618530273,15.420000076293945,15.539999961853027,131200
2019-06-03,15.479999542236328,15.600000381469727,15.430000305175781,15.539999961853027,72200
2019-06-04,15.510000228881836,15.65999984741211,15.510000228881836,15.600000381469727,44400
2019-06-05,15.359999656677246,15.550000190734863,15.350000381469727,15.449999809265137,47800
2019-06-06,15.319999694824219,15.369999885559082,15.149999618530273,15.229999542236328,40300
2019-06-07,15.119999885559082,15.260000228881836,15.119999885559082,15.210000038146973,39500
2019-06-10,15.25,15.329999923706055,15.050000190734863,15.130000114440918,24100
2019-06-11,15.170000076293945,15.399999618530273,15.079999923706055,15.270000457763672,39300
2019-06-12,15.489999771118164,15.5600004196167,15.229999542236328,15.229999542236328,35800
2019-06-13,15.630000114440918,15.630000114440918,15.510000228881836,15.569999694824219,16600
2019-06-14,15.699999809265137,15.75,15.630000114440918,15.640000343322754,44400
2019-06-17,15.90999984741211,15.949999809265137,15.850000381469727,15.930000305175781,70300
2019-06-18,15.899999618530273,16.0,15.869999885559082,15.899999618530273,61600
2019-06-19,15.739999771118164,15.9399995803833,15.739999771118164,15.850000381469727,39000
2019-06-20,15.960000038146973,15.979999542236328,15.789999961853027,15.819999694824219,43100
2019-06-21,15.729999542236328,15.9399995803833,15.720000267028809,15.9399995803833,63400
2019-06-24,15.859999656677246,15.869999885559082,15.779999732971191,15.800000190734863,31700
2019-06-25,15.75,15.890000343322754,15.710000038146973,15.869999885559082,36100
2019-06-26,15.600000381469727,15.720000267028809,15.600000381469727,15.6899995803833,25800
2019-06-27,15.529999732971191,15.640000343322754,15.5,15.630000114440918,73900
2019-06-28,15.729999542236328,15.8100004196167,15.5600004196167,15.59000015258789,53900
2019-07-01,15.479999542236328,15.819999694824219,15.449999809265137,15.819999694824219,62700
2019-07-02,15.359999656677246,15.5,15.350000381469727,15.479999542236328,26200
2019-07-03,15.489999771118164,15.539999961853027,15.40999984741211,15.460000038146973,32800
2019-07-05,15.270000457763672,15.5,15.260000228881836,15.5,38600
2019-07-08,15.350000381469727,15.380000114440918,15.239999771118164,15.369999885559082,35000
2019-07-09,15.489999771118164,15.489999771118164,15.279999732971191,15.279999732971191,24000
2019-07-10,15.609999656677246,15.609999656677246,15.430000305175781,15.529999732971191,33200
2019-07-11,15.710000038146973,15.710000038146973,15.550000190734863,15.569999694824219,24300
2019-07-12,15.899999618530273,15.920000076293945,15.729999542236328,15.729999542236328,46200
2019-07-15,15.699999809265137,15.829999923706055,15.670000076293945,15.829999923706055,67600
2019-07-16,15.449999809265137,15.600000381469727,15.449999809265137,15.600000381469727,38300
2019-07-17,15.380000114440918,15.520000457763672,15.369999885559082,15.510000228881836,29400
2019-07-18,15.390000343322754,15.460000038146973,15.319999694824219,15.319999694824219,48100
2019-07-19,15.699999809265137,15.779999732971191,15.5,15.5,23900
2019-07-22,15.449999809265137,15.6899995803833,15.449999809265137,15.6899995803833,18100
2019-07-23,15.460000038146973,15.510000228881836,15.380000114440918,15.430000305175781,21500
2019-07-24,15.550000190734863,15.600000381469727,15.489999771118164,15.569999694824219,18900
2019-07-25,15.390000343322754,15.5,15.380000114440918,15.470000267028809,20000
2019-07-26,15.390000343322754,15.550000190734863,15.390000343322754,15.40999984741211,25900
2019-07-29,15.520000457763672,15.579999923706055,15.449999809265137,15.470000267028809,23800
2019-07-30,15.350000381469727,15.4399995803833,15.270000457763672,15.4399995803833,48900
2019-07-31,15.15999984741211,15.350000381469727,15.140000343322754,15.350000381469727,87500
2019-08-01,14.920000076293945,15.180000305175781,14.850000381469727,15.180000305175781,67700
2019-08-02,14.979999542236328,15.020000457763672,14.930000305175781,14.970000267028809,49700
2019-08-05,14.920000076293945,15.0,14.760000228881836,14.789999961853027,45500
2019-08-06,14.920000076293945,15.0,14.899999618530273,14.949999809265137,21100
2019-08-07,14.920000076293945,14.949999809265137,14.869999885559082,14.90999984741211,30500
2019-08-08,15.220000267028809,15.220000267028809,14.949999809265137,14.949999809265137,18800
2019-08-09,15.34000015258789,15.369999885559082,15.220000267028809,15.270000457763672,21700
2019-08-12,15.09000015258789,15.350000381469727,15.09000015258789,15.199999809265137,18600
2019-08-13,15.3100004196167,15.4399995803833,15.1899995803833,15.1899995803833,24800
2019-08-14,15.100000381469727,15.3100004196167,15.100000381469727,15.210000038146973,21800
2019-08-15,15.0,15.1899995803833,14.979999542236328,15.109999656677246,28100
2019-08-16,15.149999618530273,15.15999984741211,15.010000228881836,15.010000228881836,22600
2019-08-19,14.920000076293945,15.09000015258789,14.920000076293945,15.029999732971191,33400
2019-08-20,14.989999771118164,15.069999694824219,14.930000305175781,15.0600004196167,29000
2019-08-21,15.039999961853027,15.09000015258789,15.0,15.0,24500
2019-08-22,14.949999809265137,15.130000114440918,14.949999809265137,15.029999732971191,12900
2019-08-23,14.770000457763672,14.90999984741211,14.760000228881836,14.869999885559082,41800
2019-08-26,14.920000076293945,14.989999771118164,14.880000114440918,14.9399995803833,30400
2019-08-27,14.8100004196167,14.899999618530273,14.8100004196167,14.84000015258789,11100
2019-08-28,14.920000076293945,14.960000038146973,14.729999542236328,14.8100004196167,8700
2019-08-29,14.960000038146973,15.029999732971191,14.960000038146973,14.960000038146973,13100
2019-08-30,14.960000038146973,15.100000381469727,14.960000038146973,15.039999961853027,22200
2019-09-03,14.970000267028809,14.989999771118164,14.850000381469727,14.930000305175781,28700
2019-09-04,15.050000190734863,15.130000114440918,14.930000305175781,15.010000228881836,48400
2019-09-05,14.84000015258789,15.079999923706055,14.8100004196167,15.079999923706055,34000
2019-09-06,14.779999732971191,14.920000076293945,14.779999732971191,14.880000114440918,20900
2019-09-09,14.829999923706055,14.880000114440918,14.729999542236328,14.789999961853027,11900
2019-09-10,15.050000190734863,15.0600004196167,14.829999923706055,14.850000381469727,30700
2019-09-11,14.9399995803833,15.020000457763672,14.920000076293945,15.020000457763672,46500
2019-09-12,15.40999984741211,15.420000076293945,15.050000190734863,15.050000190734863,98700
2019-09-13,15.4399995803833,15.510000228881836,15.40999984741211,15.420000076293945,85300
2019-09-16,15.470000267028809,15.479999542236328,15.420000076293945,15.449999809265137,32200
2019-09-17,15.380000114440918,15.430000305175781,15.279999732971191,15.359999656677246,94300
2019-09-18,15.300000190734863,15.380000114440918,15.270000457763672,15.380000114440918,7100
2019-09-19,15.359999656677246,15.369999885559082,15.270000457763672,15.300000190734863,12600
2019-09-20,15.180000305175781,15.3100004196167,15.140000343322754,15.3100004196167,36400
2019-09-23,15.279999732971191,15.420000076293945,15.270000457763672,15.380000114440918,21900
2019-09-24,15.329999923706055,15.420000076293945,15.300000190734863,15.369999885559082,20400
2019-09-25,15.25,15.289999961853027,15.210000038146973,15.289999961853027,13200
2019-09-26,15.289999961853027,15.369999885559082,15.270000457763672,15.319999694824219,13100
2019-09-27,15.220000267028809,15.25,15.170000076293945,15.220000267028809,12900
2019-09-30,15.510000228881836,15.520000457763672,15.25,15.25,28100
2019-10-01,15.670000076293945,15.6899995803833,15.510000228881836,15.510000228881836,37100
2019-10-02,15.640000343322754,15.670000076293945,15.609999656677246,15.630000114440918,9300
2019-10-03,15.579999923706055,15.699999809265137,15.569999694824219,15.569999694824219,30200
2019-10-04,15.640000343322754,15.720000267028809,15.609999656677246,15.630000114440918,16600
2019-10-07,15.680000305175781,15.680000305175781,15.619999885559082,15.680000305175781,12500
2019-10-08,15.729999542236328,15.819999694824219,15.5600004196167,15.609999656677246,39500
2019-10-09,15.779999732971191,15.920000076293945,15.760000228881836,15.880000114440918,48500
2019-10-10,15.789999961853027,15.930000305175781,15.75,15.8100004196167,35300
2019-10-11,15.920000076293945,15.979999542236328,15.859999656677246,15.899999618530273,86400
2019-10-14,16.0,16.020000457763672,15.899999618530273,15.920000076293945,77700
2019-10-15,15.9399995803833,16.049999237060547,15.90999984741211,16.030000686645508,44900
2019-10-16,15.84000015258789,15.970000267028809,15.84000015258789,15.90999984741211,64300
2019-10-17,15.869999885559082,15.989999771118164,15.859999656677246,15.880000114440918,23700
2019-10-18,15.930000305175781,15.970000267028809,15.899999618530273,15.90999984741211,17500
2019-10-21,15.890000343322754,15.960000038146973,15.869999885559082,15.949999809265137,15900
2019-10-22,15.890000343322754,16.010000228881836,15.880000114440918,16.010000228881836,30200
2019-10-23,15.899999618530273,15.960000038146973,15.829999923706055,15.850000381469727,9600
2019-10-24,15.9399995803833,15.989999771118164,15.899999618530273,15.960000038146973,16100
2019-10-25,15.75,15.930000305175781,15.729999542236328,15.930000305175781,49200
2019-10-28,15.75,15.819999694824219,15.739999771118164,15.739999771118164,52600
2019-10-29,15.699999809265137,15.819999694824219,15.699999809265137,15.739999771118164,18200
2019-10-30,15.699999809265137,15.789999961853027,15.6899995803833,15.789999961853027,11900
2019-10-31,15.720000267028809,15.760000228881836,15.619999885559082,15.680000305175781,85000
2019-11-01,15.789999961853027,15.8100004196167,15.760000228881836,15.800000190734863,31100
2019-11-04,15.8100004196167,15.869999885559082,15.800000190734863,15.8100004196167,24900
2019-11-05,15.760000228881836,15.800000190734863,15.739999771118164,15.800000190734863,19000
2019-11-06,15.65999984741211,15.739999771118164,15.649999618530273,15.739999771118164,21200
2019-11-07,15.770000457763672,15.8100004196167,15.65999984741211,15.6899995803833,85900
2019-11-08,15.680000305175781,15.760000228881836,15.630000114440918,15.739999771118164,26000
2019-11-11,15.470000267028809,15.609999656677246,15.449999809265137,15.609999656677246,56700
2019-11-12,15.489999771118164,15.5,15.430000305175781,15.430000305175781,26900
2019-11-13,15.470000267028809,15.539999961853027,15.420000076293945,15.470000267028809,35900
2019-11-14,15.449999809265137,15.470000267028809,15.390000343322754,15.449999809265137,17700
2019-11-15,15.479999542236328,15.550000190734863,15.430000305175781,15.510000228881836,137700
2019-11-18,15.329999923706055,15.470000267028809,15.329999923706055,15.470000267028809,34800
2019-11-19,15.350000381469727,15.449999809265137,15.34000015258789,15.380000114440918,12500
2019-11-20,15.329999923706055,15.430000305175781,15.300000190734863,15.420000076293945,40600
2019-11-21,15.25,15.390000343322754,15.25,15.390000343322754,12100
2019-11-22,15.180000305175781,15.270000457763672,15.170000076293945,15.260000228881836,10800
2019-11-25,15.170000076293945,15.199999809265137,15.149999618530273,15.180000305175781,27800
2019-11-26,15.029999732971191,15.119999885559082,15.0,15.119999885559082,49100
2019-11-27,14.989999771118164,15.050000190734863,14.960000038146973,15.050000190734863,25700
2019-11-29,14.899999618530273,14.989999771118164,14.899999618530273,14.920000076293945,15700
2019-12-02,14.869999885559082,14.989999771118164,14.800000190734863,14.989999771118164,84700
2019-12-03,14.84000015258789,14.850000381469727,14.8100004196167,14.850000381469727,59300
2019-12-04,14.930000305175781,14.9399995803833,14.880000114440918,14.920000076293945,16100
2019-12-05,15.0,15.0600004196167,14.989999771118164,15.0600004196167,23900
2019-12-06,15.100000381469727,15.149999618530273,15.020000457763672,15.149999618530273,41700
2019-12-09,15.220000267028809,15.289999961853027,15.170000076293945,15.170000076293945,36600
2019-12-10,15.25,15.260000228881836,15.199999809265137,15.239999771118164,15800
2019-12-11,15.140000343322754,15.270000457763672,15.109999656677246,15.270000457763672,27700
2019-12-12,15.229999542236328,15.239999771118164,15.069999694824219,15.140000343322754,65100
2019-12-13,15.350000381469727,15.5,15.279999732971191,15.430000305175781,75800
2019-12-16,15.539999961853027,15.59000015258789,15.460000038146973,15.489999771118164,76900
2019-12-17,15.649999618530273,15.680000305175781,15.5600004196167,15.5600004196167,58000
2019-12-18,15.630000114440918,15.649999618530273,15.5600004196167,15.569999694824219,25100
2019-12-19,15.5600004196167,15.630000114440918,15.539999961853027,15.539999961853027,51100
2019-12-20,15.569999694824219,15.630000114440918,15.569999694824219,15.600000381469727,39600
2019-12-23,15.640000343322754,15.699999809265137,15.569999694824219,15.569999694824219,22100
2019-12-24,15.699999809265137,15.720000267028809,15.640000343322754,15.640000343322754,16300
2019-12-26,15.760000228881836,15.760000228881836,15.6899995803833,15.720000267028809,54300
2019-12-27,15.6899995803833,15.800000190734863,15.630000114440918,15.770000457763672,37200
2019-12-30,15.8100004196167,15.8100004196167,15.699999809265137,15.699999809265137,42900
2019-12-31,15.829999923706055,15.869999885559082,15.75,15.789999961853027,25000
2020-01-02,15.869999885559082,15.930000305175781,15.84000015258789,15.84000015258789,26100
2020-01-03,15.65999984741211,15.789999961853027,15.579999923706055,15.680000305175781,56300
2020-01-06,15.710000038146973,15.75,15.630000114440918,15.649999618530273,32400
2020-01-07,15.670000076293945,15.680000305175781,15.600000381469727,15.65999984741211,29700
2020-01-08,15.720000267028809,15.75,15.65999984741211,15.670000076293945,21800
2020-01-09,15.649999618530273,15.789999961853027,15.619999885559082,15.789999961853027,38100
2020-01-10,15.729999542236328,15.729999542236328,15.510000228881836,15.649999618530273,30200
2020-01-13,15.630000114440918,15.649999618530273,15.579999923706055,15.640000343322754,40700
2020-01-14,15.670000076293945,15.729999542236328,15.569999694824219,15.699999809265137,104700
2020-01-15,15.460000038146973,15.649999618530273,15.4399995803833,15.630000114440918,68500
2020-01-16,15.390000343322754,15.470000267028809,15.350000381469727,15.470000267028809,37900
2020-01-17,15.430000305175781,15.5,15.319999694824219,15.350000381469727,34600
2020-01-21,15.25,15.399999618530273,15.239999771118164,15.329999923706055,46600
2020-01-22,15.220000267028809,15.329999923706055,15.220000267028809,15.300000190734863,28000
2020-01-23,15.149999618530273,15.210000038146973,15.069999694824219,15.15999984741211,40700
2020-01-24,15.039999961853027,15.140000343322754,15.029999732971191,15.140000343322754,74300
2020-01-27,14.930000305175781,14.979999542236328,14.850000381469727,14.890000343322754,45200
2020-01-28,14.949999809265137,14.949999809265137,14.84000015258789,14.850000381469727,11900
2020-01-29,14.899999618530273,14.960000038146973,14.880000114440918,14.90999984741211,20400
2020-01-30,14.670000076293945,14.8100004196167,14.640000343322754,14.8100004196167,31400
2020-01-31,14.579999923706055,14.680000305175781,14.569999694824219,14.680000305175781,28300
2020-02-03,14.609999656677246,14.680000305175781,14.579999923706055,14.59000015258789,21100
2020-02-04,14.710000038146973,14.75,14.680000305175781,14.739999771118164,34900
2020-02-05,14.720000267028809,14.8100004196167,14.699999809265137,14.770000457763672,17600
2020-02-06,14.760000228881836,14.829999923706055,14.670000076293945,14.829999923706055,31700
2020-02-07,14.729999542236328,14.75,14.649999618530273,14.65999984741211,19500
2020-02-10,14.760000228881836,14.8100004196167,14.680000305175781,14.699999809265137,28300
2020-02-11,14.729999542236328,14.760000228881836,14.6899995803833,14.710000038146973,13500
2020-02-12,14.819999694824219,14.819999694824219,14.6899995803833,14.6899995803833,41000
2020-02-13,14.880000114440918,14.899999618530273,14.8100004196167,14.819999694824219,73400
2020-02-14,14.829999923706055,14.899999618530273,14.779999732971191,14.859999656677246,40400
2020-02-18,14.770000457763672,14.829999923706055,14.770000457763672,14.829999923706055,15700
2020-02-19,14.800000190734863,14.819999694824219,14.6899995803833,14.75,40500
2020-02-20,14.760000228881836,14.819999694824219,14.75,14.770000457763672,75700
2020-02-21,14.720000267028809,14.869999885559082,14.699999809265137,14.760000228881836,27500
2020-02-24,14.5,14.569999694824219,14.4399995803833,14.569999694824219,109300
2020-02-25,14.579999923706055,14.600000381469727,14.470000267028809,14.510000228881836,42500
2020-02-26,14.640000343322754,14.729999542236328,14.579999923706055,14.600000381469727,50300
2020-02-27,14.649999618530273,14.6899995803833,14.40999984741211,14.489999771118164,30200
2020-02-28,14.569999694824219,14.609999656677246,14.489999771118164,14.5,25900
2020-03-02,14.760000228881836,14.770000457763672,14.640000343322754,14.640000343322754,45200
2020-03-03,14.779999732971191,14.819999694824219,14.729999542236328,14.770000457763672,34200
2020-03-04,14.800000190734863,14.850000381469727,14.779999732971191,14.800000190734863,17600
2020-03-05,14.649999618530273,14.75,14.600000381469727,14.710000038146973,14700
2020-03-06,14.529999732971191,14.600000381469727,14.5,14.539999961853027,27000
2020-03-09,14.260000228881836,14.300000190734863,14.170000076293945,14.270000457763672,69800
2020-03-10,14.34000015258789,14.449999809265137,14.279999732971191,14.350000381469727,27100
2020-03-11,14.260000228881836,14.390000343322754,14.220000267028809,14.359999656677246,31100
2020-03-12,13.9399995803833,14.0600004196167,13.399999618530273,13.90999984741211,50600
2020-03-13,13.9399995803833,14.180000305175781,13.84000015258789,14.100000381469727,48400
2020-03-16,13.569999694824219,13.8100004196167,13.399999618530273,13.510000228881836,47700
2020-03-17,13.449999809265137,13.640000343322754,13.449999809265137,13.550000190734863,18800
2020-03-18,13.579999923706055,13.59000015258789,13.420000076293945,13.470000267028809,88200
2020-03-19,13.619999885559082,13.819999694824219,13.600000381469727,13.609999656677246,63200
2020-03-20,13.850000381469727,13.970000267028809,13.65999984741211,13.899999618530273,64300
2020-03-23,14.029999732971191,14.029999732971191,13.899999618530273,13.949999809265137,32400
2020-03-24,14.050000190734863,14.09000015258789,13.9399995803833,14.029999732971191,36300
2020-03-25,14.119999885559082,14.149999618530273,13.949999809265137,14.050000190734863,38000
2020-03-26,14.109999656677246,14.119999885559082,14.039999961853027,14.109999656677246,20600
2020-03-27,14.109999656677246,14.199999809265137,13.960000038146973,14.199999809265137,40300
2020-03-30,14.079999923706055,14.130000114440918,14.0,14.119999885559082,38800
2020-03-31,14.050000190734863,14.079999923706055,13.960000038146973,14.010000228881836,18400
2020-04-01,13.75,13.979999542236328,13.75,13.819999694824219,29500
2020-04-02,13.8100004196167,13.869999885559082,13.729999542236328,13.75,37200
2020-04-03,13.729999542236328,13.819999694824219,13.670000076293945,13.75,29200
2020-04-06,13.890000343322754,13.960000038146973,13.710000038146973,13.75,33700
2020-04-07,13.770000457763672,14.0,13.770000457763672,13.9399995803833,28600
2020-04-08,13.859999656677246,13.880000114440918,13.760000228881836,13.760000228881836,44400
2020-04-09,14.0,14.0,13.829999923706055,13.859999656677246,30200
2020-04-13,13.899999618530273,14.0,13.829999923706055,14.0,42700
2020-04-14,13.829999923706055,13.930000305175781,13.829999923706055,13.899999618530273,15100
2020-04-15,13.789999961853027,13.890000343322754,13.699999809265137,13.890000343322754,35500
2020-04-16,13.720000267028809,13.819999694824219,13.649999618530273,13.819999694824219,62200
2020-04-17,13.649999618530273,13.899999618530273,13.649999618530273,13.899999618530273,36900
2020-04-20,13.520000457763672,13.619999885559082,13.5,13.619999885559082,46800
2020-04-21,13.5,13.600000381469727,13.270000457763672,13.430000305175781,70300
2020-04-22,13.630000114440918,13.670000076293945,13.569999694824219,13.569999694824219,76700
2020-04-23,13.609999656677246,13.829999923706055,13.579999923706055,13.829999923706055,79000
2020-04-24,13.4399995803833,13.710000038146973,13.399999618530273,13.640000343322754,86300
2020-04-27,13.449999809265137,13.600000381469727,13.420000076293945,13.59000015258789,36700
2020-04-28,13.34000015258789,13.479999542236328,13.329999923706055,13.470000267028809,26500
2020-04-29,13.539999961853027,13.550000190734863,13.430000305175781,13.550000190734863,71100
2020-04-30,13.770000457763672,13.789999961853027,13.5600004196167,13.5600004196167,67600
2020-05-01,13.739999771118164,13.760000228881836,13.630000114440918,13.75,29500
2020-05-04,13.520000457763672,13.8100004196167,13.460000038146973,13.550000190734863,38400
2020-05-05,13.4399995803833,13.569999694824219,13.4399995803833,13.529999732971191,21500
2020-05-06,13.399999618530273,13.510000228881836,13.380000114440918,13.460000038146973,16900
2020-05-07,13.479999542236328,13.5600004196167,13.399999618530273,13.399999618530273,71700
2020-05-08,13.649999618530273,13.720000267028809,13.5,13.5,54000
2020-05-11,13.680000305175781,13.789999961853027,13.619999885559082,13.619999885559082,25200
2020-05-12,13.630000114440918,13.729999542236328,13.609999656677246,13.729999542236328,41800
2020-05-13,13.5,13.710000038146973,13.4399995803833,13.710000038146973,50800
2020-05-14,13.470000267028809,13.529999732971191,13.4399995803833,13.4399995803833,34900
2020-05-15,13.479999542236328,13.569999694824219,13.449999809265137,13.539999961853027,40700
2020-05-18,13.609999656677246,13.619999885559082,13.5,13.5,38500
2020-05-19,13.579999923706055,13.649999618530273,13.569999694824219,13.630000114440918,19700
2020-05-20,13.670000076293945,13.6899995803833,13.600000381469727,13.6899995803833,33200
2020-05-21,13.520000457763672,13.649999618530273,13.5,13.630000114440918,36400
2020-05-22,13.539999961853027,13.579999923706055,13.449999809265137,13.5,18700
2020-05-26,13.649999618530273,13.699999809265137,13.539999961853027,13.539999961853027,40000
2020-05-27,13.680000305175781,13.770000457763672,13.649999618530273,13.770000457763672,54800
2020-05-28,13.6899995803833,13.6899995803833,13.550000190734863,13.619999885559082,24000
2020-05-29,13.65999984741211,13.6899995803833,13.600000381469727,13.6899995803833,17700
2020-06-01,13.640000343322754,13.720000267028809,13.5600004196167,13.5600004196167,34100
2020-06-02,13.800000190734863,13.819999694824219,13.65999984741211,13.680000305175781,51000
2020-06-03,13.880000114440918,13.930000305175781,13.800000190734863,13.84000015258789,48100
2020-06-04,14.069999694824219,14.109999656677246,13.920000076293945,13.949999809265137,231400
2020-06-05,14.119999885559082,14.149999618530273,14.050000190734863,14.109999656677246,90500
2020-06-08,14.050000190734863,14.140000343322754,14.029999732971191,14.119999885559082,86400
2020-06-09,14.020000457763672,14.039999961853027,13.949999809265137,14.0,48300
2020-06-10,14.029999732971191,14.0600004196167,14.0,14.050000190734863,37000
2020-06-11,14.0,14.029999732971191,13.960000038146973,13.960000038146973,45200
2020-06-12,14.039999961853027,14.069999694824219,13.989999771118164,14.0,45200
2020-06-15,14.010000228881836,14.010000228881836,13.859999656677246,13.949999809265137,96100
2020-06-16,13.960000038146973,14.020000457763672,13.90999984741211,14.010000228881836,630400
2020-06-17,14.020000457763672,14.050000190734863,13.859999656677246,14.0,396900
2020-06-18,14.0,14.050000190734863,13.960000038146973,14.039999961853027,131000
2020-06-19,14.039999961853027,14.149999618530273,14.010000228881836,14.119999885559082,631600
2020-06-22,14.020000457763672,14.050000190734863,14.0,14.039999961853027,154500
2020-06-23,13.960000038146973,14.029999732971191,13.949999809265137,14.010000228881836,406600
2020-06-24,13.90999984741211,14.0,13.859999656677246,13.979999542236328,624600
2020-06-25,13.850000381469727,13.899999618530273,13.729999542236328,13.899999618530273,350100
2020-06-26,13.720000267028809,13.819999694824219,13.6899995803833,13.8100004196167,128700
2020-06-29,13.739999771118164,13.800000190734863,13.65999984741211,13.699999809265137,93600
2020-06-30,13.970000267028809,14.050000190734863,13.75,13.800000190734863,723600
2020-07-01,14.279999732971191,14.279999732971191,14.039999961853027,14.039999961853027,256700
2020-07-02,14.229999542236328,14.300000190734863,14.199999809265137,14.300000190734863,88100
2020-07-06,14.380000114440918,14.430000305175781,14.319999694824219,14.40999984741211,218600
2020-07-07,14.270000457763672,14.380000114440918,14.260000228881836,14.380000114440918,126100
2020-07-08,14.289999961853027,14.34000015258789,14.25,14.25,90400
2020-07-09,14.34000015258789,14.4399995803833,14.3100004196167,14.369999885559082,90100
2020-07-10,14.180000305175781,14.369999885559082,14.140000343322754,14.369999885559082,174300
2020-07-13,13.930000305175781,14.109999656677246,13.90999984741211,14.100000381469727,239400
2020-07-14,14.029999732971191,14.069999694824219,13.960000038146973,14.0,208200
2020-07-15,14.069999694824219,14.069999694824219,13.949999809265137,14.0600004196167,121300
2020-07-16,14.149999618530273,14.170000076293945,14.0600004196167,14.0600004196167,150700
2020-07-17,14.25,14.289999961853027,14.149999618530273,14.289999961853027,55700
2020-07-20,14.270000457763672,14.289999961853027,14.180000305175781,14.270000457763672,66300
2020-07-21,14.210000038146973,14.289999961853027,14.15999984741211,14.289999961853027,89900
2020-07-22,14.270000457763672,14.279999732971191,14.149999618530273,14.199999809265137,154700
2020-07-23,14.300000190734863,14.300000190734863,14.229999542236328,14.279999732971191,90900
2020-07-24,14.279999732971191,14.34000015258789,14.25,14.329999923706055,50400
2020-07-27,14.329999923706055,14.350000381469727,14.279999732971191,14.300000190734863,71600
2020-07-28,14.15999984741211,14.15999984741211,14.069999694824219,14.149999618530273,1300900
2020-07-29,14.15999984741211,14.170000076293945,14.100000381469727,14.170000076293945,142900
2020-07-30,14.1899995803833,14.199999809265137,14.050000190734863,14.15999984741211,167400
2020-07-31,14.229999542236328,14.25,14.170000076293945,14.210000038146973,465300
2020-08-03,14.260000228881836,14.289999961853027,14.210000038146973,14.239999771118164,109300
2020-08-04,14.15999984741211,14.300000190734863,14.050000190734863,14.300000190734863,911200
2020-08-05,14.079999923706055,14.1899995803833,14.0600004196167,14.149999618530273,569700
2020-08-06,14.079999923706055,14.149999618530273,14.039999961853027,14.079999923706055,269000
2020-08-07,13.920000076293945,14.109999656677246,13.899999618530273,14.050000190734863,280300
2020-08-10,14.010000228881836,14.029999732971191,13.899999618530273,13.960000038146973,161400
2020-08-11,13.90999984741211,14.010000228881836,13.880000114440918,14.010000228881836,1057700
2020-08-12,14.100000381469727,14.109999656677246,13.850000381469727,13.9399995803833,167400
2020-08-13,14.319999694824219,14.380000114440918,14.229999542236328,14.25,344800
2020-08-14,14.300000190734863,14.329999923706055,14.279999732971191,14.3100004196167,120800
2020-08-17,14.569999694824219,14.579999923706055,14.430000305175781,14.4399995803833,231000
2020-08-18,14.5600004196167,14.600000381469727,14.510000228881836,14.579999923706055,207400
2020-08-19,14.520000457763672,14.640000343322754,14.510000228881836,14.630000114440918,179500
2020-08-20,14.460000038146973,14.5,14.40999984741211,14.5,200200
2020-08-21,14.40999984741211,14.5,14.399999618530273,14.5,121600
2020-08-24,14.449999809265137,14.539999961853027,14.40999984741211,14.5,142100
2020-08-25,14.65999984741211,14.65999984741211,14.510000228881836,14.510000228881836,218300
2020-08-26,14.699999809265137,14.720000267028809,14.649999618530273,14.699999809265137,195800
2020-08-27,14.899999618530273,15.0,14.760000228881836,14.850000381469727,451700
2020-08-28,15.069999694824219,15.069999694824219,14.9399995803833,15.0,287100
2020-08-31,15.130000114440918,15.25,15.069999694824219,15.25,660000
2020-09-01,15.109999656677246,15.1899995803833,15.069999694824219,15.079999923706055,254600
2020-09-02,15.220000267028809,15.239999771118164,15.0,15.109999656677246,203600
2020-09-03,15.260000228881836,15.300000190734863,15.149999618530273,15.300000190734863,215600
2020-09-04,15.300000190734863,15.329999923706055,15.210000038146973,15.270000457763672,272300
2020-09-08,15.350000381469727,15.350000381469727,15.239999771118164,15.3100004196167,247900
2020-09-09,15.390000343322754,15.430000305175781,15.319999694824219,15.350000381469727,208900
2020-09-10,15.34000015258789,15.430000305175781,15.319999694824219,15.40999984741211,182300
2020-09-11,15.579999923706055,15.579999923706055,15.40999984741211,15.40999984741211,267800
2020-09-14,15.649999618530273,15.670000076293945,15.609999656677246,15.619999885559082,511100
2020-09-15,15.579999923706055,15.680000305175781,15.520000457763672,15.680000305175781,280200
2020-09-16,15.789999961853027,15.819999694824219,15.630000114440918,15.649999618530273,289100
2020-09-17,15.9399995803833,16.030000686645508,15.739999771118164,15.739999771118164,429400
2020-09-18,16.170000076293945,16.190000534057617,15.979999542236328,16.100000381469727,604700
2020-09-21,15.829999923706055,16.110000610351562,15.8100004196167,16.110000610351562,679600
2020-09-22,15.800000190734863,16.059999465942383,15.800000190734863,15.869999885559082,286300
2020-09-23,15.699999809265137,15.850000381469727,15.699999809265137,15.779999732971191,230400
2020-09-24,15.489999771118164,15.59000015258789,15.479999542236328,15.579999923706055,550600
2020-09-25,15.529999732971191,15.630000114440918,15.460000038146973,15.479999542236328,142800
2020-09-28,15.449999809265137,15.529999732971191,15.399999618530273,15.529999732971191,137700
2020-09-29,15.420000076293945,15.550000190734863,15.350000381469727,15.449999809265137,233600
2020-09-30,15.84000015258789,15.989999771118164,15.380000114440918,15.4399995803833,432200
2020-10-01,15.899999618530273,15.979999542236328,15.850000381469727,15.979999542236328,131900
2020-10-02,15.829999923706055,15.920000076293945,15.699999809265137,15.720000267028809,70900
2020-10-05,15.869999885559082,15.899999618530273,15.8100004196167,15.880000114440918,298200
2020-10-06,16.020000457763672,16.18000030517578,15.970000267028809,15.970000267028809,488000
2020-10-07,16.010000228881836,16.200000762939453,16.0,16.149999618530273,168800
2020-10-08,15.960000038146973,16.170000076293945,15.90999984741211,16.139999389648438,198600
2020-10-09,16.270000457763672,16.329999923706055,16.020000457763672,16.09000015258789,237000
2020-10-12,15.920000076293945,16.25,15.90999984741211,16.25,1021700
2020-10-13,16.059999465942383,16.100000381469727,15.920000076293945,15.920000076293945,524600
2020-10-14,16.149999618530273,16.200000762939453,16.079999923706055,16.079999923706055,270600
2020-10-15,16.170000076293945,16.190000534057617,15.930000305175781,16.049999237060547,137900
2020-10-16,16.06999969482422,16.280000686645508,16.040000915527344,16.209999084472656,184300
2020-10-19,16.100000381469727,16.170000076293945,16.059999465942383,16.100000381469727,102400
2020-10-20,16.25,16.270000457763672,16.15999984741211,16.200000762939453,170900
2020-10-21,16.31999969482422,16.420000076293945,16.31999969482422,16.399999618530273,137700
2020-10-22,16.299999237060547,16.479999542236328,16.299999237060547,16.329999923706055,164500
2020-10-23,16.440000534057617,16.540000915527344,16.239999771118164,16.239999771118164,151500
2020-10-26,16.469999313354492,16.5,16.360000610351562,16.440000534057617,80600
2020-10-27,16.34000015258789,16.5,16.329999923706055,16.469999313354492,99500
2020-10-28,16.06999969482422,16.209999084472656,16.040000915527344,16.06999969482422,239400
2020-10-29,16.020000457763672,16.100000381469727,16.0,16.040000915527344,236800
2020-10-30,16.1299991607666,16.219999313354492,16.030000686645508,16.030000686645508,138400
2020-11-02,16.09000015258789,16.18000030517578,16.010000228881836,16.010000228881836,110500
2020-11-03,16.25,16.34000015258789,16.219999313354492,16.219999313354492,101600
2020-11-04,16.549999237060547,16.579999923706055,16.329999923706055,16.360000610351562,172900
2020-11-05,16.809999465942383,16.899999618530273,16.739999771118164,16.799999237060547,225900
2020-11-06,16.829999923706055,16.8700008392334,16.770000457763672,16.799999237060547,85300
2020-11-09,16.8700008392334,17.010000228881836,16.8700008392334,16.90999984741211,138000
2020-11-10,17.399999618530273,17.489999771118164,16.959999084472656,16.959999084472656,264800
2020-11-11,17.489999771118164,17.520000457763672,17.360000610351562,17.420000076293945,199100
2020-11-12,17.440000534057617,17.469999313354492,17.329999923706055,17.420000076293945,187200
2020-11-13,17.510000228881836,17.610000610351562,17.469999313354492,17.469999313354492,124100
2020-11-16,17.639999389648438,17.649999618530273,17.469999313354492,17.600000381469727,81800
2020-11-17,17.75,17.850000381469727,17.709999084472656,17.75,246800
2020-11-18,17.799999237060547,17.979999542236328,17.770000457763672,17.850000381469727,135900
2020-11-19,17.850000381469727,17.860000610351562,17.65999984741211,17.739999771118164,112700
2020-11-20,17.8799991607666,18.040000915527344,17.850000381469727,18.010000228881836,168700
2020-11-23,18.059999465942383,18.06999969482422,17.969999313354492,18.049999237060547,145000
2020-11-24,18.06999969482422,18.09000015258789,17.829999923706055,17.950000762939453,260200
2020-11-25,17.93000030517578,18.040000915527344,17.920000076293945,18.010000228881836,105500
2020-11-27,18.040000915527344,18.040000915527344,17.889999389648438,17.889999389648438,90200
2020-11-30,17.709999084472656,17.90999984741211,17.700000762939453,17.899999618530273,220100
2020-12-01,17.639999389648438,17.790000915527344,17.579999923706055,17.700000762939453,143600
2020-12-02,17.510000228881836,17.6200008392334,17.360000610351562,17.469999313354492,332000
2020-12-03,17.670000076293945,17.729999542236328,17.56999969482422,17.600000381469727,80900
2020-12-04,17.639999389648438,17.700000762939453,17.59000015258789,17.690000534057617,122400
2020-12-07,17.6299991607666,17.760000228881836,17.479999542236328,17.5,138900
2020-12-08,17.520000457763672,17.6200008392334,17.479999542236328,17.600000381469727,98800
2020-12-09,17.709999084472656,17.709999084472656,17.600000381469727,17.670000076293945,90100
2020-12-10,17.709999084472656,17.93000030517578,17.600000381469727,17.719999313354492,194400
2020-12-11,17.75,17.790000915527344,17.6200008392334,17.700000762939453,78200
2020-12-14,17.8799991607666,17.899999618530273,17.770000457763672,17.84000015258789,57200
2020-12-15,18.049999237060547,18.09000015258789,17.770000457763672,17.8799991607666,98100
2020-12-16,18.040000915527344,18.18000030517578,18.0,18.100000381469727,59900
2020-12-17,18.25,18.280000686645508,18.059999465942383,18.09000015258789,95100
2020-12-18,18.489999771118164,18.549999237060547,18.350000381469727,18.43000030517578,149500
2020-12-21,18.780000686645508,18.790000915527344,18.489999771118164,18.5,156200
2020-12-22,18.780000686645508,18.860000610351562,18.68000030517578,18.790000915527344,90000
2020-12-23,18.8799991607666,18.950000762939453,18.81999969482422,18.90999984741211,95000
2020-12-24,18.899999618530273,18.969999313354492,18.860000610351562,18.969999313354492,79000
2020-12-28,18.75,19.15999984741211,18.68000030517578,19.15999984741211,155500
2020-12-29,19.31999969482422,19.329999923706055,18.719999313354492,18.719999313354492,213300
2020-12-30,19.31999969482422,19.399999618530273,19.170000076293945,19.209999084472656,128500
2020-12-31,19.469999313354492,19.579999923706055,19.459999084472656,19.56999969482422,166400
2021-01-04,19.579999923706055,20.0,19.399999618530273,19.899999618530273,226700
2021-01-05,20.079999923706055,20.3799991607666,19.8700008392334,19.889999389648438,326600
2021-01-06,20.270000457763672,20.43000030517578,20.15999984741211,20.350000381469727,222100
2021-01-07,20.200000762939453,20.229999542236328,20.0,20.06999969482422,239100
2021-01-08,20.440000534057617,20.559999465942383,20.280000686645508,20.440000534057617,187300
2021-01-11,20.329999923706055,20.600000381469727,20.170000076293945,20.600000381469727,217100
2021-01-12,21.0,21.200000762939453,20.100000381469727,20.450000762939453,493900
2021-01-13,20.799999237060547,20.989999771118164,20.799999237060547,20.989999771118164,256400
2021-01-14,21.18000030517578,21.229999542236328,20.84000015258789,20.93000030517578,241600
2021-01-15,21.040000915527344,21.139999389648438,21.010000228881836,21.100000381469727,116400
2021-01-19,20.65999984741211,20.920000076293945,20.639999389648438,20.920000076293945,299100
2021-01-20,20.3700008392334,20.559999465942383,20.219999313354492,20.34000015258789,283500
2021-01-21,20.34000015258789,20.6299991607666,20.34000015258789,20.579999923706055,159400
2021-01-22,19.479999542236328,20.149999618530273,19.399999618530273,20.09000015258789,418000
2021-01-25,19.93000030517578,20.030000686645508,19.420000076293945,19.420000076293945,258000
2021-01-26,20.31999969482422,20.360000610351562,20.1200008392334,20.1200008392334,188800
2021-01-27,20.260000228881836,20.520000457763672,20.190000534057617,20.43000030517578,109400
2021-01-28,19.940000534057617,20.489999771118164,19.8700008392334,20.399999618530273,193000
2021-01-29,20.15999984741211,20.299999237060547,19.81999969482422,20.149999618530273,130600
2021-02-01,20.260000228881836,20.260000228881836,20.020000457763672,20.100000381469727,181100
2021-02-02,20.100000381469727,20.200000762939453,19.93000030517578,20.010000228881836,84800
2021-02-03,20.25,20.299999237060547,19.979999542236328,20.100000381469727,116400
2021-02-04,20.280000686645508,20.43000030517578,20.200000762939453,20.34000015258789,138300
2021-02-05,20.290000915527344,20.469999313354492,20.200000762939453,20.200000762939453,89300
2021-02-08,20.6299991607666,20.639999389648438,20.3700008392334,20.399999618530273,107100
2021-02-09,20.790000915527344,20.8799991607666,20.469999313354492,20.81999969482422,145200
2021-02-10,20.190000534057617,20.559999465942383,20.15999984741211,20.559999465942383,250000
2021-02-11,20.3799991607666,20.540000915527344,20.270000457763672,20.270000457763672,82700
2021-02-12,20.420000076293945,20.489999771118164,20.34000015258789,20.420000076293945,45800
2021-02-16,20.670000076293945,20.670000076293945,20.5,20.610000610351562,81100
2021-02-17,20.649999618530273,20.719999313354492,20.559999465942383,20.65999984741211,97000
2021-02-18,20.530000686645508,20.690000534057617,20.489999771118164,20.690000534057617,84800
2021-02-19,20.690000534057617,20.790000915527344,20.579999923706055,20.579999923706055,280600
2021-02-22,20.799999237060547,20.860000610351562,20.6200008392334,20.690000534057617,162000
2021-02-23,21.09000015258789,21.31999969482422,21.049999237060547,21.100000381469727,249900
2021-02-24,21.329999923706055,21.3700008392334,21.18000030517578,21.200000762939453,108100
2021-02-25,21.1299991607666,21.329999923706055,20.93000030517578,21.329999923706055,148900
2021-02-26,21.06999969482422,21.149999618530273,20.799999237060547,20.81999969482422,179700
2021-03-01,20.93000030517578,21.450000762939453,20.8700008392334,21.329999923706055,90200
2021-03-02,21.149999618530273,21.190000534057617,20.81999969482422,20.81999969482422,80100
2021-03-03,21.030000686645508,21.079999923706055,20.850000381469727,21.020000457763672,68500
2021-03-04,21.1299991607666,21.440000534057617,21.010000228881836,21.100000381469727,119600
2021-03-05,21.450000762939453,21.479999542236328,21.18000030517578,21.18000030517578,106600
2021-03-08,21.510000228881836,21.6200008392334,21.469999313354492,21.610000610351562,76000
2021-03-09,21.59000015258789,21.6299991607666,21.360000610351562,21.450000762939453,91000
2021-03-10,21.15999984741211,21.34000015258789,21.1200008392334,21.329999923706055,114500
2021-03-11,21.309999465942383,21.31999969482422,21.200000762939453,21.25,154300
2021-03-12,21.309999465942383,21.350000381469727,21.030000686645508,21.18000030517578,46800
2021-03-15,21.329999923706055,21.399999618530273,21.110000610351562,21.260000228881836,82200
2021-03-16,21.31999969482422,21.3700008392334,21.18000030517578,21.18000030517578,49500
2021-03-17,21.15999984741211,21.270000457763672,21.1200008392334,21.15999984741211,50900
2021-03-18,20.719999313354492,21.09000015258789,20.700000762939453,21.09000015258789,165900
2021-03-19,20.93000030517578,21.06999969482422,20.780000686645508,20.780000686645508,99100
2021-03-22,20.920000076293945,21.049999237060547,20.829999923706055,21.049999237060547,99300
2021-03-23,21.0,21.200000762939453,20.920000076293945,20.920000076293945,78300
2021-03-24,21.1200008392334,21.209999084472656,21.030000686645508,21.030000686645508,82600
2021-03-25,21.010000228881836,21.09000015258789,20.889999389648438,21.09000015258789,120900
2021-03-26,20.8700008392334,21.010000228881836,20.84000015258789,20.93000030517578,123800
2021-03-29,20.739999771118164,20.899999618530273,20.729999542236328,20.81999969482422,48400
2021-03-30,20.459999084472656,20.729999542236328,20.440000534057617,20.719999313354492,142700
2021-03-31,21.6200008392334,21.8799991607666,20.540000915527344,20.540000915527344,313600
2021-04-01,21.25,21.68000030517578,21.219999313354492,21.6200008392334,86700
2021-04-05,21.360000610351562,21.5,21.350000381469727,21.40999984741211,44400
2021-04-06,21.450000762939453,21.579999923706055,21.399999618530273,21.56999969482422,25000
2021-04-07,21.40999984741211,21.530000686645508,21.31999969482422,21.530000686645508,38100
2021-04-08,21.420000076293945,21.5,21.360000610351562,21.360000610351562,53000
2021-04-09,21.350000381469727,21.489999771118164,21.280000686645508,21.450000762939453,96100
2021-04-12,21.15999984741211,21.5,21.010000228881836,21.5,105300
2021-04-13,21.15999984741211,21.309999465942383,21.1299991607666,21.190000534057617,26200
2021-04-14,21.31999969482422,21.459999084472656,21.25,21.280000686645508,72800
2021-04-15,21.420000076293945,21.469999313354492,21.350000381469727,21.399999618530273,65100
2021-04-16,21.56999969482422,21.68000030517578,21.459999084472656,21.459999084472656,70900
2021-04-19,21.700000762939453,21.760000228881836,21.56999969482422,21.65999984741211,48500
2021-04-20,22.010000228881836,22.1299991607666,21.940000534057617,21.989999771118164,104900
2021-04-21,22.229999542236328,22.239999771118164,21.93000030517578,21.93000030517578,119000
2021-04-22,22.65999984741211,22.780000686645508,22.31999969482422,22.420000076293945,155000
2021-04-23,22.700000762939453,22.770000457763672,22.5,22.56999969482422,73100
2021-04-26,23.139999389648438,23.139999389648438,22.780000686645508,22.8700008392334,130600
2021-04-27,22.84000015258789,23.190000534057617,22.790000915527344,23.15999984741211,163700
2021-04-28,22.559999465942383,23.030000686645508,22.559999465942383,22.600000381469727,166700
2021-04-29,22.530000686645508,22.739999771118164,22.479999542236328,22.649999618530273,79000
2021-04-30,22.950000762939453,22.969999313354492,22.399999618530273,22.43000030517578,127200
2021-05-03,22.899999618530273,23.260000228881836,22.729999542236328,23.209999084472656,87100
2021-05-04,23.200000762939453,23.270000457763672,23.010000228881836,23.010000228881836,107800
2021-05-05,23.3700008392334,23.399999618530273,23.110000610351562,23.3799991607666,107500
2021-05-06,23.799999237060547,23.889999389648438,23.5,23.5,337300
2021-05-07,24.059999465942383,24.200000762939453,23.670000076293945,24.0,212500
2021-05-10,23.8700008392334,24.020000457763672,23.760000228881836,24.020000457763672,110700
2021-05-11,24.1200008392334,24.260000228881836,23.90999984741211,23.90999984741211,426100
2021-05-12,24.200000762939453,24.579999923706055,24.1299991607666,24.360000610351562,186000
2021-05-13,23.540000915527344,23.920000076293945,23.170000076293945,23.920000076293945,283200
2021-05-14,23.6200008392334,23.8799991607666,23.559999465942383,23.670000076293945,170200
2021-05-17,23.540000915527344,23.719999313354492,23.360000610351562,23.610000610351562,138800
2021-05-18,23.6299991607666,23.809999465942383,23.559999465942383,23.719999313354492,85300
2021-05-19,23.309999465942383,23.360000610351562,22.959999084472656,23.360000610351562,178200
2021-05-20,23.219999313354492,23.399999618530273,23.09000015258789,23.299999237060547,80100
2021-05-21,23.020000457763672,23.239999771118164,23.010000228881836,23.06999969482422,185500
2021-05-24,23.06999969482422,23.149999618530273,22.81999969482422,22.84000015258789,189100
2021-05-25,22.889999389648438,23.280000686645508,22.760000228881836,23.190000534057617,84300
2021-05-26,22.889999389648438,23.059999465942383,22.600000381469727,22.739999771118164,143800
2021-05-27,23.489999771118164,23.549999237060547,23.1200008392334,23.1299991607666,97700
2021-05-28,23.3799991607666,23.549999237060547,23.309999465942383,23.3700008392334,92600
2021-06-01,23.81999969482422,24.1200008392334,23.68000030517578,23.75,132000
2021-06-02,24.09000015258789,24.1299991607666,23.860000610351562,23.899999618530273,58000
2021-06-03,24.0,24.360000610351562,23.899999618530273,24.25,53100
2021-06-04,24.360000610351562,24.420000076293945,24.170000076293945,24.170000076293945,71200
2021-06-07,24.510000228881836,24.799999237060547,24.440000534057617,24.600000381469727,127000
2021-06-08,24.75,24.770000457763672,24.600000381469727,24.600000381469727,91800
2021-06-09,24.559999465942383,24.610000610351562,24.290000915527344,24.549999237060547,69300
2021-06-10,24.68000030517578,24.75,24.3700008392334,24.75,72800
2021-06-11,24.3700008392334,24.43000030517578,24.139999389648438,24.299999237060547,65700
2021-06-14,23.6299991607666,23.90999984741211,23.5,23.540000915527344,216100
2021-06-15,23.290000915527344,23.5,23.229999542236328,23.5,117100
2021-06-16,22.799999237060547,23.3799991607666,22.770000457763672,23.34000015258789,80900
2021-06-17,21.3799991607666,22.479999542236328,21.270000457763672,22.31999969482422,267500
2021-06-18,22.440000534057617,22.6200008392334,21.959999084472656,22.229999542236328,157400
2021-06-21,22.690000534057617,22.690000534057617,21.959999084472656,22.260000228881836,97400
2021-06-22,22.360000610351562,22.68000030517578,22.270000457763672,22.56999969482422,34400
2021-06-23,22.31999969482422,22.489999771118164,22.219999313354492,22.31999969482422,109800
2021-06-24,22.239999771118164,22.299999237060547,21.760000228881836,21.90999984741211,62200
2021-06-25,21.889999389648438,22.350000381469727,21.780000686645508,22.350000381469727,80700
2021-06-28,22.610000610351562,22.719999313354492,22.049999237060547,22.049999237060547,59300
2021-06-29,22.520000457763672,22.829999923706055,22.510000228881836,22.6299991607666,77600
2021-06-30,23.700000762939453,23.969999313354492,22.239999771118164,22.540000915527344,266700
2021-07-01,23.760000228881836,24.209999084472656,23.690000534057617,24.209999084472656,82700
2021-07-02,23.81999969482422,23.8799991607666,23.56999969482422,23.8799991607666,50200
2021-07-06,22.299999237060547,23.649999618530273,22.18000030517578,23.649999618530273,140100
2021-07-07,22.729999542236328,22.790000915527344,22.389999389648438,22.600000381469727,28000
2021-07-08,22.6200008392334,22.860000610351562,22.440000534057617,22.440000534057617,27500
2021-07-09,22.700000762939453,22.790000915527344,22.520000457763672,22.530000686645508,27600
2021-07-12,23.15999984741211,23.18000030517578,22.770000457763672,22.770000457763672,146200
2021-07-13,23.149999618530273,23.350000381469727,23.1299991607666,23.139999389648438,76500
2021-07-14,23.6299991607666,23.670000076293945,23.280000686645508,23.280000686645508,71400
2021-07-15,23.549999237060547,23.690000534057617,23.489999771118164,23.690000534057617,49500
2021-07-16,23.610000610351562,23.989999771118164,23.559999465942383,23.559999465942383,98200
2021-07-19,23.450000762939453,23.829999923706055,23.420000076293945,23.729999542236328,62600
2021-07-20,23.700000762939453,23.940000534057617,23.459999084472656,23.790000915527344,61300
2021-07-21,23.700000762939453,23.739999771118164,23.530000686645508,23.739999771118164,37600
2021-07-22,23.270000457763672,23.43000030517578,22.989999771118164,23.219999313354492,62900
2021-07-23,23.040000915527344,23.290000915527344,23.030000686645508,23.059999465942383,55400
2021-07-26,23.280000686645508,23.309999465942383,22.889999389648438,23.200000762939453,70700
2021-07-27,23.25,23.649999618530273,23.149999618530273,23.270000457763672,92600
2021-07-28,23.260000228881836,23.329999923706055,23.149999618530273,23.200000762939453,15400
2021-07-29,23.559999465942383,23.559999465942383,23.3799991607666,23.520000457763672,27600
2021-07-30,23.110000610351562,23.360000610351562,23.049999237060547,23.360000610351562,38600
2021-08-02,23.200000762939453,23.329999923706055,23.0,23.0,39800
2021-08-03,22.760000228881836,23.06999969482422,22.56999969482422,23.06999969482422,53800
2021-08-04,22.81999969482422,22.90999984741211,22.670000076293945,22.690000534057617,50000
2021-08-05,22.84000015258789,23.040000915527344,22.729999542236328,22.729999542236328,19500
2021-08-06,23.0,23.040000915527344,22.93000030517578,22.989999771118164,43400
2021-08-09,22.899999618530273,23.139999389648438,22.809999465942383,22.809999465942383,16000
2021-08-10,22.969999313354492,23.059999465942383,22.950000762939453,23.0,33500
2021-08-11,22.979999542236328,23.209999084472656,22.959999084472656,23.200000762939453,20500
2021-08-12,22.969999313354492,23.399999618530273,22.739999771118164,22.979999542236328,91300
2021-08-13,23.31999969482422,23.31999969482422,23.15999984741211,23.15999984741211,61000
2021-08-16,23.389999389648438,23.450000762939453,23.260000228881836,23.360000610351562,118800
2021-08-17,23.329999923706055,23.520000457763672,23.209999084472656,23.520000457763672,45000
2021-08-18,23.18000030517578,23.31999969482422,23.110000610351562,23.25,42700
2021-08-19,22.739999771118164,22.93000030517578,22.59000015258789,22.850000381469727,61700
2021-08-20,22.299999237060547,22.729999542236328,22.100000381469727,22.690000534057617,69200
2021-08-23,22.389999389648438,22.540000915527344,22.299999237060547,22.469999313354492,41000
2021-08-24,23.0,23.06999969482422,22.790000915527344,22.790000915527344,20800
2021-08-25,23.040000915527344,23.15999984741211,22.899999618530273,23.0,110700
2021-08-26,22.920000076293945,22.989999771118164,22.84000015258789,22.850000381469727,15900
2021-08-27,22.829999923706055,22.8799991607666,22.65999984741211,22.829999923706055,32900
2021-08-30,22.6299991607666,22.899999618530273,22.510000228881836,22.899999618530273,17500
2021-08-31,22.520000457763672,22.610000610351562,22.350000381469727,22.579999923706055,17400
2021-09-01,22.299999237060547,22.459999084472656,22.170000076293945,22.450000762939453,16100
2021-09-02,22.329999923706055,22.40999984741211,22.209999084472656,22.350000381469727,20300
2021-09-03,22.479999542236328,22.549999237060547,22.450000762939453,22.5,23000
2021-09-07,22.229999542236328,22.549999237060547,22.229999542236328,22.540000915527344,27300
2021-09-08,22.280000686645508,22.329999923706055,22.200000762939453,22.329999923706055,17500
2021-09-09,22.1299991607666,22.299999237060547,22.059999465942383,22.139999389648438,25600
2021-09-10,22.3700008392334,22.56999969482422,22.030000686645508,22.15999984741211,88000
2021-09-13,22.399999618530273,22.43000030517578,22.309999465942383,22.420000076293945,27700
2021-09-14,22.34000015258789,22.549999237060547,22.34000015258789,22.440000534057617,27200
2021-09-15,22.549999237060547,22.56999969482422,22.290000915527344,22.350000381469727,16600
2021-09-16,22.520000457763672,22.700000762939453,22.469999313354492,22.549999237060547,32500
2021-09-17,22.299999237060547,22.420000076293945,22.260000228881836,22.3799991607666,38600
2021-09-20,22.040000915527344,22.18000030517578,22.0,22.06999969482422,48100
2021-09-21,22.200000762939453,22.239999771118164,21.950000762939453,21.989999771118164,63900
2021-09-22,22.270000457763672,22.31999969482422,22.190000534057617,22.290000915527344,21000
2021-09-23,22.360000610351562,22.3700008392334,22.270000457763672,22.270000457763672,16300
2021-09-24,22.3700008392334,22.389999389648438,22.25,22.34000015258789,25500
2021-09-27,22.40999984741211,22.600000381469727,22.360000610351562,22.360000610351562,38300
2021-09-28,22.260000228881836,22.420000076293945,22.25,22.420000076293945,14300
2021-09-29,22.350000381469727,22.43000030517578,22.260000228881836,22.260000228881836,15100
2021-09-30,22.020000457763672,22.510000228881836,21.8700008392334,22.3700008392334,71300
2021-10-01,21.8799991607666,22.06999969482422,21.770000457763672,21.940000534057617,25100
2021-10-04,21.719999313354492,21.899999618530273,21.709999084472656,21.790000915527344,34100
2021-10-05,22.010000228881836,22.09000015258789,21.780000686645508,21.780000686645508,40700
2021-10-06,21.899999618530273,22.020000457763672,21.829999923706055,22.020000457763672,25100
2021-10-07,22.010000228881836,22.010000228881836,21.760000228881836,21.860000610351562,31700
2021-10-08,21.889999389648438,22.15999984741211,21.8799991607666,22.020000457763672,21500
2021-10-11,21.6299991607666,21.959999084472656,21.6299991607666,21.950000762939453,31600
2021-10-12,21.190000534057617,21.639999389648438,21.149999618530273,21.639999389648438,62600
2021-10-13,21.100000381469727,21.34000015258789,20.969999313354492,21.34000015258789,54600
2021-10-14,21.229999542236328,21.229999542236328,21.049999237060547,21.229999542236328,32200
2021-10-15,21.450000762939453,21.450000762939453,21.350000381469727,21.360000610351562,27900
2021-10-18,21.420000076293945,21.5,21.280000686645508,21.479999542236328,51600
2021-10-19,21.600000381469727,21.709999084472656,21.5,21.540000915527344,22400
2021-10-20,21.940000534057617,21.940000534057617,21.68000030517578,21.68000030517578,31000
2021-10-21,21.530000686645508,21.780000686645508,21.5,21.780000686645508,50000
2021-10-22,21.440000534057617,21.59000015258789,21.40999984741211,21.489999771118164,82300
2021-10-25,21.709999084472656,21.719999313354492,21.559999465942383,21.559999465942383,44500
2021-10-26,21.68000030517578,21.850000381469727,21.6299991607666,21.649999618530273,30000
2021-10-27,21.770000457763672,22.0,21.549999237060547,21.6200008392334,68000
2021-10-28,21.690000534057617,21.920000076293945,21.68000030517578,21.75,45400
2021-10-29,21.770000457763672,21.799999237060547,21.670000076293945,21.75,39100
2021-11-01,21.760000228881836,21.90999984741211,21.700000762939453,21.729999542236328,51400
2021-11-02,21.889999389648438,21.940000534057617,21.75,21.780000686645508,72100
2021-11-03,21.700000762939453,21.889999389648438,21.6200008392334,21.780000686645508,39200
2021-11-04,21.3700008392334,21.770000457763672,21.25,21.649999618530273,50600
2021-11-05,21.040000915527344,21.25,21.040000915527344,21.229999542236328,39300
2021-11-08,20.860000610351562,21.040000915527344,20.809999465942383,20.920000076293945,65200
2021-11-09,21.260000228881836,21.639999389648438,20.670000076293945,20.790000915527344,154400
2021-11-10,21.34000015258789,21.3700008392334,21.219999313354492,21.299999237060547,34500
2021-11-11,21.360000610351562,21.469999313354492,21.309999465942383,21.399999618530273,20900
2021-11-12,21.719999313354492,21.780000686645508,21.34000015258789,21.43000030517578,39600
2021-11-15,21.93000030517578,21.93000030517578,21.649999618530273,21.700000762939453,59400
2021-11-16,21.850000381469727,21.940000534057617,21.790000915527344,21.940000534057617,40200
2021-11-17,22.190000534057617,22.3700008392334,21.969999313354492,21.989999771118164,92900
2021-11-18,22.0,22.290000915527344,21.940000534057617,22.260000228881836,43200
2021-11-19,22.0,22.059999465942383,21.799999237060547,22.0,31300
2021-11-22,22.149999618530273,22.209999084472656,21.989999771118164,21.989999771118164,75300
2021-11-23,22.1299991607666,22.1299991607666,21.969999313354492,22.110000610351562,32100
2021-11-24,21.979999542236328,22.219999313354492,21.950000762939453,22.15999984741211,23500
2021-11-26,21.760000228881836,21.899999618530273,21.31999969482422,21.709999084472656,45300
2021-11-29,21.549999237060547,21.899999618530273,21.549999237060547,21.850000381469727,35500
2021-11-30,21.200000762939453,21.440000534057617,21.1200008392334,21.350000381469727,66500
2021-12-01,21.260000228881836,21.389999389648438,21.100000381469727,21.280000686645508,45800
2021-12-02,21.520000457763672,21.6299991607666,21.280000686645508,21.280000686645508,58400
2021-12-03,21.81999969482422,21.860000610351562,21.59000015258789,21.59000015258789,46600
2021-12-06,21.780000686645508,21.780000686645508,21.6200008392334,21.729999542236328,30200
2021-12-07,21.670000076293945,21.84000015258789,21.540000915527344,21.739999771118164,23500
2021-12-08,21.829999923706055,21.860000610351562,21.489999771118164,21.489999771118164,40400
2021-12-09,21.90999984741211,21.93000030517578,21.610000610351562,21.770000457763672,71200
2021-12-10,21.969999313354492,22.040000915527344,21.889999389648438,22.0,24100
2021-12-13,21.549999237060547,21.780000686645508,21.549999237060547,21.709999084472656,111800
2021-12-14,21.81999969482422,21.8700008392334,21.65999984741211,21.65999984741211,35000
2021-12-15,21.790000915527344,21.84000015258789,21.600000381469727,21.829999923706055,16800
2021-12-16,21.899999618530273,21.989999771118164,21.889999389648438,21.950000762939453,134400
2021-12-17,22.049999237060547,22.200000762939453,21.959999084472656,21.959999084472656,40500
2021-12-20,22.139999389648438,22.170000076293945,22.06999969482422,22.079999923706055,52400
2021-12-21,22.3799991607666,22.459999084472656,22.170000076293945,22.170000076293945,128200
2021-12-22,22.709999084472656,22.75,22.59000015258789,22.600000381469727,79300
2021-12-23,22.780000686645508,22.809999465942383,22.6299991607666,22.649999618530273,84500
2021-12-27,23.170000076293945,23.190000534057617,22.8799991607666,22.8799991607666,71600
2021-12-28,23.100000381469727,23.270000457763672,23.040000915527344,23.170000076293945,137700
2021-12-29,23.18000030517578,23.18000030517578,22.860000610351562,22.860000610351562,15800
2021-12-30,22.700000762939453,23.06999969482422,22.690000534057617,22.959999084472656,55700
2021-12-31,22.75,22.90999984741211,22.75,22.75,41500
2022-01-03,23.059999465942383,23.229999542236328,22.860000610351562,23.100000381469727,50000
2022-01-04,23.540000915527344,23.549999237060547,23.100000381469727,23.100000381469727,64500
2022-01-05,23.520000457763672,23.600000381469727,23.350000381469727,23.459999084472656,92400
2022-01-06,23.540000915527344,23.559999465942383,23.270000457763672,23.3799991607666,35700
2022-01-07,23.829999923706055,23.889999389648438,23.329999923706055,23.5,68300
2022-01-10,23.40999984741211,23.799999237060547,23.34000015258789,23.799999237060547,63100
2022-01-11,23.450000762939453,23.579999923706055,23.209999084472656,23.299999237060547,43300
2022-01-12,23.700000762939453,23.700000762939453,23.149999618530273,23.600000381469727,68600
2022-01-13,23.34000015258789,23.5,23.25,23.5,117100
2022-01-14,23.209999084472656,23.350000381469727,23.15999984741211,23.329999923706055,48500
2022-01-18,23.06999969482422,23.200000762939453,22.799999237060547,23.0,56300
2022-01-19,23.540000915527344,23.540000915527344,23.219999313354492,23.219999313354492,59100
2022-01-20,23.940000534057617,24.030000686645508,23.559999465942383,23.600000381469727,69100
2022-01-21,23.799999237060547,23.969999313354492,23.75,23.920000076293945,57600
2022-01-24,23.65999984741211,23.670000076293945,23.299999237060547,23.520000457763672,79700
2022-01-25,23.780000686645508,23.84000015258789,23.540000915527344,23.799999237060547,25400
2022-01-26,24.15999984741211,24.219999313354492,23.829999923706055,23.950000762939453,74100
2022-01-27,24.25,24.3799991607666,24.110000610351562,24.190000534057617,42600
2022-01-28,24.610000610351562,24.719999313354492,24.520000457763672,24.600000381469727,130900
2022-01-31,24.920000076293945,25.0,24.68000030517578,25.0,71600
2022-02-01,25.440000534057617,25.540000915527344,25.059999465942383,25.059999465942383,136900
2022-02-02,25.639999389648438,25.850000381469727,25.389999389648438,25.729999542236328,68900
2022-02-03,25.520000457763672,25.809999465942383,25.350000381469727,25.420000076293945,52200
2022-02-04,25.790000915527344,25.799999237060547,25.459999084472656,25.579999923706055,41800
2022-02-07,26.190000534057617,26.260000228881836,26.0,26.0,114100
2022-02-08,25.969999313354492,26.049999237060547,25.8799991607666,25.950000762939453,39900
2022-02-09,26.399999618530273,26.440000534057617,26.030000686645508,26.030000686645508,72100
2022-02-10,26.1200008392334,27.020000457763672,26.0,26.8700008392334,132800
2022-02-11,26.389999389648438,26.530000686645508,26.100000381469727,26.399999618530273,77200
2022-02-14,26.239999771118164,26.299999237060547,26.0,26.299999237060547,85500
2022-02-15,25.90999984741211,26.1200008392334,25.809999465942383,26.0,96700
2022-02-16,26.540000915527344,26.540000915527344,26.0,26.0,105000
2022-02-17,26.549999237060547,26.75,26.3700008392334,26.75,57500
2022-02-18,26.65999984741211,26.790000915527344,26.559999465942383,26.700000762939453,61600
2022-02-22,27.18000030517578,27.190000534057617,26.690000534057617,26.709999084472656,122700
2022-02-23,27.489999771118164,27.510000228881836,27.219999313354492,27.219999313354492,125200
2022-02-24,27.299999237060547,28.06999969482422,27.0,28.06999969482422,344600
2022-02-25,26.100000381469727,26.700000762939453,25.940000534057617,26.690000534057617,231800
2022-02-28,26.899999618530273,27.09000015258789,26.5,26.65999984741211,147600
2022-03-01,27.520000457763672,27.75,27.260000228881836,27.75,106400
2022-03-02,27.09000015258789,27.600000381469727,26.899999618530273,27.600000381469727,145800
2022-03-03,27.260000228881836,27.530000686645508,27.06999969482422,27.239999771118164,255300
2022-03-04,27.0,27.399999618530273,26.579999923706055,27.399999618530273,223200
2022-03-07,27.200000762939453,27.25,26.889999389648438,27.110000610351562,144600
2022-03-08,27.559999465942383,27.639999389648438,27.100000381469727,27.3700008392334,145000
2022-03-09,27.549999237060547,27.81999969482422,27.200000762939453,27.5,146400
2022-03-10,27.600000381469727,27.809999465942383,27.440000534057617,27.65999984741211,85600
2022-03-11,27.790000915527344,27.799999237060547,27.270000457763672,27.6299991607666,74600
2022-03-14,27.34000015258789,27.790000915527344,27.329999923706055,27.790000915527344,97400
2022-03-15,27.079999923706055,27.270000457763672,26.760000228881836,27.1299991607666,101100
2022-03-16,26.8799991607666,27.440000534057617,26.829999923706055,27.399999618530273,91400
2022-03-17,27.309999465942383,27.329999923706055,27.010000228881836,27.110000610351562,121200
2022-03-18,27.280000686645508,27.440000534057617,27.100000381469727,27.440000534057617,84000
2022-03-21,27.860000610351562,27.950000762939453,27.420000076293945,27.420000076293945,135700
2022-03-22,27.90999984741211,27.93000030517578,27.799999237060547,27.899999618530273,95500
2022-03-23,28.170000076293945,28.290000915527344,28.049999237060547,28.06999969482422,120200
2022-03-24,27.920000076293945,28.1200008392334,27.889999389648438,28.100000381469727,98800
2022-03-25,27.989999771118164,28.030000686645508,27.829999923706055,28.0,71000
2022-03-28,27.350000381469727,27.719999313354492,27.350000381469727,27.719999313354492,87000
2022-03-29,27.15999984741211,27.260000228881836,26.690000534057617,27.139999389648438,160800
2022-03-30,27.530000686645508,27.700000762939453,27.200000762939453,27.200000762939453,114100
2022-03-31,26.709999084472656,27.65999984741211,26.709999084472656,27.469999313354492,145100
2022-04-01,26.459999084472656,26.780000686645508,26.399999618530273,26.75,92600
2022-04-04,27.040000915527344,27.059999465942383,26.709999084472656,26.709999084472656,69100
2022-04-05,27.299999237060547,27.420000076293945,27.260000228881836,27.290000915527344,42700
2022-04-06,27.15999984741211,27.34000015258789,27.06999969482422,27.299999237060547,53800
2022-04-07,27.649999618530273,27.649999618530273,27.329999923706055,27.329999923706055,50800
2022-04-08,28.15999984741211,28.190000534057617,27.770000457763672,27.920000076293945,87200
2022-04-11,28.0,28.110000610351562,27.770000457763672,28.110000610351562,76500
2022-04-12,28.260000228881836,28.309999465942383,28.100000381469727,28.200000762939453,192000
2022-04-13,28.280000686645508,28.309999465942383,27.979999542236328,28.219999313354492,107700
2022-04-14,28.290000915527344,28.34000015258789,28.1299991607666,28.34000015258789,83900
2022-04-18,28.59000015258789,28.690000534057617,28.420000076293945,28.420000076293945,133300
2022-04-19,28.690000534057617,28.780000686645508,28.479999542236328,28.540000915527344,116700
2022-04-20,28.940000534057617,28.989999771118164,28.510000228881836,28.790000915527344,111200
2022-04-21,28.959999084472656,29.0,28.75,28.81999969482422,102800
2022-04-22,28.450000762939453,29.170000076293945,28.31999969482422,29.040000915527344,151600
2022-04-25,28.280000686645508,28.329999923706055,28.010000228881836,28.219999313354492,113700
2022-04-26,28.40999984741211,28.6299991607666,28.260000228881836,28.5,54100
2022-04-27,28.799999237060547,28.860000610351562,28.5,28.6299991607666,56900
2022-04-28,28.719999313354492,28.81999969482422,28.610000610351562,28.81999969482422,347800
2022-04-29,28.579999923706055,28.93000030517578,28.530000686645508,28.760000228881836,65600
2022-05-02,28.100000381469727,28.479999542236328,27.920000076293945,28.43000030517578,280600
2022-05-03,27.920000076293945,28.360000610351562,27.8700008392334,28.200000762939453,53400
2022-05-04,28.100000381469727,28.100000381469727,27.709999084472656,28.020000457763672,43300
2022-05-05,28.18000030517578,28.350000381469727,28.010000228881836,28.270000457763672,50800
2022-05-06,27.780000686645508,28.209999084472656,27.68000030517578,28.209999084472656,62100
2022-05-09,27.110000610351562,27.59000015258789,27.110000610351562,27.530000686645508,154400
2022-05-10,27.31999969482422,27.399999618530273,27.239999771118164,27.309999465942383,45100
2022-05-11,27.520000457763672,27.670000076293945,27.43000030517578,27.43000030517578,78000
2022-05-12,27.600000381469727,27.75,27.260000228881836,27.3799991607666,51900
2022-05-13,27.8700008392334,27.979999542236328,27.690000534057617,27.739999771118164,184700
2022-05-16,28.040000915527344,28.139999389648438,27.93000030517578,28.010000228881836,134300
2022-05-17,28.3700008392334,28.420000076293945,28.149999618530273,28.15999984741211,110400
2022-05-18,27.899999618530273,28.3700008392334,27.889999389648438,28.3700008392334,102400
2022-05-19,28.149999618530273,28.290000915527344,27.920000076293945,27.93000030517578,99100
2022-05-20,28.420000076293945,28.440000534057617,28.209999084472656,28.209999084472656,114200
2022-05-23,28.270000457763672,28.56999969482422,28.219999313354492,28.56999969482422,75100
2022-05-24,28.209999084472656,28.34000015258789,28.09000015258789,28.309999465942383,32700
2022-05-25,28.15999984741211,28.270000457763672,27.899999618530273,27.959999084472656,69800
2022-05-26,28.68000030517578,28.799999237060547,28.1299991607666,28.1299991607666,92500
2022-05-27,28.68000030517578,28.84000015258789,28.600000381469727,28.670000076293945,43700
2022-05-31,28.1299991607666,28.989999771118164,28.049999237060547,28.850000381469727,157100
2022-06-01,28.200000762939453,28.5,27.979999542236328,28.239999771118164,122300
2022-06-02,28.530000686645508,28.649999618530273,28.290000915527344,28.299999237060547,77200
2022-06-03,28.3799991607666,28.520000457763672,28.270000457763672,28.520000457763672,78700
2022-06-06,28.520000457763672,28.540000915527344,28.219999313354492,28.510000228881836,46200
2022-06-07,28.649999618530273,28.780000686645508,28.469999313354492,28.530000686645508,57500
2022-06-08,29.09000015258789,29.09000015258789,28.90999984741211,29.0,117000
2022-06-09,29.239999771118164,29.290000915527344,28.850000381469727,28.989999771118164,186700
2022-06-10,28.989999771118164,29.1299991607666,28.780000686645508,29.1299991607666,266000
2022-06-13,28.309999465942383,28.65999984741211,28.059999465942383,28.65999984741211,153900
2022-06-14,28.239999771118164,28.540000915527344,28.209999084472656,28.40999984741211,93000
2022-06-15,28.299999237060547,28.43000030517578,28.170000076293945,28.290000915527344,161400
2022-06-16,28.649999618530273,28.68000030517578,28.309999465942383,28.420000076293945,61600
2022-06-17,28.469999313354492,28.760000228881836,28.469999313354492,28.729999542236328,78000
2022-06-21,28.110000610351562,28.350000381469727,27.93000030517578,27.979999542236328,106900
2022-06-22,27.530000686645508,27.8700008392334,27.43000030517578,27.850000381469727,112000
2022-06-23,26.350000381469727,27.1200008392334,26.350000381469727,27.100000381469727,213300
2022-06-24,26.549999237060547,26.770000457763672,26.280000686645508,26.579999923706055,174400
2022-06-27,26.719999313354492,26.809999465942383,26.40999984741211,26.6200008392334,111500
2022-06-28,27.25,27.329999923706055,26.90999984741211,26.90999984741211,39300
2022-06-29,27.420000076293945,27.510000228881836,27.239999771118164,27.329999923706055,208200
2022-06-30,27.059999465942383,27.899999618530273,26.979999542236328,27.280000686645508,225400
2022-07-01,26.030000686645508,26.729999542236328,25.920000076293945,26.729999542236328,197200
2022-07-05,24.719999313354492,25.760000228881836,24.479999542236328,25.760000228881836,175800
2022-07-06,24.760000228881836,24.979999542236328,24.440000534057617,24.8700008392334,82900
2022-07-07,25.360000610351562,25.56999969482422,25.239999771118164,25.420000076293945,88200
2022-07-08,26.040000915527344,26.040000915527344,25.540000915527344,25.610000610351562,81500
2022-07-11,26.09000015258789,26.440000534057617,26.040000915527344,26.25,56800
2022-07-12,25.020000457763672,25.90999984741211,25.0,25.90999984741211,79700
2022-07-13,25.15999984741211,25.399999618530273,24.770000457763672,24.920000076293945,107100
2022-07-14,25.09000015258789,25.459999084472656,24.670000076293945,24.950000762939453,114300
2022-07-15,25.149999618530273,25.209999084472656,24.969999313354492,25.079999923706055,31700
2022-07-18,25.799999237060547,25.969999313354492,25.700000762939453,25.700000762939453,52000
2022-07-19,25.459999084472656,25.559999465942383,25.110000610351562,25.350000381469727,98200
2022-07-20,24.989999771118164,25.200000762939453,24.84000015258789,25.200000762939453,29200
2022-07-21,24.40999984741211,24.709999084472656,24.260000228881836,24.700000762939453,58700
2022-07-22,24.65999984741211,24.959999084472656,24.399999618530273,24.399999618530273,49700
2022-07-25,25.25,25.270000457763672,24.829999923706055,24.950000762939453,20000
2022-07-26,25.780000686645508,25.899999618530273,25.479999542236328,25.700000762939453,244600
2022-07-27,26.360000610351562,26.3700008392334,26.049999237060547,26.149999618530273,89200
2022-07-28,26.90999984741211,26.950000762939453,26.399999618530273,26.399999618530273,82600
2022-07-29,27.3799991607666,27.65999984741211,27.06999969482422,27.3799991607666,192100
2022-08-01,26.31999969482422,26.850000381469727,26.110000610351562,26.780000686645508,216900
2022-08-02,25.90999984741211,26.270000457763672,25.860000610351562,26.010000228881836,47200
2022-08-03,25.709999084472656,26.139999389648438,25.420000076293945,26.139999389648438,44700
2022-08-04,26.56999969482422,26.6299991607666,25.860000610351562,25.860000610351562,84000
2022-08-05,26.299999237060547,26.5,26.1200008392334,26.18000030517578,77800
2022-08-08,26.309999465942383,26.510000228881836,26.209999084472656,26.25,33200
2022-08-09,26.75,26.889999389648438,26.6200008392334,26.719999313354492,39900
2022-08-10,26.670000076293945,27.200000762939453,26.670000076293945,27.0,29300
2022-08-11,27.190000534057617,27.229999542236328,27.059999465942383,27.06999969482422,41700
2022-08-12,27.15999984741211,27.440000534057617,26.59000015258789,27.15999984741211,50200
2022-08-15,26.600000381469727,26.700000762939453,26.09000015258789,26.43000030517578,50800
2022-08-16,26.06999969482422,26.399999618530273,25.979999542236328,26.34000015258789,47500
2022-08-17,26.209999084472656,26.360000610351562,26.020000457763672,26.360000610351562,19400
2022-08-18,26.469999313354492,26.549999237060547,26.010000228881836,26.139999389648438,98600
2022-08-19,26.459999084472656,26.520000457763672,26.170000076293945,26.3799991607666,80000
2022-08-22,27.040000915527344,27.079999923706055,26.43000030517578,26.43000030517578,61000
2022-08-23,27.510000228881836,27.709999084472656,27.190000534057617,27.190000534057617,71100
2022-08-24,27.389999389648438,28.0,27.200000762939453,27.739999771118164,128500
2022-08-25,26.899999618530273,27.290000915527344,26.850000381469727,27.229999542236328,47700
2022-08-26,27.520000457763672,27.530000686645508,27.09000015258789,27.09000015258789,72100
2022-08-29,27.09000015258789,27.520000457763672,26.899999618530273,27.520000457763672,433200
2022-08-30,26.940000534057617,26.979999542236328,26.43000030517578,26.700000762939453,62100
2022-08-31,26.75,26.989999771118164,26.700000762939453,26.700000762939453,50600
2022-09-01,26.329999923706055,26.719999313354492,26.239999771118164,26.530000686645508,156800
2022-09-02,26.700000762939453,26.75,26.56999969482422,26.56999969482422,71400
2022-09-06,26.3700008392334,26.489999771118164,26.260000228881836,26.489999771118164,91500
2022-09-07,26.1200008392334,26.90999984741211,26.079999923706055,26.389999389648438,72400
2022-09-08,26.170000076293945,26.229999542236328,25.889999389648438,26.09000015258789,77200
2022-09-09,26.65999984741211,26.65999984741211,26.299999237060547,26.299999237060547,28700
2022-09-12,27.799999237060547,27.829999923706055,26.610000610351562,26.729999542236328,73000
2022-09-13,27.739999771118164,27.950000762939453,27.670000076293945,27.799999237060547,62700
2022-09-14,27.360000610351562,27.8700008392334,27.31999969482422,27.739999771118164,64500
2022-09-15,27.25,27.540000915527344,27.1299991607666,27.290000915527344,24600
2022-09-16,27.1299991607666,27.25,26.899999618530273,27.09000015258789,30000
2022-09-19,27.5,27.510000228881836,27.030000686645508,27.139999389648438,54500
2022-09-20,27.75,27.829999923706055,27.329999923706055,27.329999923706055,69100
2022-09-21,27.530000686645508,27.799999237060547,27.479999542236328,27.799999237060547,90600
2022-09-22,27.389999389648438,27.6200008392334,27.350000381469727,27.5,27800
2022-09-23,26.8799991607666,27.049999237060547,26.829999923706055,27.049999237060547,56400
2022-09-26,26.6299991607666,27.020000457763672,26.559999465942383,26.75,31600
2022-09-27,26.59000015258789,27.0,26.59000015258789,26.8700008392334,19000
2022-09-28,26.709999084472656,26.739999771118164,26.43000030517578,26.600000381469727,35500
2022-09-29,26.81999969482422,26.969999313354492,26.719999313354492,26.850000381469727,32900
2022-09-30,26.110000610351562,27.06999969482422,26.06999969482422,26.84000015258789,99300
2022-10-03,26.229999542236328,26.329999923706055,26.100000381469727,26.110000610351562,430000
2022-10-04,26.479999542236328,26.65999984741211,26.40999984741211,26.43000030517578,48000
2022-10-05,26.350000381469727,26.3700008392334,26.1200008392334,26.34000015258789,29900
2022-10-06,26.170000076293945,26.219999313354492,25.989999771118164,26.010000228881836,41700
2022-10-07,26.290000915527344,26.360000610351562,26.059999465942383,26.149999618530273,25400
2022-10-10,26.329999923706055,26.75,26.329999923706055,26.649999618530273,46400
2022-10-11,26.389999389648438,26.559999465942383,26.280000686645508,26.309999465942383,22400
2022-10-12,26.610000610351562,26.979999542236328,26.299999237060547,26.299999237060547,40600
2022-10-13,26.670000076293945,26.739999771118164,26.329999923706055,26.3799991607666,19500
2022-10-14,26.459999084472656,26.809999465942383,26.389999389648438,26.690000534057617,21500
2022-10-17,26.34000015258789,26.56999969482422,26.34000015258789,26.489999771118164,28500
2022-10-18,26.190000534057617,26.440000534057617,26.059999465942383,26.31999969482422,24100
2022-10-19,26.239999771118164,26.290000915527344,26.010000228881836,26.010000228881836,14300
2022-10-20,26.579999923706055,26.610000610351562,26.40999984741211,26.40999984741211,23500
2022-10-21,26.610000610351562,26.670000076293945,26.350000381469727,26.3700008392334,16100
2022-10-24,26.200000762939453,26.43000030517578,26.18000030517578,26.43000030517578,24100
2022-10-25,26.450000762939453,26.5,26.239999771118164,26.239999771118164,12600
2022-10-26,26.459999084472656,26.700000762939453,26.389999389648438,26.610000610351562,18600
2022-10-27,26.450000762939453,26.579999923706055,26.399999618530273,26.450000762939453,10300
2022-10-28,26.5,26.56999969482422,26.239999771118164,26.360000610351562,32000
2022-10-31,26.920000076293945,26.920000076293945,26.549999237060547,26.6299991607666,38700
2022-11-01,27.360000610351562,27.399999618530273,27.079999923706055,27.079999923706055,151400
2022-11-02,27.530000686645508,27.530000686645508,27.110000610351562,27.200000762939453,31900
2022-11-03,27.239999771118164,27.290000915527344,27.040000915527344,27.25,41800
2022-11-04,27.649999618530273,27.65999984741211,27.5,27.5,27800
2022-11-07,27.440000534057617,27.700000762939453,27.350000381469727,27.690000534057617,337200
2022-11-08,27.360000610351562,27.489999771118164,27.299999237060547,27.469999313354492,21900
2022-11-09,27.34000015258789,27.459999084472656,27.110000610351562,27.299999237060547,61100
2022-11-10,26.809999465942383,27.360000610351562,26.809999465942383,27.360000610351562,46600
2022-11-11,27.389999389648438,27.510000228881836,27.209999084472656,27.209999084472656,29600
2022-11-14,27.270000457763672,27.309999465942383,27.1200008392334,27.239999771118164,14600
2022-11-15,27.56999969482422,27.6299991607666,27.1200008392334,27.219999313354492,27400
2022-11-16,27.049999237060547,27.299999237060547,27.020000457763672,27.299999237060547,19200
2022-11-17,26.84000015258789,27.010000228881836,26.670000076293945,26.8799991607666,31500
2022-11-18,27.010000228881836,27.059999465942383,26.799999237060547,26.809999465942383,41100
2022-11-21,27.170000076293945,27.18000030517578,26.8799991607666,26.8799991607666,19300
2022-11-22,27.18000030517578,27.239999771118164,27.059999465942383,27.1299991607666,39300
2022-11-23,27.18000030517578,27.239999771118164,27.010000228881836,27.020000457763672,16500
2022-11-25,27.209999084472656,27.34000015258789,27.139999389648438,27.200000762939453,9700
2022-11-28,27.549999237060547,27.579999923706055,27.079999923706055,27.110000610351562,63700
2022-11-29,27.579999923706055,27.719999313354492,27.520000457763672,27.559999465942383,27800
2022-11-30,27.75,27.8799991607666,27.610000610351562,27.760000228881836,33500
2022-12-01,27.049999237060547,27.75,27.0,27.75,45500
2022-12-02,27.25,27.31999969482422,27.059999465942383,27.059999465942383,39200
2022-12-05,27.260000228881836,27.420000076293945,27.190000534057617,27.299999237060547,56800
2022-12-06,27.520000457763672,27.75,27.3799991607666,27.450000762939453,122300
2022-12-07,27.829999923706055,27.84000015258789,27.540000915527344,27.649999618530273,39500
2022-12-08,27.940000534057617,28.0,27.739999771118164,27.8700008392334,35200
2022-12-09,27.920000076293945,27.959999084472656,27.790000915527344,27.8700008392334,20500
2022-12-12,27.489999771118164,27.6200008392334,27.479999542236328,27.610000610351562,84500
2022-12-13,27.799999237060547,27.920000076293945,27.65999984741211,27.65999984741211,27600
2022-12-14,27.799999237060547,27.8799991607666,27.649999618530273,27.739999771118164,16900
2022-12-15,27.600000381469727,27.799999237060547,27.56999969482422,27.729999542236328,26900
2022-12-16,27.690000534057617,27.829999923706055,27.6200008392334,27.6200008392334,44300
2022-12-19,27.469999313354492,27.68000030517578,27.440000534057617,27.68000030517578,80700
2022-12-20,27.670000076293945,27.860000610351562,27.540000915527344,27.540000915527344,59000
2022-12-21,27.809999465942383,27.850000381469727,27.729999542236328,27.780000686645508,19600
2022-12-22,27.6200008392334,27.729999542236328,27.540000915527344,27.690000534057617,19500
2022-12-23,27.84000015258789,27.899999618530273,27.700000762939453,27.700000762939453,28400
2022-12-27,27.899999618530273,28.399999618530273,27.829999923706055,27.889999389648438,62900
2022-12-28,28.440000534057617,28.440000534057617,28.0,28.0,346300
2022-12-29,28.40999984741211,28.5,28.34000015258789,28.40999984741211,37600
2022-12-30,28.5,28.729999542236328,28.3700008392334,28.3700008392334,53400
2023-01-03,28.030000686645508,28.540000915527344,27.940000534057617,28.170000076293945,70000
2023-01-04,27.829999923706055,28.09000015258789,27.770000457763672,28.040000915527344,52000
2023-01-05,27.65999984741211,27.799999237060547,27.56999969482422,27.770000457763672,37200
2023-01-06,27.959999084472656,28.059999465942383,27.850000381469727,27.850000381469727,89400
2023-01-09,27.959999084472656,28.079999923706055,27.8799991607666,28.010000228881836,18500
2023-01-10,27.829999923706055,28.1200008392334,27.75,27.770000457763672,23900
2023-01-11,27.90999984741211,28.100000381469727,27.90999984741211,28.010000228881836,84200
2023-01-12,28.329999923706055,28.450000762939453,27.989999771118164,27.989999771118164,46600
2023-01-13,28.420000076293945,28.420000076293945,28.139999389648438,28.139999389648438,17600
2023-01-17,28.5,28.5,28.1299991607666,28.1299991607666,29500
2023-01-18,28.15999984741211,28.459999084472656,27.950000762939453,28.290000915527344,22200
2023-01-19,27.93000030517578,28.09000015258789,27.850000381469727,28.079999923706055,30600
2023-01-20,27.700000762939453,28.18000030517578,27.700000762939453,28.18000030517578,52900
2023-01-23,27.459999084472656,27.510000228881836,27.290000915527344,27.510000228881836,295500
2023-01-24,27.440000534057617,27.799999237060547,27.420000076293945,27.799999237060547,21000
2023-01-25,27.6200008392334,27.649999618530273,27.290000915527344,27.40999984741211,13600
2023-01-26,27.899999618530273,27.90999984741211,27.68000030517578,27.68000030517578,15700
2023-01-27,27.829999923706055,27.889999389648438,27.75,27.799999237060547,15200
2023-01-30,28.1299991607666,28.209999084472656,28.0,28.0,16100
2023-01-31,28.190000534057617,28.219999313354492,28.0,28.0,20400
2023-02-01,28.040000915527344,28.1299991607666,27.81999969482422,28.1200008392334,17500
2023-02-02,28.190000534057617,28.270000457763672,27.93000030517578,27.93000030517578,17300
2023-02-03,28.200000762939453,28.260000228881836,28.059999465942383,28.09000015258789,18200
2023-02-06,28.059999465942383,28.100000381469727,27.959999084472656,28.059999465942383,93600
2023-02-07,28.010000228881836,28.1299991607666,27.889999389648438,28.1299991607666,13300
2023-02-08,28.010000228881836,28.280000686645508,27.850000381469727,28.280000686645508,12200
2023-02-09,27.959999084472656,28.219999313354492,27.899999618530273,28.219999313354492,15800
2023-02-10,28.309999465942383,28.3700008392334,28.030000686645508,28.299999237060547,23300
2023-02-13,28.399999618530273,28.559999465942383,28.309999465942383,28.309999465942383,20400
2023-02-14,28.350000381469727,28.450000762939453,28.280000686645508,28.280000686645508,19400
2023-02-15,28.100000381469727,28.3799991607666,28.020000457763672,28.3799991607666,21500
2023-02-16,28.219999313354492,28.270000457763672,28.1299991607666,28.200000762939453,10200
2023-02-17,28.299999237060547,28.34000015258789,28.010000228881836,28.010000228881836,12700
2023-02-21,28.690000534057617,28.690000534057617,28.309999465942383,28.309999465942383,67800
2023-02-22,28.56999969482422,28.75,28.479999542236328,28.75,25100
2023-02-23,28.350000381469727,28.549999237060547,28.34000015258789,28.440000534057617,19000
2023-02-24,28.1200008392334,28.309999465942383,28.100000381469727,28.309999465942383,44800
2023-02-27,28.030000686645508,28.260000228881836,27.989999771118164,28.260000228881836,21100
2023-02-28,27.5,27.8700008392334,27.440000534057617,27.8700008392334,143100
2023-03-01,27.700000762939453,27.809999465942383,27.559999465942383,27.559999465942383,114500
2023-03-02,27.959999084472656,28.06999969482422,27.5,27.5,24000
2023-03-03,28.18000030517578,28.200000762939453,28.0,28.0,11500
2023-03-06,28.31999969482422,28.459999084472656,27.950000762939453,27.950000762939453,10500
2023-03-07,28.110000610351562,28.31999969482422,28.06999969482422,28.31999969482422,13800
2023-03-08,28.100000381469727,28.350000381469727,28.020000457763672,28.020000457763672,15400
2023-03-09,28.020000457763672,28.260000228881836,27.899999618530273,28.219999313354492,13200
2023-03-10,27.860000610351562,27.920000076293945,27.760000228881836,27.829999923706055,97400
2023-03-13,27.639999389648438,27.920000076293945,27.59000015258789,27.799999237060547,49000
2023-03-14,27.6200008392334,27.6299991607666,27.5,27.579999923706055,24500
2023-03-15,27.350000381469727,27.510000228881836,27.329999923706055,27.40999984741211,42700
2023-03-16,27.34000015258789,27.389999389648438,27.149999618530273,27.309999465942383,22000
2023-03-17,27.06999969482422,27.34000015258789,27.06999969482422,27.34000015258789,23800
2023-03-20,27.09000015258789,27.139999389648438,26.799999237060547,27.020000457763672,21900
2023-03-21,26.809999465942383,27.43000030517578,26.799999237060547,27.43000030517578,19200
2023-03-22,26.329999923706055,26.670000076293945,26.31999969482422,26.670000076293945,21100
2023-03-23,25.959999084472656,26.639999389648438,25.920000076293945,26.399999618530273,26100
2023-03-24,26.290000915527344,26.350000381469727,25.959999084472656,25.959999084472656,17600
2023-03-27,26.510000228881836,26.56999969482422,26.270000457763672,26.360000610351562,14500
2023-03-28,26.889999389648438,26.90999984741211,26.6200008392334,26.670000076293945,29800
2023-03-29,26.84000015258789,26.889999389648438,26.729999542236328,26.729999542236328,6200
2023-03-30,26.889999389648438,26.950000762939453,26.809999465942383,26.950000762939453,17200
2023-03-31,27.139999389648438,27.3700008392334,26.8700008392334,26.8700008392334,16200
2023-04-03,27.440000534057617,27.540000915527344,27.34000015258789,27.360000610351562,18000
2023-04-04,27.31999969482422,27.350000381469727,27.15999984741211,27.299999237060547,16100
2023-04-05,27.25,27.3799991607666,27.149999618530273,27.149999618530273,13000
2023-04-06,27.030000686645508,27.100000381469727,26.950000762939453,26.950000762939453,14500
2023-04-10,27.079999923706055,27.1200008392334,26.969999313354492,27.030000686645508,11200
2023-04-11,27.149999618530273,27.34000015258789,27.079999923706055,27.25,21300
2023-04-12,27.100000381469727,27.1299991607666,27.020000457763672,27.1200008392334,3500
2023-04-13,27.18000030517578,27.270000457763672,27.059999465942383,27.190000534057617,8700
2023-04-14,26.979999542236328,27.020000457763672,26.8799991607666,27.0,6600
2023-04-17,27.209999084472656,27.209999084472656,26.979999542236328,26.979999542236328,17300
2023-04-18,27.3700008392334,27.3700008392334,27.25,27.309999465942383,10200
2023-04-19,27.18000030517578,27.260000228881836,27.1299991607666,27.18000030517578,5300
2023-04-20,27.0,27.0,26.850000381469727,26.8799991607666,14600
2023-04-21,26.709999084472656,26.90999984741211,26.530000686645508,26.81999969482422,9300
2023-04-24,26.5,26.81999969482422,26.350000381469727,26.350000381469727,18800
2023-04-25,26.280000686645508,26.3700008392334,26.110000610351562,26.3700008392334,34800
2023-04-26,26.290000915527344,26.34000015258789,26.209999084472656,26.239999771118164,21400
2023-04-27,26.149999618530273,26.209999084472656,26.049999237060547,26.049999237060547,7400
2023-04-28,26.31999969482422,26.350000381469727,26.049999237060547,26.139999389648438,10000
2023-05-01,26.59000015258789,26.59000015258789,26.110000610351562,26.110000610351562,8800
2023-05-02,26.40999984741211,26.809999465942383,26.290000915527344,26.809999465942383,20000
2023-05-03,26.510000228881836,26.510000228881836,26.200000762939453,26.209999084472656,11800
2023-05-04,26.389999389648438,26.43000030517578,26.299999237060547,26.43000030517578,11100
2023-05-05,26.6299991607666,26.690000534057617,26.3799991607666,26.3799991607666,38100
2023-05-08,26.520000457763672,26.770000457763672,26.510000228881836,26.510000228881836,6900
2023-05-09,26.25,26.5,26.110000610351562,26.5,11700
2023-05-10,26.170000076293945,26.309999465942383,26.139999389648438,26.200000762939453,15300
2023-05-11,26.200000762939453,26.209999084472656,25.84000015258789,25.979999542236328,13400
2023-05-12,25.68000030517578,26.1200008392334,25.65999984741211,26.09000015258789,31800
2023-05-15,25.729999542236328,25.899999618530273,25.65999984741211,25.65999984741211,5900
2023-05-16,25.270000457763672,25.729999542236328,25.219999313354492,25.729999542236328,24400
2023-05-17,24.850000381469727,25.329999923706055,24.809999465942383,25.010000228881836,27300
2023-05-18,24.860000610351562,24.989999771118164,24.700000762939453,24.760000228881836,22600
2023-05-19,24.649999618530273,25.15999984741211,24.600000381469727,25.1299991607666,21000
2023-05-22,25.040000915527344,25.170000076293945,24.809999465942383,24.809999465942383,15200
2023-05-23,24.90999984741211,25.1200008392334,24.799999237060547,25.1200008392334,21700
2023-05-24,24.829999923706055,25.049999237060547,24.729999542236328,24.889999389648438,9200
2023-05-25,24.649999618530273,24.81999969482422,24.510000228881836,24.700000762939453,24100
2023-05-26,24.920000076293945,24.989999771118164,24.809999465942383,24.829999923706055,5400
2023-05-30,24.280000686645508,24.65999984741211,24.209999084472656,24.65999984741211,26500
2023-05-31,24.059999465942383,24.110000610351562,23.829999923706055,23.8700008392334,13600
2023-06-01,24.43000030517578,24.56999969482422,24.389999389648438,24.420000076293945,20200
2023-06-02,24.729999542236328,24.799999237060547,24.520000457763672,24.520000457763672,122200
2023-06-05,24.639999389648438,24.84000015258789,24.610000610351562,24.739999771118164,17300
2023-06-06,24.690000534057617,24.81999969482422,24.600000381469727,24.68000030517578,10400
2023-06-07,24.530000686645508,24.719999313354492,24.530000686645508,24.610000610351562,8000
2023-06-08,24.809999465942383,24.829999923706055,24.5,24.5,9800
2023-06-09,25.110000610351562,25.18000030517578,24.850000381469727,24.850000381469727,14300
2023-06-12,25.270000457763672,25.3799991607666,25.149999618530273,25.18000030517578,12200
2023-06-13,25.84000015258789,25.989999771118164,25.510000228881836,25.549999237060547,38800
2023-06-14,25.8700008392334,25.920000076293945,25.6200008392334,25.700000762939453,8600
2023-06-15,26.770000457763672,26.790000915527344,26.260000228881836,26.260000228881836,41400
2023-06-16,27.56999969482422,27.579999923706055,27.18000030517578,27.18000030517578,47800
2023-06-20,27.639999389648438,27.700000762939453,27.309999465942383,27.600000381469727,39000
2023-06-21,28.190000534057617,28.190000534057617,27.75,27.780000686645508,41800
2023-06-22,27.68000030517578,27.690000534057617,27.290000915527344,27.489999771118164,132500
2023-06-23,27.059999465942383,27.200000762939453,26.6200008392334,27.049999237060547,25800
2023-06-26,27.43000030517578,27.579999923706055,27.049999237060547,27.049999237060547,36900
2023-06-27,26.90999984741211,27.040000915527344,26.65999984741211,26.809999465942383,38500
2023-06-28,26.299999237060547,26.5,26.190000534057617,26.5,15900
2023-06-29,26.270000457763672,26.450000762939453,26.25,26.25,35500
2023-06-30,27.31999969482422,27.709999084472656,26.579999923706055,26.68000030517578,51900
2023-07-03,27.920000076293945,28.100000381469727,27.739999771118164,28.079999923706055,26000
2023-07-05,27.75,28.170000076293945,27.700000762939453,27.940000534057617,36000
2023-07-06,27.68000030517578,27.84000015258789,27.479999542236328,27.84000015258789,10000
2023-07-07,27.190000534057617,27.540000915527344,27.190000534057617,27.540000915527344,13000
2023-07-10,27.59000015258789,27.799999237060547,27.450000762939453,27.450000762939453,14100
2023-07-11,27.940000534057617,27.950000762939453,27.780000686645508,27.860000610351562,12400
2023-07-12,27.290000915527344,28.229999542236328,27.260000228881836,28.139999389648438,41500
2023-07-13,28.1200008392334,28.1299991607666,27.59000015258789,27.59000015258789,14300
2023-07-14,28.25,28.280000686645508,28.0,28.209999084472656,14600
2023-07-17,28.299999237060547,28.479999542236328,28.219999313354492,28.399999618530273,19500
2023-07-18,28.600000381469727,28.780000686645508,28.510000228881836,28.530000686645508,21100
2023-07-19,28.889999389648438,29.200000762939453,28.75,29.100000381469727,35400
2023-07-20,28.860000610351562,29.049999237060547,28.770000457763672,29.049999237060547,15600
2023-07-21,28.790000915527344,28.90999984741211,28.670000076293945,28.670000076293945,18300
2023-07-24,29.309999465942383,29.43000030517578,28.90999984741211,29.040000915527344,48900
2023-07-25,29.190000534057617,29.200000762939453,28.950000762939453,29.110000610351562,10900
2023-07-26,29.219999313354492,29.270000457763672,28.959999084472656,29.09000015258789,14300
2023-07-27,28.799999237060547,29.360000610351562,28.719999313354492,29.219999313354492,20200
2023-07-28,28.510000228881836,28.739999771118164,28.40999984741211,28.530000686645508,14100
2023-07-31,27.649999618530273,28.18000030517578,27.450000762939453,28.18000030517578,24500
2023-08-01,27.860000610351562,27.860000610351562,27.549999237060547,27.6200008392334,20700
2023-08-02,27.399999618530273,27.56999969482422,27.299999237060547,27.530000686645508,33500
2023-08-03,27.530000686645508,27.700000762939453,27.399999618530273,27.510000228881836,8900
2023-08-04,27.8799991607666,28.0,27.68000030517578,28.0,45700
2023-08-07,27.200000762939453,27.280000686645508,26.93000030517578,27.139999389648438,27500
2023-08-08,27.270000457763672,27.3799991607666,27.0,27.0,108800
2023-08-09,27.399999618530273,27.5,27.31999969482422,27.5,7300
2023-08-10,27.549999237060547,27.6299991607666,27.399999618530273,27.399999618530273,25500
2023-08-11,27.34000015258789,27.84000015258789,27.239999771118164,27.549999237060547,22400
2023-08-14,27.56999969482422,27.670000076293945,27.280000686645508,27.280000686645508,15700
2023-08-15,27.239999771118164,27.639999389648438,27.239999771118164,27.520000457763672,19800
2023-08-16,27.6200008392334,27.770000457763672,27.420000076293945,27.420000076293945,20300
2023-08-17,27.889999389648438,28.0,27.6299991607666,27.760000228881836,9600
2023-08-18,28.309999465942383,28.309999465942383,28.09000015258789,28.1299991607666,23600
2023-08-21,28.420000076293945,28.739999771118164,28.31999969482422,28.700000762939453,24300
2023-08-22,28.0,28.420000076293945,27.950000762939453,28.389999389648438,14800
2023-08-23,28.399999618530273,28.399999618530273,27.739999771118164,28.049999237060547,12800
2023-08-24,28.610000610351562,28.610000610351562,28.3700008392334,28.440000534057617,14700
2023-08-25,28.56999969482422,28.8799991607666,28.56999969482422,28.75,27500
2023-08-28,29.139999389648438,29.149999618530273,28.920000076293945,29.06999969482422,54300
2023-08-29,28.940000534057617,29.100000381469727,28.899999618530273,29.010000228881836,9200
2023-08-30,28.81999969482422,29.1299991607666,28.75,29.1299991607666,17800
2023-08-31,28.40999984741211,28.780000686645508,28.399999618530273,28.719999313354492,31800
2023-09-01,28.520000457763672,28.770000457763672,28.420000076293945,28.770000457763672,82400
2023-09-05,28.489999771118164,28.559999465942383,28.299999237060547,28.360000610351562,15000
2023-09-06,28.56999969482422,28.790000915527344,28.549999237060547,28.65999984741211,11400
2023-09-07,28.360000610351562,28.510000228881836,28.309999465942383,28.510000228881836,11900
2023-09-08,28.479999542236328,28.479999542236328,28.239999771118164,28.299999237060547,9000
2023-09-11,28.600000381469727,28.610000610351562,28.489999771118164,28.489999771118164,11900
2023-09-12,28.15999984741211,28.420000076293945,28.0,28.399999618530273,24300
2023-09-13,28.25,28.270000457763672,27.959999084472656,28.110000610351562,13000
2023-09-14,28.489999771118164,28.5,28.170000076293945,28.190000534057617,17500
2023-09-15,28.030000686645508,28.299999237060547,27.979999542236328,28.280000686645508,13800
2023-09-18,27.59000015258789,27.93000030517578,27.549999237060547,27.93000030517578,113400
2023-09-19,27.59000015258789,27.639999389648438,27.459999084472656,27.459999084472656,15600
2023-09-20,27.65999984741211,27.790000915527344,27.510000228881836,27.790000915527344,12800
2023-09-21,27.229999542236328,27.469999313354492,27.200000762939453,27.399999618530273,51600
2023-09-22,27.260000228881836,27.350000381469727,27.200000762939453,27.25,9700
2023-09-25,27.3700008392334,27.40999984741211,27.100000381469727,27.239999771118164,13400
2023-09-26,27.440000534057617,27.5,27.239999771118164,27.450000762939453,7300
2023-09-27,27.510000228881836,27.770000457763672,27.510000228881836,27.540000915527344,14300
2023-09-28,27.530000686645508,27.530000686645508,27.3700008392334,27.389999389648438,14500
2023-09-29,27.06999969482422,27.540000915527344,27.059999465942383,27.420000076293945,81500
2023-10-02,27.18000030517578,27.219999313354492,26.81999969482422,27.030000686645508,12700
2023-10-03,27.110000610351562,27.139999389648438,26.90999984741211,27.110000610351562,21100
2023-10-04,27.06999969482422,27.1200008392334,26.979999542236328,27.049999237060547,18500
2023-10-05,27.190000534057617,27.190000534057617,26.889999389648438,27.059999465942383,25100
2023-10-06,26.90999984741211,27.190000534057617,26.889999389648438,27.190000534057617,9900
2023-10-09,26.81999969482422,26.989999771118164,26.799999237060547,26.989999771118164,2800
2023-10-10,26.969999313354492,26.989999771118164,26.850000381469727,26.850000381469727,6700
2023-10-11,26.639999389648438,26.8799991607666,26.59000015258789,26.8700008392334,17800
2023-10-12,27.299999237060547,27.459999084472656,26.700000762939453,26.780000686645508,38200
2023-10-13,27.139999389648438,27.440000534057617,26.979999542236328,27.440000534057617,6400
2023-10-16,27.270000457763672,27.270000457763672,27.110000610351562,27.1299991607666,12400
2023-10-17,27.469999313354492,27.479999542236328,27.290000915527344,27.290000915527344,16200
2023-10-18,27.68000030517578,27.690000534057617,27.329999923706055,27.610000610351562,18800
2023-10-19,27.729999542236328,27.760000228881836,27.469999313354492,27.600000381469727,14600
2023-10-20,27.459999084472656,27.68000030517578,27.459999084472656,27.59000015258789,22400
2023-10-23,27.260000228881836,27.510000228881836,27.25,27.309999465942383,34600
2023-10-24,27.399999618530273,27.420000076293945,27.25,27.3799991607666,22800
2023-10-25,27.299999237060547,27.440000534057617,27.1200008392334,27.43000030517578,12900
2023-10-26,27.190000534057617,27.489999771118164,27.149999618530273,27.489999771118164,8100
2023-10-27,27.559999465942383,27.65999984741211,27.459999084472656,27.459999084472656,7300
2023-10-30,27.3799991607666,27.59000015258789,27.34000015258789,27.559999465942383,6900
2023-10-31,27.440000534057617,27.549999237060547,27.309999465942383,27.309999465942383,2700
2023-11-01,27.489999771118164,27.559999465942383,27.459999084472656,27.459999084472656,5400
2023-11-02,27.780000686645508,27.84000015258789,27.65999984741211,27.700000762939453,33700
2023-11-03,28.270000457763672,28.290000915527344,27.989999771118164,28.049999237060547,31900
2023-11-06,28.459999084472656,28.530000686645508,28.350000381469727,28.489999771118164,27100
2023-11-07,28.3700008392334,28.65999984741211,28.209999084472656,28.399999618530273,37700
2023-11-08,28.3700008392334,28.639999389648438,28.31999969482422,28.600000381469727,11300
2023-11-09,28.06999969482422,28.479999542236328,27.850000381469727,28.329999923706055,43000
2023-11-10,28.06999969482422,28.110000610351562,27.920000076293945,28.110000610351562,21200
2023-11-13,28.81999969482422,28.81999969482422,28.149999618530273,28.149999618530273,30900
2023-11-14,28.90999984741211,28.90999984741211,28.520000457763672,28.59000015258789,18900
2023-11-15,28.850000381469727,28.889999389648438,28.75,28.809999465942383,18100
2023-11-16,28.34000015258789,28.639999389648438,28.239999771118164,28.59000015258789,18600
2023-11-17,28.1200008392334,28.190000534057617,28.020000457763672,28.18000030517578,50800
2023-11-20,28.56999969482422,28.579999923706055,28.149999618530273,28.34000015258789,20100
2023-11-21,28.760000228881836,28.950000762939453,28.549999237060547,28.809999465942383,16700
2023-11-22,28.5,28.65999984741211,28.420000076293945,28.6299991607666,21000
2023-11-24,27.93000030517578,28.43000030517578,27.93000030517578,28.43000030517578,7800
2023-11-27,28.0,28.040000915527344,27.829999923706055,28.040000915527344,13900
2023-11-28,28.31999969482422,28.34000015258789,28.010000228881836,28.010000228881836,11800
2023-11-29,28.299999237060547,28.31999969482422,28.139999389648438,28.280000686645508,7000
2023-11-30,28.25,28.280000686645508,28.190000534057617,28.190000534057617,6400
2023-12-01,27.979999542236328,28.1299991607666,27.860000610351562,28.0,16300
2023-12-04,27.649999618530273,27.989999771118164,27.540000915527344,27.84000015258789,35300
2023-12-05,27.6299991607666,27.729999542236328,27.360000610351562,27.709999084472656,22900
2023-12-06,27.440000534057617,27.559999465942383,27.360000610351562,27.559999465942383,19200
2023-12-07,27.719999313354492,27.75,27.440000534057617,27.459999084472656,4400
2023-12-08,27.6299991607666,27.979999542236328,27.43000030517578,27.81999969482422,46500
2023-12-11,28.15999984741211,28.15999984741211,27.729999542236328,27.729999542236328,21400
2023-12-12,27.920000076293945,28.059999465942383,27.790000915527344,27.989999771118164,40600
2023-12-13,27.709999084472656,27.719999313354492,27.530000686645508,27.719999313354492,34100
2023-12-14,27.84000015258789,27.850000381469727,27.65999984741211,27.709999084472656,11800
2023-12-15,27.719999313354492,27.899999618530273,27.489999771118164,27.489999771118164,5800
2023-12-18,27.93000030517578,27.93000030517578,27.600000381469727,27.770000457763672,15400
2023-12-19,27.530000686645508,27.989999771118164,27.479999542236328,27.6299991607666,12400
2023-12-20,27.34000015258789,27.549999237060547,27.34000015258789,27.549999237060547,8900
2023-12-21,27.149999618530273,27.399999618530273,27.079999923706055,27.389999389648438,12000
2023-12-22,27.149999618530273,27.280000686645508,27.149999618530273,27.190000534057617,5800
2023-12-26,27.479999542236328,27.479999542236328,27.1200008392334,27.329999923706055,18500
2023-12-27,27.420000076293945,27.450000762939453,27.299999237060547,27.31999969482422,6500
2023-12-28,27.280000686645508,27.56999969482422,27.239999771118164,27.479999542236328,14600
2023-12-29,27.010000228881836,27.219999313354492,26.950000762939453,27.219999313354492,21300
2024-01-02,26.549999237060547,27.020000457763672,26.3700008392334,27.020000457763672,17500
2024-01-03,26.639999389648438,26.670000076293945,26.440000534057617,26.459999084472656,18900
2024-01-04,26.469999313354492,26.530000686645508,26.239999771118164,26.389999389648438,29900
2024-01-05,26.18000030517578,26.399999618530273,26.1299991607666,26.1299991607666,15000
2024-01-08,26.049999237060547,26.049999237060547,25.809999465942383,25.969999313354492,21100
2024-01-09,26.110000610351562,26.110000610351562,25.850000381469727,25.899999618530273,10000
2024-01-10,25.93000030517578,26.059999465942383,25.850000381469727,25.850000381469727,13800
2024-01-11,26.0,26.040000915527344,25.850000381469727,25.850000381469727,13500
2024-01-12,25.850000381469727,26.270000457763672,25.3799991607666,26.270000457763672,38000
2024-01-16,25.829999923706055,25.989999771118164,25.65999984741211,25.899999618530273,74400
2024-01-17,25.389999389648438,25.65999984741211,25.34000015258789,25.5,22900
2024-01-18,25.540000915527344,25.549999237060547,25.350000381469727,25.399999618530273,9700
2024-01-19,25.549999237060547,25.81999969482422,25.459999084472656,25.75,14100
2024-01-22,25.709999084472656,25.729999542236328,25.149999618530273,25.149999618530273,21300
2024-01-23,25.989999771118164,25.989999771118164,25.5,25.5,14800
2024-01-24,25.969999313354492,26.06999969482422,25.860000610351562,26.059999465942383,10800
2024-01-25,25.6200008392334,26.1299991607666,25.520000457763672,26.1299991607666,28100
2024-01-26,25.3700008392334,25.510000228881836,25.149999618530273,25.389999389648438,13900
2024-01-29,25.239999771118164,25.3799991607666,25.06999969482422,25.219999313354492,13500
2024-01-30,25.690000534057617,25.719999313354492,25.239999771118164,25.399999618530273,22200
2024-01-31,25.729999542236328,25.729999542236328,25.469999313354492,25.56999969482422,29900
2024-02-01,25.389999389648438,25.56999969482422,25.309999465942383,25.56999969482422,17200
2024-02-02,25.059999465942383,25.299999237060547,25.0,25.290000915527344,33300
2024-02-05,25.15999984741211,25.190000534057617,24.81999969482422,25.049999237060547,39700
2024-02-06,25.280000686645508,25.31999969482422,25.170000076293945,25.25,11100
2024-02-07,25.010000228881836,25.1200008392334,24.8799991607666,25.110000610351562,15200
2024-02-08,25.170000076293945,25.290000915527344,24.84000015258789,25.079999923706055,21700
2024-02-09,24.8700008392334,25.110000610351562,24.850000381469727,25.100000381469727,14600
2024-02-12,25.059999465942383,25.1200008392334,25.0,25.030000686645508,15900
2024-02-13,24.959999084472656,25.06999969482422,24.860000610351562,25.06999969482422,24900
2024-02-14,24.610000610351562,24.979999542236328,24.530000686645508,24.979999542236328,29300
2024-02-15,24.469999313354492,24.649999618530273,24.360000610351562,24.540000915527344,31600
2024-02-16,24.649999618530273,24.649999618530273,24.520000457763672,24.56999969482422,16500
2024-02-20,24.780000686645508,24.899999618530273,24.649999618530273,24.770000457763672,18000
2024-02-21,24.40999984741211,24.579999923706055,24.360000610351562,24.579999923706055,16100
2024-02-22,24.219999313354492,24.469999313354492,24.1299991607666,24.43000030517578,38300
2024-02-23,24.049999237060547,24.139999389648438,23.940000534057617,24.139999389648438,28600
2024-02-26,24.040000915527344,24.100000381469727,23.850000381469727,23.950000762939453,43300
2024-02-27,24.049999237060547,24.389999389648438,23.989999771118164,24.219999313354492,49200
2024-02-28,24.15999984741211,24.190000534057617,23.920000076293945,23.969999313354492,10100
2024-02-29,23.969999313354492,24.190000534057617,23.790000915527344,23.989999771118164,14400
2024-03-01,24.209999084472656,24.219999313354492,23.989999771118164,24.09000015258789,33100
2024-03-04,24.34000015258789,24.510000228881836,24.260000228881836,24.469999313354492,112300
2024-03-05,24.270000457763672,24.360000610351562,24.170000076293945,24.34000015258789,46600
2024-03-06,24.260000228881836,24.280000686645508,24.059999465942383,24.280000686645508,43100
2024-03-07,24.56999969482422,24.56999969482422,24.350000381469727,24.350000381469727,39400
2024-03-08,24.969999313354492,24.979999542236328,24.34000015258789,24.540000915527344,150000
2024-03-11,24.920000076293945,25.0,24.81999969482422,24.920000076293945,70400
2024-03-12,25.209999084472656,25.239999771118164,24.850000381469727,24.989999771118164,87200
2024-03-13,25.270000457763672,25.270000457763672,24.950000762939453,25.15999984741211,44800
2024-03-14,25.270000457763672,25.549999237060547,25.1200008392334,25.18000030517578,67800
2024-03-15,25.260000228881836,25.34000015258789,25.0,25.06999969482422,28700
2024-03-18,25.100000381469727,25.290000915527344,25.049999237060547,25.170000076293945,62100
2024-03-19,25.100000381469727,25.1299991607666,24.920000076293945,24.920000076293945,27600
2024-03-20,25.540000915527344,25.540000915527344,25.049999237060547,25.049999237060547,49300
2024-03-21,25.559999465942383,25.639999389648438,25.3700008392334,25.639999389648438,35800
2024-03-22,25.170000076293945,25.280000686645508,25.1200008392334,25.239999771118164,36300
2024-03-25,25.3700008392334,25.440000534057617,25.1299991607666,25.1299991607666,30600
2024-03-26,25.170000076293945,25.389999389648438,25.170000076293945,25.3799991607666,44900
2024-03-27,25.030000686645508,25.209999084472656,25.0,25.170000076293945,19800
2024-03-28,25.209999084472656,25.260000228881836,24.729999542236328,24.969999313354492,90000
2024-04-01,25.059999465942383,25.260000228881836,25.010000228881836,25.219999313354492,25700
2024-04-02,24.950000762939453,25.31999969482422,24.93000030517578,25.139999389648438,31100
2024-04-03,25.190000534057617,25.229999542236328,24.920000076293945,24.93000030517578,23800
2024-04-04,25.110000610351562,25.149999618530273,24.979999542236328,25.06999969482422,135400
2024-04-05,25.15999984741211,25.260000228881836,25.09000015258789,25.170000076293945,30900
2024-04-08,25.1200008392334,25.280000686645508,25.059999465942383,25.260000228881836,53500
2024-04-09,25.0,25.149999618530273,24.959999084472656,25.0,24000
2024-04-10,24.81999969482422,24.899999618530273,24.760000228881836,24.889999389648438,17000
2024-04-11,24.760000228881836,24.860000610351562,24.510000228881836,24.860000610351562,35800
2024-04-12,24.90999984741211,25.049999237060547,24.780000686645508,24.799999237060547,113400
2024-04-15,24.770000457763672,24.8700008392334,24.649999618530273,24.770000457763672,24800
2024-04-16,24.520000457763672,24.690000534057617,24.5,24.649999618530273,21200
2024-04-17,24.559999465942383,24.690000534057617,24.510000228881836,24.510000228881836,40000
2024-04-18,24.329999923706055,24.56999969482422,24.329999923706055,24.56999969482422,63900
2024-04-19,24.6200008392334,24.670000076293945,24.329999923706055,24.329999923706055,15100
2024-04-22,24.899999618530273,24.969999313354492,24.549999237060547,24.549999237060547,61900
2024-04-23,24.940000534057617,24.969999313354492,24.790000915527344,24.790000915527344,30300
2024-04-24,24.90999984741211,25.040000915527344,24.889999389648438,24.899999618530273,27300
2024-04-25,24.969999313354492,25.0,24.690000534057617,24.760000228881836,94100
2024-04-26,24.959999084472656,24.969999313354492,24.8700008392334,24.8700008392334,17000
2024-04-29,25.030000686645508,25.15999984741211,24.90999984741211,25.0,36100
2024-04-30,24.649999618530273,24.93000030517578,24.579999923706055,24.889999389648438,32300
2024-05-01,24.790000915527344,24.809999465942383,24.56999969482422,24.56999969482422,98000
2024-05-02,25.299999237060547,25.299999237060547,24.799999237060547,24.799999237060547,45100
2024-05-03,25.549999237060547,25.559999465942383,25.31999969482422,25.420000076293945,53100
2024-05-06,26.010000228881836,26.030000686645508,25.520000457763672,25.520000457763672,97700
2024-05-07,26.110000610351562,26.190000534057617,25.959999084472656,25.979999542236328,46500
2024-05-08,25.780000686645508,26.0,25.729999542236328,25.940000534057617,57100
2024-05-09,25.530000686645508,25.799999237060547,25.469999313354492,25.65999984741211,29000
2024-05-10,25.68000030517578,25.709999084472656,25.40999984741211,25.59000015258789,24100
2024-05-13,25.809999465942383,25.8799991607666,25.690000534057617,25.709999084472656,35800
2024-05-14,25.649999618530273,25.8700008392334,25.549999237060547,25.8700008392334,50100
2024-05-15,25.530000686645508,25.899999618530273,25.489999771118164,25.8799991607666,34100
2024-05-16,25.450000762939453,25.59000015258789,25.43000030517578,25.59000015258789,31800
2024-05-17,25.520000457763672,25.799999237060547,25.520000457763672,25.540000915527344,66900
2024-05-20,25.770000457763672,25.8799991607666,25.540000915527344,25.540000915527344,60200
2024-05-21,25.719999313354492,25.809999465942383,25.6200008392334,25.690000534057617,78100
2024-05-22,25.920000076293945,25.920000076293945,25.670000076293945,25.670000076293945,51700
2024-05-23,25.739999771118164,26.0,25.719999313354492,25.969999313354492,53600
2024-05-24,25.860000610351562,25.8700008392334,25.739999771118164,25.739999771118164,21700
2024-05-28,25.68000030517578,25.850000381469727,25.6200008392334,25.850000381469727,42600
2024-05-29,25.43000030517578,25.68000030517578,25.399999618530273,25.530000686645508,56700
2024-05-30,25.290000915527344,25.549999237060547,25.270000457763672,25.459999084472656,61100
2024-05-31,25.270000457763672,25.540000915527344,25.15999984741211,25.450000762939453,24500
2024-06-03,24.84000015258789,25.139999389648438,24.719999313354492,25.139999389648438,49900
2024-06-04,24.6200008392334,24.84000015258789,24.6200008392334,24.790000915527344,38100
2024-06-05,24.5,24.719999313354492,24.5,24.65999984741211,26300
2024-06-06,24.920000076293945,24.950000762939453,24.639999389648438,24.639999389648438,94500
2024-06-07,24.670000076293945,25.020000457763672,24.530000686645508,24.65999984741211,47100
2024-06-10,24.700000762939453,24.760000228881836,24.6200008392334,24.75,54600
2024-06-11,24.530000686645508,24.700000762939453,24.5,24.690000534057617,55900
2024-06-12,24.520000457763672,24.610000610351562,24.350000381469727,24.600000381469727,21900
2024-06-13,24.6299991607666,24.709999084472656,24.5,24.5,100200
2024-06-14,24.459999084472656,24.610000610351562,24.43000030517578,24.579999923706055,51600
2024-06-17,24.110000610351562,24.309999465942383,24.09000015258789,24.290000915527344,31900
2024-06-18,24.149999618530273,24.260000228881836,24.149999618530273,24.219999313354492,23900
2024-06-20,23.959999084472656,24.1200008392334,23.860000610351562,24.030000686645508,35200
2024-06-21,23.969999313354492,24.040000915527344,23.829999923706055,23.979999542236328,9900
2024-06-24,24.079999923706055,24.149999618530273,23.760000228881836,23.860000610351562,20200
2024-06-25,23.700000762939453,24.010000228881836,23.700000762939453,24.010000228881836,12400
2024-06-26,23.649999618530273,23.81999969482422,23.6299991607666,23.700000762939453,28100
2024-06-27,23.6200008392334,23.719999313354492,23.56999969482422,23.670000076293945,26600
2024-06-28,23.649999618530273,23.90999984741211,23.59000015258789,23.700000762939453,38300
2024-07-01,23.899999618530273,23.90999984741211,23.549999237060547,23.719999313354492,22300
2024-07-02,23.899999618530273,24.100000381469727,23.799999237060547,23.979999542236328,18400
2024-07-03,24.149999618530273,24.170000076293945,23.989999771118164,24.030000686645508,18300
2024-07-05,24.299999237060547,24.299999237060547,23.979999542236328,24.149999618530273,120200
2024-07-08,23.65999984741211,24.020000457763672,23.579999923706055,24.020000457763672,96900
2024-07-09,23.270000457763672,23.68000030517578,23.25,23.600000381469727,60700
2024-07-10,23.0,23.780000686645508,23.0,23.270000457763672,30800
2024-07-11,23.1200008392334,23.190000534057617,22.969999313354492,23.1200008392334,13200
2024-07-12,22.989999771118164,23.200000762939453,22.920000076293945,23.049999237060547,33400
2024-07-15,22.479999542236328,22.700000762939453,22.459999084472656,22.65999984741211,47700
2024-07-16,22.670000076293945,22.780000686645508,22.469999313354492,22.540000915527344,36400
2024-07-17,22.59000015258789,22.690000534057617,22.5,22.670000076293945,9600
2024-07-18,22.549999237060547,22.68000030517578,22.3700008392334,22.479999542236328,42300
2024-07-19,22.399999618530273,22.670000076293945,22.399999618530273,22.649999618530273,72500
2024-07-22,23.110000610351562,23.139999389648438,22.670000076293945,22.670000076293945,44000
2024-07-23,23.219999313354492,23.3799991607666,23.110000610351562,23.18000030517578,130900
2024-07-24,22.93000030517578,23.25,22.899999618530273,23.219999313354492,33100
2024-07-25,23.299999237060547,23.3799991607666,23.06999969482422,23.079999923706055,51400
2024-07-26,22.6200008392334,23.299999237060547,22.610000610351562,23.299999237060547,91100
2024-07-29,22.549999237060547,22.6299991607666,22.110000610351562,22.399999618530273,35900
2024-07-30,22.170000076293945,22.329999923706055,22.170000076293945,22.299999237060547,18000
2024-07-31,22.309999465942383,22.350000381469727,22.18000030517578,22.290000915527344,9000
2024-08-01,22.1200008392334,22.290000915527344,22.079999923706055,22.280000686645508,17900
2024-08-02,22.450000762939453,22.469999313354492,22.270000457763672,22.270000457763672,19000
2024-08-05,22.700000762939453,22.700000762939453,22.219999313354492,22.219999313354492,30700
2024-08-06,22.329999923706055,22.6200008392334,22.309999465942383,22.540000915527344,42400
2024-08-07,22.260000228881836,22.360000610351562,22.18000030517578,22.239999771118164,32100
2024-08-08,22.010000228881836,22.260000228881836,21.950000762939453,22.260000228881836,46000
2024-08-09,21.920000076293945,22.09000015258789,21.8700008392334,22.09000015258789,16800
2024-08-12,21.670000076293945,21.8700008392334,21.450000762939453,21.8700008392334,56300
2024-08-13,21.149999618530273,21.399999618530273,21.1200008392334,21.399999618530273,32800
2024-08-14,21.25,21.3799991607666,21.200000762939453,21.209999084472656,46600
2024-08-15,21.25,21.479999542236328,21.239999771118164,21.299999237060547,39100
2024-08-16,21.06999969482422,21.209999084472656,21.020000457763672,21.1299991607666,36300
2024-08-19,21.469999313354492,21.489999771118164,21.100000381469727,21.100000381469727,62600
2024-08-20,21.489999771118164,21.59000015258789,21.399999618530273,21.459999084472656,9300
2024-08-21,21.600000381469727,21.6200008392334,21.450000762939453,21.579999923706055,21500
2024-08-22,21.110000610351562,21.440000534057617,21.100000381469727,21.440000534057617,48700
2024-08-23,21.350000381469727,21.389999389648438,21.170000076293945,21.170000076293945,38000
2024-08-26,21.530000686645508,21.559999465942383,21.229999542236328,21.229999542236328,24800
2024-08-27,21.649999618530273,21.729999542236328,21.549999237060547,21.639999389648438,42500
2024-08-28,21.450000762939453,21.6299991607666,21.350000381469727,21.6299991607666,39800
2024-08-29,21.739999771118164,21.760000228881836,21.600000381469727,21.610000610351562,33700
2024-08-30,21.860000610351562,22.030000686645508,21.709999084472656,22.030000686645508,51800
2024-09-03,22.170000076293945,22.399999618530273,21.940000534057617,22.0,76300
2024-09-04,22.329999923706055,22.3799991607666,22.100000381469727,22.31999969482422,46000
2024-09-05,22.450000762939453,22.450000762939453,22.190000534057617,22.25,26600
2024-09-06,22.030000686645508,22.5,21.950000762939453,22.489999771118164,45500
2024-09-09,22.290000915527344,22.299999237060547,22.09000015258789,22.09000015258789,14800
2024-09-10,21.889999389648438,22.15999984741211,21.81999969482422,21.989999771118164,23700
2024-09-11,21.940000534057617,22.049999237060547,21.899999618530273,21.989999771118164,6500
2024-09-12,22.200000762939453,22.229999542236328,21.899999618530273,22.0,20800
2024-09-13,22.1200008392334,22.309999465942383,22.020000457763672,22.290000915527344,113700
2024-09-16,22.040000915527344,22.190000534057617,22.010000228881836,22.09000015258789,52900
2024-09-17,22.1299991607666,22.219999313354492,22.010000228881836,22.09000015258789,34700
2024-09-18,22.239999771118164,22.399999618530273,22.139999389648438,22.239999771118164,16200
2024-09-19,22.200000762939453,22.329999923706055,22.15999984741211,22.329999923706055,45300
2024-09-20,22.170000076293945,22.219999313354492,22.0,22.110000610351562,89800
2024-09-23,22.719999313354492,22.75,22.479999542236328,22.479999542236328,78100
2024-09-24,22.81999969482422,23.030000686645508,22.700000762939453,23.0,64400
2024-09-25,23.030000686645508,23.049999237060547,22.6299991607666,22.6299991607666,46600
2024-09-26,22.770000457763672,23.190000534057617,22.670000076293945,23.15999984741211,44600
2024-09-27,23.200000762939453,23.239999771118164,22.75,22.790000915527344,24600
2024-09-30,23.049999237060547,23.299999237060547,23.0,23.110000610351562,24000
2024-10-01,23.040000915527344,23.25,22.780000686645508,22.81999969482422,15400
2024-10-02,23.020000457763672,23.079999923706055,22.889999389648438,22.899999618530273,24800
2024-10-03,22.8799991607666,23.079999923706055,22.770000457763672,22.790000915527344,27400
2024-10-04,22.68000030517578,22.979999542236328,22.639999389648438,22.979999542236328,20700
2024-10-07,22.639999389648438,22.719999313354492,22.540000915527344,22.6299991607666,20900
2024-10-08,22.290000915527344,22.5,22.229999542236328,22.5,147500
2024-10-09,22.329999923706055,22.3799991607666,22.190000534057617,22.200000762939453,16100
2024-10-10,22.229999542236328,22.290000915527344,22.219999313354492,22.290000915527344,22400
2024-10-11,22.040000915527344,22.399999618530273,22.010000228881836,22.18000030517578,26700
2024-10-14,21.81999969482422,22.030000686645508,21.75,21.940000534057617,42900
2024-10-15,21.6200008392334,21.75,21.510000228881836,21.75,21600
2024-10-16,21.469999313354492,21.770000457763672,21.360000610351562,21.719999313354492,23400
2024-10-17,21.489999771118164,21.540000915527344,21.200000762939453,21.360000610351562,24400
2024-10-18,21.239999771118164,21.579999923706055,21.239999771118164,21.579999923706055,18100
2024-10-21,21.34000015258789,21.5,21.239999771118164,21.239999771118164,22200
2024-10-22,21.6299991607666,21.6299991607666,21.459999084472656,21.459999084472656,11800
2024-10-23,21.68000030517578,21.729999542236328,21.520000457763672,21.700000762939453,32300
2024-10-24,21.700000762939453,21.950000762939453,21.6299991607666,21.950000762939453,41500
2024-10-25,21.549999237060547,21.6299991607666,21.399999618530273,21.6299991607666,31100
2024-10-28,21.329999923706055,21.5,21.25,21.399999618530273,51000
2024-10-29,21.18000030517578,21.329999923706055,21.18000030517578,21.270000457763672,25200
2024-10-30,21.40999984741211,21.469999313354492,21.229999542236328,21.229999542236328,22300
2024-10-31,21.549999237060547,21.600000381469727,21.440000534057617,21.56999969482422,30800
2024-11-01,21.5,21.790000915527344,21.40999984741211,21.719999313354492,18700
2024-11-04,21.549999237060547,21.760000228881836,21.510000228881836,21.65999984741211,53500
2024-11-05,21.6200008392334,21.690000534057617,21.579999923706055,21.610000610351562,7800
2024-11-06,21.610000610351562,21.6200008392334,21.219999313354492,21.350000381469727,30800
2024-11-07,22.030000686645508,22.09000015258789,21.530000686645508,21.75,14000
2024-11-08,22.1200008392334,22.309999465942383,21.8700008392334,21.920000076293945,23300
2024-11-11,21.940000534057617,22.190000534057617,21.8700008392334,22.15999984741211,17500
2024-11-12,21.729999542236328,21.940000534057617,21.559999465942383,21.940000534057617,43300
2024-11-13,21.549999237060547,21.649999618530273,21.459999084472656,21.649999618530273,17900
2024-11-14,21.290000915527344,21.540000915527344,21.239999771118164,21.540000915527344,17800
2024-11-15,21.3700008392334,21.530000686645508,21.299999237060547,21.299999237060547,16400
2024-11-18,21.600000381469727,21.65999984741211,21.25,21.260000228881836,26100
2024-11-19,21.40999984741211,21.639999389648438,21.40999984741211,21.540000915527344,36000
2024-11-20,21.239999771118164,21.3799991607666,21.18000030517578,21.3799991607666,23800
2024-11-21,21.020000457763672,21.299999237060547,20.940000534057617,21.299999237060547,49500
2024-11-22,21.09000015258789,21.15999984741211,20.969999313354492,21.0,14300
2024-11-25,21.209999084472656,21.270000457763672,21.110000610351562,21.139999389648438,14400
2024-11-26,21.209999084472656,21.25,21.079999923706055,21.100000381469727,12900
2024-11-27,21.239999771118164,21.290000915527344,21.190000534057617,21.239999771118164,24700
2024-11-29,21.200000762939453,21.399999618530273,21.100000381469727,21.280000686645508,11500
2024-12-02,21.020000457763672,21.100000381469727,20.950000762939453,21.059999465942383,19700
2024-12-03,21.1299991607666,21.25,21.049999237060547,21.1200008392334,27600
2024-12-04,20.989999771118164,21.110000610351562,20.950000762939453,21.110000610351562,11700
2024-12-05,21.139999389648438,21.200000762939453,21.030000686645508,21.030000686645508,19800
2024-12-06,21.200000762939453,21.200000762939453,21.06999969482422,21.149999618530273,11600
2024-12-09,21.100000381469727,21.299999237060547,21.049999237060547,21.200000762939453,16100
2024-12-10,21.219999313354492,21.280000686645508,21.110000610351562,21.139999389648438,11400
2024-12-11,21.299999237060547,21.329999923706055,21.209999084472656,21.209999084472656,7400
2024-12-12,21.270000457763672,21.299999237060547,21.110000610351562,21.25,19300
2024-12-13,21.09000015258789,21.15999984741211,21.020000457763672,21.139999389648438,19800
2024-12-16,20.959999084472656,21.229999542236328,20.920000076293945,21.229999542236328,17800
2024-12-17,20.739999771118164,20.829999923706055,20.610000610351562,20.829999923706055,45800
2024-12-18,20.219999313354492,20.469999313354492,20.200000762939453,20.420000076293945,103000
2024-12-19,20.459999084472656,20.540000915527344,20.219999313354492,20.219999313354492,40000
2024-12-20,20.739999771118164,20.760000228881836,20.56999969482422,20.56999969482422,10200
2024-12-23,20.719999313354492,20.75,20.610000610351562,20.729999542236328,49100
2024-12-24,20.760000228881836,20.809999465942383,20.729999542236328,20.760000228881836,41200
2024-12-26,21.139999389648438,21.149999618530273,20.860000610351562,20.8700008392334,19700
2024-12-27,21.010000228881836,21.139999389648438,20.969999313354492,21.1200008392334,8900
2024-12-30,21.06999969482422,21.329999923706055,20.959999084472656,21.239999771118164,19800
2024-12-31,21.479999542236328,21.549999237060547,21.15999984741211,21.209999084472656,24700
2025-01-02,21.530000686645508,21.6200008392334,21.350000381469727,21.5,34600
2025-01-03,21.06999969482422,21.5,20.969999313354492,21.5,28500
2025-01-06,21.190000534057617,21.43000030517578,21.139999389648438,21.43000030517578,17200
2025-01-07,21.200000762939453,21.219999313354492,20.979999542236328,21.040000915527344,9200
2025-01-08,21.1299991607666,21.209999084472656,21.079999923706055,21.209999084472656,16500
2025-01-10,21.760000228881836,21.889999389648438,21.260000228881836,21.280000686645508,50400
2025-01-13,22.25,22.270000457763672,21.760000228881836,21.760000228881836,97400
2025-01-14,22.110000610351562,22.420000076293945,22.040000915527344,22.290000915527344,73900
2025-01-15,22.040000915527344,22.270000457763672,21.950000762939453,22.170000076293945,24500
2025-01-16,21.579999923706055,21.770000457763672,21.5,21.690000534057617,50000
2025-01-17,21.809999465942383,21.860000610351562,21.5,21.5,11800
2025-01-21,22.420000076293945,22.420000076293945,21.950000762939453,22.079999923706055,43600
2025-01-22,22.229999542236328,22.530000686645508,22.139999389648438,22.420000076293945,32200
2025-01-23,22.399999618530273,22.579999923706055,22.170000076293945,22.31999969482422,32000
2025-01-24,22.25,22.5,22.200000762939453,22.5,28300
2025-01-27,22.110000610351562,22.139999389648438,22.0,22.079999923706055,20500
2025-01-28,22.110000610351562,22.209999084472656,22.06999969482422,22.139999389648438,29000
2025-01-29,22.450000762939453,22.549999237060547,22.149999618530273,22.149999618530273,42800
2025-01-30,22.25,22.329999923706055,22.15999984741211,22.31999969482422,20600
2025-01-31,22.15999984741211,22.350000381469727,21.93000030517578,22.0,16300
2025-02-03,22.43000030517578,22.459999084472656,22.139999389648438,22.139999389648438,62700
2025-02-04,22.739999771118164,22.780000686645508,22.329999923706055,22.459999084472656,44100
2025-02-05,22.489999771118164,22.65999984741211,22.3799991607666,22.65999984741211,54200
2025-02-06,22.549999237060547,22.690000534057617,22.260000228881836,22.690000534057617,191900
2025-02-07,22.280000686645508,22.5,22.280000686645508,22.5,99600
2025-02-10,22.270000457763672,22.3700008392334,22.239999771118164,22.25,31300
2025-02-11,22.270000457763672,22.479999542236328,22.200000762939453,22.260000228881836,27000
2025-02-12,21.940000534057617,22.239999771118164,21.860000610351562,22.239999771118164,43900
2025-02-13,21.940000534057617,22.020000457763672,21.850000381469727,21.850000381469727,40700
2025-02-14,22.1299991607666,22.239999771118164,22.010000228881836,22.100000381469727,8900
2025-02-18,22.190000534057617,22.350000381469727,22.06999969482422,22.350000381469727,30800
2025-02-19,22.020000457763672,22.34000015258789,22.010000228881836,22.1200008392334,17100
2025-02-20,22.299999237060547,22.440000534057617,22.059999465942383,22.440000534057617,14900
2025-02-21,22.229999542236328,22.3700008392334,22.149999618530273,22.3700008392334,9400
2025-02-24,22.06999969482422,22.290000915527344,22.0,22.170000076293945,20100
2025-02-25,22.049999237060547,22.06999969482422,21.81999969482422,21.940000534057617,16600
2025-02-26,21.90999984741211,21.940000534057617,21.81999969482422,21.940000534057617,12400
2025-02-27,21.81999969482422,21.989999771118164,21.780000686645508,21.899999618530273,27400
2025-02-28,21.530000686645508,21.770000457763672,21.520000457763672,21.700000762939453,23400
2025-03-03,21.270000457763672,21.520000457763672,21.219999313354492,21.520000457763672,56000
2025-03-04,21.030000686645508,21.1299991607666,20.8700008392334,21.1299991607666,25600
2025-03-05,21.200000762939453,21.239999771118164,20.93000030517578,21.040000915527344,10600
2025-03-06,21.510000228881836,21.59000015258789,21.25,21.25,13700
2025-03-07,21.520000457763672,21.600000381469727,21.290000915527344,21.399999618530273,7900
2025-03-10,21.299999237060547,21.489999771118164,21.299999237060547,21.459999084472656,17900
2025-03-11,21.270000457763672,21.5,21.239999771118164,21.5,31900
2025-03-12,21.040000915527344,21.239999771118164,20.93000030517578,21.239999771118164,8900
2025-03-13,21.219999313354492,21.350000381469727,21.170000076293945,21.280000686645508,29800
2025-03-14,21.469999313354492,21.469999313354492,21.190000534057617,21.270000457763672,22200
2025-03-17,21.43000030517578,21.469999313354492,21.309999465942383,21.469999313354492,35000
2025-03-18,21.34000015258789,21.549999237060547,21.34000015258789,21.549999237060547,38100
2025-03-19,21.219999313354492,21.399999618530273,21.219999313354492,21.399999618530273,10800
2025-03-20,21.290000915527344,21.290000915527344,21.15999984741211,21.15999984741211,5200
2025-03-21,21.15999984741211,21.280000686645508,21.110000610351562,21.200000762939453,7400
2025-03-24,21.149999618530273,21.209999084472656,21.09000015258789,21.149999618530273,14100
2025-03-25,21.18000030517578,21.200000762939453,21.040000915527344,21.139999389648438,10000
2025-03-26,21.15999984741211,21.270000457763672,21.149999618530273,21.170000076293945,7700
2025-03-27,21.3799991607666,21.43000030517578,21.170000076293945,21.170000076293945,14800
2025-03-28,21.479999542236328,21.510000228881836,21.229999542236328,21.399999618530273,14000
2025-03-31,21.34000015258789,21.649999618530273,21.299999237060547,21.549999237060547,10500
2025-04-01,21.75,21.760000228881836,21.350000381469727,21.350000381469727,11600
2025-04-02,21.700000762939453,21.729999542236328,21.610000610351562,21.6299991607666,6500
2025-04-03,21.3700008392334,21.479999542236328,21.260000228881836,21.34000015258789,17900
2025-04-04,20.729999542236328,20.940000534057617,20.600000381469727,20.90999984741211,57400
2025-04-07,20.75,20.989999771118164,20.65999984741211,20.729999542236328,71900
2025-04-08,20.59000015258789,21.010000228881836,20.59000015258789,21.0,18900
2025-04-09,21.09000015258789,21.1200008392334,20.649999618530273,20.649999618530273,20000
2025-04-10,21.329999923706055,21.329999923706055,21.049999237060547,21.049999237060547,25600
2025-04-11,21.68000030517578,21.700000762939453,21.329999923706055,21.329999923706055,47100
2025-04-14,21.670000076293945,21.860000610351562,21.6200008392334,21.850000381469727,33800
2025-04-15,21.610000610351562,21.65999984741211,21.520000457763672,21.600000381469727,6000
2025-04-16,21.709999084472656,21.81999969482422,21.610000610351562,21.75,31700
2025-04-17,21.6200008392334,21.829999923706055,21.549999237060547,21.829999923706055,10300
2025-04-21,21.600000381469727,21.770000457763672,21.530000686645508,21.770000457763672,9700
2025-04-22,21.579999923706055,21.709999084472656,21.540000915527344,21.670000076293945,5700
2025-04-23,21.700000762939453,21.75,21.6200008392334,21.670000076293945,14500
2025-04-24,21.8799991607666,21.889999389648438,21.6200008392334,21.65999984741211,40300
2025-04-25,21.850000381469727,21.989999771118164,21.790000915527344,21.920000076293945,26000
2025-04-28,21.889999389648438,21.90999984741211,21.649999618530273,21.649999618530273,20100
2025-04-29,21.690000534057617,21.809999465942383,21.579999923706055,21.809999465942383,18300
2025-04-30,21.469999313354492,21.6200008392334,21.360000610351562,21.6200008392334,37800
2025-05-01,21.6299991607666,21.690000534057617,21.450000762939453,21.5,7000
2025-05-02,21.75,21.829999923706055,21.65999984741211,21.75,16500
2025-05-05,21.6200008392334,21.760000228881836,21.530000686645508,21.760000228881836,8900
2025-05-06,21.489999771118164,21.579999923706055,21.43000030517578,21.549999237060547,15500
2025-05-07,21.520000457763672,21.729999542236328,21.5,21.700000762939453,10900
2025-05-08,21.610000610351562,21.639999389648438,21.520000457763672,21.639999389648438,9500
2025-05-09,21.700000762939453,21.799999237060547,21.65999984741211,21.68000030517578,18100
2025-05-12,22.219999313354492,22.219999313354492,21.860000610351562,22.209999084472656,64600
2025-05-13,22.270000457763672,22.299999237060547,21.889999389648438,22.049999237060547,51500
2025-05-14,22.219999313354492,22.350000381469727,22.149999618530273,22.299999237060547,29600
2025-05-15,21.780000686645508,22.15999984741211,21.739999771118164,22.15999984741211,39600
2025-05-16,21.719999313354492,21.940000534057617,21.600000381469727,21.649999618530273,8300
2025-05-19,21.799999237060547,21.850000381469727,21.65999984741211,21.75,21500
2025-05-20,21.920000076293945,21.93000030517578,21.799999237060547,21.860000610351562,19500
2025-05-21,22.079999923706055,22.149999618530273,21.889999389648438,21.889999389648438,20500
2025-05-22,22.1299991607666,22.18000030517578,22.010000228881836,22.059999465942383,8300
2025-05-23,22.1299991607666,22.1299991607666,21.969999313354492,22.079999923706055,10400
2025-05-27,22.110000610351562,22.149999618530273,22.010000228881836,22.049999237060547,16100
2025-05-28,21.770000457763672,22.049999237060547,21.760000228881836,22.0,15800
2025-05-29,21.780000686645508,21.889999389648438,21.5,21.809999465942383,45100
2025-05-30,21.6200008392334,21.799999237060547,21.540000915527344,21.799999237060547,28800
2025-06-02,21.520000457763672,21.719999313354492,21.440000534057617,21.719999313354492,40100
2025-06-03,21.559999465942383,21.81999969482422,21.31999969482422,21.31999969482422,18800
2025-06-04,21.649999618530273,21.709999084472656,21.559999465942383,21.690000534057617,14100
2025-06-05,21.809999465942383,21.889999389648438,21.59000015258789,21.649999618530273,35400
2025-06-06,21.989999771118164,22.020000457763672,21.68000030517578,21.68000030517578,16300
2025-06-09,21.829999923706055,21.959999084472656,21.790000915527344,21.940000534057617,13800
2025-06-10,21.860000610351562,21.959999084472656,21.799999237060547,21.959999084472656,29700
2025-06-11,21.770000457763672,21.940000534057617,21.670000076293945,21.940000534057617,20700
2025-06-12,21.690000534057617,21.8700008392334,21.639999389648438,21.799999237060547,10600
2025-06-13,22.290000915527344,22.34000015258789,22.030000686645508,22.09000015258789,90800
2025-06-16,22.3799991607666,22.510000228881836,22.260000228881836,22.40999984741211,133800
2025-06-17,22.559999465942383,22.6200008392334,22.34000015258789,22.469999313354492,94300
2025-06-18,22.489999771118164,22.649999618530273,22.450000762939453,22.5,42000
2025-06-20,22.389999389648438,22.579999923706055,22.360000610351562,22.579999923706055,37500
2025-06-23,22.139999389648438,22.3799991607666,22.100000381469727,22.3799991607666,23400
2025-06-24,21.950000762939453,22.049999237060547,21.920000076293945,22.049999237060547,34100
2025-06-25,21.579999923706055,21.940000534057617,21.559999465942383,21.920000076293945,88500
2025-06-26,21.56999969482422,21.719999313354492,21.510000228881836,21.719999313354492,34900
2025-06-27,21.729999542236328,21.850000381469727,21.559999465942383,21.65999984741211,32900
2025-06-30,21.780000686645508,21.979999542236328,21.670000076293945,21.729999542236328,26000
2025-07-01,21.790000915527344,21.84000015258789,21.530000686645508,21.739999771118164,13200
2025-07-02,22.110000610351562,22.139999389648438,21.780000686645508,21.829999923706055,21100
2025-07-03,22.25,22.329999923706055,22.200000762939453,22.219999313354492,25600
2025-07-07,21.649999618530273,22.0,21.600000381469727,22.0,19200
2025-07-08,21.579999923706055,21.65999984741211,21.520000457763672,21.610000610351562,11800
2025-07-09,21.43000030517578,21.549999237060547,21.399999618530273,21.510000228881836,37200
2025-07-10,21.549999237060547,21.600000381469727,21.270000457763672,21.3700008392334,77500
2025-07-11,21.459999084472656,21.59000015258789,21.389999389648438,21.559999465942383,23100
2025-07-14,21.450000762939453,21.489999771118164,21.360000610351562,21.43000030517578,26700
2025-07-15,21.350000381469727,21.459999084472656,21.260000228881836,21.399999618530273,27700
2025-07-16,21.68000030517578,21.709999084472656,21.479999542236328,21.479999542236328,10600
2025-07-17,21.84000015258789,21.899999618530273,21.65999984741211,21.770000457763672,9000
2025-07-18,21.979999542236328,22.200000762939453,21.940000534057617,21.979999542236328,29500
2025-07-21,21.860000610351562,21.989999771118164,21.709999084472656,21.899999618530273,22400
2025-07-22,21.8799991607666,21.93000030517578,21.6299991607666,21.739999771118164,15400
2025-07-23,21.84000015258789,22.0,21.739999771118164,21.8700008392334,6600
2025-07-24,21.850000381469727,21.850000381469727,21.739999771118164,21.84000015258789,17000
2025-07-25,21.760000228881836,21.770000457763672,21.670000076293945,21.690000534057617,10400
2025-07-28,21.670000076293945,21.690000534057617,21.600000381469727,21.68000030517578,30500
2025-07-29,21.530000686645508,21.709999084472656,21.5,21.68000030517578,14600
2025-07-30,21.350000381469727,21.6200008392334,21.31999969482422,21.5,24000
2025-07-31,21.209999084472656,21.31999969482422,21.170000076293945,21.31999969482422,42600
2025-08-01,21.209999084472656,21.299999237060547,21.149999618530273,21.149999618530273,14200
2025-08-04,21.360000610351562,21.360000610351562,21.190000534057617,21.25,11500
2025-08-05,21.209999084472656,21.450000762939453,21.209999084472656,21.450000762939453,12000
2025-08-06,21.1200008392334,21.31999969482422,21.059999465942383,21.31999969482422,12200
2025-08-07,21.25,21.329999923706055,21.149999618530273,21.149999618530273,6100
2025-08-08,21.06999969482422,21.360000610351562,21.06999969482422,21.200000762939453,14500
2025-08-11,21.56999969482422,21.649999618530273,21.43000030517578,21.450000762939453,21100
2025-08-12,21.969999313354492,21.969999313354492,21.280000686645508,21.43000030517578,30700
2025-08-13,22.06999969482422,22.260000228881836,21.979999542236328,22.059999465942383,99500
2025-08-14,21.8700008392334,22.079999923706055,21.8700008392334,22.079999923706055,27300
2025-08-15,22.18000030517578,22.200000762939453,21.920000076293945,22.059999465942383,22400
2025-08-18,22.1299991607666,22.229999542236328,22.049999237060547,22.139999389648438,19400
2025-08-19,21.969999313354492,22.149999618530273,21.899999618530273,22.149999618530273,17800
2025-08-20,22.020000457763672,22.09000015258789,21.959999084472656,21.969999313354492,10200
2025-08-21,22.309999465942383,22.389999389648438,22.09000015258789,22.09000015258789,14100
2025-08-22,22.399999618530273,22.5,22.350000381469727,22.459999084472656,59800
2025-08-25,22.299999237060547,22.5,22.219999313354492,22.489999771118164,55300
2025-08-26,22.280000686645508,22.469999313354492,22.209999084472656,22.34000015258789,37600
2025-08-27,22.260000228881836,22.3799991607666,22.200000762939453,22.25,14600
2025-08-28,22.309999465942383,22.309999465942383,22.149999618530273,22.299999237060547,13300
2025-08-29,22.389999389648438,22.440000534057617,22.209999084472656,22.270000457763672,21800
2025-09-02,22.15999984741211,22.239999771118164,22.079999923706055,22.209999084472656,24500
2025-09-03,22.010000228881836,22.170000076293945,22.010000228881836,22.100000381469727,22300
2025-09-04,22.049999237060547,22.09000015258789,21.829999923706055,21.940000534057617,32400
2025-09-05,21.920000076293945,22.100000381469727,21.920000076293945,22.0,33400
2025-09-08,22.09000015258789,22.100000381469727,21.8700008392334,21.920000076293945,28500
2025-09-09,22.020000457763672,22.1299991607666,22.010000228881836,22.079999923706055,52500
2025-09-10,21.920000076293945,22.010000228881836,21.899999618530273,21.950000762939453,15600
2025-09-11,22.110000610351562,22.1200008392334,22.040000915527344,22.079999923706055,16200
2025-09-12,22.31999969482422,22.31999969482422,22.049999237060547,22.110000610351562,22600
2025-09-15,22.25,22.389999389648438,22.229999542236328,22.329999923706055,62100
2025-09-16,22.399999618530273,22.450000762939453,22.350000381469727,22.389999389648438,63400
2025-09-17,22.25,22.43000030517578,22.25,22.360000610351562,58600
2025-09-18,22.170000076293945,22.309999465942383,22.139999389648438,22.270000457763672,274800
2025-09-19,21.959999084472656,22.329999923706055,21.90999984741211,22.25,146000
2025-09-22,21.670000076293945,21.790000915527344,21.59000015258789,21.790000915527344,323900
2025-09-23,21.690000534057617,21.760000228881836,21.59000015258789,21.59000015258789,49700
2025-09-24,21.65999984741211,21.799999237060547,21.639999389648438,21.790000915527344,28500
2025-09-25,21.670000076293945,21.760000228881836,21.6200008392334,21.739999771118164,64700
2025-09-26,21.739999771118164,21.75,21.65999984741211,21.670000076293945,25100
2025-09-29,21.68000030517578,21.700000762939453,21.6200008392334,21.6299991607666,56000
2025-09-30,21.459999084472656,21.610000610351562,21.459999084472656,21.610000610351562,30000
2025-10-01,21.729999542236328,21.809999465942383,21.360000610351562,21.40999984741211,133900
2025-10-02,21.8799991607666,21.959999084472656,21.690000534057617,21.690000534057617,114200
2025-10-03,21.790000915527344,21.979999542236328,21.780000686645508,21.920000076293945,67400
2025-10-06,21.780000686645508,21.8799991607666,21.780000686645508,21.850000381469727,49600
2025-10-07,21.84000015258789,21.920000076293945,21.809999465942383,21.850000381469727,56400
2025-10-08,21.920000076293945,21.950000762939453,21.8700008392334,21.8799991607666,53100
2025-10-09,21.84000015258789,21.940000534057617,21.809999465942383,21.860000610351562,45900
2025-10-10,21.559999465942383,21.719999313354492,21.450000762939453,21.690000534057617,67300
2025-10-13,21.579999923706055,21.700000762939453,21.549999237060547,21.639999389648438,23400
2025-10-14,21.559999465942383,21.600000381469727,21.469999313354492,21.559999465942383,72400
2025-10-15,21.59000015258789,21.670000076293945,21.530000686645508,21.59000015258789,104200
2025-10-16,21.649999618530273,21.84000015258789,21.649999618530273,21.690000534057617,78300
2025-10-17,21.81999969482422,21.850000381469727,21.75,21.75,43500
2025-10-20,22.059999465942383,22.09000015258789,21.940000534057617,22.0,74000
2025-10-21,22.020000457763672,22.100000381469727,21.959999084472656,22.100000381469727,76600
2025-10-22,22.030000686645508,22.1200008392334,21.959999084472656,22.100000381469727,99700
2025-10-23,22.260000228881836,22.280000686645508,22.110000610351562,22.149999618530273,80100
2025-10-24,22.25,22.299999237060547,22.209999084472656,22.290000915527344,131800
2025-10-27,22.639999389648438,22.75,22.530000686645508,22.6200008392334,385700
2025-10-28,22.850000381469727,23.079999923706055,22.790000915527344,22.850000381469727,343600
2025-10-29,22.799999237060547,22.920000076293945,22.709999084472656,22.739999771118164,178300
2025-10-30,22.969999313354492,23.040000915527344,22.670000076293945,22.969999313354492,268400
2025-10-31,23.139999389648438,23.149999618530273,22.889999389648438,22.90999984741211,137300
2025-11-03,23.469999313354492,23.479999542236328,23.110000610351562,23.219999313354492,355000
2025-11-04,23.18000030517578,23.200000762939453,23.030000686645508,23.110000610351562,204700
2025-11-05,23.420000076293945,23.479999542236328,23.239999771118164,23.239999771118164,141500
2025-11-06,22.979999542236328,23.299999237060547,22.899999618530273,23.299999237060547,290500
2025-11-07,23.149999618530273,23.15999984741211,23.059999465942383,23.09000015258789,179500
2025-11-10,23.360000610351562,23.40999984741211,23.219999313354492,23.239999771118164,85400
2025-11-11,23.360000610351562,23.43000030517578,23.18000030517578,23.31999969482422,58600
2025-11-12,23.450000762939453,23.489999771118164,23.280000686645508,23.309999465942383,86800
2025-11-13,23.709999084472656,23.739999771118164,23.549999237060547,23.549999237060547,194300
2025-11-14,23.360000610351562,23.780000686645508,23.309999465942383,23.75,199500
2025-11-17,23.799999237060547,23.860000610351562,23.600000381469727,23.610000610351562,107200
2025-11-18,23.729999542236328,23.850000381469727,23.65999984741211,23.75,82700
2025-11-19,23.469999313354492,23.6299991607666,23.450000762939453,23.6299991607666,123000
2025-11-20,23.34000015258789,23.649999618530273,23.309999465942383,23.649999618530273,361100
2025-11-21,23.3799991607666,23.389999389648438,23.15999984741211,23.239999771118164,372900
2025-11-24,23.31999969482422,23.440000534057617,23.18000030517578,23.239999771118164,284900
2025-11-25,23.350000381469727,23.399999618530273,23.260000228881836,23.399999618530273,79500
2025-11-26,23.469999313354492,23.559999465942383,23.34000015258789,23.399999618530273,119900
2025-11-28,23.600000381469727,23.6200008392334,23.469999313354492,23.5,61500
2025-12-01,23.469999313354492,23.540000915527344,23.450000762939453,23.489999771118164,173600
2025-12-02,23.43000030517578,23.559999465942383,23.389999389648438,23.5,66400
2025-12-03,23.280000686645508,23.43000030517578,23.239999771118164,23.40999984741211,420900
2025-12-04,23.299999237060547,23.3700008392334,23.229999542236328,23.270000457763672,65600
2025-12-05,23.030000686645508,23.309999465942383,23.020000457763672,23.299999237060547,188300
2025-12-08,22.8700008392334,23.06999969482422,22.860000610351562,23.030000686645508,182600
2025-12-09,22.729999542236328,22.860000610351562,22.719999313354492,22.829999923706055,129300
2025-12-10,22.780000686645508,22.809999465942383,22.68000030517578,22.690000534057617,66400
2025-12-11,22.81999969482422,22.84000015258789,22.68000030517578,22.790000915527344,855100
2025-12-12,22.520000457763672,22.700000762939453,22.510000228881836,22.700000762939453,258100
2025-12-15,22.479999542236328,22.559999465942383,22.389999389648438,22.559999465942383,269400
2025-12-16,22.290000915527344,22.469999313354492,22.239999771118164,22.469999313354492,61100
2025-12-17,22.229999542236328,22.309999465942383,22.190000534057617,22.270000457763672,59100
2025-12-18,22.079999923706055,22.219999313354492,22.049999237060547,22.200000762939453,60800
2025-12-19,22.010000228881836,22.100000381469727,22.010000228881836,22.079999923706055,36300
2025-12-22,22.139999389648438,22.170000076293945,22.079999923706055,22.149999618530273,63900
2025-12-23,22.139999389648438,22.219999313354492,22.110000610351562,22.15999984741211,32100
2025-12-24,22.3799991607666,22.40999984741211,22.239999771118164,22.280000686645508,35100
2025-12-26,22.34000015258789,22.479999542236328,22.299999237060547,22.399999618530273,66200
2025-12-29,22.18000030517578,22.260000228881836,22.149999618530273,22.25,60400
2025-12-30,22.110000610351562,22.219999313354492,22.110000610351562,22.219999313354492,35500
2025-12-31,21.860000610351562,22.1200008392334,21.850000381469727,22.1200008392334,95800
2026-01-02,21.81999969482422,21.8700008392334,21.690000534057617,21.860000610351562,96200
2026-01-05,22.170000076293945,22.18000030517578,21.989999771118164,22.020000457763672,113100
2026-01-06,22.020000457763672,22.260000228881836,22.0,22.170000076293945,43200
2026-01-07,22.18000030517578,22.260000228881836,22.149999618530273,22.200000762939453,30300
2026-01-08,22.15999984741211,22.239999771118164,22.110000610351562,22.200000762939453,35200
2026-01-09,22.1299991607666,22.229999542236328,22.1200008392334,22.219999313354492,37100
2026-01-12,21.969999313354492,22.299999237060547,21.799999237060547,22.209999084472656,78700
2026-01-13,21.709999084472656,21.8799991607666,21.709999084472656,21.850000381469727,43300
2026-01-14,21.739999771118164,21.889999389648438,21.700000762939453,21.860000610351562,35000
2026-01-15,21.889999389648438,22.030000686645508,21.760000228881836,21.760000228881836,30400
2026-01-16,21.979999542236328,22.020000457763672,21.860000610351562,21.899999618530273,24200
2026-01-20,21.93000030517578,22.059999465942383,21.899999618530273,21.979999542236328,24300
2026-01-21,22.15999984741211,22.200000762939453,22.09000015258789,22.110000610351562,27700
2026-01-22,22.15999984741211,22.270000457763672,22.100000381469727,22.190000534057617,29200
2026-01-23,22.270000457763672,22.350000381469727,22.239999771118164,22.290000915527344,85900
2026-01-26,22.190000534057617,22.31999969482422,22.1200008392334,22.290000915527344,48200
2026-01-27,22.299999237060547,22.299999237060547,22.219999313354492,22.260000228881836,21900
2026-01-28,22.450000762939453,22.59000015258789,22.389999389648438,22.450000762939453,83600
2026-01-29,22.43000030517578,22.6200008392334,22.34000015258789,22.530000686645508,77500
2026-01-30,22.239999771118164,22.360000610351562,22.170000076293945,22.299999237060547,51900
2026-02-02,22.1200008392334,22.170000076293945,22.040000915527344,22.100000381469727,103000
2026-02-03,22.25,22.290000915527344,22.149999618530273,22.270000457763672,43900
2026-02-04,22.6200008392334,23.0,22.139999389648438,22.190000534057617,102300
2026-02-05,22.959999084472656,23.0,22.739999771118164,22.780000686645508,121600
2026-02-06,23.010000228881836,23.299999237060547,22.920000076293945,23.030000686645508,113800
2026-02-09,22.959999084472656,23.0,22.8799991607666,22.959999084472656,43700
2026-02-10,23.209999084472656,23.239999771118164,23.020000457763672,23.040000915527344,45100
2026-02-11,23.25,23.34000015258789,23.079999923706055,23.18000030517578,48400
2026-02-12,23.459999084472656,23.540000915527344,23.3799991607666,23.389999389648438,66300
2026-02-13,23.440000534057617,23.450000762939453,23.239999771118164,23.34000015258789,54800
2026-02-17,23.450000762939453,23.5,23.31999969482422,23.31999969482422,60500
2026-02-18,23.420000076293945,23.56999969482422,23.350000381469727,23.540000915527344,52500
2026-02-19,23.549999237060547,23.56999969482422,23.3799991607666,23.420000076293945,80300
2026-02-20,23.489999771118164,23.649999618530273,23.190000534057617,23.56999969482422,64500
2026-02-23,23.469999313354492,23.729999542236328,23.34000015258789,23.389999389648438,53900
2026-02-24,23.56999969482422,23.610000610351562,23.399999618530273,23.459999084472656,38400
2026-02-25,23.739999771118164,23.75,23.450000762939453,23.56999969482422,71900
2026-02-26,23.739999771118164,23.829999923706055,23.450000762939453,23.799999237060547,51600
2026-02-27,23.81999969482422,23.889999389648438,23.670000076293945,23.799999237060547,29500
2026-03-02,23.690000534057617,23.760000228881836,23.610000610351562,23.75,43900
2026-03-03,23.940000534057617,23.979999542236328,23.690000534057617,23.959999084472656,40300
2026-03-04,23.790000915527344,23.899999618530273,23.760000228881836,23.799999237060547,38600
2026-03-05,24.0,24.049999237060547,23.809999465942383,23.8799991607666,57900
2026-03-06,24.40999984741211,24.450000762939453,24.25,24.299999237060547,266500
2026-03-09,24.219999313354492,24.65999984741211,24.18000030517578,24.639999389648438,359300
2026-03-10,24.450000762939453,24.5,24.229999542236328,24.34000015258789,166500
2026-03-11,24.80500030517578,24.847000122070312,24.656600952148438,24.739999771118164,44546
