date,close_wheat,high_wheat,low_wheat,open_wheat,volume_wheat
2011-09-19,122.8499984741211,122.8499984741211,122.8499984741211,122.8499984741211,20
2011-09-20,124.3499984741211,124.3499984741211,122.8499984741211,123.4000015258789,200
2011-09-21,121.1500015258789,123.4000015258789,121.1500015258789,122.05000305175781,60
2011-09-22,115.0,118.55000305175781,115.0,118.55000305175781,200
2011-09-23,117.80000305175781,117.80000305175781,116.4000015258789,116.5999984741211,60
2011-09-26,117.94999694824219,117.94999694824219,115.5,115.69999694824219,480
2011-09-27,119.0,119.75,118.0,119.5999984741211,580
2011-09-28,116.1500015258789,118.0,115.0999984741211,118.0,720
2011-09-29,116.80000305175781,117.44999694824219,116.80000305175781,117.30000305175781,480
2011-09-30,113.5,120.4000015258789,113.5,119.0999984741211,220
2011-10-03,114.0,114.94999694824219,112.0,112.94999694824219,220
2011-10-04,114.25,114.25,114.25,114.25,120
2011-10-05,115.44999694824219,115.44999694824219,114.05000305175781,114.05000305175781,280
2011-10-06,114.3499984741211,117.05000305175781,114.3499984741211,116.9000015258789,440
2011-10-07,113.80000305175781,113.80000305175781,113.80000305175781,113.80000305175781,20
2011-10-10,114.05000305175781,114.05000305175781,114.05000305175781,114.05000305175781,40
2011-10-11,114.25,114.25,114.25,114.25,200
2011-10-12,116.94999694824219,117.6500015258789,114.94999694824219,117.6500015258789,120
2011-10-13,113.69999694824219,113.69999694824219,113.69999694824219,113.69999694824219,100
2011-10-14,112.6500015258789,113.69999694824219,112.6500015258789,113.44999694824219,180
2011-10-17,114.5,114.8499984741211,114.5,114.5,260
2011-10-18,114.4000015258789,114.55000305175781,113.94999694824219,113.94999694824219,400
2011-10-19,112.69999694824219,114.0,112.6500015258789,114.0,260
2011-10-20,113.44999694824219,114.75,113.44999694824219,114.75,80
2011-10-21,114.8499984741211,115.6500015258789,114.8499984741211,115.6500015258789,60
2011-10-24,116.4000015258789,116.4000015258789,116.30000305175781,116.30000305175781,60
2011-10-25,116.6500015258789,117.05000305175781,116.6500015258789,117.05000305175781,60
2011-10-26,113.8499984741211,116.55000305175781,113.8499984741211,116.55000305175781,100
2011-10-27,118.0999984741211,118.0999984741211,114.75,115.8499984741211,80
2011-10-28,120.1500015258789,120.1500015258789,117.0999984741211,117.9000015258789,100
2011-10-31,116.8499984741211,116.8499984741211,116.8499984741211,116.8499984741211,20
2011-11-01,115.5,115.5,114.4000015258789,114.94999694824219,80
2011-11-02,114.3499984741211,116.69999694824219,114.3499984741211,116.69999694824219,220
2011-11-03,115.8499984741211,117.4000015258789,115.30000305175781,115.5999984741211,1080
2011-11-04,114.30000305175781,115.0,114.30000305175781,115.0,580
2011-11-07,115.5999984741211,115.5999984741211,115.4000015258789,115.4000015258789,80
2011-11-08,119.5,119.75,116.05000305175781,116.05000305175781,720
2011-11-09,115.30000305175781,116.69999694824219,115.30000305175781,116.69999694824219,140
2011-11-10,113.5,113.5,112.3499984741211,112.3499984741211,600
2011-11-11,111.80000305175781,112.8499984741211,111.5999984741211,112.8499984741211,320
2011-11-14,111.75,111.8499984741211,110.5999984741211,111.8499984741211,280
2011-11-15,111.75,111.75,111.75,111.75,0
2011-11-16,110.5,114.4000015258789,110.5,111.0999984741211,140
2011-11-17,106.05000305175781,112.69999694824219,106.05000305175781,111.9000015258789,920
2011-11-18,105.44999694824219,106.1500015258789,105.0,106.0,300
2011-11-21,105.25,105.25,104.4000015258789,104.94999694824219,220
2011-11-22,106.0,107.25,103.75,104.75,1920
2011-11-23,104.94999694824219,104.94999694824219,102.1500015258789,104.1500015258789,1240
2011-11-25,102.6500015258789,103.5,102.6500015258789,103.5,340
2011-11-28,103.0,103.5999984741211,103.0,103.5999984741211,300
2011-11-29,106.4000015258789,106.4000015258789,103.30000305175781,103.30000305175781,180
2011-11-30,107.55000305175781,108.25,106.0,108.19999694824219,400
2011-12-01,107.44999694824219,107.44999694824219,105.25,105.4000015258789,220
2011-12-02,106.75,108.5,106.5,107.8499984741211,160
2011-12-05,106.8499984741211,107.5,105.25,107.5,180
2011-12-06,105.30000305175781,105.80000305175781,103.4000015258789,103.4000015258789,700
2011-12-07,103.75,105.0999984741211,103.75,105.0999984741211,640
2011-12-08,104.4000015258789,104.75,102.9000015258789,104.75,200
2011-12-09,103.3499984741211,103.3499984741211,102.25,102.55000305175781,540
2011-12-12,101.75,103.25,101.75,102.55000305175781,460
2011-12-13,103.69999694824219,104.5,103.69999694824219,104.5,100
2011-12-14,101.94999694824219,102.30000305175781,101.0,101.94999694824219,260
2011-12-15,101.0999984741211,101.1500015258789,100.75,100.75,520
2011-12-16,101.80000305175781,102.8499984741211,101.44999694824219,101.80000305175781,180
2011-12-19,103.94999694824219,103.94999694824219,103.94999694824219,103.94999694824219,40
2011-12-20,106.05000305175781,106.05000305175781,104.0,104.5999984741211,280
2011-12-21,106.8499984741211,106.8499984741211,104.19999694824219,105.5999984741211,80
2011-12-22,107.69999694824219,107.69999694824219,106.6500015258789,106.6500015258789,120
2011-12-23,107.4000015258789,107.44999694824219,107.1500015258789,107.19999694824219,140
2011-12-27,111.0999984741211,111.0999984741211,107.4000015258789,107.6500015258789,240
2011-12-28,111.0,111.0,110.5,110.5,180
2011-12-29,111.6500015258789,111.80000305175781,110.8499984741211,111.5,540
2011-12-30,112.0,112.05000305175781,111.44999694824219,111.5,740
2012-01-03,112.30000305175781,114.75,112.30000305175781,112.80000305175781,1220
2012-01-04,111.0,113.19999694824219,111.0,113.19999694824219,200
2012-01-05,108.6500015258789,109.0,108.1500015258789,109.0,280
2012-01-06,107.9000015258789,108.3499984741211,107.19999694824219,108.3499984741211,200
2012-01-09,109.3499984741211,109.3499984741211,109.0999984741211,109.0999984741211,80
2012-01-10,108.80000305175781,109.30000305175781,108.80000305175781,109.30000305175781,40
2012-01-11,111.25,111.25,108.75,110.4000015258789,180
2012-01-12,105.80000305175781,106.75,103.6500015258789,106.0999984741211,860
2012-01-13,104.6500015258789,105.44999694824219,104.0999984741211,105.44999694824219,680
2012-01-17,104.80000305175781,106.3499984741211,104.69999694824219,106.3499984741211,360
2012-01-18,102.5,103.8499984741211,102.5,103.8499984741211,240
2012-01-19,102.5,102.5,102.44999694824219,102.44999694824219,60
2012-01-20,102.55000305175781,102.6500015258789,102.25,102.25,160
2012-01-23,105.3499984741211,105.3499984741211,105.3499984741211,105.3499984741211,20
2012-01-24,105.3499984741211,105.3499984741211,105.3499984741211,105.3499984741211,0
2012-01-25,108.5,109.5999984741211,106.5999984741211,108.0,1840
2012-01-26,109.05000305175781,111.0,108.75,110.0,700
2012-01-27,108.9000015258789,108.9000015258789,108.75,108.8499984741211,340
2012-01-30,108.75,108.75,106.5,107.55000305175781,2200
2012-01-31,112.19999694824219,112.19999694824219,108.75,110.30000305175781,1400
2012-02-01,111.5,112.30000305175781,111.5,112.30000305175781,900
2012-02-02,111.5,111.5,111.5,111.5,0
2012-02-03,111.19999694824219,112.5,110.3499984741211,112.5,300
2012-02-06,110.94999694824219,111.25,109.19999694824219,111.19999694824219,540
2012-02-07,109.75,110.5,109.19999694824219,109.19999694824219,120
2012-02-08,108.80000305175781,108.94999694824219,108.80000305175781,108.94999694824219,120
2012-02-09,106.5999984741211,109.0,106.30000305175781,107.9000015258789,780
2012-02-10,105.8499984741211,106.0999984741211,105.8499984741211,105.94999694824219,120
2012-02-13,105.9000015258789,105.9000015258789,104.05000305175781,105.44999694824219,220
2012-02-14,104.4000015258789,105.55000305175781,104.4000015258789,105.55000305175781,680
2012-02-15,103.0999984741211,104.0,103.0999984741211,104.0,120
2012-02-16,103.19999694824219,103.19999694824219,103.19999694824219,103.19999694824219,80
2012-02-17,104.4000015258789,105.5,104.4000015258789,104.44999694824219,140
2012-02-21,103.1500015258789,104.75,102.80000305175781,104.75,420
2012-02-22,104.30000305175781,104.4000015258789,104.05000305175781,104.05000305175781,140
2012-02-23,104.0999984741211,104.19999694824219,104.05000305175781,104.19999694824219,440
2012-02-24,103.80000305175781,106.44999694824219,103.55000305175781,103.55000305175781,1080
2012-02-27,105.25,105.25,102.94999694824219,104.05000305175781,1180
2012-02-28,109.0,109.0,106.55000305175781,107.1500015258789,1300
2012-02-29,108.0999984741211,109.69999694824219,107.9000015258789,109.69999694824219,580
2012-03-01,108.44999694824219,108.6500015258789,108.44999694824219,108.44999694824219,280
2012-03-02,108.94999694824219,108.94999694824219,107.5,107.9000015258789,300
2012-03-05,108.75,109.4000015258789,108.75,109.4000015258789,440
2012-03-06,107.5,107.75,106.44999694824219,107.0,2140
2012-03-07,103.5,105.5,103.5,105.5,140
2012-03-08,103.25,103.55000305175781,103.25,103.55000305175781,320
2012-03-09,103.94999694824219,105.30000305175781,103.25,105.30000305175781,480
2012-03-12,105.5999984741211,105.6500015258789,105.25,105.25,900
2012-03-13,105.5999984741211,105.5999984741211,105.5999984741211,105.5999984741211,0
2012-03-14,105.30000305175781,105.30000305175781,104.3499984741211,104.69999694824219,200
2012-03-15,106.3499984741211,106.3499984741211,106.30000305175781,106.30000305175781,40
2012-03-16,105.25,106.6500015258789,105.25,106.3499984741211,160
2012-03-19,105.5999984741211,107.44999694824219,105.5999984741211,106.5,480
2012-03-20,103.5,104.19999694824219,103.5,103.94999694824219,400
2012-03-21,103.80000305175781,103.80000305175781,103.80000305175781,103.80000305175781,40
2012-03-22,102.25,102.25,102.25,102.25,40
2012-03-23,106.75,106.75,106.75,106.75,60
2012-03-26,105.8499984741211,107.25,105.8499984741211,106.6500015258789,2760
2012-03-27,104.05000305175781,106.5,104.05000305175781,105.94999694824219,1420
2012-03-28,104.69999694824219,105.5999984741211,104.69999694824219,105.5999984741211,80
2012-03-29,100.25,101.9000015258789,100.0,101.5,1040
2012-03-30,105.44999694824219,107.6500015258789,103.5,103.5,2020
2012-04-02,106.0,106.4000015258789,102.5,106.4000015258789,280
2012-04-03,105.8499984741211,105.8499984741211,105.8499984741211,105.8499984741211,440
2012-04-04,103.30000305175781,104.5,103.30000305175781,104.5,60
2012-04-05,102.6500015258789,103.69999694824219,102.5,103.3499984741211,1480
2012-04-09,102.30000305175781,102.30000305175781,102.30000305175781,102.30000305175781,40
2012-04-10,99.4000015258789,102.0999984741211,99.4000015258789,102.0999984741211,160
2012-04-11,100.5999984741211,102.19999694824219,100.5999984741211,102.19999694824219,120
2012-04-12,102.25,102.25,102.25,102.25,40
2012-04-13,99.5999984741211,102.80000305175781,99.5999984741211,102.80000305175781,200
2012-04-16,99.4000015258789,99.4000015258789,98.1500015258789,98.75,360
2012-04-17,98.8499984741211,99.4000015258789,98.8499984741211,99.4000015258789,1240
2012-04-18,97.44999694824219,97.5,97.44999694824219,97.5,120
2012-04-19,98.55000305175781,99.5999984741211,98.55000305175781,99.0999984741211,1500
2012-04-20,99.0999984741211,99.0999984741211,98.69999694824219,98.69999694824219,60
2012-04-23,100.0999984741211,100.0999984741211,99.80000305175781,99.80000305175781,240
2012-04-24,101.55000305175781,102.1500015258789,100.4000015258789,100.4000015258789,1080
2012-04-25,101.1500015258789,102.19999694824219,101.1500015258789,102.19999694824219,220
2012-04-26,98.94999694824219,100.69999694824219,98.94999694824219,100.69999694824219,300
2012-04-27,102.25,102.25,101.19999694824219,101.19999694824219,680
2012-04-30,102.1500015258789,102.25,102.1500015258789,102.19999694824219,240
2012-05-01,102.1500015258789,102.1500015258789,102.1500015258789,102.1500015258789,0
2012-05-02,98.0,99.25,97.5,99.25,3200
2012-05-03,97.69999694824219,97.80000305175781,96.5,96.5,1300
2012-05-04,95.19999694824219,96.25,95.0,96.25,300
2012-05-07,96.25,96.25,96.25,96.25,300
2012-05-08,96.55000305175781,97.69999694824219,96.55000305175781,97.0999984741211,400
2012-05-09,97.0,97.0,97.0,97.0,20
2012-05-10,93.19999694824219,93.94999694824219,93.19999694824219,93.94999694824219,340
2012-05-11,94.5,94.5,94.5,94.5,100
2012-05-14,93.0,94.0,92.69999694824219,92.69999694824219,180
2012-05-15,94.75,94.75,94.69999694824219,94.75,140
2012-05-16,99.0,109.94999694824219,95.8499984741211,95.8499984741211,720
2012-05-17,98.55000305175781,100.1500015258789,98.55000305175781,99.0,620
2012-05-18,102.94999694824219,104.75,102.3499984741211,102.3499984741211,1400
2012-05-21,104.4000015258789,106.94999694824219,104.05000305175781,104.25,600
2012-05-22,103.5,105.44999694824219,102.19999694824219,104.19999694824219,1700
2012-05-23,101.44999694824219,102.30000305175781,100.6500015258789,100.8499984741211,1020
2012-05-24,102.69999694824219,102.69999694824219,102.30000305175781,102.30000305175781,240
2012-05-25,103.25,103.25,102.94999694824219,102.94999694824219,260
2012-05-29,101.4000015258789,101.4000015258789,101.4000015258789,101.4000015258789,240
2012-05-30,99.75,100.5,99.3499984741211,99.3499984741211,220
2012-05-31,100.25,100.25,99.94999694824219,99.94999694824219,80
2012-06-01,97.8499984741211,99.5,95.9000015258789,98.05000305175781,1100
2012-06-04,99.1500015258789,99.1500015258789,96.8499984741211,96.8499984741211,100
2012-06-05,95.6500015258789,97.0999984741211,95.0,97.0999984741211,360
2012-06-06,95.44999694824219,97.25,95.44999694824219,97.25,280
2012-06-07,95.44999694824219,95.44999694824219,95.44999694824219,95.44999694824219,0
2012-06-08,99.30000305175781,99.30000305175781,99.30000305175781,99.30000305175781,80
2012-06-11,98.25,99.05000305175781,98.25,99.05000305175781,260
2012-06-12,100.5,100.5,96.44999694824219,97.80000305175781,1300
2012-06-13,96.19999694824219,96.19999694824219,96.0,96.0,40
2012-06-14,96.1500015258789,98.0,93.19999694824219,96.9000015258789,2760
2012-06-15,94.3499984741211,98.4000015258789,94.25,95.94999694824219,1380
2012-06-18,96.5999984741211,98.0,95.0,95.0,100
2012-06-19,100.0,101.0,97.9000015258789,99.1500015258789,3880
2012-06-20,100.8499984741211,103.25,99.6500015258789,99.6500015258789,3460
2012-06-21,100.5,102.8499984741211,97.5,100.0999984741211,12860
2012-06-22,100.30000305175781,102.80000305175781,90.05000305175781,102.0,3120
2012-06-25,108.3499984741211,109.55000305175781,103.55000305175781,103.55000305175781,3180
2012-06-26,109.80000305175781,109.80000305175781,105.55000305175781,108.4000015258789,1040
2012-06-27,108.44999694824219,110.75,108.44999694824219,110.25,1400
2012-06-28,109.94999694824219,110.0999984741211,108.75,110.0999984741211,580
2012-06-29,110.55000305175781,111.0,108.5999984741211,108.5999984741211,680
2012-07-02,112.0,112.0,110.0,111.8499984741211,3020
2012-07-03,114.19999694824219,114.44999694824219,112.30000305175781,112.30000305175781,2100
2012-07-05,119.6500015258789,119.8499984741211,115.44999694824219,115.44999694824219,4040
2012-07-06,115.25,116.5999984741211,115.25,115.94999694824219,3100
2012-07-09,118.0999984741211,118.55000305175781,117.5999984741211,118.19999694824219,2740
2012-07-10,117.25,118.1500015258789,114.9000015258789,116.05000305175781,2040
2012-07-11,115.6500015258789,118.5,114.19999694824219,118.3499984741211,1800
2012-07-12,119.3499984741211,120.05000305175781,117.80000305175781,118.1500015258789,2840
2012-07-13,119.80000305175781,120.9000015258789,118.75,120.69999694824219,760
2012-07-16,123.30000305175781,123.4000015258789,121.5999984741211,121.80000305175781,3500
2012-07-17,123.19999694824219,124.0,121.30000305175781,122.80000305175781,2320
2012-07-18,124.44999694824219,124.44999694824219,121.69999694824219,122.0,820
2012-07-19,123.3499984741211,126.25,122.1500015258789,125.5999984741211,3400
2012-07-20,124.19999694824219,125.1500015258789,123.9000015258789,124.4000015258789,2260
2012-07-23,121.9000015258789,124.19999694824219,121.9000015258789,122.94999694824219,1300
2012-07-24,118.69999694824219,119.75,116.5,119.6500015258789,6860
2012-07-25,123.0,123.05000305175781,121.5,122.55000305175781,1420
2012-07-26,120.0,122.25,120.0,122.25,1920
2012-07-27,123.0,124.0999984741211,122.1500015258789,122.69999694824219,2560
2012-07-30,124.30000305175781,125.1500015258789,124.30000305175781,124.94999694824219,1540
2012-07-31,122.0999984741211,124.5999984741211,121.4000015258789,124.5,1800
2012-08-01,122.9000015258789,129.6999969482422,119.9000015258789,120.30000305175781,7500
2012-08-02,119.6500015258789,121.0999984741211,119.19999694824219,120.55000305175781,5740
2012-08-03,123.75,124.5,121.55000305175781,121.55000305175781,4080
2012-08-06,124.1500015258789,124.1500015258789,122.0,122.55000305175781,1520
2012-08-07,124.0,124.0,122.5,124.0,640
2012-08-08,123.25,123.8499984741211,121.9000015258789,122.25,1260
2012-08-09,126.25,126.25,124.80000305175781,124.9000015258789,860
2012-08-10,124.30000305175781,125.19999694824219,122.69999694824219,124.1500015258789,4080
2012-08-13,120.30000305175781,122.0999984741211,117.75,122.0999984741211,980
2012-08-14,118.69999694824219,120.6500015258789,117.94999694824219,120.5,1200
2012-08-15,118.5,119.25,117.5,118.80000305175781,1120
2012-08-16,120.9000015258789,121.1500015258789,120.1500015258789,120.1500015258789,1340
2012-08-17,121.44999694824219,122.5,121.4000015258789,121.4000015258789,640
2012-08-20,123.94999694824219,123.94999694824219,121.5,121.5,320
2012-08-21,126.5,126.5,124.05000305175781,124.05000305175781,1700
2012-08-22,125.80000305175781,125.80000305175781,123.9000015258789,124.5,600
2012-08-23,122.30000305175781,125.25,122.25,125.0,740
2012-08-24,121.55000305175781,123.4000015258789,121.55000305175781,123.0,500
2012-08-27,120.8499984741211,122.0,120.8499984741211,121.44999694824219,1760
2012-08-28,121.8499984741211,121.8499984741211,120.25,120.44999694824219,620
2012-08-29,124.3499984741211,124.3499984741211,121.5999984741211,121.5999984741211,540
2012-08-30,124.94999694824219,124.94999694824219,123.19999694824219,123.55000305175781,1780
2012-08-31,122.94999694824219,122.94999694824219,121.30000305175781,122.75,2780
2012-09-04,122.69999694824219,122.69999694824219,121.80000305175781,122.5,120
2012-09-05,119.94999694824219,121.44999694824219,119.69999694824219,121.44999694824219,580
2012-09-06,122.5,122.55000305175781,120.75,120.75,460
2012-09-07,123.5999984741211,124.44999694824219,122.25,122.25,2120
2012-09-10,122.19999694824219,124.30000305175781,122.0999984741211,124.30000305175781,3920
2012-09-11,121.69999694824219,123.0,121.5,122.25,860
2012-09-12,122.5999984741211,122.5999984741211,120.5999984741211,121.25,1000
2012-09-13,123.75,126.8499984741211,122.55000305175781,124.4000015258789,3140
2012-09-14,126.75,126.9000015258789,125.3499984741211,125.44999694824219,4660
2012-09-17,121.69999694824219,124.5999984741211,121.25,124.5999984741211,6420
2012-09-18,119.25,122.0,119.25,121.3499984741211,2000
2012-09-19,120.8499984741211,120.94999694824219,120.5,120.94999694824219,580
2012-09-20,120.69999694824219,122.3499984741211,120.4000015258789,121.05000305175781,980
2012-09-21,123.5,123.5,122.0999984741211,122.44999694824219,3500
2012-09-24,123.05000305175781,123.05000305175781,121.05000305175781,122.05000305175781,2720
2012-09-25,121.6500015258789,122.44999694824219,121.0,122.4000015258789,460
2012-09-26,119.5999984741211,120.8499984741211,119.0999984741211,120.80000305175781,3020
2012-09-27,117.4000015258789,119.30000305175781,117.0999984741211,119.05000305175781,2180
2012-09-28,122.4000015258789,123.05000305175781,120.0999984741211,120.19999694824219,2500
2012-10-01,119.9000015258789,122.1500015258789,119.9000015258789,121.94999694824219,2320
2012-10-02,120.0999984741211,120.0999984741211,119.0,119.5,320
2012-10-03,119.3499984741211,119.5999984741211,118.5,118.69999694824219,1140
2012-10-04,119.3499984741211,120.55000305175781,119.3499984741211,120.55000305175781,260
2012-10-05,118.3499984741211,118.55000305175781,118.3499984741211,118.55000305175781,120
2012-10-08,118.25,119.0,118.25,118.44999694824219,220
2012-10-09,119.05000305175781,119.44999694824219,119.05000305175781,119.05000305175781,520
2012-10-10,119.05000305175781,119.9000015258789,118.80000305175781,119.0,180
2012-10-11,121.30000305175781,121.80000305175781,120.0,120.25,560
2012-10-12,118.1500015258789,120.19999694824219,117.6500015258789,120.1500015258789,1380
2012-10-15,116.25,117.6500015258789,116.25,117.6500015258789,760
2012-10-16,116.75,117.5999984741211,116.19999694824219,117.3499984741211,980
2012-10-17,117.69999694824219,117.69999694824219,116.94999694824219,116.94999694824219,280
2012-10-18,118.69999694824219,123.19999694824219,118.44999694824219,118.5999984741211,1060
2012-10-19,120.0,120.0999984741211,119.75,119.75,440
2012-10-22,120.25,129.39999389648438,120.0,120.4000015258789,9700
2012-10-23,119.25,119.8499984741211,118.5,119.1500015258789,860
2012-10-24,121.05000305175781,122.25,120.0,120.0,4100
2012-10-25,120.8499984741211,121.5,120.25,120.75,360
2012-10-26,119.6500015258789,119.75,119.6500015258789,119.75,300
2012-10-31,119.9000015258789,120.0999984741211,117.25,119.55000305175781,3540
2012-11-01,120.1500015258789,121.0999984741211,119.6500015258789,120.4000015258789,840
2012-11-02,121.1500015258789,121.1500015258789,119.75,120.0,2980
2012-11-05,120.55000305175781,120.69999694824219,119.69999694824219,120.5999984741211,2220
2012-11-06,120.6500015258789,122.25,120.6500015258789,121.0,1400
2012-11-07,124.30000305175781,125.44999694824219,121.05000305175781,121.9000015258789,5340
2012-11-08,124.30000305175781,124.3499984741211,122.5,122.5,1220
2012-11-09,122.25,124.05000305175781,122.1500015258789,122.8499984741211,4260
2012-11-12,118.44999694824219,121.19999694824219,118.30000305175781,121.1500015258789,2180
2012-11-13,117.5,117.9000015258789,117.0,117.0,1100
2012-11-14,117.55000305175781,118.1500015258789,117.30000305175781,118.1500015258789,280
2012-11-15,116.80000305175781,117.9000015258789,116.80000305175781,117.8499984741211,160
2012-11-16,115.55000305175781,116.94999694824219,115.0,116.94999694824219,2200
2012-11-19,116.30000305175781,117.0,116.30000305175781,116.5,1160
2012-11-20,117.0,117.19999694824219,115.6500015258789,116.30000305175781,3100
2012-11-21,116.25,117.0,116.25,116.80000305175781,860
2012-11-23,116.25,116.25,116.25,116.25,0
2012-11-26,117.30000305175781,117.55000305175781,117.0,117.5,3760
2012-11-27,120.44999694824219,120.44999694824219,118.25,118.25,3320
2012-11-28,120.55000305175781,121.1500015258789,119.4000015258789,120.4000015258789,1920
2012-11-29,120.05000305175781,120.8499984741211,119.8499984741211,120.6500015258789,2040
2012-11-30,117.80000305175781,119.80000305175781,117.69999694824219,119.44999694824219,1320
2012-12-03,117.3499984741211,119.1500015258789,117.3499984741211,119.1500015258789,1060
2012-12-04,117.0,117.0,116.75,116.75,80
2012-12-05,117.44999694824219,117.8499984741211,116.80000305175781,116.8499984741211,600
2012-12-06,117.80000305175781,117.80000305175781,116.75,117.25,2500
2012-12-07,117.30000305175781,117.6500015258789,116.69999694824219,117.19999694824219,660
2012-12-10,116.25,116.69999694824219,115.8499984741211,116.69999694824219,1920
2012-12-11,112.69999694824219,114.94999694824219,112.44999694824219,114.5,3100
2012-12-12,111.9000015258789,113.30000305175781,111.75,113.0,2440
2012-12-13,111.44999694824219,112.30000305175781,110.30000305175781,112.30000305175781,3160
2012-12-14,112.19999694824219,112.19999694824219,111.75,111.75,300
2012-12-17,111.0,111.9000015258789,110.8499984741211,111.9000015258789,1180
2012-12-18,111.25,111.25,110.0999984741211,110.3499984741211,3180
2012-12-19,110.44999694824219,112.25,109.8499984741211,111.9000015258789,1700
2012-12-20,108.25,108.55000305175781,107.55000305175781,107.80000305175781,1240
2012-12-21,108.6500015258789,109.1500015258789,108.25,108.69999694824219,2860
2012-12-24,108.3499984741211,108.55000305175781,108.25,108.55000305175781,1800
2012-12-26,105.9000015258789,114.25,103.30000305175781,103.30000305175781,940
2012-12-27,106.1500015258789,106.1500015258789,105.19999694824219,106.1500015258789,4040
2012-12-28,106.69999694824219,106.9000015258789,105.0999984741211,106.9000015258789,2620
2012-12-31,106.5999984741211,106.5999984741211,105.5,105.5999984741211,5420
2013-01-02,103.1500015258789,112.5,103.0,111.94999694824219,7500
2013-01-03,103.25,103.9000015258789,102.9000015258789,102.9000015258789,2160
2013-01-04,102.0999984741211,103.0999984741211,101.30000305175781,103.0999984741211,2140
2013-01-07,102.75,102.8499984741211,101.94999694824219,102.5999984741211,2540
2013-01-08,102.6500015258789,103.5999984741211,102.5,102.94999694824219,3920
2013-01-09,102.1500015258789,103.80000305175781,101.69999694824219,102.9000015258789,3740
2013-01-10,101.6500015258789,102.55000305175781,101.5,102.25,3600
2013-01-11,102.94999694824219,104.05000305175781,100.75,101.69999694824219,3840
2013-01-14,104.19999694824219,104.80000305175781,103.80000305175781,104.4000015258789,3060
2013-01-15,106.4000015258789,106.9000015258789,104.5,104.55000305175781,5000
2013-01-16,107.44999694824219,110.0,105.5,106.9000015258789,6620
2013-01-17,106.5999984741211,106.6500015258789,105.5999984741211,105.9000015258789,3720
2013-01-18,107.25,109.69999694824219,105.75,106.05000305175781,4040
2013-01-22,105.9000015258789,108.1500015258789,105.55000305175781,107.94999694824219,5800
2013-01-23,105.44999694824219,106.19999694824219,104.94999694824219,105.55000305175781,2160
2013-01-24,104.05000305175781,104.8499984741211,103.69999694824219,104.3499984741211,3820
2013-01-25,105.0999984741211,105.30000305175781,104.4000015258789,104.4000015258789,1800
2013-01-28,105.25,105.55000305175781,104.55000305175781,105.0,3680
2013-01-29,105.3499984741211,105.94999694824219,105.3499984741211,105.6500015258789,940
2013-01-30,107.44999694824219,107.44999694824219,105.5999984741211,105.75,2520
2013-01-31,105.94999694824219,105.94999694824219,105.0,105.9000015258789,2820
2013-02-01,103.6500015258789,106.55000305175781,103.55000305175781,106.05000305175781,3700
2013-02-04,103.25,104.30000305175781,103.25,104.25,2120
2013-02-05,102.9000015258789,103.0999984741211,102.0,103.0,2600
2013-02-06,102.55000305175781,103.05000305175781,101.19999694824219,101.9000015258789,2800
2013-02-07,101.44999694824219,102.3499984741211,101.44999694824219,102.3499984741211,1760
2013-02-08,102.0,103.0,101.25,101.69999694824219,3980
2013-02-11,99.8499984741211,101.44999694824219,99.8499984741211,101.25,2400
2013-02-12,98.6500015258789,99.8499984741211,98.30000305175781,99.6500015258789,5840
2013-02-13,99.6500015258789,99.75,98.0999984741211,98.30000305175781,12460
2013-02-14,99.4000015258789,99.9000015258789,98.25,99.19999694824219,4340
2013-02-15,100.19999694824219,100.4000015258789,99.0,99.8499984741211,5820
2013-02-19,98.30000305175781,100.25,97.8499984741211,100.25,9000
2013-02-20,99.4000015258789,99.5999984741211,98.05000305175781,98.94999694824219,12320
2013-02-21,96.6500015258789,98.75,96.5999984741211,98.75,9480
2013-02-22,96.19999694824219,97.5999984741211,96.0999984741211,97.19999694824219,2220
2013-02-25,94.30000305175781,95.9000015258789,94.19999694824219,95.5,3740
2013-02-26,95.0,95.1500015258789,94.1500015258789,94.25,1560
2013-02-27,94.80000305175781,96.30000305175781,94.75,96.19999694824219,680
2013-02-28,95.5999984741211,96.25,95.0999984741211,95.80000305175781,4480
2013-03-01,95.8499984741211,96.5,94.25,95.0,1920
2013-03-04,93.9000015258789,95.4000015258789,92.94999694824219,95.1500015258789,3900
2013-03-05,94.19999694824219,94.4000015258789,93.44999694824219,93.9000015258789,2720
2013-03-06,91.44999694824219,93.69999694824219,91.30000305175781,93.25,6600
2013-03-07,92.5,92.5,91.5999984741211,91.94999694824219,2620
2013-03-08,92.44999694824219,94.1500015258789,92.1500015258789,92.4000015258789,3240
2013-03-11,93.5999984741211,94.1500015258789,92.3499984741211,92.69999694824219,3760
2013-03-12,93.5,94.1500015258789,92.6500015258789,93.0,7560
2013-03-13,94.0,94.4000015258789,93.3499984741211,93.5,2320
2013-03-14,96.0,96.05000305175781,94.30000305175781,94.30000305175781,3880
2013-03-15,95.75,95.94999694824219,94.69999694824219,95.3499984741211,1340
2013-03-18,95.05000305175781,95.94999694824219,93.9000015258789,95.94999694824219,2020
2013-03-19,95.5,95.9000015258789,94.44999694824219,95.0,1140
2013-03-20,96.9000015258789,98.55000305175781,96.1500015258789,96.55000305175781,4640
2013-03-21,96.5999984741211,97.05000305175781,95.9000015258789,97.0,2400
2013-03-22,96.0,96.75,93.55000305175781,96.75,3620
2013-03-25,96.0999984741211,96.5,94.69999694824219,94.69999694824219,840
2013-03-26,97.0999984741211,97.0999984741211,96.5999984741211,97.0999984741211,1460
2013-03-27,97.1500015258789,98.1500015258789,97.1500015258789,97.6500015258789,2280
2013-03-28,92.0,97.3499984741211,91.5,97.3499984741211,8600
2013-04-01,89.55000305175781,92.44999694824219,88.75,92.44999694824219,8460
2013-04-02,90.55000305175781,90.9000015258789,89.55000305175781,90.6500015258789,3400
2013-04-03,93.1500015258789,93.30000305175781,91.1500015258789,91.5999984741211,4280
2013-04-04,93.0,93.1500015258789,92.0999984741211,92.5,1160
2013-04-05,93.75,93.75,92.44999694824219,93.25,860
2013-04-08,94.8499984741211,94.94999694824219,92.6500015258789,92.6500015258789,4340
2013-04-09,94.75,94.75,93.75,94.5,2100
2013-04-10,93.80000305175781,95.3499984741211,92.75,94.05000305175781,2500
2013-04-11,93.69999694824219,95.3499984741211,93.6500015258789,95.3499984741211,1040
2013-04-12,94.55000305175781,95.3499984741211,89.25,91.55000305175781,3320
2013-04-15,91.94999694824219,95.25,91.8499984741211,95.25,2520
2013-04-16,93.75,93.75,92.75,93.75,880
2013-04-17,93.05000305175781,93.69999694824219,92.8499984741211,92.8499984741211,280
2013-04-18,94.19999694824219,95.0,93.30000305175781,95.0,360
2013-04-19,94.69999694824219,95.5,93.0,95.5,880
2013-04-22,93.0999984741211,95.0999984741211,91.69999694824219,95.0999984741211,3420
2013-04-23,92.3499984741211,93.0999984741211,91.80000305175781,93.0999984741211,360
2013-04-24,91.5999984741211,91.94999694824219,90.8499984741211,91.55000305175781,1140
2013-04-25,92.80000305175781,93.55000305175781,91.25,91.25,700
2013-04-26,91.19999694824219,93.69999694824219,91.0,93.5,520
2013-04-29,95.69999694824219,95.69999694824219,90.80000305175781,92.19999694824219,4640
2013-04-30,97.3499984741211,97.5,93.94999694824219,95.0,5500
2013-05-01,95.75,97.5,94.55000305175781,97.5,4200
2013-05-02,96.25,96.69999694824219,95.69999694824219,96.69999694824219,1240
2013-05-03,95.6500015258789,97.0,95.30000305175781,97.0,1760
2013-05-06,93.25,95.0,92.80000305175781,95.0,2780
2013-05-07,94.1500015258789,94.19999694824219,92.9000015258789,93.30000305175781,3080
2013-05-08,93.75,93.94999694824219,93.0,93.55000305175781,940
2013-05-09,95.8499984741211,96.69999694824219,94.19999694824219,94.19999694824219,5940
2013-05-10,93.8499984741211,95.9000015258789,92.0,95.9000015258789,5880
2013-05-13,94.4000015258789,95.3499984741211,93.75,95.3499984741211,2240
2013-05-14,96.19999694824219,96.19999694824219,93.44999694824219,93.80000305175781,1560
2013-05-15,92.3499984741211,96.30000305175781,92.3499984741211,96.30000305175781,3480
2013-05-16,91.75,92.30000305175781,91.25,92.0999984741211,1780
2013-05-17,91.0,91.5999984741211,90.0999984741211,91.5999984741211,2240
2013-05-20,91.55000305175781,91.55000305175781,88.75,91.0,4820
2013-05-21,90.3499984741211,90.44999694824219,89.30000305175781,90.44999694824219,4700
2013-05-22,91.6500015258789,92.0999984741211,90.44999694824219,91.8499984741211,6320
2013-05-23,93.19999694824219,93.19999694824219,91.4000015258789,92.44999694824219,600
2013-05-24,91.69999694824219,92.69999694824219,91.5999984741211,92.69999694824219,6280
2013-05-28,92.4000015258789,93.0,91.25,92.69999694824219,2040
2013-05-29,93.80000305175781,93.80000305175781,91.80000305175781,93.44999694824219,3680
2013-05-30,92.69999694824219,93.25,91.3499984741211,92.19999694824219,3860
2013-05-31,94.25,94.4000015258789,92.1500015258789,93.69999694824219,6860
2013-06-03,95.19999694824219,95.19999694824219,92.05000305175781,95.0,5180
2013-06-04,94.94999694824219,95.5,93.5,95.5,12780
2013-06-05,93.0999984741211,93.9000015258789,92.80000305175781,93.69999694824219,5580
2013-06-06,93.4000015258789,94.55000305175781,92.1500015258789,94.55000305175781,7060
2013-06-07,93.19999694824219,93.69999694824219,92.19999694824219,93.5,8980
2013-06-10,91.75,92.6500015258789,90.6500015258789,91.94999694824219,8840
2013-06-11,92.25,92.94999694824219,91.5999984741211,92.94999694824219,2500
2013-06-12,90.69999694824219,92.3499984741211,90.0999984741211,91.5,1860
2013-06-13,89.94999694824219,90.69999694824219,89.5,90.69999694824219,2800
2013-06-14,90.3499984741211,90.5,89.5,90.44999694824219,1600
2013-06-17,90.55000305175781,90.5999984741211,88.94999694824219,90.44999694824219,800
2013-06-18,91.25,91.4000015258789,90.1500015258789,90.6500015258789,6860
2013-06-19,93.25,93.75,91.30000305175781,92.05000305175781,3700
2013-06-20,92.0999984741211,93.69999694824219,91.6500015258789,93.6500015258789,3060
2013-06-21,91.55000305175781,92.4000015258789,91.5,91.94999694824219,1740
2013-06-24,90.0,90.55000305175781,87.5999984741211,90.55000305175781,7020
2013-06-25,89.44999694824219,90.0999984741211,89.0,89.1500015258789,820
2013-06-26,88.3499984741211,90.0,88.25,90.0,1720
2013-06-27,88.30000305175781,88.3499984741211,87.5,88.25,1220
2013-06-28,85.25,88.30000305175781,85.19999694824219,88.30000305175781,4140
2013-07-01,85.5999984741211,88.1500015258789,85.5,86.25,1340
2013-07-02,85.8499984741211,86.5,85.44999694824219,86.0,1420
2013-07-03,86.69999694824219,87.25,86.55000305175781,86.9000015258789,1460
2013-07-05,85.25,91.25,85.25,86.6500015258789,1460
2013-07-08,85.44999694824219,86.5999984741211,85.44999694824219,86.5999984741211,560
2013-07-09,87.8499984741211,87.9000015258789,86.80000305175781,86.80000305175781,1360
2013-07-10,88.19999694824219,88.3499984741211,87.0999984741211,87.5,1580
2013-07-11,88.69999694824219,88.69999694824219,87.75,88.0,880
2013-07-12,88.30000305175781,89.69999694824219,88.05000305175781,89.69999694824219,820
2013-07-15,86.25,88.0,86.19999694824219,88.0,2520
2013-07-16,86.75,90.25,86.75,87.9000015258789,660
2013-07-17,86.9000015258789,87.0999984741211,86.9000015258789,87.0999984741211,160
2013-07-18,85.30000305175781,86.30000305175781,85.30000305175781,86.0,1640
2013-07-19,85.9000015258789,86.25,85.25,86.0,1420
2013-07-22,85.69999694824219,85.94999694824219,84.94999694824219,85.25,2440
2013-07-23,85.0999984741211,85.44999694824219,83.94999694824219,85.44999694824219,2580
2013-07-24,84.94999694824219,85.0,84.55000305175781,84.55000305175781,520
2013-07-25,83.5999984741211,84.3499984741211,83.5999984741211,84.3499984741211,620
2013-07-26,83.80000305175781,84.5999984741211,83.55000305175781,84.0,2140
2013-07-29,84.3499984741211,84.94999694824219,83.55000305175781,83.5999984741211,740
2013-07-30,84.1500015258789,85.0,83.8499984741211,84.0999984741211,1060
2013-07-31,85.5,85.5,84.69999694824219,84.8499984741211,1480
2013-08-01,84.94999694824219,85.19999694824219,83.69999694824219,85.19999694824219,2440
2013-08-02,85.4000015258789,85.4000015258789,84.19999694824219,84.19999694824219,1100
2013-08-05,82.8499984741211,85.75,82.5999984741211,85.75,1620
2013-08-06,83.25,84.19999694824219,82.55000305175781,84.19999694824219,1240
2013-08-07,82.75,83.30000305175781,82.55000305175781,83.30000305175781,2280
2013-08-08,82.80000305175781,82.94999694824219,82.5999984741211,82.5999984741211,160
2013-08-09,81.69999694824219,82.25,81.69999694824219,82.25,680
2013-08-12,82.5,83.69999694824219,81.80000305175781,82.19999694824219,1060
2013-08-13,81.69999694824219,82.5,81.6500015258789,82.3499984741211,1060
2013-08-14,81.44999694824219,81.69999694824219,81.05000305175781,81.6500015258789,1480
2013-08-15,82.5,82.94999694824219,81.25,81.25,3280
2013-08-16,81.94999694824219,81.94999694824219,81.1500015258789,81.75,640
2013-08-19,83.4000015258789,83.4000015258789,82.05000305175781,82.44999694824219,4760
2013-08-20,82.30000305175781,83.25,82.0,82.5,740
2013-08-21,82.4000015258789,83.5,81.6500015258789,83.05000305175781,1420
2013-08-22,81.4000015258789,82.1500015258789,81.4000015258789,82.1500015258789,4240
2013-08-23,81.69999694824219,82.25,81.69999694824219,81.75,660
2013-08-26,84.4000015258789,85.44999694824219,83.0,83.0,6620
2013-08-27,83.9000015258789,84.80000305175781,83.80000305175781,84.80000305175781,1160
2013-08-28,83.44999694824219,84.0999984741211,83.44999694824219,83.5,1360
2013-08-29,82.69999694824219,83.30000305175781,82.5,83.30000305175781,220
2013-08-30,82.8499984741211,83.1500015258789,82.25,82.5999984741211,280
2013-09-03,81.5999984741211,82.05000305175781,81.25,82.05000305175781,1900
2013-09-04,81.30000305175781,82.55000305175781,81.0,82.55000305175781,2020
2013-09-05,81.1500015258789,81.1500015258789,80.5,80.94999694824219,900
2013-09-06,81.30000305175781,82.5,81.0999984741211,81.25,920
2013-09-09,81.5,81.55000305175781,80.69999694824219,81.55000305175781,580
2013-09-10,81.6500015258789,82.5,80.6500015258789,82.5,3060
2013-09-11,80.9000015258789,81.44999694824219,80.55000305175781,81.44999694824219,1920
2013-09-12,82.05000305175781,82.30000305175781,80.0999984741211,81.5999984741211,2880
2013-09-13,80.5,81.30000305175781,80.5,81.19999694824219,840
2013-09-16,81.8499984741211,81.9000015258789,80.44999694824219,81.9000015258789,420
2013-09-17,80.6500015258789,80.8499984741211,80.1500015258789,80.1500015258789,320
2013-09-18,81.8499984741211,81.8499984741211,80.25,80.5,480
2013-09-19,82.0,82.69999694824219,80.75,81.9000015258789,3180
2013-09-20,80.94999694824219,81.44999694824219,80.1500015258789,81.44999694824219,1720
2013-09-23,81.9000015258789,81.94999694824219,80.55000305175781,81.25,360
2013-09-24,82.0,82.44999694824219,81.0999984741211,81.5999984741211,2520
2013-09-25,83.5,83.75,83.05000305175781,83.19999694824219,1440
2013-09-26,84.19999694824219,84.5999984741211,83.0,83.94999694824219,4500
2013-09-27,84.3499984741211,84.6500015258789,83.5999984741211,84.5,940
2013-09-30,83.19999694824219,85.0,82.05000305175781,85.0,5440
2013-10-01,84.05000305175781,84.0999984741211,83.5,83.80000305175781,660
2013-10-02,84.6500015258789,84.6500015258789,84.05000305175781,84.05000305175781,500
2013-10-03,84.69999694824219,86.30000305175781,83.30000305175781,85.25,6940
2013-10-04,85.25,85.55000305175781,85.05000305175781,85.30000305175781,1400
2013-10-07,86.25,86.25,85.4000015258789,86.25,3720
2013-10-08,85.80000305175781,86.5,85.6500015258789,86.5,2320
2013-10-09,85.75,86.19999694824219,85.3499984741211,86.19999694824219,540
2013-10-10,85.3499984741211,85.8499984741211,85.25,85.80000305175781,1640
2013-10-11,85.55000305175781,85.80000305175781,84.19999694824219,85.44999694824219,1560
2013-10-14,85.80000305175781,85.8499984741211,84.1500015258789,85.55000305175781,1120
2013-10-15,85.0,85.44999694824219,84.6500015258789,85.3499984741211,760
2013-10-16,83.5,84.80000305175781,81.5,84.80000305175781,3080
2013-10-17,84.75,85.5,84.44999694824219,84.9000015258789,4580
2013-10-18,86.8499984741211,87.1500015258789,83.1500015258789,85.8499984741211,3360
2013-10-21,86.5,87.5,85.5,87.5,6980
2013-10-22,86.5,86.94999694824219,85.8499984741211,85.8499984741211,2020
2013-10-23,88.4000015258789,88.44999694824219,84.1500015258789,84.1500015258789,2900
2013-10-24,86.5999984741211,87.1500015258789,86.0999984741211,86.3499984741211,2580
2013-10-25,85.75,86.4000015258789,85.44999694824219,86.05000305175781,3200
2013-10-28,84.55000305175781,87.9000015258789,84.55000305175781,87.9000015258789,3100
2013-10-29,85.0,85.0,84.3499984741211,84.3499984741211,240
2013-10-30,84.30000305175781,85.0,83.5999984741211,85.0,1300
2013-10-31,83.25,84.44999694824219,83.1500015258789,84.44999694824219,2440
2013-11-01,83.0,83.55000305175781,82.0,82.5,6360
2013-11-04,82.75,82.8499984741211,82.55000305175781,82.5999984741211,440
2013-11-05,81.55000305175781,85.25,81.5,81.55000305175781,1120
2013-11-06,81.05000305175781,81.5,81.05000305175781,81.5,980
2013-11-07,81.19999694824219,81.80000305175781,80.80000305175781,81.0,1600
2013-11-08,80.9000015258789,84.80000305175781,80.75,81.44999694824219,3000
2013-11-11,80.9000015258789,83.6500015258789,80.9000015258789,81.30000305175781,800
2013-11-12,80.0999984741211,81.44999694824219,80.0999984741211,80.5,1560
2013-11-13,80.5,80.6500015258789,79.80000305175781,80.1500015258789,1780
2013-11-14,80.0999984741211,82.4000015258789,80.0,81.0,1000
2013-11-15,79.5,80.75,79.5,80.75,1380
2013-11-18,79.4000015258789,80.0,79.4000015258789,80.0,1280
2013-11-19,81.94999694824219,82.3499984741211,79.5,80.0,500
2013-11-20,80.0,82.0,79.44999694824219,82.0,1140
2013-11-21,79.8499984741211,81.94999694824219,79.55000305175781,81.94999694824219,940
2013-11-22,80.0999984741211,80.44999694824219,79.8499984741211,80.19999694824219,1080
2013-11-25,80.25,80.75,80.0999984741211,80.75,1360
2013-11-26,79.75,80.1500015258789,79.5,80.1500015258789,960
2013-11-27,79.75,79.80000305175781,79.5,79.5,200
2013-11-29,80.3499984741211,81.0,80.3499984741211,81.0,440
2013-12-02,80.44999694824219,81.5,79.75,79.75,1020
2013-12-03,79.94999694824219,80.25,79.75,80.25,220
2013-12-04,80.6500015258789,81.19999694824219,80.3499984741211,80.8499984741211,520
2013-12-05,79.55000305175781,80.30000305175781,79.0999984741211,80.30000305175781,1560
2013-12-06,79.30000305175781,79.5,79.0,79.5,1840
2013-12-09,79.5,79.80000305175781,79.0999984741211,79.55000305175781,2940
2013-12-10,77.69999694824219,79.0999984741211,77.69999694824219,79.0999984741211,1500
2013-12-11,78.25,78.30000305175781,77.55000305175781,77.55000305175781,740
2013-12-12,77.5999984741211,78.3499984741211,77.0999984741211,78.3499984741211,2160
2013-12-13,77.30000305175781,77.44999694824219,76.80000305175781,77.0,240
2013-12-16,76.0,77.69999694824219,76.0,77.69999694824219,900
2013-12-17,75.75,77.5,75.75,77.5,460
2013-12-18,75.0999984741211,75.44999694824219,74.94999694824219,75.4000015258789,1140
2013-12-19,74.9000015258789,75.75,74.8499984741211,74.9000015258789,980
2013-12-20,75.30000305175781,75.55000305175781,74.6500015258789,75.0999984741211,1180
2013-12-23,75.5999984741211,77.4000015258789,74.5,77.4000015258789,3060
2013-12-24,74.3499984741211,75.0,74.1500015258789,75.0,1540
2013-12-26,74.5,74.5,73.80000305175781,74.1500015258789,1180
2013-12-27,74.5,74.80000305175781,74.0,74.3499984741211,460
2013-12-30,73.5,75.05000305175781,73.4000015258789,75.05000305175781,1960
2013-12-31,73.75,74.1500015258789,73.5999984741211,73.75,780
2014-01-02,73.44999694824219,74.4000015258789,73.0,74.1500015258789,1080
2014-01-03,73.75,74.19999694824219,72.94999694824219,73.0,1660
2014-01-06,74.4000015258789,74.94999694824219,74.0,74.5,1580
2014-01-07,73.80000305175781,74.9000015258789,73.75,74.0,2120
2014-01-08,72.5,74.94999694824219,72.5,74.94999694824219,2680
2014-01-09,73.0,73.0,71.0,72.5,4420
2014-01-10,70.5,72.9000015258789,69.94999694824219,71.30000305175781,3760
2014-01-13,70.5999984741211,72.5999984741211,70.5,71.0,2040
2014-01-14,71.94999694824219,72.55000305175781,70.3499984741211,70.5,3400
2014-01-15,70.80000305175781,72.19999694824219,70.69999694824219,71.25,1500
2014-01-16,71.0999984741211,71.3499984741211,70.0,70.25,1560
2014-01-17,69.5,71.6500015258789,69.5,70.80000305175781,4900
2014-01-21,69.6500015258789,71.94999694824219,69.0,69.19999694824219,1680
2014-01-22,69.55000305175781,69.80000305175781,69.05000305175781,69.75,400
2014-01-23,70.5,73.4000015258789,70.0999984741211,73.4000015258789,5260
2014-01-24,69.8499984741211,70.1500015258789,69.0,70.1500015258789,9680
2014-01-27,69.25,70.94999694824219,68.1500015258789,70.94999694824219,6440
2014-01-28,68.69999694824219,70.05000305175781,68.5,70.05000305175781,1300
2014-01-29,67.0,68.19999694824219,67.0,68.0999984741211,2420
2014-01-30,67.0999984741211,67.55000305175781,67.0,67.25,2160
2014-01-31,67.5,67.94999694824219,66.55000305175781,66.69999694824219,1760
2014-02-03,67.69999694824219,68.69999694824219,67.5,67.69999694824219,5220
2014-02-04,71.30000305175781,71.3499984741211,68.75,69.8499984741211,4340
2014-02-05,72.0,72.0,70.0,70.8499984741211,4260
2014-02-06,70.05000305175781,72.5,70.0,71.5,3840
2014-02-07,70.5999984741211,71.3499984741211,69.5,70.05000305175781,1660
2014-02-10,71.69999694824219,72.4000015258789,70.0,70.69999694824219,8280
2014-02-11,70.5999984741211,72.30000305175781,70.0999984741211,72.30000305175781,5440
2014-02-12,70.80000305175781,71.5999984741211,70.0999984741211,70.75,3680
2014-02-13,71.69999694824219,71.75,70.94999694824219,71.25,2960
2014-02-14,72.0,72.44999694824219,71.69999694824219,71.69999694824219,3480
2014-02-18,74.30000305175781,74.4000015258789,71.80000305175781,72.69999694824219,11220
2014-02-19,74.5,74.94999694824219,73.3499984741211,74.94999694824219,11060
2014-02-20,74.0,76.0,73.05000305175781,75.25,5940
2014-02-21,73.5,75.25,73.0999984741211,75.25,3580
2014-02-24,74.25,74.4000015258789,72.4000015258789,73.25,5980
2014-02-25,75.25,75.25,73.0,74.94999694824219,10120
2014-02-26,73.0999984741211,75.25,72.75,75.25,5720
2014-02-27,71.0,73.8499984741211,70.25,73.8499984741211,17540
2014-02-28,72.44999694824219,72.5,70.8499984741211,71.80000305175781,4540
2014-03-03,77.05000305175781,78.75,74.0,74.3499984741211,46020
2014-03-04,76.69999694824219,76.69999694824219,74.0,75.0999984741211,12980
2014-03-05,76.69999694824219,77.0999984741211,75.05000305175781,77.0999984741211,4460
2014-03-06,77.9000015258789,77.94999694824219,76.0999984741211,76.30000305175781,15840
2014-03-07,78.69999694824219,79.9000015258789,77.9000015258789,79.9000015258789,10980
2014-03-10,76.30000305175781,78.44999694824219,76.05000305175781,78.0999984741211,12160
2014-03-11,79.05000305175781,79.6500015258789,76.05000305175781,76.05000305175781,10340
2014-03-12,81.9000015258789,82.0,78.55000305175781,78.55000305175781,25920
2014-03-13,79.94999694824219,82.94999694824219,79.8499984741211,82.0999984741211,21700
2014-03-14,81.6500015258789,82.5,80.05000305175781,80.05000305175781,31180
2014-03-17,80.69999694824219,81.55000305175781,80.0,80.94999694824219,17180
2014-03-18,82.6500015258789,82.6500015258789,80.69999694824219,80.75,18700
2014-03-19,84.55000305175781,85.25,81.9000015258789,81.9000015258789,27140
2014-03-20,83.69999694824219,85.6500015258789,82.44999694824219,84.5999984741211,14460
2014-03-21,81.69999694824219,83.44999694824219,81.69999694824219,82.8499984741211,17180
2014-03-24,84.30000305175781,85.0,81.69999694824219,81.75,8280
2014-03-25,83.9000015258789,84.8499984741211,83.5,83.69999694824219,5880
2014-03-26,82.8499984741211,83.9000015258789,82.69999694824219,83.5999984741211,8840
2014-03-27,84.4000015258789,84.9000015258789,82.19999694824219,82.75,7340
2014-03-28,82.3499984741211,84.9000015258789,82.25,84.9000015258789,20280
2014-03-31,82.6500015258789,83.1500015258789,80.0999984741211,80.94999694824219,14300
2014-04-01,81.75,82.55000305175781,81.25,82.44999694824219,4840
2014-04-02,79.5,80.75,79.19999694824219,80.4000015258789,15380
2014-04-03,80.4000015258789,80.75,79.9000015258789,80.30000305175781,3560
2014-04-04,80.25,80.4000015258789,78.75,80.0,8560
2014-04-07,81.0,81.05000305175781,79.94999694824219,81.0,4280
2014-04-08,82.3499984741211,82.75,80.3499984741211,81.19999694824219,9400
2014-04-09,79.5,82.30000305175781,79.5,82.30000305175781,28880
2014-04-10,79.5999984741211,80.75,78.75,79.30000305175781,3460
2014-04-11,79.19999694824219,79.9000015258789,78.55000305175781,78.5999984741211,3220
2014-04-14,81.0999984741211,83.0,79.80000305175781,79.8499984741211,19840
2014-04-15,83.9000015258789,84.0999984741211,80.9000015258789,82.25,13360
2014-04-16,82.0,85.05000305175781,81.8499984741211,84.25,33280
2014-04-17,82.30000305175781,83.19999694824219,82.30000305175781,82.75,5920
2014-04-21,80.05000305175781,81.6500015258789,79.19999694824219,81.6500015258789,5440
2014-04-22,82.30000305175781,82.9000015258789,79.19999694824219,80.80000305175781,17600
2014-04-23,80.6500015258789,81.75,80.05000305175781,80.94999694824219,3280
2014-04-24,83.05000305175781,83.1500015258789,81.55000305175781,81.5999984741211,7000
2014-04-25,84.3499984741211,84.3499984741211,83.0,83.69999694824219,4940
2014-04-28,83.5999984741211,84.44999694824219,82.5,84.44999694824219,9000
2014-04-29,84.55000305175781,84.75,83.55000305175781,84.44999694824219,5840
2014-04-30,85.4000015258789,85.44999694824219,84.0999984741211,84.0999984741211,5560
2014-05-01,84.0,85.05000305175781,83.4000015258789,85.05000305175781,2340
2014-05-02,84.75,84.9000015258789,83.75,83.75,3080
2014-05-05,86.05000305175781,86.9000015258789,85.44999694824219,86.5,10340
2014-05-06,87.3499984741211,87.75,85.8499984741211,86.0,8220
2014-05-07,87.1500015258789,87.3499984741211,85.69999694824219,86.8499984741211,7400
2014-05-08,86.75,87.1500015258789,85.9000015258789,87.1500015258789,5140
2014-05-09,85.6500015258789,86.69999694824219,85.5,86.30000305175781,4800
2014-05-12,84.69999694824219,85.05000305175781,83.25,85.0,5300
2014-05-13,83.1500015258789,84.05000305175781,82.80000305175781,84.0,3260
2014-05-14,81.75,82.75,81.19999694824219,82.6500015258789,5200
2014-05-15,80.05000305175781,82.0,79.80000305175781,82.0,6080
2014-05-16,79.75,80.0,79.0999984741211,79.80000305175781,3840
2014-05-19,79.44999694824219,79.75,78.05000305175781,79.75,6340
2014-05-20,78.9000015258789,80.5,78.69999694824219,78.69999694824219,5860
2014-05-21,79.0,79.75,78.75,79.75,1500
2014-05-22,78.25,79.75,77.75,79.75,5700
2014-05-23,77.75,78.9000015258789,77.69999694824219,78.55000305175781,4040
2014-05-27,76.1500015258789,77.1500015258789,75.8499984741211,77.1500015258789,12780
2014-05-28,76.30000305175781,76.55000305175781,75.55000305175781,76.0,2840
2014-05-29,75.80000305175781,76.94999694824219,75.30000305175781,76.94999694824219,4380
2014-05-30,75.44999694824219,77.0,75.19999694824219,76.19999694824219,3160
2014-06-02,74.8499984741211,75.1500015258789,74.44999694824219,75.05000305175781,5440
2014-06-03,73.75,74.55000305175781,73.55000305175781,74.30000305175781,5180
2014-06-04,74.05000305175781,74.30000305175781,73.5,73.75,3160
2014-06-05,73.0999984741211,74.8499984741211,73.0,74.8499984741211,3680
2014-06-06,75.0,75.0,73.44999694824219,73.9000015258789,3560
2014-06-09,74.4000015258789,75.55000305175781,73.55000305175781,75.44999694824219,5600
2014-06-10,73.1500015258789,74.8499984741211,72.8499984741211,74.8499984741211,4840
2014-06-11,71.75,73.75,71.5999984741211,72.94999694824219,11220
2014-06-12,71.1500015258789,72.44999694824219,71.1500015258789,72.44999694824219,4860
2014-06-13,70.9000015258789,71.80000305175781,70.55000305175781,70.55000305175781,6840
2014-06-16,70.1500015258789,71.30000305175781,70.0999984741211,71.05000305175781,5980
2014-06-17,70.4000015258789,70.5999984741211,69.5999984741211,70.0999984741211,7820
2014-06-18,70.9000015258789,74.25,70.75,70.9000015258789,10220
2014-06-19,72.25,72.3499984741211,70.80000305175781,71.6500015258789,21100
2014-06-20,70.5999984741211,71.94999694824219,70.5,71.94999694824219,11220
2014-06-23,70.30000305175781,72.0,70.19999694824219,71.44999694824219,19120
2014-06-24,69.55000305175781,70.6500015258789,69.44999694824219,70.6500015258789,13560
2014-06-25,69.9000015258789,70.19999694824219,69.25,70.19999694824219,7060
2014-06-26,69.5999984741211,70.44999694824219,69.25,70.44999694824219,9120
2014-06-27,70.5999984741211,71.30000305175781,69.5999984741211,69.69999694824219,18260
2014-06-30,68.8499984741211,72.19999694824219,68.30000305175781,72.19999694824219,22600
2014-07-01,68.69999694824219,69.75,68.19999694824219,69.75,14980
2014-07-02,69.0999984741211,69.30000305175781,68.30000305175781,68.30000305175781,7620
2014-07-03,69.5999984741211,69.69999694824219,68.5999984741211,69.69999694824219,9940
2014-07-07,67.05000305175781,69.6500015258789,67.0,69.6500015258789,17860
2014-07-08,67.05000305175781,68.5,66.8499984741211,67.44999694824219,13260
2014-07-09,66.30000305175781,67.1500015258789,66.05000305175781,67.1500015258789,13780
2014-07-10,65.69999694824219,67.25,65.5,66.6500015258789,9080
2014-07-11,63.349998474121094,65.9000015258789,63.349998474121094,65.75,27700
2014-07-14,64.94999694824219,65.0,63.400001525878906,63.400001525878906,11120
2014-07-15,64.80000305175781,65.1500015258789,64.0,64.9000015258789,11900
2014-07-16,65.05000305175781,65.4000015258789,64.5999984741211,65.25,9220
2014-07-17,66.30000305175781,67.0999984741211,64.19999694824219,64.69999694824219,27740
2014-07-18,64.44999694824219,66.0999984741211,64.3499984741211,66.0999984741211,36980
2014-07-21,64.4000015258789,64.44999694824219,63.5,64.0999984741211,9700
2014-07-22,63.599998474121094,65.1500015258789,63.5,64.75,23180
2014-07-23,64.4000015258789,65.0,63.599998474121094,63.900001525878906,20180
2014-07-24,64.0,65.30000305175781,63.849998474121094,64.94999694824219,19940
2014-07-25,64.75,64.94999694824219,63.349998474121094,63.849998474121094,9440
2014-07-28,64.55000305175781,66.5,64.1500015258789,65.0,21520
2014-07-29,63.04999923706055,64.55000305175781,63.0,64.55000305175781,25780
2014-07-30,63.75,63.95000076293945,63.04999923706055,63.20000076293945,9780
2014-07-31,63.54999923706055,64.1500015258789,63.150001525878906,63.5,19580
2014-08-01,63.79999923706055,64.75,63.599998474121094,64.05000305175781,11320
2014-08-04,64.80000305175781,65.4000015258789,64.5,64.55000305175781,26640
2014-08-05,65.9000015258789,65.9000015258789,64.0,64.69999694824219,28540
2014-08-06,67.0999984741211,67.44999694824219,65.75,66.1500015258789,38360
2014-08-07,66.4000015258789,66.8499984741211,66.0999984741211,66.69999694824219,17880
2014-08-08,64.6500015258789,66.0,64.5,65.94999694824219,44000
2014-08-11,64.3499984741211,65.19999694824219,63.75,64.25,20380
2014-08-12,63.5,64.75,62.75,64.75,33860
2014-08-13,62.79999923706055,63.70000076293945,62.650001525878906,63.54999923706055,48200
2014-08-14,63.349998474121094,63.75,62.5,63.04999923706055,18560
2014-08-15,64.55000305175781,65.0999984741211,63.0,64.0,23860
2014-08-18,63.650001525878906,64.0,63.349998474121094,64.0,11200
2014-08-19,64.0,64.4000015258789,63.0,63.349998474121094,23760
2014-08-20,63.20000076293945,64.1500015258789,62.5,64.05000305175781,15140
2014-08-21,63.20000076293945,63.54999923706055,62.79999923706055,62.79999923706055,9800
2014-08-22,64.0,64.80000305175781,63.650001525878906,63.650001525878906,19400
2014-08-25,63.400001525878906,64.25,63.099998474121094,64.1500015258789,11520
2014-08-26,63.599998474121094,63.70000076293945,62.5,63.45000076293945,10300
2014-08-27,64.0999984741211,64.1500015258789,63.04999923706055,63.79999923706055,8920
2014-08-28,64.8499984741211,65.69999694824219,64.44999694824219,64.44999694824219,34880
2014-08-29,64.30000305175781,65.69999694824219,64.05000305175781,65.55000305175781,14120
2014-09-02,63.349998474121094,64.55000305175781,62.79999923706055,64.3499984741211,28780
2014-09-03,61.29999923706055,62.75,61.29999923706055,62.75,41800
2014-09-04,60.70000076293945,61.349998474121094,60.599998474121094,61.349998474121094,12200
2014-09-05,61.150001525878906,61.45000076293945,60.599998474121094,60.95000076293945,6480
2014-09-08,60.849998474121094,61.099998474121094,60.099998474121094,60.54999923706055,8180
2014-09-09,60.400001525878906,60.5,59.849998474121094,60.400001525878906,8000
2014-09-10,59.5,60.04999923706055,59.45000076293945,60.0,13620
2014-09-11,58.29999923706055,59.400001525878906,57.79999923706055,59.0,25960
2014-09-12,57.650001525878906,58.150001525878906,57.29999923706055,58.150001525878906,31580
2014-09-15,57.54999923706055,57.79999923706055,56.900001525878906,57.04999923706055,21040
2014-09-16,57.099998474121094,57.79999923706055,56.5,57.79999923706055,31380
2014-09-17,57.25,57.25,56.79999923706055,57.04999923706055,4340
2014-09-18,56.20000076293945,56.900001525878906,56.099998474121094,56.900001525878906,17360
2014-09-19,54.599998474121094,55.900001525878906,54.599998474121094,55.900001525878906,16800
2014-09-22,54.29999923706055,54.900001525878906,53.75,54.900001525878906,16600
2014-09-23,54.04999923706055,54.54999923706055,53.650001525878906,54.25,12220
2014-09-24,54.599998474121094,55.0,54.29999923706055,54.45000076293945,29700
2014-09-25,54.04999923706055,54.150001525878906,53.20000076293945,54.150001525878906,9360
2014-09-26,53.900001525878906,54.0,53.400001525878906,53.599998474121094,6000
2014-09-29,54.599998474121094,54.599998474121094,53.75,54.20000076293945,13540
2014-09-30,54.150001525878906,54.400001525878906,53.349998474121094,54.25,9980
2014-10-01,54.599998474121094,54.849998474121094,53.099998474121094,53.95000076293945,14880
2014-10-02,54.95000076293945,55.70000076293945,54.79999923706055,54.95000076293945,14160
2014-10-03,55.099998474121094,55.5,54.0,54.75,6920
2014-10-06,55.79999923706055,55.900001525878906,55.25,55.650001525878906,13040
2014-10-07,57.25,57.349998474121094,55.5,55.79999923706055,28100
2014-10-08,57.25,57.54999923706055,56.849998474121094,57.20000076293945,10020
2014-10-09,55.5,56.79999923706055,55.5,56.54999923706055,9760
2014-10-10,55.900001525878906,56.75,55.04999923706055,55.04999923706055,10800
2014-10-13,56.75,56.75,55.79999923706055,55.849998474121094,7600
2014-10-14,57.25,57.29999923706055,55.75,56.70000076293945,13600
2014-10-15,56.900001525878906,57.75,56.5,56.95000076293945,25220
2014-10-16,58.0,58.0,56.5,56.599998474121094,33180
2014-10-17,57.599998474121094,58.29999923706055,57.25,57.70000076293945,79920
2014-10-20,57.349998474121094,57.650001525878906,56.900001525878906,57.400001525878906,11540
2014-10-21,58.25,58.75,57.849998474121094,57.849998474121094,13760
2014-10-22,58.650001525878906,59.20000076293945,58.0,58.400001525878906,22700
2014-10-23,59.20000076293945,59.400001525878906,58.75,58.79999923706055,7260
2014-10-24,58.29999923706055,60.599998474121094,58.04999923706055,59.75,10100
2014-10-27,58.75,58.75,57.599998474121094,57.900001525878906,5500
2014-10-28,59.45000076293945,59.599998474121094,58.95000076293945,59.29999923706055,7640
2014-10-29,60.099998474121094,60.5,59.20000076293945,59.650001525878906,18540
2014-10-30,59.900001525878906,60.54999923706055,59.5,60.04999923706055,8180
2014-10-31,59.45000076293945,59.599998474121094,58.70000076293945,59.349998474121094,19880
2014-11-03,59.900001525878906,59.900001525878906,58.900001525878906,59.20000076293945,8340
2014-11-04,59.099998474121094,59.54999923706055,58.650001525878906,59.54999923706055,12800
2014-11-05,58.400001525878906,58.79999923706055,57.79999923706055,58.70000076293945,19600
2014-11-06,58.25,58.70000076293945,57.95000076293945,58.099998474121094,5540
2014-11-07,57.400001525878906,57.75,57.0,57.70000076293945,14660
2014-11-10,57.5,57.95000076293945,57.099998474121094,57.25,7180
2014-11-11,57.75,58.099998474121094,56.900001525878906,57.150001525878906,4740
2014-11-12,59.70000076293945,59.75,58.25,58.25,12840
2014-11-13,60.29999923706055,60.54999923706055,59.599998474121094,59.599998474121094,12200
2014-11-14,61.20000076293945,61.599998474121094,60.5,60.70000076293945,10880
2014-11-17,60.400001525878906,61.150001525878906,60.0,61.150001525878906,4860
2014-11-18,60.0,60.04999923706055,59.25,59.900001525878906,13380
2014-11-19,58.95000076293945,59.650001525878906,58.349998474121094,59.650001525878906,7200
2014-11-20,60.04999923706055,60.20000076293945,58.599998474121094,58.599998474121094,4740
2014-11-21,60.25,60.75,59.45000076293945,59.70000076293945,6900
2014-11-24,59.650001525878906,60.45000076293945,59.54999923706055,60.25,2400
2014-11-25,60.75,60.79999923706055,59.650001525878906,59.650001525878906,3160
2014-11-26,60.900001525878906,61.150001525878906,60.45000076293945,60.900001525878906,3180
2014-11-28,62.75,62.75,60.599998474121094,60.599998474121094,11120
2014-12-01,65.4000015258789,65.5,62.5,62.5,19140
2014-12-02,65.0999984741211,65.94999694824219,64.75,65.0,11920
2014-12-03,63.650001525878906,64.0999984741211,63.099998474121094,63.79999923706055,21340
2014-12-04,63.54999923706055,63.650001525878906,62.5,62.79999923706055,4220
2014-12-05,63.95000076293945,64.0999984741211,62.849998474121094,63.04999923706055,7240
2014-12-08,64.0,65.0999984741211,62.599998474121094,63.75,7540
2014-12-09,63.099998474121094,63.95000076293945,62.79999923706055,63.54999923706055,3100
2014-12-10,62.599998474121094,62.900001525878906,62.20000076293945,62.70000076293945,9720
2014-12-11,63.95000076293945,64.44999694824219,61.75,62.0,11300
2014-12-12,64.8499984741211,65.55000305175781,64.75,64.94999694824219,12920
2014-12-15,66.05000305175781,66.44999694824219,64.6500015258789,64.80000305175781,18460
2014-12-16,66.4000015258789,67.94999694824219,66.25,66.5,29040
2014-12-17,68.80000305175781,69.1500015258789,66.80000305175781,67.4000015258789,45880
2014-12-18,69.5,70.3499984741211,69.0999984741211,69.8499984741211,25820
2014-12-19,67.6500015258789,68.5999984741211,67.1500015258789,67.94999694824219,25700
2014-12-22,66.9000015258789,68.44999694824219,66.8499984741211,67.75,13880
2014-12-23,68.0,68.0999984741211,67.19999694824219,67.19999694824219,6880
2014-12-24,65.5,68.0999984741211,65.0999984741211,68.0999984741211,12720
2014-12-26,65.55000305175781,66.25,65.19999694824219,66.1500015258789,5180
2014-12-29,65.9000015258789,66.5,65.25,66.4000015258789,5900
2014-12-30,64.8499984741211,65.69999694824219,64.69999694824219,65.5999984741211,8340
2014-12-31,63.70000076293945,64.44999694824219,63.099998474121094,64.44999694824219,10460
2015-01-02,62.70000076293945,63.70000076293945,62.0,63.70000076293945,15500
2015-01-05,63.25,64.05000305175781,63.099998474121094,63.599998474121094,10940
2015-01-06,63.650001525878906,64.69999694824219,63.0,63.75,7780
2015-01-07,62.400001525878906,63.650001525878906,62.349998474121094,63.650001525878906,2900
2015-01-08,61.150001525878906,62.099998474121094,61.150001525878906,62.0,15540
2015-01-09,60.70000076293945,61.45000076293945,60.599998474121094,61.20000076293945,5160
2015-01-12,60.04999923706055,60.900001525878906,59.79999923706055,60.29999923706055,9260
2015-01-13,59.150001525878906,60.900001525878906,59.099998474121094,60.900001525878906,12160
2015-01-14,58.099998474121094,58.900001525878906,57.900001525878906,58.650001525878906,14500
2015-01-15,57.45000076293945,58.54999923706055,57.099998474121094,58.54999923706055,10680
2015-01-16,57.349998474121094,58.20000076293945,57.099998474121094,57.599998474121094,15220
2015-01-20,57.900001525878906,58.04999923706055,56.45000076293945,57.04999923706055,8000
2015-01-21,57.70000076293945,58.650001525878906,57.70000076293945,58.400001525878906,34900
2015-01-22,57.5,58.29999923706055,57.45000076293945,58.150001525878906,4260
2015-01-23,57.04999923706055,57.70000076293945,56.95000076293945,57.150001525878906,5780
2015-01-26,56.29999923706055,57.25,56.20000076293945,57.25,9220
2015-01-27,56.20000076293945,56.400001525878906,56.099998474121094,56.349998474121094,4080
2015-01-28,55.0,56.04999923706055,54.70000076293945,56.0,20880
2015-01-29,55.349998474121094,55.5,54.79999923706055,54.79999923706055,3460
2015-01-30,54.75,55.400001525878906,54.04999923706055,55.400001525878906,16260
2015-02-02,53.599998474121094,54.650001525878906,53.5,54.650001525878906,19460
2015-02-03,55.54999923706055,55.70000076293945,54.04999923706055,54.25,15800
2015-02-04,55.349998474121094,56.099998474121094,54.849998474121094,56.099998474121094,16540
2015-02-05,56.54999923706055,56.79999923706055,55.70000076293945,56.150001525878906,16760
2015-02-06,56.79999923706055,56.79999923706055,55.79999923706055,56.79999923706055,5500
2015-02-09,56.849998474121094,56.95000076293945,56.400001525878906,56.45000076293945,9760
2015-02-10,56.099998474121094,56.650001525878906,55.75,56.45000076293945,5120
2015-02-11,56.099998474121094,56.25,55.349998474121094,55.5,1840
2015-02-12,55.599998474121094,55.75,55.5,55.70000076293945,7500
2015-02-13,56.650001525878906,56.70000076293945,56.25,56.400001525878906,7540
2015-02-17,56.849998474121094,58.150001525878906,56.650001525878906,57.75,8840
2015-02-18,56.099998474121094,56.79999923706055,55.650001525878906,56.79999923706055,2040
2015-02-19,55.599998474121094,56.099998474121094,55.45000076293945,55.75,4740
2015-02-20,54.150001525878906,55.25,54.150001525878906,55.25,11760
2015-02-23,54.099998474121094,54.70000076293945,53.900001525878906,54.349998474121094,9600
2015-02-24,54.150001525878906,54.70000076293945,54.04999923706055,54.400001525878906,12180
2015-02-25,53.29999923706055,53.95000076293945,53.25,53.95000076293945,9600
2015-02-26,53.849998474121094,53.849998474121094,52.650001525878906,53.29999923706055,30220
2015-02-27,54.849998474121094,55.5,53.849998474121094,54.29999923706055,12960
2015-03-02,53.70000076293945,55.400001525878906,53.70000076293945,55.150001525878906,8020
2015-03-03,54.150001525878906,54.20000076293945,52.95000076293945,53.95000076293945,14620
2015-03-04,53.54999923706055,53.599998474121094,53.25,53.54999923706055,4180
2015-03-05,52.0,53.54999923706055,52.0,53.54999923706055,21220
2015-03-06,51.79999923706055,52.150001525878906,51.54999923706055,51.849998474121094,4400
2015-03-09,52.75,53.04999923706055,52.5,52.70000076293945,6560
2015-03-10,53.099998474121094,54.75,51.79999923706055,52.04999923706055,10860
2015-03-11,53.400001525878906,53.599998474121094,53.150001525878906,53.400001525878906,6580
2015-03-12,54.25,54.400001525878906,53.29999923706055,53.849998474121094,10360
2015-03-13,53.45000076293945,54.54999923706055,53.349998474121094,54.54999923706055,10440
2015-03-16,55.20000076293945,55.29999923706055,53.54999923706055,53.54999923706055,18300
2015-03-17,53.849998474121094,55.099998474121094,53.79999923706055,55.04999923706055,13240
2015-03-18,54.900001525878906,54.95000076293945,53.599998474121094,54.349998474121094,8560
2015-03-19,54.849998474121094,55.150001525878906,54.150001525878906,55.150001525878906,4960
2015-03-20,56.70000076293945,56.79999923706055,55.349998474121094,55.5,20900
2015-03-23,57.150001525878906,57.45000076293945,56.900001525878906,57.04999923706055,7420
2015-03-24,56.099998474121094,56.599998474121094,56.0,56.599998474121094,6280
2015-03-25,55.650001525878906,56.0,55.349998474121094,55.95000076293945,6880
2015-03-26,53.599998474121094,55.5,53.5,55.5,5520
2015-03-27,54.45000076293945,54.5,53.75,53.75,6380
2015-03-30,56.75,56.79999923706055,54.650001525878906,54.650001525878906,24540
2015-03-31,54.650001525878906,57.099998474121094,54.349998474121094,56.04999923706055,15800
2015-04-01,56.099998474121094,56.20000076293945,54.0,54.650001525878906,13600
2015-04-02,56.79999923706055,57.400001525878906,55.70000076293945,56.0,11860
2015-04-06,55.900001525878906,57.5,55.70000076293945,57.5,7400
2015-04-07,55.79999923706055,56.349998474121094,55.0,55.5,4440
2015-04-08,55.25,55.45000076293945,54.95000076293945,55.04999923706055,5340
2015-04-09,55.04999923706055,55.45000076293945,54.150001525878906,55.0,6000
2015-04-10,55.650001525878906,55.70000076293945,54.900001525878906,55.04999923706055,4120
2015-04-13,53.20000076293945,54.349998474121094,53.099998474121094,54.349998474121094,12500
2015-04-14,52.849998474121094,53.099998474121094,52.5,53.0,7360
2015-04-15,51.95000076293945,53.0,51.95000076293945,53.0,9260
2015-04-16,52.25,52.45000076293945,51.650001525878906,52.20000076293945,28880
2015-04-17,51.900001525878906,52.54999923706055,51.900001525878906,52.25,7880
2015-04-20,52.95000076293945,52.95000076293945,52.0,52.20000076293945,6080
2015-04-21,53.04999923706055,53.599998474121094,52.0,52.75,8320
2015-04-22,52.900001525878906,53.45000076293945,52.70000076293945,53.150001525878906,4680
2015-04-23,53.349998474121094,53.75,53.29999923706055,53.400001525878906,3900
2015-04-24,51.900001525878906,53.0,51.900001525878906,53.0,7200
2015-04-27,50.5,51.900001525878906,50.29999923706055,51.900001525878906,21340
2015-04-28,50.79999923706055,50.849998474121094,49.599998474121094,50.45000076293945,20660
2015-04-29,51.400001525878906,51.650001525878906,50.650001525878906,50.95000076293945,14240
2015-04-30,50.75,51.849998474121094,50.349998474121094,51.849998474121094,11080
2015-05-01,50.5,51.04999923706055,49.95000076293945,50.75,10200
2015-05-04,50.349998474121094,50.45000076293945,49.75,49.95000076293945,13600
2015-05-05,49.599998474121094,49.95000076293945,49.04999923706055,49.79999923706055,22780
2015-05-06,51.0,51.20000076293945,49.70000076293945,50.099998474121094,24660
2015-05-07,50.29999923706055,51.45000076293945,50.20000076293945,51.400001525878906,15280
2015-05-08,51.29999923706055,51.29999923706055,50.349998474121094,50.75,27480
2015-05-11,51.099998474121094,51.099998474121094,50.5,51.04999923706055,19800
2015-05-12,51.04999923706055,52.0,50.70000076293945,50.79999923706055,13040
2015-05-13,51.04999923706055,51.45000076293945,50.04999923706055,51.349998474121094,14960
2015-05-14,53.849998474121094,54.099998474121094,51.5,51.599998474121094,58660
2015-05-15,53.650001525878906,54.0,53.20000076293945,53.849998474121094,7780
2015-05-18,54.599998474121094,55.29999923706055,54.0,54.20000076293945,31900
2015-05-19,53.70000076293945,54.150001525878906,53.04999923706055,54.150001525878906,26040
2015-05-20,53.5,53.79999923706055,52.75,53.400001525878906,10600
2015-05-21,54.04999923706055,54.849998474121094,53.54999923706055,53.599998474121094,19460
2015-05-22,53.849998474121094,54.70000076293945,53.25,54.70000076293945,11500
2015-05-26,51.599998474121094,53.70000076293945,51.45000076293945,53.70000076293945,20520
2015-05-27,50.75,51.70000076293945,50.400001525878906,50.849998474121094,49980
2015-05-28,51.0,51.75,50.5,51.25,5340
2015-05-29,49.900001525878906,50.900001525878906,49.599998474121094,50.650001525878906,49400
2015-06-01,51.54999923706055,51.599998474121094,49.79999923706055,49.849998474121094,12840
2015-06-02,52.849998474121094,53.0,51.29999923706055,52.0,30320
2015-06-03,52.54999923706055,53.900001525878906,52.400001525878906,52.79999923706055,17480
2015-06-04,54.0,54.150001525878906,52.29999923706055,52.5,14720
2015-06-05,52.95000076293945,54.79999923706055,52.95000076293945,54.04999923706055,11600
2015-06-08,54.25,54.54999923706055,53.400001525878906,53.400001525878906,5280
2015-06-09,54.849998474121094,55.25,54.20000076293945,54.20000076293945,14900
2015-06-10,53.25,55.20000076293945,53.04999923706055,55.0,16540
2015-06-11,52.400001525878906,53.099998474121094,52.20000076293945,52.75,8020
2015-06-12,52.25,52.75,52.150001525878906,52.5,5300
2015-06-15,50.70000076293945,51.900001525878906,50.70000076293945,51.900001525878906,14560
2015-06-16,50.5,51.099998474121094,50.5,51.099998474121094,8140
2015-06-17,51.150001525878906,52.150001525878906,50.650001525878906,51.29999923706055,9760
2015-06-18,50.75,51.75,50.599998474121094,51.20000076293945,13580
2015-06-19,50.75,51.0,50.400001525878906,50.849998474121094,5080
2015-06-22,51.95000076293945,52.150001525878906,51.0,51.04999923706055,8020
2015-06-23,53.70000076293945,53.900001525878906,52.04999923706055,52.099998474121094,11780
2015-06-24,53.29999923706055,54.5,53.04999923706055,53.5,13980
2015-06-25,54.400001525878906,54.75,53.349998474121094,53.650001525878906,11980
2015-06-26,56.95000076293945,57.20000076293945,55.5,56.45000076293945,49540
2015-06-29,58.400001525878906,58.75,57.099998474121094,57.400001525878906,88920
2015-06-30,61.29999923706055,61.349998474121094,57.20000076293945,58.0,73340
2015-07-01,58.70000076293945,59.70000076293945,57.349998474121094,59.650001525878906,72860
2015-07-02,58.54999923706055,59.79999923706055,57.25,57.79999923706055,45120
2015-07-06,59.400001525878906,59.70000076293945,57.099998474121094,57.099998474121094,24080
2015-07-07,58.20000076293945,58.599998474121094,57.5,58.45000076293945,16220
2015-07-08,57.45000076293945,58.29999923706055,57.04999923706055,57.5,26160
2015-07-09,57.650001525878906,58.150001525878906,57.349998474121094,58.0,15080
2015-07-10,57.25,58.349998474121094,56.54999923706055,58.349998474121094,42680
2015-07-13,56.849998474121094,57.04999923706055,56.150001525878906,56.79999923706055,24500
2015-07-14,56.400001525878906,56.75,56.25,56.75,14080
2015-07-15,56.45000076293945,56.70000076293945,55.79999923706055,55.900001525878906,16160
2015-07-16,56.150001525878906,57.150001525878906,56.099998474121094,56.599998474121094,12180
2015-07-17,55.400001525878906,55.79999923706055,54.75,55.79999923706055,29260
2015-07-20,53.75,54.75,53.75,54.75,21280
2015-07-21,52.54999923706055,53.900001525878906,52.5,53.400001525878906,35780
2015-07-22,51.70000076293945,52.79999923706055,51.5,52.20000076293945,22020
2015-07-23,52.29999923706055,52.650001525878906,51.70000076293945,52.349998474121094,7580
2015-07-24,51.25,51.849998474121094,51.150001525878906,51.849998474121094,19340
2015-07-27,50.45000076293945,51.29999923706055,50.349998474121094,50.95000076293945,10780
2015-07-28,51.54999923706055,51.75,50.75,50.900001525878906,32440
2015-07-29,50.25,51.20000076293945,50.150001525878906,51.20000076293945,18520
2015-07-30,49.95000076293945,50.75,49.75,50.5,20380
2015-07-31,49.849998474121094,50.349998474121094,49.75,50.29999923706055,13740
2015-08-03,49.95000076293945,50.150001525878906,49.25,49.5,24880
2015-08-04,49.650001525878906,50.54999923706055,49.54999923706055,50.45000076293945,21780
2015-08-05,50.349998474121094,50.400001525878906,49.849998474121094,50.099998474121094,2440
2015-08-06,50.70000076293945,51.099998474121094,50.400001525878906,50.54999923706055,8180
2015-08-07,51.0,51.400001525878906,50.45000076293945,50.95000076293945,11640
2015-08-10,52.349998474121094,52.75,51.20000076293945,51.20000076293945,9660
2015-08-11,50.79999923706055,51.79999923706055,50.5,51.79999923706055,9460
2015-08-12,49.349998474121094,51.400001525878906,48.599998474121094,51.25,32200
2015-08-13,50.400001525878906,50.45000076293945,49.400001525878906,49.54999923706055,12240
2015-08-14,50.5,50.95000076293945,50.04999923706055,50.20000076293945,12500
2015-08-17,50.0,50.75,49.75,50.5,7740
2015-08-18,49.45000076293945,49.900001525878906,49.20000076293945,49.900001525878906,9880
2015-08-19,49.25,49.5,48.849998474121094,49.349998474121094,12520
2015-08-20,50.099998474121094,50.29999923706055,48.849998474121094,48.849998474121094,7440
2015-08-21,49.45000076293945,50.0,49.150001525878906,50.0,6800
2015-08-24,50.0,50.150001525878906,48.599998474121094,49.20000076293945,17640
2015-08-25,49.45000076293945,51.04999923706055,49.099998474121094,51.04999923706055,16240
2015-08-26,48.95000076293945,49.400001525878906,48.75,49.400001525878906,3760
2015-08-27,48.54999923706055,49.349998474121094,48.29999923706055,48.75,11340
2015-08-28,48.099998474121094,48.650001525878906,47.900001525878906,48.650001525878906,11220
2015-08-31,48.150001525878906,48.150001525878906,47.349998474121094,47.650001525878906,16740
2015-09-01,47.79999923706055,48.400001525878906,47.75,48.29999923706055,16180
2015-09-02,47.45000076293945,48.0,47.25,47.79999923706055,4640
2015-09-03,46.20000076293945,47.400001525878906,46.20000076293945,47.349998474121094,18840
2015-09-04,46.599998474121094,46.70000076293945,46.20000076293945,46.54999923706055,2580
2015-09-08,47.0,47.20000076293945,46.29999923706055,46.29999923706055,5180
2015-09-09,46.79999923706055,47.29999923706055,46.75,47.29999923706055,2380
2015-09-10,47.29999923706055,47.45000076293945,46.95000076293945,46.95000076293945,2860
2015-09-11,48.150001525878906,48.29999923706055,46.599998474121094,47.45000076293945,11540
2015-09-14,49.599998474121094,49.70000076293945,48.5,48.5,7400
2015-09-15,48.900001525878906,49.20000076293945,48.75,49.150001525878906,5440
2015-09-16,48.25,48.79999923706055,47.75,48.650001525878906,4920
2015-09-17,47.650001525878906,48.150001525878906,47.650001525878906,48.150001525878906,6500
2015-09-18,47.95000076293945,48.29999923706055,47.45000076293945,48.0,30500
2015-09-21,48.95000076293945,49.150001525878906,47.95000076293945,47.95000076293945,7820
2015-09-22,48.79999923706055,49.0,48.29999923706055,48.45000076293945,11320
2015-09-23,49.900001525878906,50.04999923706055,49.5,49.5,12220
2015-09-24,49.0,49.95000076293945,49.0,49.349998474121094,3580
2015-09-25,50.20000076293945,50.25,49.900001525878906,49.900001525878906,11760
2015-09-28,49.900001525878906,50.75,49.400001525878906,50.5,9400
2015-09-29,49.54999923706055,50.150001525878906,49.54999923706055,49.599998474121094,4420
2015-09-30,50.400001525878906,50.650001525878906,49.04999923706055,49.900001525878906,4780
2015-10-01,50.70000076293945,51.29999923706055,50.70000076293945,50.900001525878906,9120
2015-10-02,50.20000076293945,51.04999923706055,50.099998474121094,50.45000076293945,21600
2015-10-05,50.5,50.70000076293945,50.0,50.70000076293945,3600
2015-10-06,51.75,51.75,50.95000076293945,51.04999923706055,10480
2015-10-07,50.70000076293945,52.0,50.650001525878906,52.0,5520
2015-10-08,50.29999923706055,51.20000076293945,50.150001525878906,51.20000076293945,7380
2015-10-09,50.20000076293945,50.79999923706055,49.75,50.54999923706055,23780
2015-10-12,50.150001525878906,50.25,49.70000076293945,50.20000076293945,4880
2015-10-13,51.099998474121094,51.29999923706055,49.900001525878906,49.900001525878906,16920
2015-10-14,50.099998474121094,51.0,50.0,51.0,3200
2015-10-15,49.5,50.650001525878906,49.5,49.95000076293945,18960
2015-10-16,48.75,49.900001525878906,48.45000076293945,49.849998474121094,22000
2015-10-19,47.95000076293945,48.599998474121094,47.849998474121094,48.150001525878906,7940
2015-10-20,48.29999923706055,48.45000076293945,47.79999923706055,48.04999923706055,5260
2015-10-21,48.75,48.79999923706055,48.400001525878906,48.400001525878906,6420
2015-10-22,48.349998474121094,49.04999923706055,48.25,48.900001525878906,7220
2015-10-23,48.29999923706055,48.45000076293945,47.70000076293945,48.45000076293945,15560
2015-10-26,49.95000076293945,50.099998474121094,48.650001525878906,48.650001525878906,14900
2015-10-27,49.54999923706055,50.599998474121094,49.400001525878906,49.900001525878906,6060
2015-10-28,49.650001525878906,49.70000076293945,48.79999923706055,49.54999923706055,6240
2015-10-29,50.25,50.25,49.79999923706055,49.79999923706055,10060
2015-10-30,50.650001525878906,50.75,50.20000076293945,50.29999923706055,4920
2015-11-02,49.400001525878906,50.349998474121094,49.29999923706055,50.349998474121094,3680
2015-11-03,50.0,50.04999923706055,49.5,49.5,5320
2015-11-04,50.95000076293945,51.20000076293945,49.349998474121094,49.900001525878906,7280
2015-11-05,50.5,50.900001525878906,50.20000076293945,50.54999923706055,5100
2015-11-06,50.54999923706055,50.75,50.0,50.150001525878906,3900
2015-11-09,48.79999923706055,50.25,48.75,50.25,7000
2015-11-10,48.150001525878906,48.75,47.650001525878906,48.75,20340
2015-11-11,48.150001525878906,48.20000076293945,47.54999923706055,48.150001525878906,4580
2015-11-12,48.25,48.29999923706055,47.75,47.900001525878906,960
2015-11-13,48.0,48.0,47.54999923706055,48.0,6120
2015-11-16,47.79999923706055,48.150001525878906,47.70000076293945,47.79999923706055,2720
2015-11-17,47.04999923706055,47.650001525878906,46.849998474121094,47.650001525878906,14420
2015-11-18,47.150001525878906,47.20000076293945,46.75,47.04999923706055,8680
2015-11-19,47.54999923706055,47.75,47.20000076293945,47.25,5600
2015-11-20,47.04999923706055,47.79999923706055,47.04999923706055,47.650001525878906,6480
2015-11-23,48.150001525878906,48.25,47.099998474121094,47.099998474121094,5980
2015-11-24,47.349998474121094,48.099998474121094,47.25,47.95000076293945,2120
2015-11-25,47.29999923706055,47.5,47.29999923706055,47.5,980
2015-11-27,46.5,47.349998474121094,46.45000076293945,47.349998474121094,7120
2015-11-30,46.599998474121094,47.099998474121094,46.599998474121094,46.650001525878906,1860
2015-12-01,46.099998474121094,46.75,46.04999923706055,46.5,5400
2015-12-02,45.70000076293945,46.04999923706055,45.54999923706055,45.95000076293945,11060
2015-12-03,46.75,47.650001525878906,45.650001525878906,45.79999923706055,9560
2015-12-04,47.0,47.150001525878906,46.75,46.849998474121094,3900
2015-12-07,47.0,47.75,46.79999923706055,47.400001525878906,8760
2015-12-08,46.849998474121094,46.849998474121094,46.400001525878906,46.650001525878906,3720
2015-12-09,47.400001525878906,47.70000076293945,47.0,47.0,6820
2015-12-10,47.95000076293945,48.20000076293945,47.04999923706055,47.04999923706055,10020
2015-12-11,47.5,47.849998474121094,47.150001525878906,47.849998474121094,5260
2015-12-14,47.849998474121094,47.900001525878906,47.25,47.25,3700
2015-12-15,47.599998474121094,48.20000076293945,47.25,47.400001525878906,4640
2015-12-16,47.150001525878906,47.70000076293945,47.0,47.70000076293945,1220
2015-12-17,47.0,47.150001525878906,45.900001525878906,46.599998474121094,5240
2015-12-18,47.25,48.25,46.849998474121094,46.849998474121094,9880
2015-12-21,46.70000076293945,47.5,46.5,47.5,2800
2015-12-22,46.150001525878906,46.849998474121094,46.0,46.849998474121094,6160
2015-12-23,45.75,46.25,45.75,46.25,5160
2015-12-24,45.599998474121094,46.04999923706055,45.54999923706055,45.900001525878906,2400
2015-12-28,45.45000076293945,46.04999923706055,45.45000076293945,45.70000076293945,5160
2015-12-29,46.349998474121094,46.349998474121094,45.45000076293945,45.900001525878906,22720
2015-12-30,45.70000076293945,46.5,45.650001525878906,46.29999923706055,4960
2015-12-31,45.70000076293945,45.900001525878906,45.599998474121094,45.75,4580
2016-01-04,44.75,45.70000076293945,44.45000076293945,45.70000076293945,14360
2016-01-05,44.70000076293945,45.150001525878906,44.70000076293945,44.849998474121094,4540
2016-01-06,44.95000076293945,45.25,44.5,44.70000076293945,6220
2016-01-07,45.400001525878906,45.5,44.400001525878906,44.650001525878906,7400
2016-01-08,46.150001525878906,46.400001525878906,45.650001525878906,45.79999923706055,17380
2016-01-11,45.349998474121094,46.349998474121094,45.20000076293945,46.099998474121094,8220
2016-01-12,46.25,46.54999923706055,44.900001525878906,45.29999923706055,16640
2016-01-13,46.099998474121094,46.650001525878906,46.0,46.25,11160
2016-01-14,45.29999923706055,45.650001525878906,45.25,45.650001525878906,2820
2016-01-15,45.599998474121094,45.75,44.95000076293945,45.29999923706055,6080
2016-01-19,45.54999923706055,46.04999923706055,45.400001525878906,46.0,2160
2016-01-20,45.349998474121094,45.75,45.25,45.45000076293945,2840
2016-01-21,45.54999923706055,45.75,45.5,45.5,2180
2016-01-22,45.849998474121094,46.150001525878906,45.79999923706055,45.849998474121094,2300
2016-01-25,46.25,46.400001525878906,45.849998474121094,46.0,6800
2016-01-26,46.650001525878906,47.04999923706055,46.25,46.25,6620
2016-01-27,46.150001525878906,46.650001525878906,45.75,46.5,9840
2016-01-28,45.54999923706055,45.849998474121094,45.5,45.849998474121094,4720
2016-01-29,46.150001525878906,46.150001525878906,45.599998474121094,45.599998474121094,5300
2016-02-01,45.900001525878906,45.95000076293945,45.5,45.75,1080
2016-02-02,45.849998474121094,46.400001525878906,45.75,45.849998474121094,12560
2016-02-03,46.0,46.099998474121094,45.650001525878906,45.650001525878906,2840
2016-02-04,45.5,46.29999923706055,45.45000076293945,46.29999923706055,7200
2016-02-05,44.79999923706055,45.45000076293945,44.75,45.45000076293945,14920
2016-02-08,44.20000076293945,44.95000076293945,44.04999923706055,44.650001525878906,13360
2016-02-09,43.95000076293945,44.25,43.70000076293945,44.099998474121094,7080
2016-02-10,44.25,44.5,44.0,44.04999923706055,7520
2016-02-11,44.25,44.79999923706055,44.099998474121094,44.54999923706055,7660
2016-02-12,44.25,44.45000076293945,44.0,44.349998474121094,3040
2016-02-16,44.5,44.70000076293945,43.5,44.349998474121094,4700
2016-02-17,45.04999923706055,45.25,44.75,44.75,840
2016-02-18,44.79999923706055,45.0,44.75,45.0,2540
2016-02-19,44.70000076293945,45.0,44.599998474121094,44.849998474121094,13580
2016-02-22,44.400001525878906,44.75,44.400001525878906,44.70000076293945,4560
2016-02-23,43.849998474121094,44.45000076293945,43.650001525878906,44.349998474121094,4580
2016-02-24,43.45000076293945,43.849998474121094,43.0,43.75,15840
2016-02-25,43.349998474121094,43.75,43.25,43.650001525878906,10280
2016-02-26,43.29999923706055,43.75,43.20000076293945,43.599998474121094,5780
2016-02-29,43.349998474121094,43.54999923706055,43.150001525878906,43.45000076293945,4220
2016-03-01,42.79999923706055,43.25,42.70000076293945,43.25,5860
2016-03-02,43.04999923706055,43.099998474121094,42.45000076293945,43.0,11880
2016-03-03,43.79999923706055,43.95000076293945,43.20000076293945,43.5,36180
2016-03-04,44.04999923706055,44.25,43.5,44.25,23560
2016-03-07,44.099998474121094,44.650001525878906,44.04999923706055,44.349998474121094,10560
2016-03-08,44.400001525878906,44.45000076293945,43.650001525878906,43.900001525878906,32800
2016-03-09,44.599998474121094,44.650001525878906,44.04999923706055,44.349998474121094,5680
2016-03-10,45.349998474121094,45.400001525878906,44.5,44.5,6520
2016-03-11,45.45000076293945,45.54999923706055,45.0,45.5,8340
2016-03-14,45.650001525878906,45.75,45.150001525878906,45.400001525878906,13260
2016-03-15,45.599998474121094,45.599998474121094,45.099998474121094,45.45000076293945,2580
2016-03-16,45.099998474121094,45.45000076293945,44.95000076293945,45.45000076293945,6260
2016-03-17,44.20000076293945,45.349998474121094,44.099998474121094,45.099998474121094,5960
2016-03-18,44.349998474121094,44.400001525878906,43.849998474121094,44.150001525878906,10600
2016-03-21,44.5,45.0,44.349998474121094,44.5,9080
2016-03-22,44.599998474121094,44.75,44.45000076293945,44.5,3320
2016-03-23,44.349998474121094,44.5,44.20000076293945,44.5,5340
2016-03-24,44.29999923706055,44.29999923706055,43.849998474121094,44.150001525878906,5900
2016-03-28,44.849998474121094,45.349998474121094,44.54999923706055,44.54999923706055,11280
2016-03-29,45.349998474121094,45.400001525878906,44.79999923706055,45.0,5640
2016-03-30,44.25,45.349998474121094,44.25,45.349998474121094,7840
2016-03-31,45.0,45.099998474121094,43.5,44.29999923706055,27340
2016-04-01,45.150001525878906,45.150001525878906,44.650001525878906,44.650001525878906,3440
2016-04-04,45.0,45.20000076293945,44.79999923706055,45.150001525878906,3440
2016-04-05,45.04999923706055,45.150001525878906,44.849998474121094,44.900001525878906,3340
2016-04-06,44.099998474121094,44.599998474121094,44.0,44.599998474121094,9680
2016-04-07,43.75,43.900001525878906,43.599998474121094,43.900001525878906,7520
2016-04-08,43.849998474121094,43.900001525878906,43.70000076293945,43.79999923706055,1780
2016-04-11,42.70000076293945,43.400001525878906,42.599998474121094,43.400001525878906,14040
2016-04-12,43.0,43.5,42.900001525878906,42.900001525878906,10800
2016-04-13,43.95000076293945,44.25,43.349998474121094,43.349998474121094,12020
2016-04-14,43.75,43.900001525878906,43.349998474121094,43.900001525878906,4860
2016-04-15,43.95000076293945,44.150001525878906,43.5,43.70000076293945,2440
2016-04-18,45.25,45.25,44.099998474121094,44.25,28280
2016-04-19,46.25,46.349998474121094,45.25,45.79999923706055,19600
2016-04-20,47.95000076293945,47.95000076293945,46.25,46.54999923706055,15320
2016-04-21,46.75,47.95000076293945,46.54999923706055,47.95000076293945,16260
2016-04-22,44.45000076293945,46.150001525878906,44.349998474121094,45.79999923706055,29420
2016-04-25,44.900001525878906,45.400001525878906,44.0,44.0,8700
2016-04-26,45.650001525878906,45.70000076293945,44.599998474121094,45.150001525878906,12340
2016-04-27,45.45000076293945,45.599998474121094,45.04999923706055,45.54999923706055,6440
2016-04-28,45.599998474121094,46.54999923706055,45.5,46.150001525878906,24740
2016-04-29,45.95000076293945,46.04999923706055,45.400001525878906,45.849998474121094,14880
2016-05-02,45.79999923706055,45.95000076293945,45.29999923706055,45.95000076293945,9780
2016-05-03,44.25,46.099998474121094,44.0,45.650001525878906,40680
2016-05-04,44.20000076293945,44.650001525878906,44.150001525878906,44.150001525878906,9140
2016-05-05,43.5,44.29999923706055,43.349998474121094,44.29999923706055,25520
2016-05-06,43.70000076293945,44.0,43.5,43.54999923706055,14820
2016-05-09,42.95000076293945,43.599998474121094,42.849998474121094,43.599998474121094,20740
2016-05-10,43.45000076293945,43.599998474121094,42.79999923706055,42.79999923706055,18300
2016-05-11,43.20000076293945,43.650001525878906,43.0,43.5,22800
2016-05-12,43.75,43.75,43.349998474121094,43.5,28240
2016-05-13,44.0,44.25,43.5,43.5,18560
2016-05-16,43.95000076293945,44.099998474121094,43.400001525878906,44.099998474121094,13060
2016-05-17,44.54999923706055,44.70000076293945,44.20000076293945,44.20000076293945,11440
2016-05-18,44.29999923706055,44.75,44.25,44.29999923706055,9520
2016-05-19,43.70000076293945,43.95000076293945,43.20000076293945,43.95000076293945,16000
2016-05-20,43.650001525878906,44.099998474121094,43.349998474121094,43.849998474121094,3700
2016-05-23,43.349998474121094,43.650001525878906,43.25,43.25,5460
2016-05-24,43.54999923706055,43.70000076293945,43.0,43.04999923706055,7580
2016-05-25,43.599998474121094,43.650001525878906,43.25,43.599998474121094,5040
2016-05-26,44.79999923706055,44.849998474121094,43.5,44.0,35000
2016-05-27,44.650001525878906,44.95000076293945,44.5,44.70000076293945,8600
2016-05-31,43.650001525878906,44.599998474121094,43.5,44.54999923706055,20720
2016-06-01,44.150001525878906,44.29999923706055,43.599998474121094,43.599998474121094,12000
2016-06-02,45.04999923706055,45.25,44.25,44.29999923706055,29940
2016-06-03,46.04999923706055,46.04999923706055,44.95000076293945,45.20000076293945,57880
2016-06-06,47.099998474121094,47.5,46.599998474121094,46.650001525878906,36100
2016-06-07,47.29999923706055,47.400001525878906,46.599998474121094,47.0,23300
2016-06-08,47.95000076293945,48.349998474121094,47.349998474121094,47.349998474121094,48440
2016-06-09,47.349998474121094,47.70000076293945,46.900001525878906,47.54999923706055,35760
2016-06-10,46.20000076293945,47.45000076293945,46.04999923706055,47.150001525878906,28920
2016-06-13,46.04999923706055,46.849998474121094,45.95000076293945,46.599998474121094,16680
2016-06-14,45.79999923706055,46.099998474121094,45.20000076293945,45.95000076293945,17640
2016-06-15,45.04999923706055,45.75,44.79999923706055,45.75,23400
2016-06-16,44.599998474121094,45.0,44.400001525878906,45.0,22640
2016-06-17,45.29999923706055,45.349998474121094,44.54999923706055,44.95000076293945,18480
2016-06-20,44.95000076293945,45.25,44.79999923706055,45.04999923706055,18420
2016-06-21,43.70000076293945,44.45000076293945,43.5,44.45000076293945,46400
2016-06-22,43.54999923706055,43.95000076293945,43.5,43.849998474121094,20060
2016-06-23,43.04999923706055,43.54999923706055,42.95000076293945,43.5,24020
2016-06-24,42.900001525878906,42.95000076293945,42.150001525878906,42.5,36560
2016-06-27,42.150001525878906,43.20000076293945,42.0,42.79999923706055,75960
2016-06-28,42.04999923706055,42.849998474121094,42.0,42.849998474121094,21600
2016-06-29,41.25,42.25,41.150001525878906,42.25,53640
2016-06-30,41.25,41.75,40.5,41.400001525878906,66260
2016-07-01,39.900001525878906,40.75,39.79999923706055,40.75,95000
2016-07-05,40.150001525878906,40.400001525878906,38.650001525878906,40.400001525878906,78900
2016-07-06,39.75,39.79999923706055,39.150001525878906,39.75,44520
2016-07-07,39.54999923706055,40.650001525878906,39.5,40.599998474121094,247620
2016-07-08,40.54999923706055,40.75,39.849998474121094,39.849998474121094,74760
2016-07-11,39.95000076293945,41.0,39.599998474121094,40.849998474121094,91240
2016-07-12,40.599998474121094,40.650001525878906,39.599998474121094,40.0,56860
2016-07-13,40.900001525878906,41.70000076293945,40.79999923706055,41.0,36200
2016-07-14,40.75,41.45000076293945,40.29999923706055,41.45000076293945,33420
2016-07-15,40.29999923706055,40.849998474121094,40.150001525878906,40.79999923706055,26560
2016-07-18,40.400001525878906,40.5,39.79999923706055,40.400001525878906,37360
2016-07-19,39.650001525878906,40.099998474121094,39.349998474121094,40.099998474121094,36760
2016-07-20,39.04999923706055,39.650001525878906,38.54999923706055,39.54999923706055,88220
2016-07-21,39.400001525878906,39.54999923706055,38.75,39.25,43660
2016-07-22,40.099998474121094,40.20000076293945,38.599998474121094,39.20000076293945,38220
2016-07-25,40.54999923706055,40.75,39.849998474121094,40.54999923706055,76820
2016-07-26,39.70000076293945,40.5,39.54999923706055,40.20000076293945,18760
2016-07-27,39.5,39.95000076293945,39.45000076293945,39.95000076293945,18780
2016-07-28,39.150001525878906,39.75,38.95000076293945,39.75,52080
2016-07-29,39.0,39.150001525878906,38.650001525878906,39.0,24700
2016-08-01,38.79999923706055,39.45000076293945,38.75,39.25,93560
2016-08-02,38.5,39.20000076293945,38.20000076293945,39.04999923706055,52100
2016-08-03,39.099998474121094,39.45000076293945,38.5,38.70000076293945,20660
2016-08-04,38.79999923706055,39.5,38.75,39.400001525878906,17960
2016-08-05,39.25,39.5,38.54999923706055,38.79999923706055,15520
2016-08-08,39.20000076293945,39.349998474121094,38.650001525878906,39.25,56320
2016-08-09,39.0,39.25,38.79999923706055,38.95000076293945,36880
2016-08-10,39.25,39.650001525878906,38.849998474121094,38.900001525878906,38380
2016-08-11,39.04999923706055,39.349998474121094,38.849998474121094,39.349998474121094,47700
2016-08-12,39.25,39.25,37.95000076293945,38.95000076293945,57400
2016-08-15,38.79999923706055,39.599998474121094,38.70000076293945,39.45000076293945,39380
2016-08-16,39.0,39.150001525878906,38.400001525878906,38.70000076293945,24140
2016-08-17,39.04999923706055,39.25,38.54999923706055,38.95000076293945,36900
2016-08-18,39.349998474121094,39.349998474121094,38.79999923706055,39.0,25700
2016-08-19,39.349998474121094,39.75,38.900001525878906,39.20000076293945,47480
2016-08-22,38.95000076293945,39.29999923706055,38.75,39.04999923706055,35160
2016-08-23,38.349998474121094,38.75,38.29999923706055,38.650001525878906,44800
2016-08-24,38.099998474121094,38.25,38.0,38.150001525878906,19680
2016-08-25,37.849998474121094,38.20000076293945,37.849998474121094,38.20000076293945,37820
2016-08-26,36.54999923706055,37.95000076293945,36.5,37.95000076293945,216020
2016-08-29,35.75,36.45000076293945,35.75,36.29999923706055,84360
2016-08-30,35.349998474121094,36.150001525878906,35.29999923706055,36.0,43120
2016-08-31,35.25,35.70000076293945,35.0,35.349998474121094,61460
2016-09-01,35.650001525878906,35.849998474121094,35.29999923706055,35.599998474121094,76660
2016-09-02,36.0,36.150001525878906,35.75,36.04999923706055,48380
2016-09-06,35.75,36.20000076293945,35.599998474121094,35.75,28520
2016-09-07,36.0,36.29999923706055,35.900001525878906,35.900001525878906,63440
2016-09-08,36.400001525878906,36.45000076293945,35.75,36.20000076293945,64940
2016-09-09,36.150001525878906,36.25,35.79999923706055,36.150001525878906,20980
2016-09-12,36.5,36.70000076293945,35.95000076293945,35.95000076293945,37820
2016-09-13,35.849998474121094,36.25,35.75,36.25,25100
2016-09-14,36.150001525878906,36.20000076293945,35.400001525878906,35.75,26900
2016-09-15,36.0,36.5,35.900001525878906,36.150001525878906,20680
2016-09-16,36.150001525878906,36.29999923706055,35.650001525878906,35.79999923706055,20500
2016-09-19,36.099998474121094,36.349998474121094,35.70000076293945,36.25,43220
2016-09-20,36.150001525878906,36.45000076293945,36.0,36.04999923706055,54000
2016-09-21,36.150001525878906,36.400001525878906,35.900001525878906,36.04999923706055,14620
2016-09-22,36.20000076293945,36.54999923706055,36.099998474121094,36.45000076293945,6880
2016-09-23,36.099998474121094,36.45000076293945,36.0,36.349998474121094,13080
2016-09-26,35.599998474121094,36.20000076293945,35.54999923706055,36.20000076293945,15520
2016-09-27,36.0,36.04999923706055,35.349998474121094,35.70000076293945,21940
2016-09-28,36.04999923706055,36.25,35.849998474121094,36.25,8920
2016-09-29,35.75,36.25,35.650001525878906,36.25,7660
2016-09-30,35.95000076293945,35.95000076293945,35.150001525878906,35.70000076293945,25980
2016-10-03,35.45000076293945,35.849998474121094,35.20000076293945,35.849998474121094,22860
2016-10-04,35.400001525878906,35.599998474121094,35.20000076293945,35.400001525878906,22720
2016-10-05,36.20000076293945,36.25,35.150001525878906,35.400001525878906,32300
2016-10-06,35.5,36.45000076293945,35.25,36.25,31200
2016-10-07,35.29999923706055,35.79999923706055,35.29999923706055,35.599998474121094,20240
2016-10-10,35.95000076293945,35.95000076293945,35.5,35.650001525878906,24600
2016-10-11,35.95000076293945,36.150001525878906,35.599998474121094,35.95000076293945,14880
2016-10-12,35.349998474121094,36.5,35.29999923706055,35.900001525878906,50560
2016-10-13,36.849998474121094,36.900001525878906,35.599998474121094,35.599998474121094,72940
2016-10-14,37.099998474121094,37.54999923706055,36.95000076293945,37.04999923706055,59640
2016-10-17,37.349998474121094,37.349998474121094,36.79999923706055,37.29999923706055,24360
2016-10-18,37.20000076293945,37.5,37.0,37.04999923706055,75460
2016-10-19,37.349998474121094,37.349998474121094,36.650001525878906,36.95000076293945,16580
2016-10-20,37.0,37.400001525878906,36.95000076293945,37.400001525878906,16720
2016-10-21,36.849998474121094,37.0,36.75,36.849998474121094,16660
2016-10-24,36.04999923706055,36.849998474121094,35.849998474121094,36.849998474121094,38020
2016-10-25,36.25,36.349998474121094,35.849998474121094,36.0,15640
2016-10-26,36.650001525878906,36.79999923706055,36.099998474121094,36.349998474121094,18520
2016-10-27,36.900001525878906,37.150001525878906,36.599998474121094,36.75,43900
2016-10-28,36.5,36.79999923706055,36.29999923706055,36.70000076293945,24860
2016-10-31,36.70000076293945,36.79999923706055,36.45000076293945,36.5,102060
2016-11-01,36.650001525878906,36.900001525878906,36.400001525878906,36.70000076293945,55380
2016-11-02,36.79999923706055,36.95000076293945,36.45000076293945,36.75,26260
2016-11-03,36.650001525878906,36.79999923706055,36.25,36.70000076293945,23440
2016-11-04,36.599998474121094,36.650001525878906,36.349998474121094,36.400001525878906,18220
2016-11-07,36.400001525878906,36.54999923706055,36.0,36.54999923706055,27720
2016-11-08,36.70000076293945,37.0,36.349998474121094,36.349998474121094,28140
2016-11-09,36.20000076293945,36.75,35.900001525878906,36.5,36060
2016-11-10,35.849998474121094,36.400001525878906,35.650001525878906,36.25,41240
2016-11-11,35.849998474121094,36.0,35.650001525878906,35.95000076293945,19160
2016-11-14,35.099998474121094,35.54999923706055,35.04999923706055,35.54999923706055,59820
2016-11-15,35.599998474121094,35.650001525878906,35.20000076293945,35.25,21080
2016-11-16,35.20000076293945,35.650001525878906,35.20000076293945,35.45000076293945,23360
2016-11-17,35.75,35.79999923706055,35.20000076293945,35.29999923706055,35200
2016-11-18,35.900001525878906,36.099998474121094,35.45000076293945,35.599998474121094,20460
2016-11-21,36.099998474121094,36.25,35.79999923706055,36.099998474121094,47440
2016-11-22,36.25,36.25,36.0,36.0,8360
2016-11-23,35.849998474121094,35.95000076293945,35.5,35.95000076293945,11500
2016-11-25,35.650001525878906,36.0,35.650001525878906,35.75,7760
2016-11-28,35.349998474121094,35.599998474121094,35.20000076293945,35.5,28080
2016-11-29,34.650001525878906,35.25,34.599998474121094,35.25,79840
2016-11-30,34.25,35.04999923706055,34.25,34.54999923706055,61460
2016-12-01,33.650001525878906,34.25,33.54999923706055,34.25,63180
2016-12-02,34.29999923706055,34.29999923706055,33.70000076293945,33.95000076293945,24840
2016-12-05,34.45000076293945,34.599998474121094,34.150001525878906,34.400001525878906,27620
2016-12-06,34.349998474121094,34.79999923706055,34.29999923706055,34.400001525878906,22620
2016-12-07,33.900001525878906,34.29999923706055,33.75,34.25,29180
2016-12-08,34.400001525878906,34.400001525878906,33.95000076293945,34.20000076293945,20440
2016-12-09,34.75,34.95000076293945,34.04999923706055,34.25,20940
2016-12-12,34.95000076293945,35.0,34.400001525878906,34.5,19020
2016-12-13,35.0,35.25,34.900001525878906,35.0,19520
2016-12-14,35.04999923706055,35.099998474121094,34.79999923706055,34.849998474121094,6600
2016-12-15,34.349998474121094,34.900001525878906,34.29999923706055,34.75,19680
2016-12-16,34.54999923706055,34.599998474121094,34.25,34.400001525878906,16080
2016-12-19,34.45000076293945,34.79999923706055,34.150001525878906,34.79999923706055,14580
2016-12-20,34.099998474121094,34.5,33.95000076293945,34.150001525878906,9300
2016-12-21,33.900001525878906,34.150001525878906,33.900001525878906,34.0,18460
2016-12-22,33.75,33.95000076293945,33.599998474121094,33.95000076293945,30220
2016-12-23,33.54999923706055,33.70000076293945,33.45000076293945,33.599998474121094,28760
2016-12-27,34.400001525878906,34.599998474121094,33.75,33.79999923706055,18960
2016-12-28,34.0,34.54999923706055,33.900001525878906,34.349998474121094,26960
2016-12-29,34.20000076293945,34.45000076293945,34.150001525878906,34.349998474121094,19200
2016-12-30,34.400001525878906,34.5,34.20000076293945,34.25,26400
2017-01-03,34.29999923706055,34.70000076293945,34.20000076293945,34.54999923706055,15400
2017-01-04,34.900001525878906,35.0,34.20000076293945,34.29999923706055,20320
2017-01-05,35.400001525878906,35.54999923706055,35.0,35.0,109160
2017-01-06,35.5,35.650001525878906,35.349998474121094,35.5,35580
2017-01-09,35.900001525878906,35.95000076293945,35.349998474121094,35.75,26140
2017-01-10,35.849998474121094,35.900001525878906,35.54999923706055,35.75,18000
2017-01-11,35.29999923706055,35.75,34.79999923706055,35.70000076293945,30760
2017-01-12,35.849998474121094,36.0,35.29999923706055,35.400001525878906,22400
2017-01-13,35.95000076293945,36.04999923706055,35.400001525878906,35.70000076293945,22940
2017-01-17,36.79999923706055,36.849998474121094,36.29999923706055,36.5,93420
2017-01-18,36.400001525878906,36.79999923706055,36.29999923706055,36.79999923706055,23560
2017-01-19,36.0,36.25,35.900001525878906,36.20000076293945,24020
2017-01-20,36.400001525878906,36.400001525878906,36.0,36.099998474121094,53120
2017-01-23,36.599998474121094,36.599998474121094,36.20000076293945,36.349998474121094,58680
2017-01-24,36.20000076293945,36.45000076293945,36.099998474121094,36.45000076293945,18080
2017-01-25,35.95000076293945,36.20000076293945,35.75,35.95000076293945,24600
2017-01-26,35.95000076293945,36.25,35.54999923706055,35.95000076293945,15100
2017-01-27,35.54999923706055,35.95000076293945,35.45000076293945,35.79999923706055,21480
2017-01-30,35.04999923706055,35.5,35.04999923706055,35.5,41820
2017-01-31,35.45000076293945,35.45000076293945,35.04999923706055,35.099998474121094,35260
2017-02-01,36.45000076293945,36.45000076293945,35.25,35.349998474121094,51660
2017-02-02,36.400001525878906,36.599998474121094,36.150001525878906,36.400001525878906,20140
2017-02-03,36.0,36.45000076293945,35.95000076293945,36.29999923706055,12280
2017-02-06,35.599998474121094,36.29999923706055,35.5,36.0,15540
2017-02-07,36.0,36.0,35.29999923706055,35.650001525878906,14840
2017-02-08,36.0,36.150001525878906,35.70000076293945,36.0,11920
2017-02-09,36.79999923706055,36.900001525878906,36.0,36.04999923706055,20920
2017-02-10,37.5,37.5,36.849998474121094,37.04999923706055,59420
2017-02-13,37.70000076293945,37.95000076293945,37.150001525878906,37.25,40320
2017-02-14,37.599998474121094,37.650001525878906,37.349998474121094,37.599998474121094,34420
2017-02-15,37.900001525878906,37.900001525878906,37.349998474121094,37.400001525878906,41100
2017-02-16,37.25,38.54999923706055,37.25,38.0,74240
2017-02-17,37.150001525878906,37.5,37.0,37.349998474121094,42780
2017-02-21,36.75,37.45000076293945,36.599998474121094,37.45000076293945,41360
2017-02-22,37.150001525878906,37.20000076293945,36.79999923706055,36.849998474121094,12720
2017-02-23,36.95000076293945,37.20000076293945,36.79999923706055,37.20000076293945,14400
2017-02-24,36.5,36.95000076293945,36.400001525878906,36.95000076293945,44020
2017-02-27,35.900001525878906,36.70000076293945,35.79999923706055,36.70000076293945,98180
2017-02-28,36.29999923706055,37.04999923706055,36.099998474121094,36.20000076293945,28000
2017-03-01,37.150001525878906,37.25,36.349998474121094,36.349998474121094,26040
2017-03-02,36.79999923706055,37.20000076293945,36.70000076293945,37.0,16180
2017-03-03,36.79999923706055,37.099998474121094,36.599998474121094,36.79999923706055,11580
2017-03-06,37.349998474121094,37.54999923706055,37.099998474121094,37.25,20760
2017-03-07,37.20000076293945,37.25,36.650001525878906,37.150001525878906,20200
2017-03-08,36.400001525878906,37.0,36.400001525878906,37.0,20020
2017-03-09,36.29999923706055,36.650001525878906,36.099998474121094,36.150001525878906,11480
2017-03-10,36.0,36.349998474121094,35.849998474121094,36.04999923706055,26520
2017-03-13,35.099998474121094,35.75,35.099998474121094,35.75,120200
2017-03-14,35.099998474121094,35.349998474121094,35.0,35.099998474121094,37660
2017-03-15,35.54999923706055,35.54999923706055,35.29999923706055,35.400001525878906,18260
2017-03-16,35.5,35.75,35.5,35.75,17380
2017-03-17,35.54999923706055,35.650001525878906,35.29999923706055,35.54999923706055,13520
2017-03-20,35.04999923706055,35.75,35.04999923706055,35.75,15660
2017-03-21,34.95000076293945,35.150001525878906,34.70000076293945,35.150001525878906,65080
2017-03-22,34.54999923706055,34.95000076293945,34.5,34.79999923706055,37160
2017-03-23,34.5,34.70000076293945,34.45000076293945,34.45000076293945,18560
2017-03-24,34.70000076293945,34.79999923706055,34.599998474121094,34.70000076293945,8820
2017-03-27,34.349998474121094,34.650001525878906,34.25,34.650001525878906,15800
2017-03-28,34.5,34.650001525878906,34.45000076293945,34.54999923706055,20320
2017-03-29,34.650001525878906,34.70000076293945,34.45000076293945,34.650001525878906,13000
2017-03-30,34.29999923706055,34.650001525878906,34.25,34.650001525878906,11420
2017-03-31,34.70000076293945,35.0,34.0,34.5,35960
2017-04-03,34.650001525878906,35.20000076293945,34.650001525878906,34.95000076293945,27920
2017-04-04,34.70000076293945,34.95000076293945,34.70000076293945,34.79999923706055,12380
2017-04-05,34.75,34.95000076293945,34.70000076293945,34.849998474121094,20060
2017-04-06,34.400001525878906,34.849998474121094,34.349998474121094,34.849998474121094,14780
2017-04-07,34.400001525878906,34.5,34.099998474121094,34.5,16180
2017-04-10,34.650001525878906,34.75,34.400001525878906,34.400001525878906,7200
2017-04-11,35.150001525878906,35.25,34.45000076293945,34.79999923706055,21560
2017-04-12,35.20000076293945,35.349998474121094,35.04999923706055,35.04999923706055,11460
2017-04-13,34.849998474121094,35.25,34.79999923706055,35.099998474121094,8260
2017-04-17,34.349998474121094,34.900001525878906,34.25,34.900001525878906,28500
2017-04-18,34.400001525878906,34.45000076293945,34.099998474121094,34.29999923706055,31780
2017-04-19,34.349998474121094,34.650001525878906,34.099998474121094,34.400001525878906,15880
2017-04-20,33.400001525878906,34.45000076293945,33.29999923706055,34.400001525878906,94280
2017-04-21,33.400001525878906,33.599998474121094,33.0,33.29999923706055,60160
2017-04-24,33.20000076293945,33.54999923706055,33.099998474121094,33.54999923706055,28100
2017-04-25,33.75,33.900001525878906,33.0,33.150001525878906,65220
2017-04-26,33.5,34.099998474121094,33.5,33.70000076293945,38020
2017-04-27,34.04999923706055,34.099998474121094,33.599998474121094,33.75,29380
2017-04-28,34.0,34.20000076293945,33.900001525878906,34.0,16700
2017-05-01,35.599998474121094,35.79999923706055,34.75,34.79999923706055,63940
2017-05-02,35.75,36.04999923706055,35.349998474121094,35.849998474121094,88180
2017-05-03,35.599998474121094,35.75,35.20000076293945,35.599998474121094,14260
2017-05-04,34.400001525878906,35.400001525878906,34.349998474121094,35.400001525878906,33500
2017-05-05,34.79999923706055,34.95000076293945,34.650001525878906,34.650001525878906,20180
2017-05-08,34.29999923706055,34.650001525878906,34.25,34.650001525878906,21720
2017-05-09,34.099998474121094,34.25,33.900001525878906,34.25,165940
2017-05-10,34.25,34.5,33.70000076293945,34.29999923706055,105280
2017-05-11,34.25,34.349998474121094,33.95000076293945,34.25,17300
2017-05-12,34.20000076293945,34.349998474121094,34.04999923706055,34.29999923706055,11240
2017-05-15,33.650001525878906,34.0,33.45000076293945,34.0,43740
2017-05-16,33.650001525878906,33.70000076293945,33.400001525878906,33.400001525878906,27740
2017-05-17,33.95000076293945,34.099998474121094,33.75,33.75,21700
2017-05-18,33.79999923706055,33.849998474121094,33.45000076293945,33.70000076293945,26040
2017-05-19,34.45000076293945,34.5,33.95000076293945,33.95000076293945,33620
2017-05-22,34.45000076293945,34.849998474121094,34.29999923706055,34.5,28760
2017-05-23,34.25,34.45000076293945,34.0,34.400001525878906,32640
2017-05-24,34.25,34.349998474121094,33.95000076293945,34.349998474121094,17200
2017-05-25,34.150001525878906,34.45000076293945,34.099998474121094,34.25,23000
2017-05-26,34.599998474121094,34.599998474121094,34.04999923706055,34.150001525878906,15760
2017-05-30,34.099998474121094,34.349998474121094,33.79999923706055,34.349998474121094,27520
2017-05-31,34.0,34.349998474121094,33.95000076293945,34.099998474121094,19960
2017-06-01,33.900001525878906,34.099998474121094,33.45000076293945,34.099998474121094,25540
2017-06-02,33.95000076293945,34.20000076293945,33.849998474121094,33.849998474121094,9680
2017-06-05,33.849998474121094,34.04999923706055,33.75,34.04999923706055,5160
2017-06-06,34.29999923706055,34.599998474121094,34.20000076293945,34.20000076293945,20340
2017-06-07,34.95000076293945,35.150001525878906,34.54999923706055,34.54999923706055,39220
2017-06-08,35.04999923706055,35.70000076293945,35.04999923706055,35.150001525878906,54940
2017-06-09,35.0,35.54999923706055,34.95000076293945,34.95000076293945,61420
2017-06-12,34.29999923706055,34.75,34.099998474121094,34.75,32580
2017-06-13,34.95000076293945,35.099998474121094,34.45000076293945,34.70000076293945,14880
2017-06-14,35.0,35.5,34.849998474121094,35.0,33040
2017-06-15,35.75,35.849998474121094,34.599998474121094,34.650001525878906,40200
2017-06-16,36.5,36.650001525878906,36.0,36.0,74880
2017-06-19,36.25,36.900001525878906,36.25,36.54999923706055,58300
2017-06-20,36.75,36.849998474121094,36.25,36.45000076293945,98780
2017-06-21,36.25,36.650001525878906,36.25,36.29999923706055,29660
2017-06-22,36.04999923706055,36.099998474121094,35.70000076293945,36.04999923706055,31580
2017-06-23,35.70000076293945,36.25,35.70000076293945,36.04999923706055,11460
2017-06-26,35.349998474121094,35.5,35.25,35.5,20180
2017-06-27,35.54999923706055,35.79999923706055,35.29999923706055,35.29999923706055,18240
2017-06-28,35.70000076293945,35.849998474121094,35.45000076293945,35.5,11760
2017-06-29,37.150001525878906,37.29999923706055,36.349998474121094,36.349998474121094,73360
2017-06-30,39.150001525878906,39.150001525878906,37.75,37.75,176720
2017-07-03,41.20000076293945,41.20000076293945,39.599998474121094,39.599998474121094,159140
2017-07-05,41.45000076293945,42.150001525878906,39.849998474121094,41.150001525878906,217400
2017-07-06,40.25,40.70000076293945,39.79999923706055,39.849998474121094,130460
2017-07-07,39.70000076293945,40.599998474121094,39.70000076293945,40.04999923706055,61000
2017-07-10,41.04999923706055,41.150001525878906,40.70000076293945,40.849998474121094,50820
2017-07-11,41.04999923706055,41.45000076293945,40.599998474121094,40.79999923706055,138200
2017-07-12,40.04999923706055,40.900001525878906,40.0,40.849998474121094,59280
2017-07-13,38.70000076293945,39.650001525878906,38.349998474121094,39.650001525878906,168540
2017-07-14,38.650001525878906,39.150001525878906,38.400001525878906,38.79999923706055,53380
2017-07-17,38.29999923706055,38.5,38.25,38.45000076293945,45920
2017-07-18,38.20000076293945,39.0,38.0,38.79999923706055,41660
2017-07-19,38.150001525878906,38.400001525878906,37.849998474121094,38.0,64120
2017-07-20,38.400001525878906,38.400001525878906,37.75,38.04999923706055,27500
2017-07-21,37.95000076293945,38.54999923706055,37.70000076293945,38.25,37080
2017-07-24,37.349998474121094,37.54999923706055,37.0,37.5,50040
2017-07-25,36.45000076293945,37.04999923706055,36.400001525878906,37.04999923706055,57320
2017-07-26,36.650001525878906,36.849998474121094,36.400001525878906,36.599998474121094,53880
2017-07-27,36.79999923706055,37.150001525878906,36.75,37.0,66760
2017-07-28,36.849998474121094,37.400001525878906,36.79999923706055,37.0,46280
2017-07-31,36.54999923706055,36.849998474121094,36.29999923706055,36.5,82020
2017-08-01,35.70000076293945,36.54999923706055,35.70000076293945,36.54999923706055,56060
2017-08-02,35.849998474121094,36.099998474121094,35.400001525878906,35.900001525878906,41160
2017-08-03,35.54999923706055,35.900001525878906,35.349998474121094,35.5,26220
2017-08-04,35.45000076293945,35.70000076293945,35.29999923706055,35.650001525878906,18540
2017-08-07,36.0,36.0,35.29999923706055,35.45000076293945,57660
2017-08-08,35.45000076293945,36.20000076293945,35.45000076293945,36.20000076293945,35920
2017-08-09,35.75,35.79999923706055,35.349998474121094,35.79999923706055,49980
2017-08-10,34.54999923706055,35.75,34.45000076293945,35.75,125180
2017-08-11,34.400001525878906,34.79999923706055,34.150001525878906,34.75,69180
2017-08-14,34.349998474121094,34.5,33.849998474121094,34.0,43860
2017-08-15,33.650001525878906,34.0,33.599998474121094,33.900001525878906,69860
2017-08-16,33.20000076293945,33.79999923706055,32.95000076293945,33.79999923706055,170800
2017-08-17,32.95000076293945,33.25,32.75,33.25,80240
2017-08-18,33.04999923706055,33.04999923706055,32.70000076293945,32.79999923706055,48580
2017-08-21,32.54999923706055,32.849998474121094,32.45000076293945,32.849998474121094,131960
2017-08-22,32.099998474121094,32.70000076293945,32.04999923706055,32.70000076293945,92000
2017-08-23,32.099998474121094,32.400001525878906,32.0,32.29999923706055,43080
2017-08-24,32.400001525878906,32.54999923706055,31.899999618530273,32.29999923706055,67680
2017-08-25,32.400001525878906,32.54999923706055,32.29999923706055,32.5,26180
2017-08-28,32.0,32.29999923706055,31.850000381469727,32.29999923706055,55160
2017-08-29,32.150001525878906,32.150001525878906,31.649999618530273,31.799999237060547,52360
2017-08-30,32.0,32.25,31.850000381469727,32.25,25060
2017-08-31,32.29999923706055,32.400001525878906,32.04999923706055,32.099998474121094,52000
2017-09-01,32.54999923706055,32.650001525878906,32.29999923706055,32.650001525878906,46440
2017-09-05,32.599998474121094,33.0,32.599998474121094,32.900001525878906,80100
2017-09-06,33.0,33.04999923706055,32.54999923706055,32.75,56780
2017-09-07,32.349998474121094,33.04999923706055,32.25,33.04999923706055,68920
2017-09-08,32.45000076293945,32.70000076293945,32.349998474121094,32.45000076293945,25220
2017-09-11,32.150001525878906,32.400001525878906,32.0,32.29999923706055,23460
2017-09-12,32.70000076293945,32.70000076293945,31.75,32.349998474121094,63260
2017-09-13,32.70000076293945,33.04999923706055,32.54999923706055,33.0,53500
2017-09-14,32.54999923706055,33.099998474121094,32.54999923706055,32.70000076293945,34820
2017-09-15,32.900001525878906,33.0,32.650001525878906,32.70000076293945,15220
2017-09-18,32.70000076293945,32.95000076293945,32.5,32.95000076293945,38140
2017-09-19,32.70000076293945,32.79999923706055,32.25,32.70000076293945,52560
2017-09-20,33.150001525878906,33.20000076293945,32.75,32.75,42740
2017-09-21,33.20000076293945,33.29999923706055,32.75,33.0,47320
2017-09-22,33.099998474121094,33.349998474121094,32.95000076293945,33.29999923706055,21000
2017-09-25,33.20000076293945,33.29999923706055,32.95000076293945,33.0,30620
2017-09-26,33.29999923706055,33.70000076293945,33.150001525878906,33.5,85600
2017-09-27,33.70000076293945,33.79999923706055,33.0,33.349998474121094,38640
2017-09-28,33.349998474121094,33.5,33.29999923706055,33.5,14780
2017-09-29,32.900001525878906,33.54999923706055,32.70000076293945,33.25,63880
2017-10-02,32.70000076293945,32.75,32.29999923706055,32.70000076293945,49620
2017-10-03,32.75,33.0,32.650001525878906,32.70000076293945,15800
2017-10-04,32.45000076293945,32.79999923706055,32.400001525878906,32.70000076293945,22760
2017-10-05,32.45000076293945,32.599998474121094,32.20000076293945,32.45000076293945,30140
2017-10-06,32.650001525878906,32.650001525878906,32.29999923706055,32.29999923706055,11560
2017-10-09,32.25,32.599998474121094,32.20000076293945,32.599998474121094,36640
2017-10-10,32.099998474121094,32.349998474121094,32.099998474121094,32.099998474121094,8260
2017-10-11,31.899999618530273,32.099998474121094,31.799999237060547,32.099998474121094,33360
2017-10-12,31.700000762939453,32.099998474121094,31.600000381469727,32.04999923706055,36000
2017-10-13,32.400001525878906,32.400001525878906,31.75,31.75,27960
2017-10-16,32.099998474121094,32.5,32.0,32.400001525878906,29640
2017-10-17,32.04999923706055,32.400001525878906,31.899999618530273,32.25,12140
2017-10-18,31.799999237060547,31.899999618530273,31.75,31.799999237060547,17080
2017-10-19,31.950000762939453,32.099998474121094,31.75,31.75,24840
2017-10-20,31.5,32.04999923706055,31.399999618530273,31.899999618530273,52460
2017-10-23,32.099998474121094,32.150001525878906,31.299999237060547,31.5,55920
2017-10-24,32.20000076293945,32.20000076293945,31.799999237060547,31.850000381469727,22720
2017-10-25,32.04999923706055,32.45000076293945,31.950000762939453,32.099998474121094,19700
2017-10-26,31.799999237060547,32.04999923706055,31.75,32.0,19900
2017-10-27,31.5,31.799999237060547,31.350000381469727,31.799999237060547,32400
2017-10-30,31.350000381469727,31.799999237060547,31.25,31.799999237060547,35480
2017-10-31,31.0,31.299999237060547,30.700000762939453,31.25,35260
2017-11-01,30.899999618530273,31.100000381469727,30.649999618530273,30.649999618530273,17240
2017-11-02,31.450000762939453,31.549999237060547,30.899999618530273,31.0,12780
2017-11-03,31.399999618530273,31.5,31.200000762939453,31.399999618530273,20760
2017-11-06,31.600000381469727,31.649999618530273,31.450000762939453,31.450000762939453,20920
2017-11-07,31.450000762939453,31.450000762939453,31.149999618530273,31.450000762939453,11000
2017-11-08,31.299999237060547,31.450000762939453,30.850000381469727,31.450000762939453,20980
2017-11-09,31.25,31.549999237060547,31.049999237060547,31.299999237060547,17260
2017-11-10,31.450000762939453,31.600000381469727,31.149999618530273,31.149999618530273,10480
2017-11-13,31.149999618530273,31.350000381469727,31.049999237060547,31.350000381469727,20300
2017-11-14,31.25,31.350000381469727,31.049999237060547,31.049999237060547,10220
2017-11-15,31.0,31.25,30.700000762939453,31.049999237060547,25060
2017-11-16,30.799999237060547,31.049999237060547,30.700000762939453,31.049999237060547,26360
2017-11-17,31.149999618530273,31.149999618530273,30.899999618530273,30.899999618530273,28680
2017-11-20,30.799999237060547,30.950000762939453,30.700000762939453,30.950000762939453,28900
2017-11-21,31.0,31.200000762939453,30.700000762939453,30.700000762939453,21800
2017-11-22,31.0,31.25,30.850000381469727,31.25,14560
2017-11-24,30.600000381469727,31.0,30.399999618530273,31.0,18080
2017-11-27,30.25,30.549999237060547,30.25,30.549999237060547,26360
2017-11-28,30.149999618530273,30.399999618530273,29.950000762939453,30.399999618530273,23460
2017-11-29,30.5,30.600000381469727,30.299999237060547,30.299999237060547,30900
2017-11-30,30.450000762939453,30.850000381469727,30.399999618530273,30.5,23340
2017-12-01,30.850000381469727,30.950000762939453,30.399999618530273,30.399999618530273,21080
2017-12-04,30.450000762939453,30.950000762939453,30.450000762939453,30.950000762939453,28220
2017-12-05,30.5,30.649999618530273,30.299999237060547,30.649999618530273,16580
2017-12-06,30.049999237060547,30.399999618530273,29.950000762939453,30.350000381469727,23280
2017-12-07,29.850000381469727,30.0,29.649999618530273,30.0,46540
2017-12-08,29.600000381469727,29.950000762939453,29.450000762939453,29.899999618530273,37380
2017-12-11,29.25,29.5,29.100000381469727,29.350000381469727,24360
2017-12-12,29.049999237060547,29.5,29.0,29.200000762939453,25160
2017-12-13,29.350000381469727,29.350000381469727,29.149999618530273,29.299999237060547,22300
2017-12-14,29.5,29.600000381469727,29.350000381469727,29.350000381469727,11720
2017-12-15,29.450000762939453,29.600000381469727,29.200000762939453,29.450000762939453,10000
2017-12-18,29.5,29.799999237060547,29.5,29.649999618530273,14440
2017-12-19,29.549999237060547,29.799999237060547,29.5,29.649999618530273,7780
2017-12-20,29.700000762939453,29.850000381469727,29.25,29.5,25180
2017-12-21,29.799999237060547,29.950000762939453,29.649999618530273,29.75,25200
2017-12-22,29.700000762939453,29.950000762939453,29.649999618530273,29.799999237060547,9260
2017-12-26,29.649999618530273,29.850000381469727,29.450000762939453,29.450000762939453,10280
2017-12-27,29.899999618530273,30.0,29.649999618530273,29.649999618530273,19400
2017-12-28,30.0,30.0,29.75,29.75,24100
2017-12-29,30.0,30.0,29.799999237060547,30.0,16480
2018-01-02,30.399999618530273,30.5,30.0,30.0,47520
2018-01-03,30.450000762939453,30.549999237060547,30.25,30.549999237060547,33320
2018-01-04,30.350000381469727,30.549999237060547,30.25,30.450000762939453,46680
2018-01-05,30.100000381469727,30.350000381469727,30.049999237060547,30.350000381469727,21200
2018-01-08,30.0,30.25,29.899999618530273,30.0,16880
2018-01-09,30.299999237060547,30.350000381469727,29.850000381469727,29.899999618530273,15360
2018-01-10,30.549999237060547,30.549999237060547,30.25,30.450000762939453,46760
2018-01-11,30.399999618530273,30.5,30.149999618530273,30.450000762939453,34480
2018-01-12,29.600000381469727,30.549999237060547,29.549999237060547,30.5,71960
2018-01-16,29.399999618530273,29.600000381469727,29.200000762939453,29.600000381469727,37660
2018-01-17,29.75,29.75,29.299999237060547,29.5,19160
2018-01-18,29.950000762939453,29.950000762939453,29.75,29.850000381469727,23080
2018-01-19,29.850000381469727,30.0,29.700000762939453,30.0,21240
2018-01-22,29.950000762939453,30.049999237060547,29.75,30.049999237060547,7100
2018-01-23,29.700000762939453,30.0,29.600000381469727,30.0,26520
2018-01-24,30.350000381469727,30.399999618530273,29.899999618530273,29.950000762939453,33380
2018-01-25,30.399999618530273,31.299999237060547,30.200000762939453,30.75,48560
2018-01-26,30.899999618530273,31.0,30.5,30.5,30780
2018-01-29,31.399999618530273,31.450000762939453,31.149999618530273,31.299999237060547,31220
2018-01-30,32.099998474121094,32.099998474121094,31.600000381469727,31.600000381469727,46380
2018-01-31,31.600000381469727,31.850000381469727,31.399999618530273,31.5,66360
2018-02-01,31.549999237060547,31.649999618530273,31.100000381469727,31.399999618530273,22580
2018-02-02,31.25,31.450000762939453,31.149999618530273,31.25,64460
2018-02-05,30.950000762939453,31.200000762939453,30.700000762939453,31.0,61740
2018-02-06,31.350000381469727,31.350000381469727,30.899999618530273,31.0,30840
2018-02-07,32.20000076293945,32.25,31.5,31.5,58100
2018-02-08,31.850000381469727,32.099998474121094,31.600000381469727,32.0,68160
2018-02-09,31.350000381469727,31.700000762939453,31.350000381469727,31.700000762939453,83760
2018-02-12,32.349998474121094,32.400001525878906,31.600000381469727,31.600000381469727,44000
2018-02-13,32.25,32.45000076293945,32.150001525878906,32.25,30560
2018-02-14,31.950000762939453,32.20000076293945,31.75,31.950000762939453,25780
2018-02-15,32.349998474121094,32.400001525878906,31.75,32.150001525878906,41760
2018-02-16,32.150001525878906,32.25,32.0,32.25,21680
2018-02-20,31.600000381469727,32.45000076293945,31.600000381469727,32.20000076293945,34580
2018-02-21,31.350000381469727,31.700000762939453,31.350000381469727,31.600000381469727,25640
2018-02-22,31.700000762939453,31.700000762939453,31.299999237060547,31.549999237060547,18980
2018-02-23,31.649999618530273,32.0,31.600000381469727,32.0,19300
2018-02-26,32.349998474121094,32.45000076293945,31.899999618530273,32.0,43640
2018-02-27,32.54999923706055,32.650001525878906,32.349998474121094,32.349998474121094,46020
2018-02-28,33.349998474121094,33.75,32.900001525878906,32.900001525878906,102080
2018-03-01,34.900001525878906,34.95000076293945,33.45000076293945,33.5,197280
2018-03-02,33.900001525878906,34.599998474121094,33.45000076293945,34.5,126220
2018-03-05,34.45000076293945,34.54999923706055,33.79999923706055,34.20000076293945,77480
2018-03-06,34.29999923706055,34.400001525878906,33.650001525878906,34.099998474121094,37360
2018-03-07,33.900001525878906,34.54999923706055,33.79999923706055,34.25,23840
2018-03-08,34.0,34.20000076293945,33.349998474121094,33.79999923706055,51580
2018-03-09,33.349998474121094,33.70000076293945,33.04999923706055,33.70000076293945,44760
2018-03-12,33.400001525878906,33.54999923706055,32.900001525878906,32.95000076293945,43240
2018-03-13,33.20000076293945,33.900001525878906,33.04999923706055,33.54999923706055,30580
2018-03-14,33.29999923706055,33.45000076293945,33.099998474121094,33.099998474121094,13020
2018-03-15,32.70000076293945,33.29999923706055,32.54999923706055,33.29999923706055,38460
2018-03-16,31.950000762939453,32.5,31.950000762939453,32.5,87300
2018-03-19,31.0,31.799999237060547,30.899999618530273,31.799999237060547,79220
2018-03-20,30.950000762939453,31.299999237060547,30.899999618530273,31.049999237060547,28620
2018-03-21,31.100000381469727,31.100000381469727,30.549999237060547,31.0,20660
2018-03-22,31.200000762939453,31.399999618530273,30.850000381469727,31.399999618530273,21060
2018-03-23,31.399999618530273,31.450000762939453,30.700000762939453,30.899999618530273,26440
2018-03-26,31.200000762939453,31.350000381469727,30.850000381469727,31.200000762939453,19360
2018-03-27,30.75,31.25,30.75,31.200000762939453,30240
2018-03-28,30.649999618530273,31.049999237060547,30.549999237060547,30.799999237060547,21400
2018-03-29,31.0,31.149999618530273,30.299999237060547,30.75,54580
2018-04-02,30.75,31.299999237060547,30.649999618530273,31.299999237060547,26180
2018-04-03,31.200000762939453,31.649999618530273,30.850000381469727,30.850000381469727,21500
2018-04-04,31.149999618530273,31.350000381469727,30.899999618530273,31.0,57160
2018-04-05,31.549999237060547,31.799999237060547,31.350000381469727,31.350000381469727,18580
2018-04-06,32.099998474121094,32.25,31.549999237060547,31.549999237060547,29880
2018-04-09,33.29999923706055,33.45000076293945,32.45000076293945,32.45000076293945,56980
2018-04-10,33.349998474121094,33.599998474121094,32.849998474121094,33.0,65920
2018-04-11,33.20000076293945,33.54999923706055,33.0,33.150001525878906,26020
2018-04-12,32.95000076293945,33.0,32.5,32.75,19660
2018-04-13,32.45000076293945,32.70000076293945,32.099998474121094,32.45000076293945,15020
2018-04-16,31.75,32.099998474121094,31.600000381469727,32.099998474121094,15800
2018-04-17,31.75,32.099998474121094,31.600000381469727,31.649999618530273,9460
2018-04-18,32.29999923706055,32.349998474121094,31.950000762939453,32.04999923706055,35560
2018-04-19,32.400001525878906,32.54999923706055,32.099998474121094,32.5,16840
2018-04-20,31.600000381469727,32.150001525878906,31.549999237060547,31.950000762939453,26660
2018-04-23,31.399999618530273,31.799999237060547,31.25,31.649999618530273,28640
2018-04-24,31.899999618530273,32.0,31.0,31.25,20360
2018-04-25,32.75,32.95000076293945,32.0,32.20000076293945,24460
2018-04-26,32.25,32.650001525878906,32.20000076293945,32.45000076293945,27660
2018-04-27,32.900001525878906,32.900001525878906,32.25,32.25,16500
2018-04-30,33.599998474121094,33.70000076293945,33.04999923706055,33.25,55560
2018-05-01,34.70000076293945,34.70000076293945,33.54999923706055,33.599998474121094,182520
2018-05-02,34.54999923706055,35.0,34.20000076293945,34.599998474121094,47320
2018-05-03,35.20000076293945,35.20000076293945,34.150001525878906,34.20000076293945,70640
2018-05-04,34.400001525878906,34.849998474121094,34.29999923706055,34.79999923706055,45160
2018-05-07,33.650001525878906,34.20000076293945,33.650001525878906,33.95000076293945,59460
2018-05-08,34.0,34.150001525878906,33.650001525878906,33.650001525878906,30300
2018-05-09,33.650001525878906,33.900001525878906,33.400001525878906,33.650001525878906,41720
2018-05-10,33.45000076293945,33.75,33.150001525878906,33.54999923706055,49060
2018-05-11,32.900001525878906,33.29999923706055,32.900001525878906,33.25,26740
2018-05-14,32.54999923706055,32.79999923706055,32.5,32.75,29300
2018-05-15,32.650001525878906,32.75,32.25,32.75,29720
2018-05-16,32.650001525878906,32.849998474121094,32.45000076293945,32.849998474121094,16900
2018-05-17,32.79999923706055,33.099998474121094,32.650001525878906,32.95000076293945,44840
2018-05-18,34.0,34.04999923706055,33.099998474121094,33.150001525878906,69900
2018-05-21,33.599998474121094,34.20000076293945,33.29999923706055,34.20000076293945,48060
2018-05-22,34.20000076293945,34.650001525878906,34.0,34.04999923706055,44940
2018-05-23,34.75,34.75,34.099998474121094,34.29999923706055,41540
2018-05-24,34.650001525878906,35.20000076293945,34.5,34.95000076293945,53920
2018-05-25,35.29999923706055,35.400001525878906,34.79999923706055,34.900001525878906,40960
2018-05-29,35.0,35.45000076293945,34.5,35.45000076293945,143180
2018-05-30,34.20000076293945,34.349998474121094,33.849998474121094,34.349998474121094,29340
2018-05-31,34.29999923706055,34.599998474121094,34.150001525878906,34.150001525878906,20720
2018-06-01,34.29999923706055,34.5,33.95000076293945,34.20000076293945,15040
2018-06-04,33.5,34.04999923706055,33.29999923706055,34.04999923706055,111740
2018-06-05,33.70000076293945,34.20000076293945,33.650001525878906,33.849998474121094,86640
2018-06-06,34.349998474121094,34.79999923706055,34.04999923706055,34.25,28600
2018-06-07,34.599998474121094,35.04999923706055,34.29999923706055,35.0,35820
2018-06-08,34.29999923706055,34.849998474121094,33.79999923706055,34.75,25840
2018-06-11,33.95000076293945,34.400001525878906,33.70000076293945,34.400001525878906,28740
2018-06-12,35.04999923706055,35.20000076293945,33.95000076293945,34.29999923706055,66480
2018-06-13,34.04999923706055,34.650001525878906,33.95000076293945,34.650001525878906,35120
2018-06-14,33.20000076293945,33.75,33.04999923706055,33.5,76900
2018-06-15,32.849998474121094,33.45000076293945,32.5,32.70000076293945,64560
2018-06-18,32.150001525878906,32.5,32.099998474121094,32.45000076293945,31120
2018-06-19,31.549999237060547,31.799999237060547,31.0,31.700000762939453,90720
2018-06-20,31.899999618530273,31.950000762939453,31.25,31.75,28200
2018-06-21,32.25,32.400001525878906,32.150001525878906,32.29999923706055,21700
2018-06-22,32.04999923706055,32.20000076293945,31.799999237060547,32.099998474121094,14740
2018-06-25,31.399999618530273,31.649999618530273,31.200000762939453,31.649999618530273,30920
2018-06-26,30.950000762939453,31.649999618530273,30.799999237060547,31.649999618530273,27400
2018-06-27,31.100000381469727,31.299999237060547,31.0,31.0,16560
2018-06-28,30.799999237060547,31.299999237060547,30.799999237060547,31.25,26560
2018-06-29,31.899999618530273,32.25,31.200000762939453,31.200000762939453,60920
2018-07-02,30.649999618530273,32.0,30.600000381469727,32.0,40200
2018-07-03,31.25,31.399999618530273,31.049999237060547,31.399999618530273,27060
2018-07-05,31.899999618530273,32.099998474121094,31.5,31.5,35880
2018-07-06,32.599998474121094,32.599998474121094,31.700000762939453,31.899999618530273,19500
2018-07-09,32.29999923706055,32.400001525878906,32.04999923706055,32.400001525878906,11960
2018-07-10,31.350000381469727,31.899999618530273,31.149999618530273,31.899999618530273,47940
2018-07-11,30.350000381469727,31.25,30.350000381469727,31.25,49780
2018-07-12,30.850000381469727,31.149999618530273,30.399999618530273,30.399999618530273,20780
2018-07-13,31.399999618530273,31.450000762939453,30.700000762939453,31.049999237060547,18420
2018-07-16,30.950000762939453,31.5,30.899999618530273,31.149999618530273,9280
2018-07-17,31.350000381469727,31.700000762939453,31.200000762939453,31.200000762939453,30920
2018-07-18,31.350000381469727,31.75,31.350000381469727,31.75,30000
2018-07-19,31.850000381469727,31.950000762939453,31.350000381469727,31.350000381469727,9840
2018-07-20,32.599998474121094,32.75,32.150001525878906,32.25,18840
2018-07-23,32.54999923706055,33.0,32.5,32.75,14960
2018-07-24,32.400001525878906,32.75,32.099998474121094,32.349998474121094,10100
2018-07-25,34.04999923706055,34.20000076293945,33.0,33.0,51520
2018-07-26,33.650001525878906,34.54999923706055,33.5,34.400001525878906,31480
2018-07-27,33.400001525878906,33.70000076293945,33.20000076293945,33.29999923706055,35740
2018-07-30,34.25,34.54999923706055,33.849998474121094,33.849998474121094,42960
2018-07-31,34.70000076293945,35.20000076293945,34.20000076293945,34.70000076293945,79000
2018-08-01,35.0,35.25,34.79999923706055,34.79999923706055,63340
2018-08-02,35.20000076293945,36.650001525878906,35.099998474121094,35.25,164300
2018-08-03,35.150001525878906,35.45000076293945,35.0,35.150001525878906,50180
2018-08-06,35.900001525878906,36.04999923706055,35.349998474121094,35.349998474121094,93500
2018-08-07,35.5,36.20000076293945,35.45000076293945,36.0,29340
2018-08-08,35.79999923706055,36.099998474121094,35.45000076293945,35.54999923706055,19600
2018-08-09,35.400001525878906,35.75,35.20000076293945,35.349998474121094,23960
2018-08-10,34.599998474121094,35.849998474121094,34.5,35.5,71060
2018-08-13,33.79999923706055,34.25,33.650001525878906,33.95000076293945,29200
2018-08-14,34.150001525878906,34.20000076293945,33.70000076293945,33.70000076293945,34520
2018-08-15,33.75,33.900001525878906,33.5,33.849998474121094,26720
2018-08-16,34.29999923706055,34.54999923706055,34.04999923706055,34.099998474121094,90500
2018-08-17,35.25,35.25,34.70000076293945,34.70000076293945,65840
2018-08-20,34.349998474121094,34.79999923706055,34.099998474121094,34.79999923706055,17560
2018-08-21,33.400001525878906,33.900001525878906,33.349998474121094,33.75,106140
2018-08-22,33.45000076293945,33.75,33.04999923706055,33.25,33120
2018-08-23,33.29999923706055,33.400001525878906,32.79999923706055,33.29999923706055,39560
2018-08-24,32.75,33.099998474121094,32.75,32.95000076293945,19900
2018-08-27,32.150001525878906,32.70000076293945,32.099998474121094,32.5,93820
2018-08-28,32.150001525878906,32.29999923706055,32.04999923706055,32.29999923706055,18400
2018-08-29,33.0,33.150001525878906,32.45000076293945,33.0,36320
2018-08-30,32.70000076293945,33.25,32.400001525878906,33.25,16660
2018-08-31,33.349998474121094,33.349998474121094,32.95000076293945,33.04999923706055,23400
2018-09-04,32.54999923706055,32.599998474121094,32.0,32.54999923706055,39200
2018-09-05,32.20000076293945,32.5,32.150001525878906,32.45000076293945,12120
2018-09-06,31.700000762939453,32.04999923706055,31.649999618530273,32.0,11320
2018-09-07,31.5,31.700000762939453,31.399999618530273,31.649999618530273,31480
2018-09-10,32.5,32.5,31.600000381469727,31.649999618530273,34160
2018-09-11,31.850000381469727,32.20000076293945,31.850000381469727,32.20000076293945,10660
2018-09-12,31.299999237060547,32.400001525878906,31.0,32.20000076293945,73880
2018-09-13,30.899999618530273,31.350000381469727,30.850000381469727,31.350000381469727,53500
2018-09-14,31.600000381469727,31.649999618530273,31.049999237060547,31.25,21420
2018-09-17,31.25,31.649999618530273,31.25,31.450000762939453,25060
2018-09-18,31.450000762939453,31.549999237060547,31.25,31.450000762939453,20580
2018-09-19,31.950000762939453,32.04999923706055,31.549999237060547,32.0,61380
2018-09-20,31.950000762939453,32.20000076293945,31.649999618530273,31.649999618530273,26840
2018-09-21,32.0,32.04999923706055,31.700000762939453,31.850000381469727,19560
2018-09-24,32.150001525878906,32.400001525878906,32.04999923706055,32.04999923706055,21020
2018-09-25,31.850000381469727,32.20000076293945,31.700000762939453,32.20000076293945,7760
2018-09-26,31.700000762939453,32.20000076293945,31.649999618530273,31.799999237060547,5400
2018-09-27,31.399999618530273,31.799999237060547,31.350000381469727,31.700000762939453,9660
2018-09-28,31.25,31.600000381469727,31.049999237060547,31.25,23640
2018-10-01,31.399999618530273,31.600000381469727,31.049999237060547,31.25,32320
2018-10-02,32.0,32.099998474121094,31.200000762939453,31.350000381469727,61960
2018-10-03,31.75,32.04999923706055,31.600000381469727,31.850000381469727,25220
2018-10-04,31.899999618530273,32.0,31.700000762939453,31.850000381469727,17400
2018-10-05,32.099998474121094,32.099998474121094,31.850000381469727,32.0,26180
2018-10-08,31.600000381469727,31.950000762939453,31.600000381469727,31.950000762939453,42240
2018-10-09,31.75,31.950000762939453,31.649999618530273,31.700000762939453,12900
2018-10-10,31.450000762939453,31.649999618530273,31.450000762939453,31.649999618530273,14080
2018-10-11,31.299999237060547,32.0,31.299999237060547,31.549999237060547,70160
2018-10-12,31.899999618530273,31.950000762939453,31.5,31.5,20340
2018-10-15,32.150001525878906,32.20000076293945,31.850000381469727,32.0,36380
2018-10-16,32.150001525878906,32.25,32.0,32.099998474121094,20340
2018-10-17,31.850000381469727,32.0,31.700000762939453,32.0,50300
2018-10-18,31.600000381469727,31.799999237060547,31.549999237060547,31.75,38580
2018-10-19,31.549999237060547,31.75,31.549999237060547,31.649999618530273,32960
2018-10-22,31.299999237060547,31.549999237060547,31.25,31.5,29240
2018-10-23,31.350000381469727,31.399999618530273,31.149999618530273,31.25,22040
2018-10-24,30.899999618530273,31.350000381469727,30.75,31.350000381469727,30740
2018-10-25,30.149999618530273,30.700000762939453,30.149999618530273,30.700000762939453,61440
2018-10-26,31.100000381469727,31.149999618530273,30.5,30.5,45860
2018-10-29,31.149999618530273,31.200000762939453,30.950000762939453,31.100000381469727,37200
2018-10-30,30.649999618530273,31.0,30.549999237060547,31.0,49120
2018-10-31,30.700000762939453,30.700000762939453,30.200000762939453,30.549999237060547,44760
2018-11-01,31.0,31.100000381469727,30.75,30.799999237060547,26700
2018-11-02,31.0,31.149999618530273,30.799999237060547,30.950000762939453,21400
2018-11-05,30.899999618530273,31.100000381469727,30.899999618530273,30.950000762939453,12040
2018-11-06,31.100000381469727,31.25,31.049999237060547,31.100000381469727,11180
2018-11-07,30.950000762939453,31.200000762939453,30.899999618530273,31.200000762939453,5720
2018-11-08,30.75,31.200000762939453,30.549999237060547,30.950000762939453,35580
2018-11-09,30.25,30.649999618530273,30.100000381469727,30.5,13800
2018-11-12,31.0,31.049999237060547,30.399999618530273,30.399999618530273,23720
2018-11-13,30.549999237060547,30.899999618530273,30.549999237060547,30.899999618530273,5080
2018-11-14,30.399999618530273,30.75,30.299999237060547,30.600000381469727,12360
2018-11-15,30.399999618530273,30.600000381469727,30.350000381469727,30.600000381469727,9600
2018-11-16,30.399999618530273,30.5,30.350000381469727,30.350000381469727,8060
2018-11-19,30.0,30.25,29.799999237060547,30.25,46320
2018-11-20,30.100000381469727,30.100000381469727,29.850000381469727,29.899999618530273,19400
2018-11-21,29.799999237060547,29.950000762939453,29.799999237060547,29.899999618530273,8660
2018-11-23,29.850000381469727,30.299999237060547,29.850000381469727,29.950000762939453,11620
2018-11-26,30.200000762939453,30.25,30.0,30.200000762939453,8060
2018-11-27,29.75,30.049999237060547,29.649999618530273,30.049999237060547,36720
2018-11-28,30.049999237060547,30.200000762939453,29.899999618530273,30.049999237060547,19700
2018-11-29,29.850000381469727,30.149999618530273,29.799999237060547,30.0,7540
2018-11-30,30.350000381469727,30.450000762939453,29.950000762939453,29.950000762939453,18340
2018-12-03,30.549999237060547,30.700000762939453,30.350000381469727,30.649999618530273,18440
2018-12-04,30.549999237060547,30.549999237060547,30.399999618530273,30.549999237060547,13220
2018-12-06,30.149999618530273,30.25,29.899999618530273,30.25,10240
2018-12-07,31.100000381469727,31.100000381469727,30.299999237060547,30.299999237060547,41100
2018-12-10,30.799999237060547,30.950000762939453,30.75,30.950000762939453,8780
2018-12-11,30.700000762939453,31.0,30.350000381469727,30.950000762939453,17920
2018-12-12,30.850000381469727,31.0,30.700000762939453,30.700000762939453,11440
2018-12-13,31.299999237060547,31.399999618530273,30.899999618530273,31.100000381469727,32780
2018-12-14,31.049999237060547,31.399999618530273,30.950000762939453,31.299999237060547,22460
2018-12-17,31.299999237060547,31.350000381469727,31.200000762939453,31.200000762939453,16640
2018-12-18,31.100000381469727,31.399999618530273,31.049999237060547,31.100000381469727,19900
2018-12-19,30.649999618530273,31.0,30.649999618530273,31.0,20460
2018-12-20,30.649999618530273,31.0,30.649999618530273,30.700000762939453,9940
2018-12-21,30.149999618530273,30.600000381469727,30.149999618530273,30.600000381469727,22640
2018-12-24,30.399999618530273,30.399999618530273,30.100000381469727,30.149999618530273,9680
2018-12-26,30.100000381469727,30.649999618530273,30.049999237060547,30.25,8020
2018-12-27,30.149999618530273,30.149999618530273,29.950000762939453,30.049999237060547,7380
2018-12-28,30.149999618530273,30.350000381469727,30.100000381469727,30.200000762939453,14980
2018-12-31,29.649999618530273,30.0,29.649999618530273,29.950000762939453,24300
2019-01-02,29.899999618530273,29.950000762939453,29.700000762939453,29.850000381469727,23440
2019-01-03,30.149999618530273,30.25,29.899999618530273,29.899999618530273,18140
2019-01-04,30.299999237060547,30.5,30.25,30.299999237060547,55440
2019-01-07,30.299999237060547,30.399999618530273,30.149999618530273,30.399999618530273,23320
2019-01-08,30.450000762939453,30.649999618530273,30.399999618530273,30.5,21280
2019-01-09,30.450000762939453,30.700000762939453,30.399999618530273,30.5,11280
2019-01-10,30.100000381469727,30.399999618530273,30.049999237060547,30.399999618530273,16480
2019-01-11,30.399999618530273,30.600000381469727,30.299999237060547,30.350000381469727,10040
2019-01-14,30.200000762939453,30.299999237060547,30.049999237060547,30.25,12120
2019-01-15,30.0,30.100000381469727,29.799999237060547,30.0,15760
2019-01-16,30.049999237060547,30.25,29.950000762939453,30.149999618530273,13580
2019-01-17,30.299999237060547,30.5,29.850000381469727,29.899999618530273,9100
2019-01-18,30.149999618530273,30.5,30.149999618530273,30.450000762939453,33140
2019-01-22,30.600000381469727,30.75,30.200000762939453,30.5,19100
2019-01-23,30.75,30.850000381469727,30.549999237060547,30.600000381469727,35640
2019-01-24,30.549999237060547,30.850000381469727,30.549999237060547,30.850000381469727,17680
2019-01-25,30.5,30.649999618530273,30.350000381469727,30.450000762939453,4600
2019-01-28,30.5,30.549999237060547,30.299999237060547,30.549999237060547,9600
2019-01-29,30.100000381469727,30.350000381469727,30.0,30.299999237060547,11060
2019-01-30,30.299999237060547,30.350000381469727,30.0,30.149999618530273,14940
2019-01-31,30.25,30.399999618530273,30.100000381469727,30.399999618530273,23080
2019-02-01,30.450000762939453,30.600000381469727,30.149999618530273,30.149999618530273,17920
2019-02-04,30.5,30.649999618530273,30.299999237060547,30.450000762939453,11820
2019-02-05,30.5,30.5,30.25,30.450000762939453,9000
2019-02-06,30.399999618530273,30.649999618530273,30.299999237060547,30.299999237060547,11240
2019-02-07,29.899999618530273,30.299999237060547,29.850000381469727,30.299999237060547,37220
2019-02-08,29.950000762939453,30.25,29.899999618530273,30.100000381469727,23960
2019-02-11,30.0,30.0,29.649999618530273,29.950000762939453,20600
2019-02-12,30.0,30.049999237060547,29.75,29.799999237060547,8480
2019-02-13,30.149999618530273,30.350000381469727,30.049999237060547,30.149999618530273,19280
2019-02-14,29.549999237060547,30.100000381469727,29.5,30.100000381469727,39420
2019-02-15,29.25,29.5,29.100000381469727,29.5,31540
2019-02-19,28.549999237060547,29.299999237060547,28.450000762939453,29.299999237060547,71580
2019-02-20,28.100000381469727,28.25,27.899999618530273,28.200000762939453,46460
2019-02-21,28.450000762939453,28.649999618530273,28.350000381469727,28.5,79120
2019-02-22,28.399999618530273,28.600000381469727,28.350000381469727,28.600000381469727,22020
2019-02-25,27.450000762939453,28.350000381469727,27.399999618530273,28.350000381469727,61900
2019-02-26,27.299999237060547,27.600000381469727,27.049999237060547,27.350000381469727,64820
2019-02-27,27.25,27.700000762939453,27.200000762939453,27.700000762939453,26980
2019-02-28,26.850000381469727,27.200000762939453,26.75,27.200000762939453,26560
2019-03-01,26.700000762939453,26.850000381469727,26.149999618530273,26.649999618530273,52220
2019-03-04,26.549999237060547,26.799999237060547,26.5,26.799999237060547,43560
2019-03-05,27.0,27.0,26.5,26.5,34680
2019-03-06,26.25,26.75,26.200000762939453,26.75,41300
2019-03-07,25.600000381469727,26.100000381469727,25.600000381469727,26.0,54100
2019-03-08,25.649999618530273,25.899999618530273,25.5,25.75,28260
2019-03-11,25.149999618530273,25.75,25.049999237060547,25.75,44060
2019-03-12,26.450000762939453,26.600000381469727,25.350000381469727,25.450000762939453,86940
2019-03-13,26.149999618530273,26.399999618530273,25.799999237060547,26.149999618530273,46280
2019-03-14,26.399999618530273,26.799999237060547,26.200000762939453,26.200000762939453,36940
2019-03-15,26.75,26.899999618530273,26.299999237060547,26.299999237060547,44640
2019-03-18,26.649999618530273,26.850000381469727,26.450000762939453,26.799999237060547,14220
2019-03-19,26.600000381469727,26.899999618530273,26.450000762939453,26.899999618530273,14940
2019-03-20,26.899999618530273,26.899999618530273,26.549999237060547,26.600000381469727,17300
2019-03-21,26.950000762939453,27.049999237060547,26.549999237060547,26.799999237060547,14640
2019-03-22,26.950000762939453,27.350000381469727,26.899999618530273,27.149999618530273,39860
2019-03-25,27.200000762939453,27.299999237060547,26.950000762939453,27.049999237060547,20960
2019-03-26,27.100000381469727,27.600000381469727,27.049999237060547,27.5,48960
2019-03-27,27.149999618530273,27.25,26.950000762939453,27.100000381469727,19740
2019-03-28,26.850000381469727,26.950000762939453,26.600000381469727,26.799999237060547,26660
2019-03-29,26.450000762939453,26.799999237060547,26.100000381469727,26.700000762939453,51720
2019-04-01,26.700000762939453,27.0,26.350000381469727,26.350000381469727,19620
2019-04-02,26.700000762939453,26.75,26.399999618530273,26.5,17400
2019-04-03,27.049999237060547,27.100000381469727,26.75,26.850000381469727,23180
2019-04-04,27.100000381469727,27.399999618530273,26.950000762939453,27.299999237060547,36780
2019-04-05,26.850000381469727,26.950000762939453,26.700000762939453,26.950000762939453,17700
2019-04-08,26.850000381469727,27.049999237060547,26.5,26.75,57360
2019-04-09,26.600000381469727,26.75,26.399999618530273,26.5,35480
2019-04-10,26.5,26.700000762939453,26.5,26.549999237060547,11920
2019-04-11,26.700000762939453,26.75,26.549999237060547,26.549999237060547,9960
2019-04-12,26.700000762939453,26.799999237060547,26.5,26.600000381469727,12000
2019-04-15,26.549999237060547,26.75,26.450000762939453,26.75,9860
2019-04-16,25.799999237060547,26.299999237060547,25.600000381469727,26.299999237060547,49080
2019-04-17,25.799999237060547,26.0,25.700000762939453,25.850000381469727,17580
2019-04-18,25.600000381469727,25.75,25.399999618530273,25.600000381469727,22180
2019-04-22,25.299999237060547,25.399999618530273,25.25,25.399999618530273,15560
2019-04-23,25.399999618530273,25.549999237060547,25.25,25.450000762939453,30580
2019-04-24,25.100000381469727,25.25,25.0,25.25,14000
2019-04-25,25.200000762939453,25.350000381469727,24.899999618530273,25.049999237060547,23460
2019-04-26,25.399999618530273,25.549999237060547,25.299999237060547,25.299999237060547,17260
2019-04-29,24.950000762939453,25.350000381469727,24.950000762939453,25.350000381469727,19720
2019-04-30,24.700000762939453,25.0,24.549999237060547,25.0,46620
2019-05-01,25.049999237060547,25.049999237060547,24.799999237060547,24.850000381469727,27620
2019-05-02,25.5,25.649999618530273,25.25,25.25,49920
2019-05-03,25.049999237060547,25.25,25.049999237060547,25.25,11140
2019-05-06,25.049999237060547,25.149999618530273,24.649999618530273,24.799999237060547,17540
2019-05-07,25.200000762939453,25.299999237060547,24.75,24.75,9400
2019-05-08,25.100000381469727,25.25,24.950000762939453,25.200000762939453,15160
2019-05-09,24.649999618530273,24.950000762939453,24.600000381469727,24.950000762939453,28600
2019-05-10,24.399999618530273,24.799999237060547,24.299999237060547,24.649999618530273,57340
2019-05-13,24.899999618530273,25.049999237060547,24.149999618530273,24.399999618530273,51600
2019-05-14,25.649999618530273,25.649999618530273,25.100000381469727,25.100000381469727,28880
2019-05-15,25.5,26.200000762939453,25.450000762939453,25.75,34080
2019-05-16,26.399999618530273,26.399999618530273,25.899999618530273,25.899999618530273,31540
2019-05-17,26.149999618530273,26.5,26.049999237060547,26.5,29380
2019-05-20,26.950000762939453,27.100000381469727,26.700000762939453,26.700000762939453,50000
2019-05-21,26.600000381469727,27.399999618530273,26.549999237060547,27.200000762939453,41840
2019-05-22,26.5,26.75,26.399999618530273,26.549999237060547,21380
2019-05-23,26.450000762939453,27.149999618530273,26.450000762939453,26.700000762939453,20160
2019-05-24,27.450000762939453,27.5,26.700000762939453,26.700000762939453,30000
2019-05-28,28.100000381469727,28.299999237060547,27.850000381469727,28.149999618530273,57620
2019-05-29,27.450000762939453,28.549999237060547,27.350000381469727,28.549999237060547,54160
2019-05-30,28.700000762939453,28.799999237060547,27.75,27.850000381469727,52640
2019-05-31,28.200000762939453,28.850000381469727,28.049999237060547,28.299999237060547,50780
2019-06-03,28.899999618530273,29.049999237060547,28.450000762939453,28.5,85440
2019-06-04,28.350000381469727,28.649999618530273,28.299999237060547,28.549999237060547,37840
2019-06-05,27.649999618530273,28.25,27.549999237060547,27.950000762939453,58080
2019-06-06,28.450000762939453,28.5,27.5,27.649999618530273,48840
2019-06-07,28.100000381469727,28.350000381469727,28.049999237060547,28.100000381469727,22640
2019-06-10,28.149999618530273,28.350000381469727,27.700000762939453,27.850000381469727,23460
2019-06-11,28.600000381469727,28.700000762939453,28.049999237060547,28.100000381469727,33180
2019-06-12,29.100000381469727,29.200000762939453,28.600000381469727,28.600000381469727,35320
2019-06-13,29.399999618530273,29.5,29.149999618530273,29.299999237060547,17160
2019-06-14,29.549999237060547,29.649999618530273,29.149999618530273,29.549999237060547,62600
2019-06-17,29.649999618530273,29.950000762939453,29.450000762939453,29.700000762939453,70160
2019-06-18,29.200000762939453,29.450000762939453,28.950000762939453,29.200000762939453,52180
2019-06-19,28.700000762939453,29.049999237060547,28.399999618530273,28.950000762939453,42540
2019-06-20,28.950000762939453,29.200000762939453,28.5,28.5,27620
2019-06-21,28.950000762939453,29.100000381469727,28.899999618530273,29.0,8740
2019-06-24,29.549999237060547,29.549999237060547,29.200000762939453,29.200000762939453,16140
2019-06-25,29.399999618530273,29.75,29.299999237060547,29.649999618530273,22920
2019-06-26,29.700000762939453,29.700000762939453,29.200000762939453,29.399999618530273,27880
2019-06-27,29.600000381469727,29.950000762939453,29.5,29.950000762939453,29040
2019-06-28,28.649999618530273,29.850000381469727,28.600000381469727,29.5,51620
2019-07-01,28.25,28.5,28.100000381469727,28.450000762939453,45380
2019-07-02,27.799999237060547,28.0,27.799999237060547,27.899999618530273,16580
2019-07-03,28.350000381469727,28.350000381469727,27.899999618530273,28.100000381469727,22580
2019-07-05,28.299999237060547,28.600000381469727,27.899999618530273,28.600000381469727,8560
2019-07-08,28.100000381469727,28.299999237060547,28.049999237060547,28.299999237060547,8780
2019-07-09,27.700000762939453,27.899999618530273,27.549999237060547,27.850000381469727,16100
2019-07-10,27.799999237060547,27.950000762939453,27.549999237060547,27.799999237060547,16080
2019-07-11,28.600000381469727,28.700000762939453,27.649999618530273,27.850000381469727,26800
2019-07-12,28.700000762939453,28.799999237060547,28.549999237060547,28.600000381469727,13220
2019-07-15,28.049999237060547,28.5,28.0,28.5,13220
2019-07-16,27.899999618530273,28.049999237060547,27.75,27.850000381469727,21200
2019-07-17,27.700000762939453,28.149999618530273,27.700000762939453,28.149999618530273,30980
2019-07-18,27.149999618530273,27.600000381469727,27.149999618530273,27.5,84460
2019-07-19,27.649999618530273,28.299999237060547,27.299999237060547,27.299999237060547,42880
2019-07-22,26.899999618530273,27.600000381469727,26.899999618530273,27.399999618530273,30460
2019-07-23,26.899999618530273,27.149999618530273,26.75,27.049999237060547,16140
2019-07-24,27.200000762939453,27.350000381469727,27.149999618530273,27.200000762939453,19220
2019-07-25,27.350000381469727,27.649999618530273,27.049999237060547,27.200000762939453,17860
2019-07-26,27.100000381469727,27.200000762939453,27.049999237060547,27.049999237060547,9860
2019-07-29,27.299999237060547,27.5,27.25,27.399999618530273,15660
2019-07-30,27.049999237060547,27.200000762939453,26.950000762939453,27.200000762939453,15580
2019-07-31,26.549999237060547,26.799999237060547,26.549999237060547,26.799999237060547,24920
2019-08-01,26.149999618530273,26.5,25.799999237060547,26.5,26260
2019-08-02,26.5,26.5,26.100000381469727,26.100000381469727,12080
2019-08-05,26.649999618530273,26.649999618530273,26.149999618530273,26.149999618530273,22160
2019-08-06,26.200000762939453,26.5,26.200000762939453,26.399999618530273,12340
2019-08-07,26.549999237060547,26.600000381469727,26.049999237060547,26.100000381469727,14200
2019-08-08,26.850000381469727,27.0,26.549999237060547,26.700000762939453,40980
2019-08-09,26.950000762939453,27.200000762939453,26.899999618530273,27.0,19200
2019-08-12,25.649999618530273,27.049999237060547,25.450000762939453,26.799999237060547,50100
2019-08-13,25.649999618530273,26.0,25.350000381469727,25.450000762939453,27260
2019-08-14,25.799999237060547,25.899999618530273,25.649999618530273,25.700000762939453,11880
2019-08-15,25.549999237060547,25.75,25.549999237060547,25.649999618530273,7020
2019-08-16,25.549999237060547,25.75,25.5,25.5,12220
2019-08-19,25.450000762939453,25.649999618530273,25.350000381469727,25.600000381469727,24960
2019-08-20,25.149999618530273,25.649999618530273,25.0,25.649999618530273,20620
2019-08-21,25.149999618530273,25.200000762939453,24.899999618530273,25.049999237060547,22460
2019-08-22,25.25,25.399999618530273,25.049999237060547,25.200000762939453,11600
2019-08-23,25.600000381469727,25.600000381469727,25.149999618530273,25.25,9400
2019-08-26,25.5,25.75,25.450000762939453,25.75,4860
2019-08-27,25.450000762939453,25.700000762939453,25.350000381469727,25.350000381469727,8820
2019-08-28,25.399999618530273,25.549999237060547,25.200000762939453,25.399999618530273,5240
2019-08-29,25.25,25.399999618530273,25.200000762939453,25.200000762939453,10580
2019-08-30,24.799999237060547,25.25,24.799999237060547,25.25,22440
2019-09-03,24.5,24.799999237060547,24.350000381469727,24.75,24040
2019-09-04,24.799999237060547,25.0,24.5,24.649999618530273,16480
2019-09-05,25.100000381469727,25.149999618530273,25.0,25.100000381469727,16340
2019-09-06,24.899999618530273,25.0,24.799999237060547,24.899999618530273,6480
2019-09-09,25.350000381469727,25.450000762939453,24.700000762939453,24.700000762939453,17460
2019-09-10,25.850000381469727,25.850000381469727,25.5,25.600000381469727,20560
2019-09-11,25.600000381469727,25.75,25.5,25.75,17560
2019-09-12,25.899999618530273,26.049999237060547,25.25,25.75,47640
2019-09-13,25.899999618530273,26.200000762939453,25.799999237060547,26.049999237060547,18720
2019-09-16,26.100000381469727,26.25,25.850000381469727,25.899999618530273,18620
2019-09-17,26.0,26.049999237060547,25.799999237060547,26.0,9300
2019-09-18,26.200000762939453,26.350000381469727,26.0,26.0,12900
2019-09-19,26.049999237060547,26.350000381469727,25.950000762939453,26.149999618530273,28540
2019-09-20,26.0,26.200000762939453,25.899999618530273,26.100000381469727,14380
2019-09-23,25.850000381469727,26.100000381469727,25.850000381469727,26.0,10300
2019-09-24,25.850000381469727,25.950000762939453,25.649999618530273,25.799999237060547,12340
2019-09-25,25.600000381469727,25.850000381469727,25.600000381469727,25.75,6180
2019-09-26,26.049999237060547,26.049999237060547,25.799999237060547,25.850000381469727,10080
2019-09-27,26.100000381469727,26.299999237060547,26.049999237060547,26.200000762939453,8640
2019-09-30,26.5,26.799999237060547,26.0,26.200000762939453,26160
2019-10-01,26.600000381469727,26.75,26.299999237060547,26.399999618530273,16740
2019-10-02,26.200000762939453,26.5,26.149999618530273,26.450000762939453,5820
2019-10-03,26.25,26.450000762939453,26.149999618530273,26.149999618530273,9020
2019-10-04,26.350000381469727,26.399999618530273,26.25,26.350000381469727,6580
2019-10-07,26.350000381469727,26.75,26.299999237060547,26.5,7780
2019-10-08,26.799999237060547,26.950000762939453,26.149999618530273,26.149999618530273,17020
2019-10-09,26.899999618530273,27.0,26.799999237060547,26.850000381469727,59620
2019-10-10,26.350000381469727,27.0,26.200000762939453,27.0,28440
2019-10-11,27.149999618530273,27.350000381469727,26.549999237060547,26.549999237060547,28680
2019-10-14,27.299999237060547,27.399999618530273,27.049999237060547,27.25,30060
2019-10-15,27.100000381469727,27.200000762939453,26.950000762939453,27.049999237060547,10980
2019-10-16,27.25,27.399999618530273,27.049999237060547,27.100000381469727,7260
2019-10-17,27.799999237060547,27.899999618530273,27.5,27.5,15880
2019-10-18,28.149999618530273,28.200000762939453,27.75,27.899999618530273,16760
2019-10-21,27.899999618530273,28.299999237060547,27.850000381469727,28.25,37780
2019-10-22,27.600000381469727,28.149999618530273,27.549999237060547,27.950000762939453,9420
2019-10-23,27.700000762939453,27.899999618530273,27.5,27.549999237060547,42940
2019-10-24,27.549999237060547,27.899999618530273,27.5,27.899999618530273,7260
2019-10-25,27.600000381469727,27.799999237060547,27.5,27.649999618530273,10720
2019-10-28,27.399999618530273,27.549999237060547,27.299999237060547,27.399999618530273,13560
2019-10-29,27.299999237060547,27.5,27.200000762939453,27.350000381469727,7140
2019-10-30,27.200000762939453,27.399999618530273,27.100000381469727,27.100000381469727,13040
2019-10-31,27.149999618530273,27.200000762939453,26.799999237060547,27.149999618530273,38500
2019-11-01,27.450000762939453,27.5,27.200000762939453,27.25,7240
2019-11-04,27.25,27.399999618530273,27.200000762939453,27.399999618530273,30460
2019-11-05,27.5,27.5,27.200000762939453,27.299999237060547,5660
2019-11-06,27.549999237060547,27.700000762939453,27.399999618530273,27.5,17320
2019-11-07,27.299999237060547,27.5,27.200000762939453,27.450000762939453,10860
2019-11-08,27.100000381469727,27.549999237060547,26.899999618530273,27.100000381469727,28480
2019-11-11,27.0,27.149999618530273,26.899999618530273,27.0,18000
2019-11-12,27.600000381469727,27.600000381469727,27.0,27.049999237060547,24360
2019-11-13,27.100000381469727,27.450000762939453,27.049999237060547,27.450000762939453,14440
2019-11-14,26.950000762939453,27.149999618530273,26.850000381469727,27.0,15100
2019-11-15,26.700000762939453,26.950000762939453,26.649999618530273,26.899999618530273,29220
2019-11-18,26.850000381469727,27.0,26.450000762939453,26.549999237060547,11220
2019-11-19,27.100000381469727,27.299999237060547,26.899999618530273,26.899999618530273,6840
2019-11-20,27.25,27.299999237060547,27.0,27.25,12120
2019-11-21,26.950000762939453,27.399999618530273,26.899999618530273,27.350000381469727,2740
2019-11-22,27.299999237060547,27.5,26.899999618530273,26.899999618530273,37660
2019-11-25,27.899999618530273,28.0,27.450000762939453,27.450000762939453,14460
2019-11-26,27.799999237060547,27.899999618530273,27.649999618530273,27.799999237060547,6200
2019-11-27,27.649999618530273,27.899999618530273,27.649999618530273,27.799999237060547,7160
2019-11-29,28.350000381469727,28.549999237060547,27.649999618530273,27.649999618530273,39540
2019-12-02,28.149999618530273,28.399999618530273,28.049999237060547,28.350000381469727,8800
2019-12-03,27.649999618530273,28.200000762939453,27.600000381469727,28.200000762939453,28320
2019-12-04,27.700000762939453,27.75,27.549999237060547,27.649999618530273,3240
2019-12-05,27.5,27.950000762939453,27.5,27.950000762939453,10380
2019-12-06,27.549999237060547,27.600000381469727,27.350000381469727,27.600000381469727,8960
2019-12-09,27.450000762939453,27.600000381469727,27.399999618530273,27.450000762939453,11180
2019-12-10,27.549999237060547,27.700000762939453,27.299999237060547,27.450000762939453,7540
2019-12-11,27.25,27.5,27.149999618530273,27.450000762939453,32020
2019-12-12,27.75,28.0,27.350000381469727,27.350000381469727,24560
2019-12-13,27.899999618530273,28.049999237060547,27.649999618530273,27.950000762939453,32800
2019-12-16,28.649999618530273,29.0,28.200000762939453,28.299999237060547,49680
2019-12-17,28.899999618530273,29.0,28.5,28.75,27020
2019-12-18,28.649999618530273,29.0,28.549999237060547,28.700000762939453,19020
2019-12-19,28.549999237060547,28.850000381469727,28.5,28.75,8060
2019-12-20,28.5,28.5,28.25,28.5,11820
2019-12-23,28.350000381469727,28.600000381469727,28.299999237060547,28.5,25020
2019-12-24,28.399999618530273,28.549999237060547,28.299999237060547,28.299999237060547,24260
2019-12-26,28.799999237060547,28.799999237060547,28.350000381469727,28.350000381469727,9680
2019-12-27,29.100000381469727,29.25,28.799999237060547,28.799999237060547,15400
2019-12-30,29.0,29.350000381469727,28.799999237060547,29.25,17120
2019-12-31,29.25,29.25,28.950000762939453,29.049999237060547,29240
2020-01-02,29.299999237060547,29.600000381469727,29.149999618530273,29.350000381469727,31980
2020-01-03,29.049999237060547,29.149999618530273,28.950000762939453,29.100000381469727,24120
2020-01-06,28.950000762939453,29.049999237060547,28.700000762939453,29.049999237060547,21220
2020-01-07,28.899999618530273,28.899999618530273,28.649999618530273,28.649999618530273,17840
2020-01-08,29.0,29.100000381469727,28.700000762939453,28.799999237060547,14380
2020-01-09,29.450000762939453,29.5,29.100000381469727,29.100000381469727,17080
2020-01-10,29.450000762939453,29.600000381469727,29.100000381469727,29.450000762939453,21140
2020-01-13,29.299999237060547,29.399999618530273,29.200000762939453,29.350000381469727,19580
2020-01-14,29.549999237060547,29.799999237060547,29.299999237060547,29.299999237060547,45020
2020-01-15,29.700000762939453,29.950000762939453,29.549999237060547,29.549999237060547,31340
2020-01-16,29.299999237060547,29.700000762939453,29.149999618530273,29.700000762939453,15880
2020-01-17,29.549999237060547,29.649999618530273,29.350000381469727,29.399999618530273,13200
2020-01-21,30.049999237060547,30.049999237060547,29.649999618530273,29.75,44300
2020-01-22,29.799999237060547,30.450000762939453,29.75,30.299999237060547,55500
2020-01-23,29.899999618530273,30.049999237060547,29.799999237060547,30.0,16540
2020-01-24,29.549999237060547,29.799999237060547,29.450000762939453,29.799999237060547,34900
2020-01-27,29.549999237060547,29.600000381469727,29.0,29.0,29960
2020-01-28,29.299999237060547,29.5,29.200000762939453,29.299999237060547,17260
2020-01-29,28.950000762939453,29.149999618530273,28.899999618530273,29.049999237060547,37740
2020-01-30,28.850000381469727,28.899999618530273,28.5,28.75,18980
2020-01-31,28.600000381469727,28.899999618530273,28.600000381469727,28.799999237060547,9240
2020-02-03,28.549999237060547,28.75,28.299999237060547,28.350000381469727,20540
2020-02-04,28.700000762939453,28.950000762939453,28.649999618530273,28.899999618530273,10940
2020-02-05,28.799999237060547,28.950000762939453,28.700000762939453,28.75,6080
2020-02-06,28.600000381469727,28.850000381469727,28.600000381469727,28.850000381469727,3660
2020-02-07,28.799999237060547,28.899999618530273,28.600000381469727,28.649999618530273,29140
2020-02-10,28.5,28.950000762939453,28.5,28.850000381469727,14980
2020-02-11,28.100000381469727,28.600000381469727,28.100000381469727,28.450000762939453,20880
2020-02-12,28.399999618530273,28.450000762939453,28.100000381469727,28.100000381469727,5600
2020-02-13,28.200000762939453,28.350000381469727,28.100000381469727,28.350000381469727,5160
2020-02-14,28.100000381469727,28.399999618530273,28.049999237060547,28.299999237060547,19620
2020-02-18,29.200000762939453,29.350000381469727,28.5,29.0,117860
2020-02-19,29.100000381469727,29.149999618530273,28.549999237060547,29.0,42200
2020-02-20,28.950000762939453,29.100000381469727,28.850000381469727,29.100000381469727,11700
2020-02-21,28.700000762939453,29.399999618530273,28.649999618530273,29.100000381469727,62080
2020-02-24,27.850000381469727,28.200000762939453,27.700000762939453,28.200000762939453,47980
2020-02-25,27.850000381469727,27.899999618530273,27.450000762939453,27.649999618530273,33640
2020-02-26,27.700000762939453,27.950000762939453,27.649999618530273,27.799999237060547,64500
2020-02-27,27.25,27.549999237060547,27.25,27.549999237060547,49440
2020-02-28,27.149999618530273,27.350000381469727,26.600000381469727,27.0,30360
2020-03-02,27.149999618530273,27.25,26.799999237060547,27.149999618530273,23460
2020-03-03,27.399999618530273,27.600000381469727,27.049999237060547,27.049999237060547,8000
2020-03-04,26.950000762939453,27.200000762939453,26.850000381469727,27.200000762939453,8820
2020-03-05,26.950000762939453,27.100000381469727,26.75,26.850000381469727,8920
2020-03-06,26.600000381469727,26.899999618530273,26.549999237060547,26.75,7520
2020-03-09,27.0,27.100000381469727,26.350000381469727,26.450000762939453,23660
2020-03-10,27.049999237060547,27.149999618530273,26.75,27.100000381469727,8500
2020-03-11,26.649999618530273,26.899999618530273,26.5,26.799999237060547,14500
2020-03-12,26.149999618530273,26.450000762939453,25.850000381469727,25.899999618530273,17720
2020-03-13,26.299999237060547,26.450000762939453,26.049999237060547,26.25,25640
2020-03-16,25.850000381469727,25.950000762939453,24.549999237060547,25.5,46800
2020-03-17,25.75,26.200000762939453,25.700000762939453,25.850000381469727,25060
2020-03-18,26.299999237060547,26.399999618530273,25.299999237060547,25.299999237060547,38160
2020-03-19,27.5,27.75,26.600000381469727,26.600000381469727,38120
2020-03-20,27.5,28.450000762939453,27.450000762939453,28.450000762939453,17980
2020-03-23,28.399999618530273,28.5,28.0,28.25,29400
2020-03-24,28.399999618530273,28.399999618530273,27.75,28.25,21420
2020-03-25,28.899999618530273,29.25,28.299999237060547,28.399999618530273,37060
2020-03-26,28.549999237060547,29.200000762939453,28.25,29.0,38520
2020-03-27,28.5,29.149999618530273,28.299999237060547,28.299999237060547,24140
2020-03-30,28.450000762939453,29.0,28.399999618530273,28.899999618530273,47920
2020-03-31,29.0,29.049999237060547,28.350000381469727,28.350000381469727,29360
2020-04-01,28.100000381469727,29.0,28.0,28.799999237060547,25880
2020-04-02,27.799999237060547,28.049999237060547,27.5,27.5,33420
2020-04-03,28.0,28.299999237060547,27.850000381469727,28.200000762939453,29160
2020-04-06,28.350000381469727,28.5,28.25,28.450000762939453,37840
2020-04-07,28.100000381469727,28.25,27.899999618530273,28.25,29580
2020-04-08,28.149999618530273,28.399999618530273,27.899999618530273,28.25,31240
2020-04-09,28.600000381469727,28.700000762939453,28.350000381469727,28.549999237060547,38600
2020-04-13,28.850000381469727,28.950000762939453,28.549999237060547,28.75,32280
2020-04-14,28.399999618530273,28.850000381469727,28.25,28.850000381469727,54120
2020-04-15,27.899999618530273,28.0,27.5,28.0,33800
2020-04-16,27.450000762939453,27.899999618530273,27.399999618530273,27.899999618530273,25800
2020-04-17,27.549999237060547,27.600000381469727,27.0,27.450000762939453,21100
2020-04-20,28.0,28.75,27.799999237060547,28.399999618530273,53600
2020-04-21,27.950000762939453,28.25,27.649999618530273,27.649999618530273,22680
2020-04-22,27.75,28.049999237060547,27.75,28.049999237060547,15220
2020-04-23,27.899999618530273,28.399999618530273,27.700000762939453,28.399999618530273,18080
2020-04-24,27.299999237060547,28.0,27.100000381469727,28.0,24720
2020-04-27,26.799999237060547,27.200000762939453,26.700000762939453,26.899999618530273,24460
2020-04-28,27.049999237060547,27.299999237060547,26.850000381469727,27.299999237060547,11060
2020-04-29,26.5,27.0,26.100000381469727,27.0,36260
2020-04-30,26.799999237060547,26.950000762939453,26.149999618530273,26.25,23520
2020-05-01,26.549999237060547,26.799999237060547,26.299999237060547,26.75,18080
2020-05-04,26.549999237060547,26.600000381469727,26.049999237060547,26.549999237060547,33900
2020-05-05,26.75,26.75,26.399999618530273,26.700000762939453,20060
2020-05-06,26.350000381469727,26.700000762939453,26.299999237060547,26.700000762939453,8560
2020-05-07,26.700000762939453,26.899999618530273,26.549999237060547,26.649999618530273,30680
2020-05-08,26.850000381469727,26.899999618530273,26.549999237060547,26.549999237060547,12100
2020-05-11,26.450000762939453,26.850000381469727,26.450000762939453,26.799999237060547,14100
2020-05-12,26.299999237060547,26.549999237060547,26.149999618530273,26.5,14660
2020-05-13,25.799999237060547,26.200000762939453,25.799999237060547,26.100000381469727,24960
2020-05-14,25.950000762939453,26.0,25.549999237060547,25.75,10800
2020-05-15,25.850000381469727,26.049999237060547,25.600000381469727,26.0,23160
2020-05-18,25.600000381469727,25.75,25.5,25.75,20660
2020-05-19,25.649999618530273,25.850000381469727,25.600000381469727,25.850000381469727,15860
2020-05-20,26.350000381469727,26.350000381469727,25.75,25.799999237060547,19060
2020-05-21,26.5,26.700000762939453,26.200000762939453,26.350000381469727,14800
2020-05-22,26.100000381469727,26.25,25.899999618530273,26.100000381469727,7780
2020-05-26,26.049999237060547,26.25,26.0,26.0,9340
2020-05-27,25.950000762939453,26.25,25.799999237060547,26.25,21820
2020-05-28,26.350000381469727,26.600000381469727,25.799999237060547,25.799999237060547,29560
2020-05-29,26.75,26.799999237060547,26.350000381469727,26.5,23020
2020-06-01,26.549999237060547,26.649999618530273,26.25,26.450000762939453,16980
2020-06-02,26.299999237060547,26.5,26.200000762939453,26.5,14000
2020-06-03,26.299999237060547,26.600000381469727,26.299999237060547,26.5,13180
2020-06-04,27.049999237060547,27.25,26.549999237060547,26.549999237060547,36840
2020-06-05,26.649999618530273,27.0,26.5,27.0,34920
2020-06-08,26.450000762939453,26.600000381469727,26.350000381469727,26.600000381469727,20600
2020-06-09,26.100000381469727,26.299999237060547,26.0,26.299999237060547,31600
2020-06-10,26.149999618530273,26.5,26.100000381469727,26.299999237060547,5720
2020-06-11,25.850000381469727,26.149999618530273,25.850000381469727,26.100000381469727,28480
2020-06-12,26.049999237060547,26.049999237060547,25.799999237060547,25.799999237060547,9080
2020-06-15,25.950000762939453,26.100000381469727,25.799999237060547,25.899999618530273,10840
2020-06-16,25.600000381469727,26.0,25.5,26.0,35300
2020-06-17,25.399999618530273,25.600000381469727,25.299999237060547,25.600000381469727,13060
2020-06-18,25.100000381469727,25.399999618530273,25.049999237060547,25.399999618530273,24580
2020-06-19,25.049999237060547,25.200000762939453,24.850000381469727,25.200000762939453,23740
2020-06-22,25.25,25.25,24.850000381469727,25.049999237060547,30940
2020-06-23,25.25,25.299999237060547,25.0,25.149999618530273,36400
2020-06-24,25.0,25.25,24.950000762939453,25.149999618530273,33920
2020-06-25,25.0,25.100000381469727,24.799999237060547,24.899999618530273,11840
2020-06-26,24.299999237060547,24.950000762939453,24.25,24.950000762939453,52280
2020-06-29,24.950000762939453,25.149999618530273,24.549999237060547,24.649999618530273,40640
2020-06-30,25.299999237060547,25.5,24.850000381469727,25.149999618530273,55160
2020-07-01,25.549999237060547,25.549999237060547,25.049999237060547,25.450000762939453,35060
2020-07-02,25.200000762939453,25.450000762939453,25.100000381469727,25.399999618530273,31040
2020-07-06,25.25,25.399999618530273,25.049999237060547,25.299999237060547,34200
2020-07-07,25.25,25.5,25.100000381469727,25.100000381469727,15220
2020-07-08,26.350000381469727,26.350000381469727,25.299999237060547,25.299999237060547,45580
2020-07-09,26.600000381469727,26.899999618530273,26.25,26.450000762939453,45320
2020-07-10,27.049999237060547,27.149999618530273,26.450000762939453,26.5,37540
2020-07-13,26.549999237060547,27.049999237060547,26.5,27.0,32540
2020-07-14,26.700000762939453,26.950000762939453,26.700000762939453,26.700000762939453,8100
2020-07-15,27.600000381469727,27.600000381469727,26.75,26.75,38900
2020-07-16,27.049999237060547,27.549999237060547,26.950000762939453,27.5,33760
2020-07-17,26.950000762939453,27.200000762939453,26.899999618530273,27.100000381469727,19040
2020-07-20,26.450000762939453,26.850000381469727,26.299999237060547,26.850000381469727,36720
2020-07-21,26.700000762939453,26.899999618530273,26.5,26.75,12240
2020-07-22,27.0,27.100000381469727,26.700000762939453,26.899999618530273,26420
2020-07-23,26.75,26.950000762939453,26.649999618530273,26.950000762939453,26520
2020-07-24,27.299999237060547,27.350000381469727,26.950000762939453,26.950000762939453,30540
2020-07-27,26.75,27.299999237060547,26.75,27.299999237060547,30800
2020-07-28,26.600000381469727,26.799999237060547,26.399999618530273,26.799999237060547,10680
2020-07-29,26.950000762939453,27.0,26.75,26.75,16520
2020-07-30,26.799999237060547,27.0,26.75,26.75,33340
2020-07-31,27.049999237060547,27.149999618530273,26.899999618530273,26.950000762939453,26100
2020-08-03,26.600000381469727,26.850000381469727,26.350000381469727,26.850000381469727,68040
2020-08-04,26.049999237060547,26.450000762939453,26.0,26.450000762939453,74020
2020-08-05,26.100000381469727,26.25,25.899999618530273,26.200000762939453,40680
2020-08-06,25.700000762939453,26.200000762939453,25.649999618530273,26.049999237060547,57660
2020-08-07,25.350000381469727,25.549999237060547,25.200000762939453,25.549999237060547,34340
2020-08-10,25.25,25.450000762939453,25.200000762939453,25.350000381469727,27080
2020-08-11,25.299999237060547,25.600000381469727,25.299999237060547,25.450000762939453,54420
2020-08-12,25.25,25.450000762939453,25.100000381469727,25.350000381469727,26740
2020-08-13,25.549999237060547,25.700000762939453,25.200000762939453,25.25,90980
2020-08-14,25.700000762939453,26.0,25.600000381469727,25.649999618530273,64640
2020-08-17,26.5,26.5,26.0,26.0,132160
2020-08-18,26.149999618530273,26.399999618530273,25.899999618530273,26.399999618530273,53520
2020-08-19,26.200000762939453,26.350000381469727,26.100000381469727,26.25,15760
2020-08-20,26.600000381469727,26.600000381469727,26.100000381469727,26.450000762939453,34940
2020-08-21,26.75,26.850000381469727,26.350000381469727,26.600000381469727,70640
2020-08-24,26.549999237060547,27.0,26.350000381469727,27.0,54720
2020-08-25,26.899999618530273,27.149999618530273,26.600000381469727,26.649999618530273,73260
2020-08-26,27.100000381469727,27.100000381469727,26.649999618530273,26.850000381469727,28880
2020-08-27,27.649999618530273,27.700000762939453,27.200000762939453,27.299999237060547,68060
2020-08-28,27.549999237060547,27.700000762939453,27.450000762939453,27.649999618530273,75440
2020-08-31,27.600000381469727,27.950000762939453,27.549999237060547,27.850000381469727,55680
2020-09-01,28.149999618530273,28.350000381469727,27.649999618530273,27.75,64900
2020-09-02,27.950000762939453,28.200000762939453,27.75,28.200000762939453,88900
2020-09-03,27.649999618530273,28.0,27.5,28.0,80900
2020-09-04,27.649999618530273,27.75,27.299999237060547,27.649999618530273,42040
2020-09-08,27.299999237060547,27.399999618530273,27.200000762939453,27.25,65720
2020-09-09,27.25,27.549999237060547,27.200000762939453,27.299999237060547,36500
2020-09-10,27.450000762939453,27.850000381469727,27.399999618530273,27.600000381469727,39420
2020-09-11,27.25,27.649999618530273,27.149999618530273,27.600000381469727,48280
2020-09-14,27.450000762939453,27.450000762939453,27.100000381469727,27.299999237060547,41120
2020-09-15,26.950000762939453,27.200000762939453,26.799999237060547,27.200000762939453,83400
2020-09-16,27.100000381469727,27.200000762939453,26.850000381469727,26.850000381469727,48620
2020-09-17,27.850000381469727,27.850000381469727,27.0,27.0,75140
2020-09-18,28.75,28.75,27.75,27.899999618530273,101200
2020-09-21,27.75,28.5,27.5,28.5,98980
2020-09-22,27.850000381469727,28.25,27.75,27.850000381469727,42720
2020-09-23,27.350000381469727,27.799999237060547,27.299999237060547,27.649999618530273,58780
2020-09-24,27.450000762939453,27.649999618530273,27.0,27.100000381469727,48800
2020-09-25,27.200000762939453,27.350000381469727,27.149999618530273,27.25,22980
2020-09-28,27.450000762939453,27.5,26.899999618530273,27.100000381469727,25020
2020-09-29,27.450000762939453,27.549999237060547,27.25,27.450000762939453,27960
2020-09-30,28.549999237060547,28.950000762939453,27.600000381469727,27.600000381469727,65540
2020-10-01,28.299999237060547,28.600000381469727,28.200000762939453,28.600000381469727,38780
2020-10-02,28.399999618530273,28.450000762939453,27.950000762939453,27.950000762939453,20740
2020-10-05,28.850000381469727,28.899999618530273,28.399999618530273,28.399999618530273,33240
2020-10-06,29.049999237060547,29.549999237060547,28.799999237060547,28.799999237060547,61560
2020-10-07,29.700000762939453,29.850000381469727,29.350000381469727,29.350000381469727,39260
2020-10-08,29.149999618530273,30.0,29.100000381469727,29.950000762939453,99540
2020-10-09,29.149999618530273,29.549999237060547,28.899999618530273,29.25,63300
2020-10-12,29.25,29.25,28.799999237060547,29.149999618530273,75380
2020-10-13,29.100000381469727,29.299999237060547,28.950000762939453,29.25,30400
2020-10-14,29.149999618530273,29.350000381469727,28.799999237060547,29.25,32800
2020-10-15,30.0,30.0,29.25,29.25,171200
2020-10-16,30.0,30.25,29.75,30.049999237060547,125260
2020-10-19,30.149999618530273,30.399999618530273,29.850000381469727,30.299999237060547,65900
2020-10-20,30.600000381469727,30.649999618530273,30.25,30.399999618530273,303860
2020-10-21,30.600000381469727,30.799999237060547,30.5,30.649999618530273,221640
2020-10-22,30.149999618530273,30.549999237060547,30.149999618530273,30.350000381469727,98820
2020-10-23,30.700000762939453,30.700000762939453,30.350000381469727,30.450000762939453,57200
2020-10-26,30.0,30.450000762939453,29.850000381469727,30.450000762939453,125120
2020-10-27,29.799999237060547,30.25,29.75,30.0,87680
2020-10-28,29.399999618530273,29.5,29.100000381469727,29.25,126740
2020-10-29,29.100000381469727,29.350000381469727,29.0,29.049999237060547,162560
2020-10-30,29.049999237060547,29.350000381469727,28.899999618530273,29.350000381469727,74160
2020-11-02,29.399999618530273,29.450000762939453,28.899999618530273,28.950000762939453,66980
2020-11-03,29.5,29.600000381469727,29.299999237060547,29.549999237060547,67160
2020-11-04,29.5,29.600000381469727,29.200000762939453,29.5,83280
2020-11-05,29.799999237060547,30.399999618530273,29.649999618530273,30.149999618530273,113240
2020-11-06,29.600000381469727,30.0,29.600000381469727,29.799999237060547,41520
2020-11-09,29.450000762939453,29.75,29.450000762939453,29.600000381469727,63260
2020-11-10,30.0,30.100000381469727,29.549999237060547,29.549999237060547,63440
2020-11-11,29.549999237060547,30.049999237060547,29.399999618530273,30.049999237060547,107100
2020-11-12,29.149999618530273,29.399999618530273,29.100000381469727,29.299999237060547,99220
2020-11-13,29.350000381469727,29.549999237060547,29.0,29.100000381469727,71440
2020-11-16,29.649999618530273,29.649999618530273,29.049999237060547,29.350000381469727,50260
2020-11-17,29.450000762939453,29.649999618530273,29.350000381469727,29.649999618530273,75380
2020-11-18,29.600000381469727,29.75,29.5,29.5,88240
2020-11-19,29.299999237060547,29.549999237060547,29.200000762939453,29.450000762939453,37020
2020-11-20,29.200000762939453,29.450000762939453,29.100000381469727,29.399999618530273,100340
2020-11-23,29.399999618530273,29.649999618530273,29.350000381469727,29.549999237060547,39900
2020-11-24,30.0,30.0,29.25,29.350000381469727,81460
2020-11-25,29.100000381469727,30.0,29.0,30.0,85900
2020-11-27,29.549999237060547,29.600000381469727,29.100000381469727,29.100000381469727,39700
2020-11-30,28.600000381469727,29.350000381469727,28.600000381469727,29.350000381469727,97560
2020-12-01,28.200000762939453,28.649999618530273,28.149999618530273,28.600000381469727,104000
2020-12-02,28.75,28.899999618530273,28.25,28.25,69600
2020-12-03,28.5,28.600000381469727,28.350000381469727,28.549999237060547,53600
2020-12-04,28.149999618530273,28.450000762939453,28.100000381469727,28.299999237060547,70040
2020-12-07,28.149999618530273,28.350000381469727,27.700000762939453,27.950000762939453,95420
2020-12-08,27.899999618530273,28.200000762939453,27.799999237060547,28.049999237060547,109980
2020-12-09,28.399999618530273,28.450000762939453,27.899999618530273,27.950000762939453,66700
2020-12-10,29.049999237060547,29.100000381469727,28.649999618530273,28.700000762939453,74800
2020-12-11,29.799999237060547,29.899999618530273,29.100000381469727,29.100000381469727,79280
2020-12-14,29.049999237060547,29.5,29.0,29.5,46180
2020-12-15,29.200000762939453,29.450000762939453,29.100000381469727,29.25,32220
2020-12-16,29.0,29.200000762939453,28.75,29.200000762939453,34460
2020-12-17,29.5,29.600000381469727,29.25,29.299999237060547,53520
2020-12-18,29.5,29.600000381469727,29.350000381469727,29.5,70680
2020-12-21,29.600000381469727,29.700000762939453,29.0,29.350000381469727,55020
2020-12-22,29.75,29.899999618530273,29.399999618530273,29.399999618530273,69740
2020-12-23,30.299999237060547,30.399999618530273,30.0,30.0,121100
2020-12-24,30.200000762939453,30.25,30.0,30.25,20460
2020-12-28,29.700000762939453,30.0,29.399999618530273,30.0,73020
2020-12-29,30.0,30.100000381469727,29.799999237060547,29.850000381469727,68140
2020-12-30,30.700000762939453,30.850000381469727,30.0,30.0,102420
2020-12-31,30.950000762939453,30.950000762939453,30.5,30.700000762939453,86320
2021-01-04,30.850000381469727,31.049999237060547,30.5,30.950000762939453,148540
2021-01-05,31.350000381469727,31.700000762939453,31.049999237060547,31.049999237060547,85120
2021-01-06,31.299999237060547,31.5,31.049999237060547,31.450000762939453,75460
2021-01-07,31.149999618530273,31.149999618530273,30.850000381469727,30.950000762939453,145300
2021-01-08,30.950000762939453,31.100000381469727,30.600000381469727,31.100000381469727,119380
2021-01-11,30.75,31.100000381469727,30.649999618530273,31.049999237060547,71640
2021-01-12,32.0,32.04999923706055,31.0,31.049999237060547,241560
2021-01-13,31.649999618530273,32.099998474121094,31.5,32.099998474121094,98740
2021-01-14,32.099998474121094,32.20000076293945,31.549999237060547,31.600000381469727,86880
2021-01-15,32.20000076293945,32.5,31.850000381469727,32.29999923706055,124460
2021-01-19,32.29999923706055,32.70000076293945,32.099998474121094,32.5,165940
2021-01-20,31.799999237060547,32.20000076293945,31.5,31.649999618530273,111340
2021-01-21,31.600000381469727,32.0,31.549999237060547,31.950000762939453,76420
2021-01-22,30.5,31.149999618530273,30.399999618530273,31.0,136880
2021-01-25,30.950000762939453,31.100000381469727,30.399999618530273,30.5,116620
2021-01-26,31.600000381469727,31.700000762939453,31.149999618530273,31.200000762939453,62420
2021-01-27,31.25,31.799999237060547,31.100000381469727,31.75,89040
2021-01-28,30.850000381469727,31.600000381469727,30.799999237060547,31.25,56080
2021-01-29,31.5,31.600000381469727,30.799999237060547,31.049999237060547,81340
2021-02-01,31.100000381469727,31.299999237060547,30.75,31.25,114000
2021-02-02,30.899999618530273,30.950000762939453,30.600000381469727,30.649999618530273,78920
2021-02-03,31.0,31.049999237060547,30.100000381469727,30.600000381469727,127160
2021-02-04,30.700000762939453,31.0,30.5,31.0,59660
2021-02-05,31.0,31.149999618530273,30.75,31.100000381469727,214780
2021-02-08,31.5,31.549999237060547,31.149999618530273,31.25,193120
2021-02-09,31.350000381469727,31.600000381469727,30.799999237060547,31.299999237060547,101140
2021-02-10,30.700000762939453,30.950000762939453,30.350000381469727,30.950000762939453,178420
2021-02-11,30.649999618530273,31.100000381469727,30.549999237060547,30.899999618530273,39540
2021-02-12,30.799999237060547,31.0,30.700000762939453,30.700000762939453,44260
2021-02-16,31.75,31.75,31.0,31.100000381469727,111820
2021-02-17,31.0,31.200000762939453,30.75,31.200000762939453,96480
2021-02-18,31.799999237060547,31.899999618530273,31.25,31.399999618530273,127860
2021-02-19,31.5,31.950000762939453,31.200000762939453,31.799999237060547,252260
2021-02-22,32.0,32.04999923706055,31.5,31.5,107980
2021-02-23,32.099998474121094,32.099998474121094,31.649999618530273,32.0,65980
2021-02-24,32.5,32.75,32.099998474121094,32.099998474121094,87040
2021-02-25,32.25,32.400001525878906,31.850000381469727,32.29999923706055,92840
2021-02-26,31.450000762939453,31.850000381469727,31.450000762939453,31.600000381469727,86620
2021-03-01,31.149999618530273,31.75,31.100000381469727,31.75,56380
2021-03-02,31.799999237060547,31.950000762939453,31.399999618530273,31.399999618530273,51660
2021-03-03,31.399999618530273,31.5,31.149999618530273,31.5,53660
2021-03-04,31.149999618530273,31.649999618530273,31.049999237060547,31.25,79140
2021-03-05,31.450000762939453,31.549999237060547,30.950000762939453,31.049999237060547,54320
2021-03-08,31.100000381469727,31.5,30.75,31.450000762939453,100700
2021-03-09,31.5,31.600000381469727,31.149999618530273,31.200000762939453,59260
2021-03-10,31.350000381469727,31.350000381469727,30.799999237060547,30.950000762939453,116840
2021-03-11,31.0,31.100000381469727,30.75,31.100000381469727,80180
2021-03-12,30.799999237060547,31.0,30.75,31.0,31600
2021-03-15,30.850000381469727,31.0,30.600000381469727,30.700000762939453,52600
2021-03-16,30.850000381469727,30.899999618530273,30.299999237060547,30.600000381469727,95100
2021-03-17,30.700000762939453,30.899999618530273,30.600000381469727,30.75,42160
2021-03-18,30.049999237060547,30.450000762939453,29.299999237060547,30.399999618530273,245920
2021-03-19,30.0,30.299999237060547,29.899999618530273,30.149999618530273,60800
2021-03-22,30.100000381469727,30.200000762939453,29.799999237060547,30.0,55900
2021-03-23,30.299999237060547,30.700000762939453,29.75,29.950000762939453,55640
2021-03-24,30.0,30.299999237060547,29.950000762939453,30.25,56520
2021-03-25,29.450000762939453,29.75,29.350000381469727,29.75,81600
2021-03-26,29.649999618530273,29.850000381469727,29.450000762939453,29.450000762939453,33720
2021-03-29,29.700000762939453,29.75,29.25,29.549999237060547,58760
2021-03-30,29.100000381469727,29.600000381469727,29.049999237060547,29.600000381469727,62940
2021-03-31,30.049999237060547,30.450000762939453,28.799999237060547,29.100000381469727,136840
2021-04-01,29.600000381469727,29.899999618530273,29.299999237060547,29.799999237060547,101040
2021-04-05,29.899999618530273,30.200000762939453,29.75,29.75,59480
2021-04-06,29.850000381469727,30.200000762939453,29.75,29.899999618530273,44360
2021-04-07,30.0,30.100000381469727,29.649999618530273,29.799999237060547,20400
2021-04-08,30.700000762939453,30.700000762939453,30.25,30.399999618530273,94620
2021-04-09,31.100000381469727,31.299999237060547,30.75,30.75,145620
2021-04-12,30.600000381469727,30.950000762939453,30.399999618530273,30.950000762939453,74920
2021-04-13,30.850000381469727,31.049999237060547,30.75,30.850000381469727,33860
2021-04-14,31.549999237060547,31.899999618530273,31.049999237060547,31.049999237060547,110760
2021-04-15,31.75,31.950000762939453,31.149999618530273,31.700000762939453,123020
2021-04-16,31.850000381469727,32.04999923706055,31.549999237060547,32.0,43260
2021-04-19,31.700000762939453,31.950000762939453,31.649999618530273,31.899999618530273,47880
2021-04-20,32.150001525878906,32.900001525878906,31.899999618530273,32.0,129760
2021-04-21,32.79999923706055,32.95000076293945,32.04999923706055,32.400001525878906,79860
2021-04-22,34.400001525878906,34.650001525878906,32.70000076293945,32.95000076293945,202960
2021-04-23,34.5,34.650001525878906,34.04999923706055,34.20000076293945,75340
2021-04-26,35.70000076293945,36.0,35.0,35.29999923706055,189720
2021-04-27,35.45000076293945,36.349998474121094,35.20000076293945,35.95000076293945,173900
2021-04-28,34.599998474121094,35.75,34.599998474121094,34.70000076293945,215440
2021-04-29,35.25,35.349998474121094,34.45000076293945,34.75,79140
2021-04-30,35.5,35.5,34.54999923706055,34.70000076293945,50620
2021-05-03,34.900001525878906,36.0,34.5,36.0,135980
2021-05-04,35.150001525878906,35.400001525878906,34.79999923706055,34.900001525878906,97420
2021-05-05,35.900001525878906,36.0,35.0,35.0,85220
2021-05-06,36.599998474121094,36.599998474121094,35.45000076293945,35.70000076293945,111880
2021-05-07,36.79999923706055,37.099998474121094,36.04999923706055,36.900001525878906,137680
2021-05-10,35.29999923706055,36.25,35.25,36.150001525878906,194900
2021-05-11,35.95000076293945,36.25,35.45000076293945,35.45000076293945,108220
2021-05-12,35.400001525878906,35.849998474121094,35.099998474121094,35.75,142460
2021-05-13,34.25,35.04999923706055,33.54999923706055,34.79999923706055,278320
2021-05-14,34.150001525878906,35.0,34.0,34.75,107700
2021-05-17,34.0,34.150001525878906,33.599998474121094,33.849998474121094,91000
2021-05-18,34.0,34.75,33.75,34.150001525878906,96700
2021-05-19,33.29999923706055,33.599998474121094,32.849998474121094,33.25,154260
2021-05-20,33.20000076293945,33.75,33.04999923706055,33.150001525878906,77060
2021-05-21,33.099998474121094,33.25,32.79999923706055,33.0,66300
2021-05-24,32.70000076293945,32.849998474121094,32.150001525878906,32.5,123460
2021-05-25,32.45000076293945,32.79999923706055,31.950000762939453,32.79999923706055,91100
2021-05-26,32.20000076293945,32.349998474121094,31.649999618530273,32.25,118340
2021-05-27,33.400001525878906,33.650001525878906,32.54999923706055,32.650001525878906,186500
2021-05-28,33.0,33.349998474121094,32.79999923706055,33.04999923706055,66720
2021-06-01,34.25,34.599998474121094,33.849998474121094,33.900001525878906,135380
2021-06-02,34.29999923706055,34.70000076293945,33.95000076293945,34.5,84540
2021-06-03,33.75,34.650001525878906,33.45000076293945,34.54999923706055,63500
2021-06-04,34.29999923706055,34.45000076293945,33.900001525878906,34.0,58700
2021-06-07,34.29999923706055,35.0,34.20000076293945,34.95000076293945,81360
2021-06-08,34.5,34.95000076293945,34.25,34.599998474121094,52540
2021-06-09,34.150001525878906,34.349998474121094,33.79999923706055,34.04999923706055,62560
2021-06-10,34.099998474121094,34.400001525878906,33.79999923706055,34.0,67960
2021-06-11,34.0,34.20000076293945,33.45000076293945,33.75,79020
2021-06-14,33.54999923706055,33.849998474121094,32.75,32.849998474121094,109620
2021-06-15,32.95000076293945,33.150001525878906,32.54999923706055,32.75,109140
2021-06-16,33.099998474121094,33.45000076293945,33.0,33.20000076293945,65740
2021-06-17,31.899999618530273,32.849998474121094,31.799999237060547,32.5,144400
2021-06-18,33.0,33.25,32.0,32.5,88540
2021-06-21,33.0,33.400001525878906,32.150001525878906,32.45000076293945,67900
2021-06-22,32.599998474121094,33.150001525878906,32.5,33.150001525878906,38280
2021-06-23,32.900001525878906,33.25,32.650001525878906,32.75,47360
2021-06-24,32.349998474121094,32.599998474121094,32.04999923706055,32.5,69560
2021-06-25,31.799999237060547,32.5,31.75,32.5,90080
2021-06-28,32.349998474121094,32.75,32.29999923706055,32.400001525878906,44460
2021-06-29,32.20000076293945,33.0,32.099998474121094,32.650001525878906,198620
2021-06-30,33.849998474121094,33.849998474121094,31.649999618530273,32.150001525878906,141080
2021-07-01,33.20000076293945,34.29999923706055,33.150001525878906,34.0,83120
2021-07-02,32.599998474121094,33.29999923706055,32.400001525878906,33.25,76020
2021-07-06,31.200000762939453,32.75,30.850000381469727,32.75,228160
2021-07-07,31.25,31.450000762939453,30.899999618530273,31.450000762939453,67120
2021-07-08,31.100000381469727,31.299999237060547,30.950000762939453,31.200000762939453,59620
2021-07-09,30.850000381469727,31.100000381469727,30.649999618530273,31.0,78120
2021-07-12,32.0,32.150001525878906,30.649999618530273,30.799999237060547,126880
2021-07-13,31.700000762939453,32.150001525878906,31.549999237060547,31.799999237060547,76500
2021-07-14,32.650001525878906,32.75,32.099998474121094,32.099998474121094,69200
2021-07-15,33.29999923706055,33.349998474121094,32.650001525878906,32.75,77480
2021-07-16,34.150001525878906,34.349998474121094,33.70000076293945,33.95000076293945,128700
2021-07-19,34.54999923706055,34.75,34.25,34.5,112400
2021-07-20,34.54999923706055,35.25,34.400001525878906,35.0,68920
2021-07-21,34.900001525878906,35.0,34.45000076293945,34.79999923706055,40500
2021-07-22,34.099998474121094,34.29999923706055,33.70000076293945,34.150001525878906,38320
2021-07-23,33.54999923706055,34.349998474121094,33.5,34.099998474121094,29680
2021-07-26,33.5,33.70000076293945,33.099998474121094,33.349998474121094,28380
2021-07-27,33.29999923706055,34.099998474121094,33.29999923706055,33.54999923706055,39240
2021-07-28,34.099998474121094,34.29999923706055,33.95000076293945,34.0,39780
2021-07-29,34.70000076293945,34.70000076293945,34.20000076293945,34.20000076293945,42260
2021-07-30,34.54999923706055,34.900001525878906,34.099998474121094,34.400001525878906,32520
2021-08-02,35.900001525878906,35.900001525878906,35.150001525878906,35.150001525878906,115520
2021-08-03,35.5,36.0,35.25,35.349998474121094,35560
2021-08-04,35.349998474121094,36.150001525878906,35.20000076293945,35.70000076293945,30160
2021-08-05,35.20000076293945,35.75,35.099998474121094,35.45000076293945,33320
2021-08-06,35.650001525878906,35.75,35.400001525878906,35.5,34220
2021-08-09,35.400001525878906,35.54999923706055,35.150001525878906,35.349998474121094,30420
2021-08-10,35.95000076293945,36.04999923706055,35.45000076293945,35.599998474121094,29800
2021-08-11,35.75,36.099998474121094,35.599998474121094,35.849998474121094,27940
2021-08-12,36.75,37.20000076293945,35.900001525878906,35.900001525878906,112560
2021-08-13,37.20000076293945,37.650001525878906,37.099998474121094,37.29999923706055,87080
2021-08-16,37.400001525878906,37.599998474121094,37.04999923706055,37.400001525878906,36440
2021-08-17,36.150001525878906,36.75,36.099998474121094,36.54999923706055,102720
2021-08-18,36.25,36.45000076293945,36.0,36.25,45020
2021-08-19,35.900001525878906,36.150001525878906,35.400001525878906,35.849998474121094,67440
2021-08-20,35.400001525878906,35.900001525878906,35.099998474121094,35.79999923706055,42180
2021-08-23,35.75,36.099998474121094,35.5,35.95000076293945,41760
2021-08-24,35.54999923706055,35.849998474121094,35.25,35.5,27280
2021-08-25,35.29999923706055,35.5,35.0,35.20000076293945,39540
2021-08-26,35.849998474121094,35.849998474121094,35.400001525878906,35.400001525878906,30360
2021-08-27,35.599998474121094,35.900001525878906,35.54999923706055,35.849998474121094,24420
2021-08-30,35.25,35.900001525878906,35.20000076293945,35.75,75000
2021-08-31,35.400001525878906,35.5,34.70000076293945,35.25,46740
2021-09-01,34.900001525878906,35.45000076293945,34.75,35.29999923706055,30400
2021-09-02,34.95000076293945,35.20000076293945,34.849998474121094,35.0,25580
2021-09-03,35.349998474121094,35.400001525878906,35.0,35.0,24400
2021-09-07,34.95000076293945,35.349998474121094,34.79999923706055,35.349998474121094,46440
2021-09-08,34.54999923706055,35.0,34.5,35.0,34160
2021-09-09,33.650001525878906,34.20000076293945,33.650001525878906,34.04999923706055,89520
2021-09-10,33.54999923706055,34.0,33.20000076293945,33.650001525878906,48040
2021-09-13,33.599998474121094,33.75,33.29999923706055,33.349998474121094,37220
2021-09-14,34.25,34.29999923706055,33.95000076293945,34.04999923706055,38620
2021-09-15,34.79999923706055,34.849998474121094,34.150001525878906,34.29999923706055,35460
2021-09-16,34.75,34.849998474121094,34.400001525878906,34.54999923706055,17020
2021-09-17,34.400001525878906,34.75,34.400001525878906,34.75,17140
2021-09-20,34.150001525878906,34.25,33.900001525878906,34.0,40800
2021-09-21,33.599998474121094,34.099998474121094,33.54999923706055,34.099998474121094,21440
2021-09-22,34.79999923706055,34.79999923706055,34.04999923706055,34.04999923706055,42380
2021-09-23,34.95000076293945,35.0,34.5,34.650001525878906,64340
2021-09-24,35.20000076293945,35.20000076293945,34.79999923706055,34.79999923706055,41980
2021-09-27,35.20000076293945,35.29999923706055,35.04999923706055,35.20000076293945,52540
2021-09-28,34.54999923706055,35.25,34.5,35.20000076293945,25360
2021-09-29,34.75,35.0,34.650001525878906,34.650001525878906,34500
2021-09-30,35.400001525878906,35.54999923706055,34.25,34.849998474121094,61240
2021-10-01,36.650001525878906,36.75,35.70000076293945,35.70000076293945,103360
2021-10-04,36.70000076293945,37.0,36.599998474121094,36.849998474121094,54080
2021-10-05,36.25,36.599998474121094,36.150001525878906,36.400001525878906,44520
2021-10-06,36.25,36.79999923706055,36.25,36.5,24340
2021-10-07,36.29999923706055,36.70000076293945,36.150001525878906,36.70000076293945,26080
2021-10-08,35.849998474121094,36.5,35.849998474121094,36.5,28520
2021-10-11,35.900001525878906,36.20000076293945,35.900001525878906,35.95000076293945,19340
2021-10-12,36.04999923706055,36.349998474121094,35.29999923706055,36.04999923706055,60160
2021-10-13,35.25,35.849998474121094,35.0,35.849998474121094,75460
2021-10-14,35.400001525878906,35.70000076293945,35.400001525878906,35.45000076293945,18740
2021-10-15,36.0,36.20000076293945,35.75,35.75,65000
2021-10-18,36.099998474121094,36.099998474121094,35.70000076293945,36.0,20300
2021-10-19,36.150001525878906,36.400001525878906,35.95000076293945,36.25,22820
2021-10-20,36.54999923706055,36.599998474121094,36.04999923706055,36.04999923706055,66880
2021-10-21,36.20000076293945,36.400001525878906,36.04999923706055,36.20000076293945,63700
2021-10-22,36.95000076293945,36.95000076293945,36.5,36.650001525878906,38980
2021-10-25,37.150001525878906,37.25,36.75,37.20000076293945,63200
2021-10-26,36.650001525878906,37.29999923706055,36.599998474121094,36.849998474121094,40740
2021-10-27,37.25,37.29999923706055,36.650001525878906,36.650001525878906,36140
2021-10-28,37.79999923706055,38.04999923706055,37.099998474121094,37.29999923706055,48960
2021-10-29,37.650001525878906,37.70000076293945,37.25,37.599998474121094,49400
2021-11-01,38.79999923706055,38.79999923706055,38.0,38.0,96660
2021-11-02,38.54999923706055,39.04999923706055,38.400001525878906,39.04999923706055,61340
2021-11-03,38.20000076293945,38.45000076293945,37.900001525878906,38.45000076293945,61140
2021-11-04,37.75,38.650001525878906,37.650001525878906,38.400001525878906,51120
2021-11-05,37.650001525878906,37.849998474121094,37.45000076293945,37.849998474121094,51240
2021-11-08,37.599998474121094,37.75,37.349998474121094,37.54999923706055,66660
2021-11-09,38.20000076293945,38.20000076293945,37.349998474121094,37.79999923706055,49620
2021-11-10,39.099998474121094,39.099998474121094,38.20000076293945,38.20000076293945,56200
2021-11-11,39.54999923706055,39.95000076293945,39.0,39.0,78100
2021-11-12,39.70000076293945,40.04999923706055,39.099998474121094,39.400001525878906,75520
2021-11-15,40.0,40.20000076293945,39.5,39.70000076293945,55860
2021-11-16,39.20000076293945,39.75,39.20000076293945,39.5,47060
2021-11-17,39.95000076293945,40.29999923706055,39.5,39.5,65060
2021-11-18,39.95000076293945,40.79999923706055,39.79999923706055,40.45000076293945,51540
2021-11-19,40.04999923706055,40.349998474121094,39.70000076293945,39.75,35560
2021-11-22,41.099998474121094,41.099998474121094,40.599998474121094,40.75,81340
2021-11-23,41.54999923706055,41.54999923706055,40.599998474121094,40.900001525878906,57120
2021-11-24,40.75,41.45000076293945,40.5,41.349998474121094,60260
2021-11-26,40.150001525878906,40.349998474121094,39.25,40.25,45840
2021-11-29,39.5,40.29999923706055,39.29999923706055,40.29999923706055,49820
2021-11-30,37.900001525878906,38.95000076293945,37.70000076293945,38.75,139820
2021-12-01,37.79999923706055,38.29999923706055,37.75,38.29999923706055,70280
2021-12-02,39.04999923706055,39.20000076293945,38.349998474121094,38.349998474121094,126480
2021-12-03,38.54999923706055,39.25,38.25,38.900001525878906,41800
2021-12-06,38.70000076293945,38.79999923706055,37.900001525878906,38.400001525878906,135340
2021-12-07,38.849998474121094,38.849998474121094,38.25,38.70000076293945,54300
2021-12-08,38.150001525878906,38.54999923706055,38.04999923706055,38.54999923706055,37380
2021-12-09,37.45000076293945,37.75,37.099998474121094,37.5,66060
2021-12-10,37.75,37.900001525878906,37.45000076293945,37.54999923706055,31360
2021-12-13,37.95000076293945,38.150001525878906,37.400001525878906,37.650001525878906,36360
2021-12-14,37.79999923706055,38.0,37.400001525878906,37.79999923706055,31820
2021-12-15,36.5,37.45000076293945,36.29999923706055,37.45000076293945,93780
2021-12-16,37.0,37.150001525878906,36.400001525878906,36.54999923706055,25720
2021-12-17,37.150001525878906,37.349998474121094,36.79999923706055,36.95000076293945,43880
2021-12-20,37.25,37.25,36.599998474121094,36.70000076293945,29320
2021-12-21,38.0,38.04999923706055,37.099998474121094,37.099998474121094,34800
2021-12-22,38.79999923706055,38.900001525878906,38.349998474121094,38.400001525878906,54420
2021-12-23,38.95000076293945,39.04999923706055,38.599998474121094,38.70000076293945,41980
2021-12-27,38.650001525878906,39.099998474121094,38.45000076293945,39.04999923706055,38420
2021-12-28,37.79999923706055,38.20000076293945,37.650001525878906,38.0,72960
2021-12-29,37.900001525878906,38.0,37.29999923706055,37.5,29840
2021-12-30,37.400001525878906,37.79999923706055,37.20000076293945,37.70000076293945,34740
2021-12-31,36.95000076293945,37.29999923706055,36.79999923706055,37.20000076293945,33340
2022-01-03,36.349998474121094,37.099998474121094,36.20000076293945,37.099998474121094,44000
2022-01-04,36.95000076293945,36.95000076293945,36.45000076293945,36.5,157240
2022-01-05,36.599998474121094,36.79999923706055,36.29999923706055,36.650001525878906,42440
2022-01-06,36.099998474121094,36.349998474121094,35.599998474121094,36.349998474121094,67280
2022-01-07,36.54999923706055,36.54999923706055,35.5,35.70000076293945,44320
2022-01-10,36.54999923706055,36.75,36.0,36.150001525878906,26840
2022-01-11,37.0,37.0,36.54999923706055,36.650001525878906,37020
2022-01-12,36.400001525878906,36.900001525878906,36.25,36.900001525878906,51800
2022-01-13,35.75,36.25,35.54999923706055,36.25,40060
2022-01-14,35.70000076293945,35.900001525878906,35.45000076293945,35.650001525878906,28080
2022-01-18,36.75,36.75,35.79999923706055,35.900001525878906,54000
2022-01-19,37.95000076293945,38.0,36.95000076293945,37.099998474121094,64720
2022-01-20,37.599998474121094,38.25,37.400001525878906,37.79999923706055,52160
2022-01-21,37.20000076293945,37.75,37.20000076293945,37.29999923706055,50760
2022-01-24,38.29999923706055,38.29999923706055,37.150001525878906,37.349998474121094,111980
2022-01-25,38.900001525878906,39.45000076293945,38.45000076293945,38.70000076293945,167760
2022-01-26,38.0,38.599998474121094,37.70000076293945,38.599998474121094,71660
2022-01-27,37.150001525878906,37.650001525878906,37.150001525878906,37.54999923706055,59000
2022-01-28,37.849998474121094,37.900001525878906,37.29999923706055,37.45000076293945,40080
2022-01-31,36.54999923706055,37.79999923706055,36.400001525878906,37.79999923706055,86140
2022-02-01,36.95000076293945,37.20000076293945,36.75,36.75,51680
2022-02-02,36.349998474121094,37.349998474121094,36.099998474121094,37.150001525878906,52300
2022-02-03,36.29999923706055,36.349998474121094,35.75,36.0,56760
2022-02-04,36.900001525878906,36.900001525878906,36.099998474121094,36.45000076293945,61640
2022-02-07,37.20000076293945,37.25,36.650001525878906,37.150001525878906,46040
2022-02-08,37.54999923706055,37.54999923706055,36.70000076293945,36.79999923706055,57020
2022-02-09,37.849998474121094,37.900001525878906,37.25,37.25,53920
2022-02-10,37.20000076293945,38.54999923706055,36.95000076293945,38.150001525878906,77860
2022-02-11,38.54999923706055,38.75,37.45000076293945,37.54999923706055,129540
2022-02-14,38.54999923706055,38.650001525878906,37.75,38.0,116720
2022-02-15,37.5,37.79999923706055,37.349998474121094,37.70000076293945,70420
2022-02-16,37.54999923706055,37.75,37.29999923706055,37.54999923706055,72460
2022-02-17,38.45000076293945,38.5,37.849998474121094,37.95000076293945,103120
2022-02-18,38.29999923706055,39.150001525878906,38.29999923706055,38.650001525878906,157020
2022-02-22,40.650001525878906,40.70000076293945,38.70000076293945,39.0,623660
2022-02-23,42.099998474121094,42.29999923706055,40.70000076293945,40.75,513880
2022-02-24,44.150001525878906,45.849998474121094,43.0,45.75,1150520
2022-02-25,40.54999923706055,42.25,40.349998474121094,42.04999923706055,527620
2022-02-28,44.20000076293945,44.20000076293945,42.0,42.599998474121094,626700
2022-03-01,47.04999923706055,47.650001525878906,45.79999923706055,45.95000076293945,764400
2022-03-02,48.04999923706055,51.5,46.29999923706055,48.04999923706055,1300220
2022-03-03,55.54999923706055,58.75,49.099998474121094,49.54999923706055,3195120
2022-03-04,54.150001525878906,63.75,51.0,59.54999923706055,5474120
2022-03-07,61.400001525878906,62.79999923706055,55.54999923706055,56.75,4137140
2022-03-08,55.54999923706055,59.5,50.5,58.79999923706055,3508360
2022-03-09,51.79999923706055,53.5,49.70000076293945,52.75,1097320
2022-03-10,50.04999923706055,53.0,48.45000076293945,52.5,1405780
2022-03-11,51.75,52.45000076293945,48.150001525878906,49.400001525878906,908060
2022-03-14,50.95000076293945,53.349998474121094,50.25,50.900001525878906,1129760
2022-03-15,52.849998474121094,53.95000076293945,51.099998474121094,51.25,754660
2022-03-16,49.20000076293945,52.75,48.75,52.29999923706055,1325660
2022-03-17,51.20000076293945,52.04999923706055,49.29999923706055,49.400001525878906,1906580
2022-03-18,49.95000076293945,51.20000076293945,49.79999923706055,50.54999923706055,397120
2022-03-21,53.150001525878906,53.900001525878906,51.45000076293945,51.650001525878906,1816160
2022-03-22,53.45000076293945,54.29999923706055,52.25,54.099998474121094,911760
2022-03-23,52.95000076293945,54.29999923706055,52.599998474121094,54.20000076293945,735440
2022-03-24,52.150001525878906,53.099998474121094,51.95000076293945,52.25,557780
2022-03-25,53.04999923706055,53.45000076293945,51.70000076293945,52.75,1309140
2022-03-28,51.29999923706055,51.70000076293945,50.650001525878906,51.29999923706055,1247680
2022-03-29,49.45000076293945,50.099998474121094,47.45000076293945,48.0,1349940
2022-03-30,50.099998474121094,50.75,49.900001525878906,50.5,399700
2022-03-31,49.29999923706055,52.20000076293945,49.099998474121094,50.650001525878906,621900
2022-04-01,48.45000076293945,50.29999923706055,48.29999923706055,50.0,408200
2022-04-04,49.900001525878906,50.150001525878906,49.20000076293945,49.5,364880
2022-04-05,51.70000076293945,52.70000076293945,50.900001525878906,51.599998474121094,606980
2022-04-06,51.75,52.25,50.900001525878906,51.25,498580
2022-04-07,51.25,51.650001525878906,50.79999923706055,51.54999923706055,305720
2022-04-08,52.650001525878906,52.650001525878906,51.29999923706055,51.29999923706055,1041800
2022-04-11,54.150001525878906,54.400001525878906,52.95000076293945,53.400001525878906,1304600
2022-04-12,55.099998474121094,55.5,54.25,55.0,1394660
2022-04-13,55.349998474121094,56.099998474121094,54.349998474121094,55.04999923706055,1337520
2022-04-14,54.54999923706055,55.70000076293945,54.349998474121094,55.45000076293945,776740
2022-04-18,55.79999923706055,56.54999923706055,55.599998474121094,56.0,1472520
2022-04-19,54.650001525878906,56.150001525878906,54.5,55.900001525878906,821160
2022-04-20,54.54999923706055,55.04999923706055,53.25,54.75,482740
2022-04-21,53.349998474121094,54.150001525878906,52.599998474121094,54.150001525878906,621000
2022-04-22,52.900001525878906,53.79999923706055,52.650001525878906,53.45000076293945,425860
2022-04-25,53.25,53.75,52.349998474121094,53.20000076293945,523900
2022-04-26,54.400001525878906,54.75,53.29999923706055,54.5,829320
2022-04-27,54.29999923706055,54.400001525878906,53.400001525878906,53.849998474121094,489040
2022-04-28,53.79999923706055,54.79999923706055,53.599998474121094,54.650001525878906,669580
2022-04-29,52.099998474121094,53.70000076293945,52.0,53.650001525878906,558460
2022-05-02,52.650001525878906,53.29999923706055,51.75,52.099998474121094,297120
2022-05-03,52.45000076293945,53.349998474121094,52.0,52.79999923706055,288440
2022-05-04,53.75,53.849998474121094,52.79999923706055,53.599998474121094,611720
2022-05-05,54.900001525878906,55.400001525878906,53.95000076293945,54.650001525878906,959100
2022-05-06,55.0,55.70000076293945,54.54999923706055,55.0,455140
2022-05-09,53.400001525878906,55.75,52.900001525878906,55.150001525878906,1091260
2022-05-10,54.54999923706055,54.75,53.900001525878906,54.45000076293945,434300
2022-05-11,56.45000076293945,56.70000076293945,54.650001525878906,54.95000076293945,2374260
2022-05-12,57.900001525878906,58.70000076293945,54.95000076293945,55.5,2090880
2022-05-13,58.20000076293945,58.29999923706055,57.29999923706055,58.04999923706055,658300
2022-05-16,60.70000076293945,60.849998474121094,59.54999923706055,60.25,2181700
2022-05-17,61.79999923706055,62.099998474121094,59.599998474121094,59.849998474121094,1579400
2022-05-18,60.0,60.95000076293945,59.400001525878906,60.75,1557580
2022-05-19,58.849998474121094,59.900001525878906,58.25,58.75,1002580
2022-05-20,57.5,58.849998474121094,57.349998474121094,58.29999923706055,895500
2022-05-23,59.5,59.650001525878906,58.150001525878906,58.75,1143420
2022-05-24,57.599998474121094,59.650001525878906,56.400001525878906,59.54999923706055,1099200
2022-05-25,57.04999923706055,57.150001525878906,55.5,55.95000076293945,1128620
2022-05-26,56.75,57.599998474121094,55.849998474121094,56.349998474121094,688560
2022-05-27,57.900001525878906,58.150001525878906,56.849998474121094,56.849998474121094,640920
2022-05-31,54.849998474121094,56.45000076293945,54.400001525878906,56.45000076293945,1710860
2022-06-01,52.45000076293945,55.0,51.95000076293945,54.849998474121094,2196100
2022-06-02,53.70000076293945,54.04999923706055,53.150001525878906,53.349998474121094,631560
2022-06-03,53.400001525878906,53.5,52.5,52.70000076293945,664720
2022-06-06,56.04999923706055,56.400001525878906,54.650001525878906,54.849998474121094,1904940
2022-06-07,55.349998474121094,55.54999923706055,54.150001525878906,55.54999923706055,794080
2022-06-08,55.349998474121094,55.599998474121094,54.599998474121094,55.400001525878906,349120
2022-06-09,54.95000076293945,55.099998474121094,53.70000076293945,54.25,1000000
2022-06-10,55.25,55.25,54.0,54.400001525878906,848340
2022-06-13,54.79999923706055,55.75,54.150001525878906,55.5,1084600
2022-06-14,53.849998474121094,54.75,53.75,54.599998474121094,681960
2022-06-15,53.95000076293945,54.45000076293945,53.650001525878906,53.75,360340
2022-06-16,55.349998474121094,55.45000076293945,53.95000076293945,54.0,688400
2022-06-17,53.0,55.45000076293945,52.900001525878906,55.25,764780
2022-06-21,50.150001525878906,52.70000076293945,50.099998474121094,52.20000076293945,1263980
2022-06-22,49.900001525878906,51.54999923706055,49.849998474121094,50.70000076293945,908820
2022-06-23,48.150001525878906,49.79999923706055,48.099998474121094,49.599998474121094,741880
2022-06-24,47.599998474121094,49.20000076293945,47.54999923706055,48.95000076293945,323100
2022-06-27,46.650001525878906,48.099998474121094,46.5,47.849998474121094,822820
2022-06-28,47.45000076293945,48.150001525878906,47.25,47.900001525878906,326020
2022-06-29,47.400001525878906,48.349998474121094,47.150001525878906,48.20000076293945,402680
2022-06-30,45.20000076293945,47.70000076293945,44.900001525878906,47.20000076293945,1829840
2022-07-01,43.150001525878906,45.5,43.0,45.25,873700
2022-07-05,41.29999923706055,43.45000076293945,41.20000076293945,43.400001525878906,672500
2022-07-06,41.25,42.849998474121094,40.349998474121094,42.599998474121094,458420
2022-07-07,42.849998474121094,43.150001525878906,42.20000076293945,43.099998474121094,325060
2022-07-08,45.75,45.75,43.650001525878906,43.849998474121094,499580
2022-07-11,43.70000076293945,46.099998474121094,43.54999923706055,46.099998474121094,271480
2022-07-12,41.650001525878906,43.599998474121094,41.599998474121094,43.0,306500
2022-07-13,41.650001525878906,43.04999923706055,41.400001525878906,42.04999923706055,286640
2022-07-14,41.0,42.150001525878906,40.900001525878906,41.900001525878906,244440
2022-07-15,40.29999923706055,40.900001525878906,39.75,40.75,336560
2022-07-18,41.79999923706055,42.45000076293945,41.150001525878906,41.25,250240
2022-07-19,41.95000076293945,42.29999923706055,40.95000076293945,41.349998474121094,290100
2022-07-20,42.349998474121094,42.75,41.45000076293945,42.599998474121094,203460
2022-07-21,41.599998474121094,42.650001525878906,40.79999923706055,41.75,181480
2022-07-22,39.150001525878906,40.79999923706055,39.04999923706055,40.54999923706055,835600
2022-07-25,40.099998474121094,40.79999923706055,39.54999923706055,40.400001525878906,448520
2022-07-26,41.75,41.75,40.75,40.900001525878906,327220
2022-07-27,41.099998474121094,41.79999923706055,40.650001525878906,41.75,220100
2022-07-28,42.5,42.650001525878906,41.5,41.79999923706055,271800
2022-07-29,42.29999923706055,43.650001525878906,41.650001525878906,43.400001525878906,321260
2022-08-01,41.79999923706055,41.849998474121094,40.79999923706055,41.0,181900
2022-08-02,40.45000076293945,41.400001525878906,40.400001525878906,40.849998474121094,144780
2022-08-03,40.25,41.20000076293945,39.599998474121094,41.150001525878906,231500
2022-08-04,41.04999923706055,41.29999923706055,39.900001525878906,40.20000076293945,209160
2022-08-05,40.79999923706055,41.400001525878906,40.349998474121094,40.5,472420
2022-08-08,41.29999923706055,41.599998474121094,40.150001525878906,40.349998474121094,495800
2022-08-09,41.099998474121094,41.70000076293945,40.54999923706055,41.599998474121094,337660
2022-08-10,41.900001525878906,42.099998474121094,41.349998474121094,41.70000076293945,201820
2022-08-11,42.150001525878906,42.599998474121094,41.849998474121094,41.900001525878906,190340
2022-08-12,41.849998474121094,42.099998474121094,40.75,42.099998474121094,594060
2022-08-15,41.599998474121094,41.95000076293945,40.54999923706055,41.04999923706055,321600
2022-08-16,40.75,41.70000076293945,40.650001525878906,41.400001525878906,382960
2022-08-17,40.0,41.349998474121094,39.70000076293945,41.349998474121094,249400
2022-08-18,38.45000076293945,39.349998474121094,38.150001525878906,39.349998474121094,495160
2022-08-19,39.5,39.650001525878906,38.29999923706055,38.900001525878906,352840
2022-08-22,40.5,40.599998474121094,39.150001525878906,39.400001525878906,382260
2022-08-23,41.25,42.0,40.70000076293945,41.0,371300
2022-08-24,41.599998474121094,41.75,40.70000076293945,41.650001525878906,420320
2022-08-25,40.20000076293945,41.849998474121094,40.099998474121094,41.45000076293945,436520
2022-08-26,41.79999923706055,41.900001525878906,40.45000076293945,40.45000076293945,403040
2022-08-29,43.25,43.349998474121094,41.349998474121094,41.5,1431480
2022-08-30,42.150001525878906,43.099998474121094,41.900001525878906,42.54999923706055,603340
2022-08-31,42.70000076293945,43.0,41.349998474121094,41.75,422060
2022-09-01,40.79999923706055,42.75,40.650001525878906,42.45000076293945,575100
2022-09-02,41.54999923706055,42.04999923706055,41.25,41.400001525878906,243380
2022-09-06,41.95000076293945,42.04999923706055,41.29999923706055,41.79999923706055,272920
2022-09-07,42.95000076293945,44.400001525878906,42.650001525878906,43.04999923706055,704020
2022-09-08,42.400001525878906,43.54999923706055,41.79999923706055,43.400001525878906,500420
2022-09-09,44.04999923706055,44.29999923706055,42.79999923706055,42.79999923706055,458640
2022-09-12,43.75,44.099998474121094,43.150001525878906,44.0,441040
2022-09-13,43.79999923706055,44.349998474121094,43.29999923706055,43.5,480580
2022-09-14,44.400001525878906,44.400001525878906,43.29999923706055,43.650001525878906,309300
2022-09-15,42.79999923706055,44.45000076293945,42.70000076293945,44.04999923706055,559560
2022-09-16,43.650001525878906,43.849998474121094,42.25,42.650001525878906,281880
2022-09-19,42.29999923706055,42.70000076293945,41.79999923706055,42.70000076293945,316800
2022-09-20,45.04999923706055,45.20000076293945,42.75,42.75,511020
2022-09-21,45.349998474121094,45.79999923706055,44.04999923706055,45.20000076293945,438980
2022-09-22,45.5,46.04999923706055,44.79999923706055,44.95000076293945,441260
2022-09-23,44.099998474121094,44.75,44.0,44.75,448660
2022-09-26,43.04999923706055,44.45000076293945,43.04999923706055,44.0,254720
2022-09-27,43.650001525878906,44.75,43.650001525878906,44.0,294440
2022-09-28,45.20000076293945,45.349998474121094,44.25,44.25,412680
2022-09-29,44.79999923706055,45.400001525878906,44.599998474121094,45.29999923706055,241560
2022-09-30,45.75,46.79999923706055,44.79999923706055,45.29999923706055,505420
2022-10-03,45.650001525878906,46.45000076293945,45.29999923706055,46.45000076293945,298620
2022-10-04,45.20000076293945,46.349998474121094,45.0,45.650001525878906,315280
2022-10-05,45.54999923706055,46.04999923706055,44.900001525878906,45.04999923706055,330860
2022-10-06,44.54999923706055,45.04999923706055,44.099998474121094,44.75,276020
2022-10-07,44.599998474121094,45.20000076293945,44.25,44.849998474121094,287620
2022-10-10,46.79999923706055,47.5,45.75,45.900001525878906,768400
2022-10-11,45.349998474121094,46.349998474121094,45.29999923706055,46.150001525878906,408700
2022-10-12,44.70000076293945,45.25,44.349998474121094,44.95000076293945,435600
2022-10-13,44.95000076293945,45.75,43.849998474121094,44.099998474121094,433160
2022-10-14,43.75,44.95000076293945,43.650001525878906,44.5,346360
2022-10-17,43.849998474121094,44.5,43.650001525878906,44.25,216400
2022-10-18,43.349998474121094,43.599998474121094,42.650001525878906,43.5,268280
2022-10-19,42.900001525878906,43.900001525878906,42.75,43.54999923706055,259660
2022-10-20,43.54999923706055,43.650001525878906,43.099998474121094,43.400001525878906,396640
2022-10-21,43.400001525878906,44.099998474121094,42.75,42.79999923706055,265980
2022-10-24,43.0,43.54999923706055,42.849998474121094,43.29999923706055,210600
2022-10-25,42.79999923706055,43.20000076293945,42.599998474121094,42.849998474121094,191060
2022-10-26,43.20000076293945,43.400001525878906,42.45000076293945,42.79999923706055,212320
2022-10-27,43.099998474121094,43.900001525878906,42.849998474121094,43.75,158320
2022-10-28,42.75,42.95000076293945,42.400001525878906,42.650001525878906,149960
2022-10-31,44.900001525878906,45.099998474121094,43.70000076293945,44.70000076293945,1107780
2022-11-01,45.70000076293945,45.900001525878906,44.5,45.0,429220
2022-11-02,43.25,43.75,43.04999923706055,43.5,578340
2022-11-03,43.150001525878906,43.54999923706055,42.599998474121094,42.70000076293945,317000
2022-11-04,43.599998474121094,43.849998474121094,42.95000076293945,43.599998474121094,172140
2022-11-07,43.5,44.29999923706055,43.400001525878906,43.54999923706055,427860
2022-11-08,42.70000076293945,43.95000076293945,42.54999923706055,43.25,320780
2022-11-09,41.75,42.650001525878906,41.75,42.5,360660
2022-11-10,41.650001525878906,42.20000076293945,41.400001525878906,42.20000076293945,345520
2022-11-11,42.20000076293945,42.400001525878906,41.54999923706055,41.70000076293945,232280
2022-11-14,42.25,42.79999923706055,41.79999923706055,42.0,149680
2022-11-15,42.54999923706055,43.400001525878906,41.5,41.79999923706055,534180
2022-11-16,42.099998474121094,42.25,41.650001525878906,41.900001525878906,129440
2022-11-17,41.54999923706055,41.95000076293945,41.150001525878906,41.400001525878906,263200
2022-11-18,41.349998474121094,41.79999923706055,41.29999923706055,41.54999923706055,163400
2022-11-21,41.150001525878906,41.349998474121094,40.599998474121094,40.95000076293945,164020
2022-11-22,40.849998474121094,41.5,40.79999923706055,41.25,161080
2022-11-23,40.900001525878906,41.099998474121094,40.400001525878906,40.599998474121094,187580
2022-11-25,40.349998474121094,41.29999923706055,40.25,40.75,118880
2022-11-28,39.5,39.95000076293945,39.25,39.95000076293945,265540
2022-11-29,39.599998474121094,40.0,39.400001525878906,39.5,183620
2022-11-30,40.20000076293945,40.29999923706055,39.54999923706055,39.599998474121094,192020
2022-12-01,39.5,40.25,39.5,40.0,128720
2022-12-02,38.650001525878906,39.150001525878906,38.45000076293945,39.150001525878906,220520
2022-12-05,37.599998474121094,38.79999923706055,37.400001525878906,38.75,874600
2022-12-06,37.04999923706055,37.70000076293945,36.75,37.5,321560
2022-12-07,37.900001525878906,38.25,37.25,37.400001525878906,220220
2022-12-08,37.79999923706055,38.20000076293945,37.400001525878906,38.099998474121094,149260
2022-12-09,37.25,37.849998474121094,37.099998474121094,37.79999923706055,183160
2022-12-12,38.20000076293945,38.45000076293945,37.599998474121094,37.849998474121094,199060
2022-12-13,38.0,38.849998474121094,38.0,38.5,152160
2022-12-14,37.95000076293945,38.099998474121094,37.54999923706055,37.75,81360
2022-12-15,38.20000076293945,38.75,37.75,38.099998474121094,148560
2022-12-16,38.25,38.400001525878906,37.95000076293945,38.099998474121094,140320
2022-12-19,37.849998474121094,38.29999923706055,37.400001525878906,37.900001525878906,206320
2022-12-20,37.79999923706055,38.400001525878906,37.650001525878906,37.70000076293945,144620
2022-12-21,38.75,39.0,38.04999923706055,38.04999923706055,231240
2022-12-22,38.5,38.900001525878906,38.29999923706055,38.75,152000
2022-12-23,38.95000076293945,39.20000076293945,38.599998474121094,38.599998474121094,163780
2022-12-27,39.099998474121094,39.45000076293945,38.70000076293945,39.099998474121094,266080
2022-12-28,39.599998474121094,39.650001525878906,39.04999923706055,39.150001525878906,187560
2022-12-29,39.04999923706055,39.150001525878906,38.650001525878906,38.95000076293945,189520
2022-12-30,39.900001525878906,40.150001525878906,38.70000076293945,38.70000076293945,196420
2023-01-03,39.29999923706055,40.0,38.849998474121094,39.900001525878906,141080
2023-01-04,37.75,38.75,37.75,38.75,194100
2023-01-05,37.75,38.0,37.349998474121094,37.79999923706055,112640
2023-01-06,37.599998474121094,38.25,37.599998474121094,38.0,93300
2023-01-09,37.650001525878906,38.29999923706055,37.54999923706055,37.54999923706055,125540
2023-01-10,37.0,37.5,36.650001525878906,37.150001525878906,183760
2023-01-11,37.45000076293945,37.599998474121094,36.95000076293945,37.150001525878906,197900
2023-01-12,37.599998474121094,37.79999923706055,36.79999923706055,37.45000076293945,185920
2023-01-13,37.54999923706055,37.79999923706055,37.29999923706055,37.5,90600
2023-01-17,37.900001525878906,38.150001525878906,37.0,37.04999923706055,168460
2023-01-18,37.54999923706055,38.349998474121094,37.5,38.099998474121094,145420
2023-01-19,37.29999923706055,37.849998474121094,37.20000076293945,37.45000076293945,71440
2023-01-20,37.650001525878906,37.75,37.20000076293945,37.20000076293945,127460
2023-01-23,36.5,37.150001525878906,36.150001525878906,37.099998474121094,270840
2023-01-24,37.150001525878906,37.349998474121094,36.54999923706055,36.54999923706055,229380
2023-01-25,37.29999923706055,37.650001525878906,37.25,37.29999923706055,87020
2023-01-26,38.04999923706055,38.25,37.79999923706055,37.79999923706055,116200
2023-01-27,37.95000076293945,38.04999923706055,37.70000076293945,37.79999923706055,97900
2023-01-30,38.04999923706055,38.29999923706055,37.75,38.150001525878906,93940
2023-01-31,38.599998474121094,38.70000076293945,37.75,37.75,139340
2023-02-01,38.599998474121094,38.599998474121094,37.849998474121094,38.5,108700
2023-02-02,38.54999923706055,38.900001525878906,38.150001525878906,38.849998474121094,201580
2023-02-03,38.45000076293945,39.400001525878906,38.20000076293945,38.349998474121094,143740
2023-02-06,38.20000076293945,38.95000076293945,38.0,38.54999923706055,112000
2023-02-07,38.349998474121094,38.54999923706055,38.150001525878906,38.150001525878906,52660
2023-02-08,38.95000076293945,38.95000076293945,38.20000076293945,38.25,154460
2023-02-09,38.54999923706055,39.0,38.400001525878906,39.0,115280
2023-02-10,40.0,40.099998474121094,38.95000076293945,38.95000076293945,182640
2023-02-13,39.95000076293945,40.25,39.400001525878906,39.599998474121094,151460
2023-02-14,39.849998474121094,40.45000076293945,39.79999923706055,40.04999923706055,154240
2023-02-15,39.099998474121094,40.0,39.04999923706055,39.79999923706055,125880
2023-02-16,38.95000076293945,39.20000076293945,38.849998474121094,39.0,99580
2023-02-17,38.900001525878906,39.25,38.849998474121094,38.849998474121094,116360
2023-02-21,38.349998474121094,39.20000076293945,38.349998474121094,38.900001525878906,109060
2023-02-22,37.849998474121094,38.150001525878906,37.650001525878906,38.150001525878906,127540
2023-02-23,37.849998474121094,38.20000076293945,37.599998474121094,37.75,69840
2023-02-24,36.29999923706055,37.349998474121094,36.25,37.349998474121094,206540
2023-02-27,35.849998474121094,36.349998474121094,35.70000076293945,36.25,171040
2023-02-28,35.75,36.04999923706055,35.54999923706055,35.70000076293945,104480
2023-03-01,36.0,36.099998474121094,35.5,35.650001525878906,175640
2023-03-02,36.0,36.45000076293945,35.849998474121094,36.150001525878906,147460
2023-03-03,35.95000076293945,36.150001525878906,35.75,36.04999923706055,139080
2023-03-06,35.20000076293945,35.45000076293945,35.150001525878906,35.400001525878906,178460
2023-03-07,35.349998474121094,35.599998474121094,35.0,35.25,117440
2023-03-08,34.79999923706055,35.25,34.70000076293945,35.20000076293945,162660
2023-03-09,33.95000076293945,34.79999923706055,33.79999923706055,34.79999923706055,256300
2023-03-10,34.650001525878906,34.70000076293945,33.900001525878906,33.900001525878906,169860
2023-03-13,34.75,35.29999923706055,34.04999923706055,34.099998474121094,185780
2023-03-14,35.29999923706055,35.45000076293945,34.599998474121094,34.599998474121094,102080
2023-03-15,35.5,35.70000076293945,35.29999923706055,35.349998474121094,136840
2023-03-16,35.400001525878906,35.54999923706055,35.04999923706055,35.54999923706055,92400
2023-03-17,35.75,35.95000076293945,35.29999923706055,35.29999923706055,92160
2023-03-20,35.20000076293945,35.650001525878906,35.04999923706055,35.5,121820
2023-03-21,34.45000076293945,35.54999923706055,34.45000076293945,35.29999923706055,134880
2023-03-22,33.75,34.20000076293945,33.29999923706055,33.900001525878906,126400
2023-03-23,33.599998474121094,34.29999923706055,33.599998474121094,34.0,122080
2023-03-24,35.150001525878906,35.54999923706055,34.349998474121094,34.54999923706055,194840
2023-03-27,35.5,35.900001525878906,34.79999923706055,34.79999923706055,127220
2023-03-28,35.599998474121094,35.849998474121094,35.400001525878906,35.75,55060
2023-03-29,35.79999923706055,36.75,35.75,36.5,177100
2023-03-30,35.25,36.0,35.20000076293945,35.849998474121094,69940
2023-03-31,35.29999923706055,35.70000076293945,34.79999923706055,35.20000076293945,123880
2023-04-03,35.650001525878906,36.150001525878906,35.29999923706055,36.04999923706055,83340
2023-04-04,35.25,35.650001525878906,35.20000076293945,35.5,69980
2023-04-05,34.79999923706055,35.349998474121094,34.650001525878906,34.70000076293945,84960
2023-04-06,34.54999923706055,34.95000076293945,34.45000076293945,34.849998474121094,69920
2023-04-10,34.75,34.849998474121094,34.20000076293945,34.5,76700
2023-04-11,34.25,34.79999923706055,34.0,34.650001525878906,128600
2023-04-12,34.349998474121094,34.650001525878906,34.29999923706055,34.5,64740
2023-04-13,33.900001525878906,34.400001525878906,33.79999923706055,34.20000076293945,96400
2023-04-14,34.75,34.75,33.75,33.79999923706055,120340
2023-04-17,35.29999923706055,35.45000076293945,34.599998474121094,34.900001525878906,208260
2023-04-18,35.54999923706055,35.599998474121094,35.150001525878906,35.599998474121094,129140
2023-04-19,34.650001525878906,35.150001525878906,34.650001525878906,35.04999923706055,89980
2023-04-20,34.150001525878906,34.5,34.0,34.150001525878906,111520
2023-04-21,33.70000076293945,34.20000076293945,33.45000076293945,34.150001525878906,136100
2023-04-24,33.04999923706055,33.79999923706055,33.0,33.650001525878906,164820
2023-04-25,32.849998474121094,33.099998474121094,32.349998474121094,33.0,152380
2023-04-26,32.349998474121094,33.0,32.25,32.95000076293945,140400
2023-04-27,31.799999237060547,32.0,31.450000762939453,31.799999237060547,185360
2023-04-28,31.899999618530273,32.04999923706055,31.399999618530273,31.549999237060547,174520
2023-05-01,31.049999237060547,31.649999618530273,30.899999618530273,31.649999618530273,194300
2023-05-02,30.75,31.25,30.600000381469727,30.950000762939453,148380
2023-05-03,32.20000076293945,32.20000076293945,30.899999618530273,30.899999618530273,198480
2023-05-04,32.349998474121094,32.599998474121094,31.600000381469727,31.75,179800
2023-05-05,33.04999923706055,33.20000076293945,32.45000076293945,32.54999923706055,119940
2023-05-08,32.79999923706055,33.45000076293945,32.75,33.25,75900
2023-05-09,32.349998474121094,32.45000076293945,31.899999618530273,32.400001525878906,110300
2023-05-10,32.150001525878906,32.349998474121094,31.700000762939453,32.0,70900
2023-05-11,31.700000762939453,32.20000076293945,31.5,32.04999923706055,64900
2023-05-12,31.950000762939453,32.650001525878906,31.700000762939453,32.0,98380
2023-05-15,33.20000076293945,33.20000076293945,32.650001525878906,32.75,120680
2023-05-16,32.45000076293945,33.0,32.150001525878906,32.900001525878906,95780
2023-05-17,31.450000762939453,32.5,31.049999237060547,32.04999923706055,142200
2023-05-18,30.850000381469727,31.049999237060547,30.600000381469727,30.850000381469727,158780
2023-05-19,30.700000762939453,31.299999237060547,30.5,31.25,129320
2023-05-22,30.649999618530273,30.950000762939453,30.350000381469727,30.549999237060547,92760
2023-05-23,31.450000762939453,31.5,30.700000762939453,31.0,94300
2023-05-24,30.649999618530273,31.299999237060547,30.5,31.200000762939453,71000
2023-05-25,30.649999618530273,31.100000381469727,30.399999618530273,30.649999618530273,96980
2023-05-26,31.299999237060547,31.299999237060547,30.75,31.100000381469727,76020
2023-05-30,30.200000762939453,30.700000762939453,30.049999237060547,30.600000381469727,141200
2023-05-31,30.299999237060547,30.350000381469727,29.399999618530273,29.549999237060547,188780
2023-06-01,31.100000381469727,31.25,30.75,30.850000381469727,129020
2023-06-02,31.600000381469727,31.700000762939453,30.75,31.100000381469727,81400
2023-06-05,31.700000762939453,32.0,31.299999237060547,31.5,63300
2023-06-06,31.850000381469727,32.400001525878906,31.549999237060547,32.349998474121094,135040
2023-06-07,31.200000762939453,32.0,31.100000381469727,32.0,188100
2023-06-08,31.799999237060547,31.799999237060547,31.299999237060547,31.5,129580
2023-06-09,31.899999618530273,31.899999618530273,31.350000381469727,31.75,75480
2023-06-12,32.099998474121094,32.20000076293945,31.700000762939453,31.950000762939453,92300
2023-06-13,32.150001525878906,32.70000076293945,31.950000762939453,32.25,242800
2023-06-14,31.75,31.950000762939453,31.600000381469727,31.75,122480
2023-06-15,33.25,33.29999923706055,32.150001525878906,32.150001525878906,213580
2023-06-16,34.29999923706055,34.75,33.70000076293945,33.70000076293945,473940
2023-06-20,34.79999923706055,34.900001525878906,34.0,34.25,237100
2023-06-21,36.5,36.5,35.150001525878906,35.150001525878906,343660
2023-06-22,36.650001525878906,37.0,35.900001525878906,36.0,304080
2023-06-23,36.150001525878906,36.349998474121094,35.70000076293945,35.95000076293945,260600
2023-06-26,36.04999923706055,37.20000076293945,35.900001525878906,36.849998474121094,232640
2023-06-27,34.29999923706055,35.20000076293945,34.150001525878906,35.099998474121094,316800
2023-06-28,33.0,33.70000076293945,32.95000076293945,33.70000076293945,408180
2023-06-29,32.95000076293945,33.45000076293945,32.900001525878906,33.0,148800
2023-06-30,32.20000076293945,33.5,32.099998474121094,33.150001525878906,350000
2023-07-03,32.20000076293945,32.599998474121094,31.950000762939453,32.099998474121094,117880
2023-07-05,33.29999923706055,33.54999923706055,32.150001525878906,32.25,276180
2023-07-06,32.54999923706055,33.150001525878906,32.349998474121094,33.150001525878906,184440
2023-07-07,32.25,32.75,32.04999923706055,32.04999923706055,136560
2023-07-10,32.099998474121094,32.650001525878906,32.0,32.099998474121094,278820
2023-07-11,32.70000076293945,32.95000076293945,32.29999923706055,32.650001525878906,326540
2023-07-12,31.549999237060547,32.75,31.549999237060547,32.650001525878906,222260
2023-07-13,31.950000762939453,32.150001525878906,31.450000762939453,31.600000381469727,248240
2023-07-14,32.79999923706055,32.900001525878906,32.0,32.5,267400
2023-07-17,32.5,33.900001525878906,32.349998474121094,33.79999923706055,429360
2023-07-18,33.25,33.45000076293945,32.79999923706055,33.0,362780
2023-07-19,35.54999923706055,35.900001525878906,34.25,34.5,752300
2023-07-20,35.5,36.29999923706055,35.25,36.099998474121094,561740
2023-07-21,34.400001525878906,35.150001525878906,34.20000076293945,34.54999923706055,495380
2023-07-24,36.900001525878906,37.04999923706055,35.95000076293945,35.95000076293945,518180
2023-07-25,37.0,37.0,36.04999923706055,36.45000076293945,404980
2023-07-26,35.5,36.400001525878906,34.849998474121094,36.099998474121094,692440
2023-07-27,35.29999923706055,35.95000076293945,35.20000076293945,35.400001525878906,212580
2023-07-28,34.95000076293945,35.54999923706055,34.25,34.54999923706055,346380
2023-07-31,33.54999923706055,34.349998474121094,33.45000076293945,34.29999923706055,489700
2023-08-01,33.150001525878906,33.45000076293945,32.70000076293945,33.29999923706055,304520
2023-08-02,32.54999923706055,33.5,32.349998474121094,33.5,339060
2023-08-03,32.349998474121094,32.599998474121094,32.099998474121094,32.599998474121094,190980
2023-08-04,32.54999923706055,33.20000076293945,32.25,33.20000076293945,213260
2023-08-07,33.25,33.400001525878906,32.349998474121094,32.79999923706055,497620
2023-08-08,33.25,33.45000076293945,32.70000076293945,33.04999923706055,319660
2023-08-09,32.599998474121094,33.099998474121094,32.400001525878906,33.099998474121094,383520
2023-08-10,32.5,32.75,32.400001525878906,32.599998474121094,269560
2023-08-11,32.20000076293945,32.54999923706055,32.0,32.29999923706055,268140
2023-08-14,31.549999237060547,31.799999237060547,31.200000762939453,31.649999618530273,559960
2023-08-15,30.700000762939453,31.299999237060547,30.700000762939453,31.299999237060547,292720
2023-08-16,30.799999237060547,31.0,30.5,30.75,302200
2023-08-17,30.399999618530273,30.600000381469727,30.299999237060547,30.5,219120
2023-08-18,31.450000762939453,31.5,30.950000762939453,30.950000762939453,256020
2023-08-21,30.75,31.149999618530273,30.700000762939453,31.149999618530273,189160
2023-08-22,30.799999237060547,31.100000381469727,30.600000381469727,30.899999618530273,112060
2023-08-23,31.450000762939453,31.649999618530273,30.850000381469727,30.950000762939453,167180
2023-08-24,31.25,31.399999618530273,30.950000762939453,31.25,154660
2023-08-25,30.700000762939453,31.399999618530273,30.549999237060547,31.399999618530273,168600
2023-08-28,30.649999618530273,30.700000762939453,30.350000381469727,30.600000381469727,156680
2023-08-29,29.899999618530273,30.450000762939453,29.899999618530273,30.299999237060547,332560
2023-08-30,30.100000381469727,30.350000381469727,29.899999618530273,30.0,188320
2023-08-31,29.950000762939453,30.5,29.600000381469727,29.850000381469727,189780
2023-09-01,29.600000381469727,30.350000381469727,29.600000381469727,30.100000381469727,188240
2023-09-05,29.700000762939453,29.950000762939453,29.450000762939453,29.950000762939453,176080
2023-09-06,30.25,30.399999618530273,29.850000381469727,29.850000381469727,195980
2023-09-07,29.850000381469727,30.399999618530273,29.75,30.200000762939453,141540
2023-09-08,29.649999618530273,30.0,29.399999618530273,30.0,131220
2023-09-11,29.149999618530273,29.549999237060547,29.0,29.450000762939453,299120
2023-09-12,29.25,29.450000762939453,28.549999237060547,29.049999237060547,404420
2023-09-13,29.600000381469727,29.950000762939453,29.450000762939453,29.75,154020
2023-09-14,29.549999237060547,29.700000762939453,29.149999618530273,29.549999237060547,139440
2023-09-15,29.899999618530273,30.049999237060547,29.5,29.600000381469727,140040
2023-09-18,29.25,29.649999618530273,29.25,29.649999618530273,154320
2023-09-19,29.149999618530273,29.5,29.100000381469727,29.299999237060547,115460
2023-09-20,29.350000381469727,29.5,29.049999237060547,29.350000381469727,137600
2023-09-21,28.75,29.149999618530273,28.75,29.100000381469727,178040
2023-09-22,29.0,29.049999237060547,28.75,28.75,119100
2023-09-25,29.450000762939453,29.450000762939453,29.0,29.149999618530273,86420
2023-09-26,29.450000762939453,29.700000762939453,29.25,29.5,121320
2023-09-27,29.149999618530273,29.600000381469727,29.100000381469727,29.600000381469727,132020
2023-09-28,29.049999237060547,29.25,29.0,29.049999237060547,53140
2023-09-29,27.850000381469727,29.399999618530273,27.75,29.100000381469727,439860
2023-10-02,28.850000381469727,28.850000381469727,28.100000381469727,28.100000381469727,195660
2023-10-03,28.850000381469727,29.049999237060547,28.549999237060547,29.0,98700
2023-10-04,28.399999618530273,28.549999237060547,28.149999618530273,28.350000381469727,106680
2023-10-05,29.149999618530273,29.299999237060547,28.450000762939453,28.450000762939453,169440
2023-10-06,28.950000762939453,29.200000762939453,28.799999237060547,28.950000762939453,109300
2023-10-09,29.100000381469727,29.299999237060547,28.950000762939453,28.950000762939453,135500
2023-10-10,28.600000381469727,28.850000381469727,28.450000762939453,28.850000381469727,135280
2023-10-11,28.399999618530273,28.450000762939453,28.25,28.350000381469727,108940
2023-10-12,29.049999237060547,29.100000381469727,28.0,28.350000381469727,272540
2023-10-13,29.049999237060547,29.450000762939453,28.899999618530273,29.399999618530273,158480
2023-10-16,29.049999237060547,29.25,28.950000762939453,29.149999618530273,93380
2023-10-17,28.799999237060547,29.200000762939453,28.75,28.899999618530273,164140
2023-10-18,29.25,29.299999237060547,28.950000762939453,29.049999237060547,196060
2023-10-19,29.75,29.75,29.0,29.100000381469727,235300
2023-10-20,29.350000381469727,30.200000762939453,29.299999237060547,29.850000381469727,266340
2023-10-23,29.5,29.799999237060547,29.350000381469727,29.399999618530273,110400
2023-10-24,29.049999237060547,29.25,28.850000381469727,29.200000762939453,159680
2023-10-25,28.700000762939453,29.100000381469727,28.649999618530273,29.049999237060547,194700
2023-10-26,29.100000381469727,29.149999618530273,28.75,28.75,107780
2023-10-27,29.0,29.100000381469727,28.75,29.049999237060547,66800
2023-10-30,28.649999618530273,29.0,28.600000381469727,28.649999618530273,87160
2023-10-31,28.299999237060547,28.549999237060547,28.200000762939453,28.5,168320
2023-11-01,28.399999618530273,28.5,28.299999237060547,28.350000381469727,63200
2023-11-02,28.549999237060547,28.700000762939453,28.25,28.399999618530273,57240
2023-11-03,28.850000381469727,28.899999618530273,28.549999237060547,28.600000381469727,122780
2023-11-06,28.950000762939453,29.100000381469727,28.649999618530273,28.899999618530273,117440
2023-11-07,28.799999237060547,29.25,28.5,28.850000381469727,179640
2023-11-08,29.549999237060547,29.799999237060547,28.899999618530273,28.899999618530273,288900
2023-11-09,29.200000762939453,29.399999618530273,28.799999237060547,29.299999237060547,111020
2023-11-10,28.799999237060547,29.200000762939453,28.649999618530273,29.200000762939453,82720
2023-11-13,28.950000762939453,29.049999237060547,28.5,28.649999618530273,81480
2023-11-14,28.799999237060547,29.200000762939453,28.700000762939453,28.899999618530273,109380
2023-11-15,28.399999618530273,28.850000381469727,28.25,28.75,194020
2023-11-16,28.0,28.200000762939453,27.799999237060547,28.200000762939453,160920
2023-11-17,27.850000381469727,27.950000762939453,27.75,27.799999237060547,209980
2023-11-20,27.649999618530273,27.899999618530273,27.450000762939453,27.75,191680
2023-11-21,28.049999237060547,28.149999618530273,27.5,27.649999618530273,157360
2023-11-22,28.299999237060547,28.399999618530273,28.100000381469727,28.25,88000
2023-11-24,27.75,28.149999618530273,27.700000762939453,28.149999618530273,78420
2023-11-27,27.100000381469727,27.75,26.899999618530273,27.75,168560
2023-11-28,27.649999618530273,27.700000762939453,26.950000762939453,27.100000381469727,232580
2023-11-29,28.25,28.25,27.850000381469727,27.899999618530273,131220
2023-11-30,28.75,28.75,28.100000381469727,28.100000381469727,156980
2023-12-01,28.799999237060547,29.200000762939453,28.450000762939453,28.450000762939453,189100
2023-12-04,29.649999618530273,29.899999618530273,29.100000381469727,29.149999618530273,242920
2023-12-05,30.0,30.25,29.600000381469727,29.600000381469727,235580
2023-12-06,29.899999618530273,30.700000762939453,29.850000381469727,30.299999237060547,184460
2023-12-07,30.350000381469727,30.350000381469727,29.399999618530273,29.850000381469727,173100
2023-12-08,29.899999618530273,30.299999237060547,29.700000762939453,30.049999237060547,253140
2023-12-11,28.950000762939453,29.850000381469727,28.850000381469727,29.600000381469727,202980
2023-12-12,29.649999618530273,29.850000381469727,29.0,29.0,144940
2023-12-13,28.899999618530273,29.200000762939453,28.700000762939453,29.200000762939453,117220
2023-12-14,29.25,29.450000762939453,28.850000381469727,29.200000762939453,122500
2023-12-15,29.700000762939453,29.75,28.950000762939453,28.950000762939453,116360
2023-12-18,29.350000381469727,29.600000381469727,29.149999618530273,29.25,185720
2023-12-19,29.549999237060547,29.549999237060547,28.950000762939453,29.049999237060547,100960
2023-12-20,29.049999237060547,29.450000762939453,28.950000762939453,29.299999237060547,124240
2023-12-21,29.25,29.350000381469727,29.149999618530273,29.25,66140
2023-12-22,29.299999237060547,29.5,29.25,29.25,121220
2023-12-26,30.149999618530273,30.299999237060547,29.149999618530273,29.299999237060547,211960
2023-12-27,29.649999618530273,29.950000762939453,29.549999237060547,29.850000381469727,155300
2023-12-28,30.0,30.149999618530273,29.700000762939453,29.700000762939453,127300
2023-12-29,29.850000381469727,30.0,29.600000381469727,29.950000762939453,116960
2024-01-02,29.049999237060547,29.850000381469727,28.950000762939453,29.850000381469727,135360
2024-01-03,28.799999237060547,29.200000762939453,28.700000762939453,29.049999237060547,106020
2024-01-04,29.299999237060547,29.350000381469727,28.399999618530273,28.75,143720
2024-01-05,29.399999618530273,29.600000381469727,29.25,29.450000762939453,52660
2024-01-08,28.700000762939453,28.850000381469727,28.450000762939453,28.850000381469727,99880
2024-01-09,29.200000762939453,29.350000381469727,28.649999618530273,28.700000762939453,91100
2024-01-10,29.25,29.299999237060547,29.0,29.25,42300
2024-01-11,29.0,29.25,28.899999618530273,29.049999237060547,37200
2024-01-12,28.700000762939453,29.25,28.299999237060547,29.25,197220
2024-01-16,28.100000381469727,28.850000381469727,27.850000381469727,28.75,194380
2024-01-17,28.0,28.549999237060547,27.899999618530273,28.049999237060547,90900
2024-01-18,28.049999237060547,28.149999618530273,27.600000381469727,27.799999237060547,147080
2024-01-19,28.299999237060547,28.549999237060547,28.200000762939453,28.200000762939453,68540
2024-01-22,28.299999237060547,28.649999618530273,28.100000381469727,28.149999618530273,73720
2024-01-23,28.5,28.850000381469727,28.350000381469727,28.549999237060547,62220
2024-01-24,29.049999237060547,29.100000381469727,28.5,28.700000762939453,181220
2024-01-25,29.100000381469727,29.149999618530273,28.850000381469727,29.0,90740
2024-01-26,28.649999618530273,28.850000381469727,28.350000381469727,28.850000381469727,78100
2024-01-29,28.350000381469727,28.450000762939453,28.0,28.25,137340
2024-01-30,28.799999237060547,28.899999618530273,28.100000381469727,28.100000381469727,78140
2024-01-31,28.399999618530273,28.600000381469727,28.299999237060547,28.450000762939453,66060
2024-02-01,28.450000762939453,28.649999618530273,28.049999237060547,28.200000762939453,122960
2024-02-02,28.600000381469727,28.899999618530273,28.299999237060547,28.600000381469727,102540
2024-02-05,28.100000381469727,28.399999618530273,27.950000762939453,28.25,165040
2024-02-06,28.149999618530273,28.350000381469727,28.0,28.149999618530273,51000
2024-02-07,28.299999237060547,28.600000381469727,28.049999237060547,28.049999237060547,70220
2024-02-08,27.850000381469727,28.149999618530273,27.600000381469727,28.0,122460
2024-02-09,27.950000762939453,28.399999618530273,27.799999237060547,27.799999237060547,68820
2024-02-12,27.899999618530273,28.100000381469727,27.600000381469727,27.75,104100
2024-02-13,27.799999237060547,28.049999237060547,27.700000762939453,27.700000762939453,99740
2024-02-14,27.200000762939453,27.450000762939453,27.049999237060547,27.399999618530273,177160
2024-02-15,26.5,27.25,26.5,27.0,210120
2024-02-16,26.149999618530273,26.549999237060547,26.0,26.25,170660
2024-02-20,26.899999618530273,27.149999618530273,26.350000381469727,26.350000381469727,138600
2024-02-21,26.850000381469727,26.950000762939453,26.649999618530273,26.899999618530273,51400
2024-02-22,27.049999237060547,27.600000381469727,26.850000381469727,27.100000381469727,135120
2024-02-23,26.600000381469727,27.25,26.549999237060547,27.100000381469727,87020
2024-02-26,26.799999237060547,27.0,26.299999237060547,26.450000762939453,70520
2024-02-27,27.299999237060547,27.549999237060547,26.950000762939453,26.950000762939453,100760
2024-02-28,27.049999237060547,27.149999618530273,26.799999237060547,27.100000381469727,72020
2024-02-29,26.950000762939453,27.149999618530273,26.700000762939453,26.899999618530273,89260
2024-03-01,26.200000762939453,26.75,26.100000381469727,26.75,177520
2024-03-04,26.399999618530273,26.649999618530273,26.25,26.25,77580
2024-03-05,25.899999618530273,26.149999618530273,25.75,26.100000381469727,131540
2024-03-06,25.299999237060547,25.899999618530273,25.149999618530273,25.899999618530273,174780
2024-03-07,25.200000762939453,25.649999618530273,25.200000762939453,25.399999618530273,108820
2024-03-08,25.700000762939453,25.850000381469727,25.200000762939453,25.25,146080
2024-03-11,26.200000762939453,26.25,25.100000381469727,25.5,127140
2024-03-12,26.200000762939453,26.450000762939453,26.0,26.049999237060547,103060
2024-03-13,25.950000762939453,26.25,25.700000762939453,26.049999237060547,105640
2024-03-14,25.600000381469727,25.799999237060547,25.450000762939453,25.75,128180
2024-03-15,25.5,25.75,25.399999618530273,25.75,65180
2024-03-18,26.100000381469727,26.100000381469727,25.5,25.75,125960
2024-03-19,26.5,26.549999237060547,26.100000381469727,26.299999237060547,130420
2024-03-20,26.25,26.299999237060547,25.850000381469727,26.25,108880
2024-03-21,26.299999237060547,26.5,26.0,26.350000381469727,122400
2024-03-22,26.649999618530273,26.799999237060547,26.0,26.25,143240
2024-03-25,26.799999237060547,27.200000762939453,26.5,27.0,119280
2024-03-26,26.299999237060547,26.700000762939453,26.25,26.600000381469727,68860
2024-03-27,26.549999237060547,26.549999237060547,26.200000762939453,26.25,520200
2024-03-28,27.049999237060547,27.299999237060547,26.350000381469727,26.5,161760
2024-04-01,26.899999618530273,27.0,26.350000381469727,27.0,101940
2024-04-02,26.450000762939453,27.049999237060547,26.350000381469727,26.75,122920
2024-04-03,26.850000381469727,27.0,26.5,26.5,82380
2024-04-04,26.899999618530273,27.049999237060547,26.600000381469727,26.850000381469727,108540
2024-04-05,27.299999237060547,27.600000381469727,27.200000762939453,27.350000381469727,159400
2024-04-08,27.299999237060547,27.549999237060547,27.149999618530273,27.450000762939453,119460
2024-04-09,26.950000762939453,27.149999618530273,26.75,26.950000762939453,139420
2024-04-10,26.950000762939453,27.149999618530273,26.799999237060547,27.0,92360
2024-04-11,26.549999237060547,26.899999618530273,26.5,26.899999618530273,118980
2024-04-12,26.75,27.0,26.600000381469727,26.600000381469727,139720
2024-04-15,26.549999237060547,26.649999618530273,26.299999237060547,26.5,104880
2024-04-16,26.5,26.600000381469727,26.200000762939453,26.549999237060547,72240
2024-04-17,26.049999237060547,26.75,25.899999618530273,26.549999237060547,132780
2024-04-18,26.0,26.299999237060547,25.950000762939453,25.950000762939453,48540
2024-04-19,26.700000762939453,26.700000762939453,26.25,26.25,102780
2024-04-22,27.649999618530273,27.899999618530273,27.0,27.0,295280
2024-04-23,28.299999237060547,28.350000381469727,27.399999618530273,27.75,214400
2024-04-24,28.75,28.899999618530273,28.049999237060547,28.149999618530273,228280
2024-04-25,29.100000381469727,29.25,28.75,28.799999237060547,203360
2024-04-26,29.25,29.700000762939453,29.049999237060547,29.149999618530273,204220
2024-04-29,28.600000381469727,29.100000381469727,28.399999618530273,29.0,132660
2024-04-30,28.450000762939453,28.549999237060547,28.149999618530273,28.450000762939453,137440
2024-05-01,28.350000381469727,28.5,28.049999237060547,28.299999237060547,66020
2024-05-02,28.5,28.649999618530273,28.149999618530273,28.549999237060547,136800
2024-05-03,29.350000381469727,29.700000762939453,29.0,29.049999237060547,177840
2024-05-06,30.299999237060547,30.450000762939453,29.149999618530273,29.299999237060547,232420
2024-05-07,30.299999237060547,30.549999237060547,29.899999618530273,30.0,192900
2024-05-08,29.850000381469727,30.0,29.649999618530273,29.950000762939453,110000
2024-05-09,29.950000762939453,30.350000381469727,29.850000381469727,30.149999618530273,92380
2024-05-10,30.850000381469727,30.899999618530273,30.200000762939453,30.299999237060547,215400
2024-05-13,31.700000762939453,31.899999618530273,31.0,31.0,275780
2024-05-14,31.299999237060547,31.649999618530273,31.049999237060547,31.549999237060547,148000
2024-05-15,30.950000762939453,32.099998474121094,30.799999237060547,31.850000381469727,158920
2024-05-16,30.850000381469727,31.399999618530273,30.600000381469727,31.299999237060547,183980
2024-05-17,30.450000762939453,30.950000762939453,30.399999618530273,30.899999618530273,116980
2024-05-20,31.899999618530273,32.0,31.049999237060547,31.049999237060547,377760
2024-05-21,32.150001525878906,32.25,31.600000381469727,31.850000381469727,128460
2024-05-22,31.899999618530273,32.349998474121094,31.700000762939453,32.25,165660
2024-05-23,32.04999923706055,32.20000076293945,31.75,31.75,156620
2024-05-24,32.099998474121094,32.29999923706055,31.75,31.850000381469727,98040
2024-05-28,32.150001525878906,32.349998474121094,31.799999237060547,32.150001525878906,131380
2024-05-29,32.0,32.400001525878906,31.799999237060547,32.04999923706055,143760
2024-05-30,31.549999237060547,31.700000762939453,31.350000381469727,31.649999618530273,215380
2024-05-31,31.600000381469727,32.0,31.350000381469727,31.950000762939453,58520
2024-06-03,31.350000381469727,32.25,31.149999618530273,32.20000076293945,114200
2024-06-04,30.75,31.200000762939453,30.75,31.200000762939453,122220
2024-06-05,30.350000381469727,30.899999618530273,30.200000762939453,30.899999618530273,136740
2024-06-06,30.0,30.600000381469727,30.0,30.5,125360
2024-06-07,29.5,29.799999237060547,29.399999618530273,29.799999237060547,182120
2024-06-10,28.899999618530273,29.450000762939453,28.850000381469727,29.450000762939453,197360
2024-06-11,29.399999618530273,29.700000762939453,29.0,29.0,144600
2024-06-12,28.899999618530273,29.149999618530273,28.799999237060547,28.950000762939453,102180
2024-06-13,28.950000762939453,29.350000381469727,28.950000762939453,29.200000762939453,170020
2024-06-14,28.450000762939453,29.049999237060547,28.450000762939453,28.899999618530273,136180
2024-06-17,27.75,28.149999618530273,27.75,28.149999618530273,171420
2024-06-18,27.399999618530273,27.850000381469727,27.399999618530273,27.700000762939453,129380
2024-06-20,26.899999618530273,27.350000381469727,26.799999237060547,27.350000381469727,172460
2024-06-21,26.600000381469727,27.149999618530273,26.5,27.149999618530273,167180
2024-06-24,26.399999618530273,26.5,26.100000381469727,26.5,175900
2024-06-25,25.850000381469727,26.25,25.850000381469727,26.25,342080
2024-06-26,25.899999618530273,26.399999618530273,25.799999237060547,25.850000381469727,201080
2024-06-27,26.75,26.75,26.149999618530273,26.200000762939453,249280
2024-06-28,26.549999237060547,26.799999237060547,26.149999618530273,26.700000762939453,238380
2024-07-01,27.100000381469727,27.149999618530273,26.399999618530273,26.5,140760
2024-07-02,26.799999237060547,27.0,26.700000762939453,26.899999618530273,115780
2024-07-03,26.700000762939453,26.850000381469727,26.549999237060547,26.600000381469727,64100
2024-07-05,27.200000762939453,27.25,26.600000381469727,26.600000381469727,148540
2024-07-08,26.450000762939453,26.850000381469727,26.25,26.850000381469727,170760
2024-07-09,26.5,26.75,26.399999618530273,26.399999618530273,58600
2024-07-10,25.950000762939453,26.25,25.850000381469727,26.25,182460
2024-07-11,26.5,26.850000381469727,26.399999618530273,26.549999237060547,145620
2024-07-12,25.799999237060547,26.200000762939453,25.700000762939453,26.100000381469727,370800
2024-07-15,25.0,25.350000381469727,25.0,25.25,324340
2024-07-16,24.950000762939453,25.149999618530273,24.75,25.100000381469727,216440
2024-07-17,25.399999618530273,25.549999237060547,25.200000762939453,25.25,147980
2024-07-18,25.049999237060547,25.450000762939453,25.0,25.25,104400
2024-07-19,25.450000762939453,25.850000381469727,25.299999237060547,25.399999618530273,167700
2024-07-22,25.600000381469727,25.700000762939453,25.299999237060547,25.450000762939453,80300
2024-07-23,25.299999237060547,25.75,25.299999237060547,25.549999237060547,88940
2024-07-24,25.450000762939453,25.850000381469727,25.299999237060547,25.350000381469727,119060
2024-07-25,25.149999618530273,25.350000381469727,25.100000381469727,25.299999237060547,152600
2024-07-26,24.600000381469727,25.049999237060547,24.549999237060547,25.049999237060547,276200
2024-07-29,24.799999237060547,24.899999618530273,24.25,24.399999618530273,178060
2024-07-30,24.549999237060547,24.75,24.25,24.450000762939453,115800
2024-07-31,24.700000762939453,25.0,24.299999237060547,24.549999237060547,176260
2024-08-01,24.899999618530273,25.0,24.450000762939453,24.75,142740
2024-08-02,25.100000381469727,25.149999618530273,24.799999237060547,24.799999237060547,178760
2024-08-05,25.25,25.25,24.600000381469727,24.600000381469727,182420
2024-08-06,25.350000381469727,25.5,24.950000762939453,25.049999237060547,184820
2024-08-07,25.25,25.549999237060547,25.0,25.5,133060
2024-08-08,25.049999237060547,25.350000381469727,24.950000762939453,25.25,83940
2024-08-09,25.350000381469727,25.649999618530273,25.25,25.549999237060547,90220
2024-08-12,25.0,25.200000762939453,24.75,25.0,180680
2024-08-13,24.799999237060547,25.149999618530273,24.600000381469727,25.0,98940
2024-08-14,25.0,25.0,24.600000381469727,24.700000762939453,90980
2024-08-15,24.600000381469727,25.049999237060547,24.600000381469727,25.049999237060547,107820
2024-08-16,24.799999237060547,24.899999618530273,24.450000762939453,24.600000381469727,79340
2024-08-19,24.799999237060547,24.850000381469727,24.5,24.649999618530273,113320
2024-08-20,25.0,25.049999237060547,24.799999237060547,24.799999237060547,79840
2024-08-21,24.549999237060547,24.950000762939453,24.450000762939453,24.950000762939453,155120
2024-08-22,24.149999618530273,24.549999237060547,23.75,24.549999237060547,249760
2024-08-23,23.950000762939453,24.100000381469727,23.799999237060547,24.100000381469727,130340
2024-08-26,23.649999618530273,23.899999618530273,23.549999237060547,23.700000762939453,128820
2024-08-27,24.100000381469727,24.200000762939453,23.600000381469727,23.600000381469727,103740
2024-08-28,24.399999618530273,24.5,24.100000381469727,24.100000381469727,99300
2024-08-29,24.649999618530273,24.700000762939453,24.200000762939453,24.25,102680
2024-08-30,24.850000381469727,24.850000381469727,24.549999237060547,24.75,185640
2024-09-03,25.399999618530273,25.450000762939453,24.700000762939453,24.700000762939453,218240
2024-09-04,26.049999237060547,26.100000381469727,25.450000762939453,25.549999237060547,207380
2024-09-05,25.75,25.899999618530273,25.450000762939453,25.799999237060547,149560
2024-09-06,25.399999618530273,26.0,25.350000381469727,25.700000762939453,195620
2024-09-09,25.5,25.5,25.200000762939453,25.399999618530273,104540
2024-09-10,25.700000762939453,25.850000381469727,25.549999237060547,25.549999237060547,99060
2024-09-11,25.850000381469727,26.0,25.649999618530273,25.799999237060547,93000
2024-09-12,25.899999618530273,26.399999618530273,25.700000762939453,26.200000762939453,166220
2024-09-13,26.5,26.649999618530273,26.149999618530273,26.299999237060547,166420
2024-09-16,25.899999618530273,26.25,25.700000762939453,26.200000762939453,105420
2024-09-17,25.899999618530273,26.100000381469727,25.649999618530273,25.950000762939453,81620
2024-09-18,25.850000381469727,26.049999237060547,25.700000762939453,25.899999618530273,50160
2024-09-19,25.5,25.600000381469727,25.350000381469727,25.549999237060547,156560
2024-09-20,25.549999237060547,25.799999237060547,25.399999618530273,25.549999237060547,91480
2024-09-23,26.049999237060547,26.200000762939453,25.75,25.75,145180
2024-09-24,25.950000762939453,26.299999237060547,25.799999237060547,26.200000762939453,126540
2024-09-25,26.399999618530273,26.399999618530273,25.850000381469727,25.950000762939453,118220
2024-09-26,26.200000762939453,26.600000381469727,26.100000381469727,26.5,146540
2024-09-27,26.049999237060547,26.100000381469727,25.799999237060547,26.0,65120
2024-09-30,26.200000762939453,26.399999618530273,26.100000381469727,26.100000381469727,148060
2024-10-01,26.75,26.950000762939453,26.200000762939453,26.200000762939453,175800
2024-10-02,27.450000762939453,27.600000381469727,27.049999237060547,27.049999237060547,233680
2024-10-03,27.100000381469727,27.600000381469727,27.049999237060547,27.399999618530273,158140
2024-10-04,26.600000381469727,26.899999618530273,26.5,26.700000762939453,185900
2024-10-07,26.850000381469727,26.850000381469727,26.549999237060547,26.549999237060547,104020
2024-10-08,26.799999237060547,26.899999618530273,26.549999237060547,26.600000381469727,122060
2024-10-09,27.0,27.200000762939453,26.799999237060547,27.149999618530273,112520
2024-10-10,27.149999618530273,27.25,26.950000762939453,27.149999618530273,67720
2024-10-11,26.899999618530273,27.350000381469727,26.649999618530273,27.100000381469727,160360
2024-10-14,26.350000381469727,26.899999618530273,26.25,26.75,103880
2024-10-15,26.0,26.200000762939453,25.950000762939453,26.200000762939453,86580
2024-10-16,26.100000381469727,26.25,25.850000381469727,25.899999618530273,63520
2024-10-17,26.299999237060547,26.399999618530273,25.799999237060547,26.100000381469727,155980
2024-10-18,25.700000762939453,26.299999237060547,25.649999618530273,26.299999237060547,158680
2024-10-21,25.700000762939453,26.100000381469727,25.649999618530273,25.649999618530273,120020
2024-10-22,25.799999237060547,25.899999618530273,25.549999237060547,25.549999237060547,103860
2024-10-23,25.899999618530273,26.049999237060547,25.549999237060547,25.549999237060547,131080
2024-10-24,26.049999237060547,26.049999237060547,25.700000762939453,25.950000762939453,105560
2024-10-25,25.549999237060547,25.75,25.450000762939453,25.75,98080
2024-10-28,25.200000762939453,25.649999618530273,25.200000762939453,25.649999618530273,96600
2024-10-29,25.649999618530273,25.75,25.25,25.25,94580
2024-10-30,25.75,26.0,25.399999618530273,25.600000381469727,76260
2024-10-31,25.700000762939453,25.75,25.399999618530273,25.649999618530273,88280
2024-11-01,25.549999237060547,25.899999618530273,25.399999618530273,25.799999237060547,115140
2024-11-04,25.600000381469727,25.75,25.450000762939453,25.5,109100
2024-11-05,25.75,25.75,25.350000381469727,25.649999618530273,81500
2024-11-06,25.700000762939453,25.799999237060547,25.25,25.399999618530273,94300
2024-11-07,25.549999237060547,25.649999618530273,25.350000381469727,25.649999618530273,92640
2024-11-08,25.549999237060547,25.75,25.299999237060547,25.649999618530273,143740
2024-11-11,25.200000762939453,25.299999237060547,24.75,25.149999618530273,209680
2024-11-12,24.700000762939453,25.399999618530273,24.600000381469727,25.25,156340
2024-11-13,24.299999237060547,24.5,24.049999237060547,24.450000762939453,157360
2024-11-14,24.0,24.200000762939453,23.850000381469727,24.049999237060547,110020
2024-11-15,24.200000762939453,24.350000381469727,23.899999618530273,24.0,113360
2024-11-18,24.649999618530273,24.75,24.25,24.299999237060547,143860
2024-11-19,24.75,25.049999237060547,24.700000762939453,24.850000381469727,105760
2024-11-20,24.950000762939453,25.0,24.600000381469727,24.700000762939453,157440
2024-11-21,24.850000381469727,25.149999618530273,24.75,25.049999237060547,111180
2024-11-22,24.649999618530273,24.850000381469727,24.549999237060547,24.850000381469727,72040
2024-11-25,24.299999237060547,24.399999618530273,24.100000381469727,24.299999237060547,137700
2024-11-26,24.350000381469727,24.600000381469727,24.149999618530273,24.5,70360
2024-11-27,23.950000762939453,24.299999237060547,23.950000762939453,24.299999237060547,139220
2024-11-29,23.950000762939453,24.149999618530273,23.75,23.950000762939453,123720
2024-12-02,23.850000381469727,24.049999237060547,23.700000762939453,23.75,182880
2024-12-03,23.899999618530273,24.200000762939453,23.799999237060547,24.200000762939453,93880
2024-12-04,23.799999237060547,23.950000762939453,23.549999237060547,23.700000762939453,147160
2024-12-05,24.25,24.350000381469727,23.950000762939453,23.950000762939453,182040
2024-12-06,24.200000762939453,24.399999618530273,24.049999237060547,24.399999618530273,109560
2024-12-09,24.350000381469727,24.5,24.25,24.5,125200
2024-12-10,24.5,24.5,24.25,24.25,104300
2024-12-11,24.549999237060547,24.799999237060547,24.5,24.600000381469727,116900
2024-12-12,24.299999237060547,24.649999618530273,24.25,24.5,117060
2024-12-13,24.100000381469727,24.350000381469727,24.049999237060547,24.299999237060547,81660
2024-12-16,24.0,24.350000381469727,24.0,24.350000381469727,106460
2024-12-17,23.75,24.049999237060547,23.75,24.049999237060547,99780
2024-12-18,23.700000762939453,24.149999618530273,23.649999618530273,23.850000381469727,107620
2024-12-19,23.350000381469727,23.549999237060547,23.299999237060547,23.549999237060547,137980
2024-12-20,23.299999237060547,23.5,23.25,23.350000381469727,130540
2024-12-23,23.649999618530273,23.799999237060547,23.399999618530273,23.399999618530273,92860
2024-12-24,23.5,23.649999618530273,23.399999618530273,23.649999618530273,107100
2024-12-26,23.700000762939453,23.799999237060547,23.450000762939453,23.5,112640
2024-12-27,23.950000762939453,23.950000762939453,23.600000381469727,23.700000762939453,105140
2024-12-30,24.049999237060547,24.25,23.850000381469727,24.100000381469727,109560
2024-12-31,24.100000381469727,24.149999618530273,23.950000762939453,24.149999618530273,111500
2025-01-02,23.899999618530273,24.100000381469727,23.799999237060547,24.049999237060547,85220
2025-01-03,23.350000381469727,23.799999237060547,23.299999237060547,23.799999237060547,182320
2025-01-06,23.850000381469727,23.899999618530273,23.5,23.600000381469727,113220
2025-01-07,23.950000762939453,23.950000762939453,23.799999237060547,23.799999237060547,77880
2025-01-08,23.600000381469727,23.799999237060547,23.600000381469727,23.600000381469727,67500
2025-01-10,23.549999237060547,23.799999237060547,23.200000762939453,23.5,456280
2025-01-13,24.100000381469727,24.100000381469727,23.700000762939453,23.700000762939453,215700
2025-01-14,24.149999618530273,24.350000381469727,24.0,24.100000381469727,165740
2025-01-15,24.100000381469727,24.299999237060547,24.0,24.200000762939453,197260
2025-01-16,23.75,24.0,23.700000762939453,23.899999618530273,150500
2025-01-17,23.75,23.899999618530273,23.600000381469727,23.649999618530273,214240
2025-01-21,24.649999618530273,24.75,24.100000381469727,24.100000381469727,348380
2025-01-22,24.5,24.950000762939453,24.399999618530273,24.850000381469727,247920
2025-01-23,24.5,24.700000762939453,24.299999237060547,24.450000762939453,126080
2025-01-24,24.200000762939453,24.450000762939453,24.049999237060547,24.450000762939453,167280
2025-01-27,23.850000381469727,24.100000381469727,23.649999618530273,24.0,165180
2025-01-28,24.200000762939453,24.299999237060547,23.850000381469727,23.899999618530273,296200
2025-01-29,24.899999618530273,24.950000762939453,24.350000381469727,24.399999618530273,331800
2025-01-30,24.950000762939453,25.149999618530273,24.850000381469727,24.950000762939453,273300
2025-01-31,24.75,24.899999618530273,24.399999618530273,24.549999237060547,196960
2025-02-03,25.0,25.25,24.549999237060547,24.649999618530273,196080
2025-02-04,25.450000762939453,25.450000762939453,24.649999618530273,24.649999618530273,219580
2025-02-05,25.25,25.649999618530273,25.149999618530273,25.5,152600
2025-02-06,25.850000381469727,25.850000381469727,25.049999237060547,25.399999618530273,255240
2025-02-07,25.600000381469727,25.75,25.549999237060547,25.549999237060547,130040
2025-02-10,25.5,25.799999237060547,25.399999618530273,25.75,148820
2025-02-11,25.5,25.899999618530273,25.450000762939453,25.700000762939453,206820
2025-02-12,25.350000381469727,25.700000762939453,25.25,25.25,183440
2025-02-13,25.5,25.600000381469727,25.299999237060547,25.5,206940
2025-02-14,26.5,26.549999237060547,25.899999618530273,25.899999618530273,396480
2025-02-18,26.649999618530273,26.75,26.25,26.350000381469727,259120
2025-02-19,26.200000762939453,26.549999237060547,26.100000381469727,26.549999237060547,180560
2025-02-20,26.0,26.350000381469727,25.899999618530273,26.299999237060547,156820
2025-02-21,26.149999618530273,26.200000762939453,25.950000762939453,26.149999618530273,93440
2025-02-24,25.75,25.850000381469727,25.5,25.799999237060547,215040
2025-02-25,25.5,25.549999237060547,25.200000762939453,25.549999237060547,310240
2025-02-26,25.149999618530273,25.549999237060547,25.049999237060547,25.450000762939453,123920
2025-02-27,24.5,24.899999618530273,24.399999618530273,24.899999618530273,305440
2025-02-28,24.149999618530273,24.75,24.100000381469727,24.649999618530273,190800
2025-03-03,23.799999237060547,24.299999237060547,23.75,24.200000762939453,289300
2025-03-04,23.5,23.600000381469727,23.200000762939453,23.5,420980
2025-03-05,23.950000762939453,24.0,23.549999237060547,23.700000762939453,306020
2025-03-06,24.149999618530273,24.399999618530273,23.75,24.0,258280
2025-03-07,24.049999237060547,24.149999618530273,23.799999237060547,23.850000381469727,141340
2025-03-10,24.5,24.600000381469727,24.350000381469727,24.549999237060547,319900
2025-03-11,24.25,24.549999237060547,24.200000762939453,24.399999618530273,239180
2025-03-12,24.25,24.399999618530273,23.899999618530273,24.25,208780
2025-03-13,24.5,24.700000762939453,24.399999618530273,24.5,204140
2025-03-14,24.450000762939453,24.700000762939453,24.299999237060547,24.600000381469727,226940
2025-03-17,24.850000381469727,25.100000381469727,24.75,24.799999237060547,228180
2025-03-18,24.75,25.100000381469727,24.649999618530273,24.850000381469727,227200
2025-03-19,24.700000762939453,24.850000381469727,24.5,24.649999618530273,310480
2025-03-20,24.299999237060547,24.549999237060547,24.200000762939453,24.450000762939453,187280
2025-03-21,24.450000762939453,24.600000381469727,24.200000762939453,24.350000381469727,59240
2025-03-24,24.049999237060547,24.149999618530273,23.899999618530273,24.149999618530273,166280
2025-03-25,23.899999618530273,24.049999237060547,23.75,24.0,164200
2025-03-26,23.450000762939453,23.850000381469727,23.450000762939453,23.75,225420
2025-03-27,23.350000381469727,23.5,23.149999618530273,23.399999618530273,275340
2025-03-28,23.100000381469727,23.200000762939453,22.75,23.049999237060547,288040
2025-03-31,23.399999618530273,23.549999237060547,23.0,23.100000381469727,303740
2025-04-01,23.600000381469727,23.700000762939453,23.399999618530273,23.399999618530273,213000
2025-04-02,23.5,23.700000762939453,23.299999237060547,23.299999237060547,102900
2025-04-03,23.450000762939453,23.600000381469727,23.049999237060547,23.149999618530273,168040
2025-04-04,23.100000381469727,23.25,22.75,23.0,359960
2025-04-07,23.299999237060547,23.75,23.200000762939453,23.350000381469727,261920
2025-04-08,23.350000381469727,23.700000762939453,23.25,23.600000381469727,262800
2025-04-09,23.649999618530273,23.799999237060547,23.299999237060547,23.799999237060547,232860
2025-04-10,23.450000762939453,23.700000762939453,23.299999237060547,23.600000381469727,151260
2025-04-11,24.149999618530273,24.200000762939453,23.850000381469727,23.850000381469727,262160
2025-04-14,23.899999618530273,23.950000762939453,23.700000762939453,23.950000762939453,158360
2025-04-15,23.649999618530273,23.899999618530273,23.549999237060547,23.799999237060547,123520
2025-04-16,23.75,23.899999618530273,23.600000381469727,23.850000381469727,129560
2025-04-17,23.799999237060547,24.100000381469727,23.799999237060547,23.950000762939453,92360
2025-04-21,23.450000762939453,24.049999237060547,23.450000762939453,24.0,123220
2025-04-22,23.350000381469727,23.600000381469727,23.200000762939453,23.350000381469727,159180
2025-04-23,23.149999618530273,23.350000381469727,23.100000381469727,23.25,161520
2025-04-24,23.100000381469727,23.200000762939453,22.899999618530273,23.049999237060547,164180
2025-04-25,23.200000762939453,23.299999237060547,23.049999237060547,23.149999618530273,125440
2025-04-28,22.649999618530273,22.799999237060547,22.5,22.799999237060547,263480
2025-04-29,22.399999618530273,22.850000381469727,22.299999237060547,22.700000762939453,219340
2025-04-30,22.600000381469727,22.950000762939453,22.350000381469727,22.350000381469727,227380
2025-05-01,22.649999618530273,22.899999618530273,22.549999237060547,22.700000762939453,178880
2025-05-02,23.049999237060547,23.200000762939453,22.950000762939453,23.0,186580
2025-05-05,22.600000381469727,23.0,22.600000381469727,22.899999618530273,128520
2025-05-06,22.700000762939453,22.899999618530273,22.649999618530273,22.799999237060547,144460
2025-05-07,22.75,22.950000762939453,22.700000762939453,22.850000381469727,103240
2025-05-08,22.549999237060547,22.700000762939453,22.350000381469727,22.700000762939453,150660
2025-05-09,22.200000762939453,22.600000381469727,22.200000762939453,22.600000381469727,226480
2025-05-12,21.950000762939453,22.450000762939453,21.899999618530273,22.200000762939453,376300
2025-05-13,22.049999237060547,22.149999618530273,21.649999618530273,21.75,239240
2025-05-14,22.25,22.350000381469727,21.899999618530273,21.950000762939453,205880
2025-05-15,22.549999237060547,22.600000381469727,22.25,22.5,148520
2025-05-16,22.350000381469727,22.600000381469727,22.25,22.450000762939453,126260
2025-05-19,22.5,22.700000762939453,22.299999237060547,22.450000762939453,136060
2025-05-20,23.049999237060547,23.100000381469727,22.75,22.75,178860
2025-05-21,23.149999618530273,23.450000762939453,23.100000381469727,23.25,165620
2025-05-22,23.200000762939453,23.350000381469727,23.049999237060547,23.25,129340
2025-05-23,23.100000381469727,23.299999237060547,22.899999618530273,23.200000762939453,98220
2025-05-27,22.549999237060547,22.850000381469727,22.549999237060547,22.850000381469727,124660
2025-05-28,22.549999237060547,22.799999237060547,22.5,22.700000762939453,61840
2025-05-29,22.799999237060547,22.799999237060547,22.5,22.600000381469727,76220
2025-05-30,22.649999618530273,22.850000381469727,22.649999618530273,22.850000381469727,71200
2025-06-02,22.850000381469727,23.25,22.799999237060547,23.100000381469727,157280
2025-06-03,22.75,23.100000381469727,22.700000762939453,23.0,110140
2025-06-04,23.049999237060547,23.149999618530273,22.700000762939453,22.799999237060547,135360
2025-06-05,23.100000381469727,23.25,22.950000762939453,23.149999618530273,91780
2025-06-06,23.399999618530273,23.450000762939453,22.950000762939453,23.100000381469727,131800
2025-06-09,23.049999237060547,23.149999618530273,22.899999618530273,23.149999618530273,121320
2025-06-10,22.700000762939453,22.950000762939453,22.549999237060547,22.850000381469727,158700
2025-06-11,22.700000762939453,22.799999237060547,22.600000381469727,22.75,132320
2025-06-12,22.450000762939453,22.850000381469727,22.399999618530273,22.850000381469727,121940
2025-06-13,23.100000381469727,23.100000381469727,22.5,22.549999237060547,131520
2025-06-16,22.799999237060547,22.950000762939453,22.600000381469727,22.950000762939453,104880
2025-06-17,23.299999237060547,23.399999618530273,22.950000762939453,22.950000762939453,152720
2025-06-18,24.200000762939453,24.25,23.399999618530273,23.399999618530273,308600
2025-06-20,24.0,24.350000381469727,23.950000762939453,24.0,182540
2025-06-23,23.549999237060547,23.799999237060547,23.350000381469727,23.75,195920
2025-06-24,22.799999237060547,23.149999618530273,22.799999237060547,23.149999618530273,172940
2025-06-25,22.549999237060547,22.799999237060547,22.5,22.700000762939453,204040
2025-06-26,22.25,22.549999237060547,22.25,22.5,203380
2025-06-27,22.399999618530273,22.549999237060547,22.25,22.399999618530273,119960
2025-06-30,22.200000762939453,22.5,22.149999618530273,22.299999237060547,311060
2025-07-01,22.649999618530273,22.649999618530273,22.299999237060547,22.399999618530273,142520
2025-07-02,23.200000762939453,23.200000762939453,22.450000762939453,22.5,456580
2025-07-03,23.149999618530273,23.350000381469727,23.049999237060547,23.200000762939453,138900
2025-07-07,22.700000762939453,22.799999237060547,22.450000762939453,22.549999237060547,152660
2025-07-08,22.649999618530273,22.700000762939453,22.5,22.549999237060547,82360
2025-07-09,22.600000381469727,22.700000762939453,22.450000762939453,22.600000381469727,110800
2025-07-10,22.899999618530273,22.899999618530273,22.600000381469727,22.700000762939453,130800
2025-07-11,22.5,22.899999618530273,22.450000762939453,22.75,119480
2025-07-14,22.450000762939453,22.700000762939453,22.299999237060547,22.649999618530273,168960
2025-07-15,22.299999237060547,22.5,22.200000762939453,22.350000381469727,323440
2025-07-16,22.350000381469727,22.450000762939453,22.100000381469727,22.200000762939453,98180
2025-07-17,22.100000381469727,22.299999237060547,22.049999237060547,22.200000762939453,114280
2025-07-18,22.600000381469727,22.700000762939453,22.450000762939453,22.450000762939453,153680
2025-07-21,22.450000762939453,22.649999618530273,22.399999618530273,22.600000381469727,99680
2025-07-22,22.600000381469727,22.75,22.5,22.5,97660
2025-07-23,22.350000381469727,22.549999237060547,22.350000381469727,22.549999237060547,84880
2025-07-24,22.399999618530273,22.450000762939453,22.149999618530273,22.450000762939453,433900
2025-07-25,22.299999237060547,22.299999237060547,22.100000381469727,22.299999237060547,89660
2025-07-28,22.25,22.299999237060547,22.049999237060547,22.100000381469727,82980
2025-07-29,21.950000762939453,22.049999237060547,21.799999237060547,22.0,131000
2025-07-30,21.799999237060547,22.0,21.75,21.850000381469727,128460
2025-07-31,21.75,21.75,21.450000762939453,21.700000762939453,181900
2025-08-01,21.5,21.649999618530273,21.450000762939453,21.549999237060547,91120
2025-08-04,21.549999237060547,21.700000762939453,21.5,21.549999237060547,76980
2025-08-05,21.25,21.450000762939453,21.100000381469727,21.399999618530273,232020
2025-08-06,21.25,21.299999237060547,21.049999237060547,21.149999618530273,144160
2025-08-07,21.649999618530273,21.700000762939453,21.450000762939453,21.549999237060547,174720
2025-08-08,21.5,21.75,21.399999618530273,21.649999618530273,335340
2025-08-11,21.450000762939453,21.75,21.450000762939453,21.450000762939453,101980
2025-08-12,21.100000381469727,21.350000381469727,21.049999237060547,21.299999237060547,121220
2025-08-13,21.200000762939453,21.299999237060547,21.049999237060547,21.049999237060547,117600
2025-08-14,21.0,21.200000762939453,20.899999618530273,21.100000381469727,180560
2025-08-15,21.100000381469727,21.200000762939453,21.0,21.149999618530273,87240
2025-08-18,21.049999237060547,21.25,20.950000762939453,21.049999237060547,129640
2025-08-19,20.950000762939453,21.0,20.899999618530273,20.950000762939453,102780
2025-08-20,21.149999618530273,21.25,21.0,21.0,77240
2025-08-21,21.149999618530273,21.350000381469727,21.049999237060547,21.350000381469727,115520
2025-08-22,21.100000381469727,21.299999237060547,21.100000381469727,21.149999618530273,73820
2025-08-25,21.200000762939453,21.399999618530273,21.100000381469727,21.100000381469727,105940
2025-08-26,21.25,21.399999618530273,21.25,21.25,136540
2025-08-27,21.100000381469727,21.149999618530273,21.0,21.149999618530273,83320
2025-08-28,21.200000762939453,21.200000762939453,20.850000381469727,20.950000762939453,115120
2025-08-29,21.399999618530273,21.399999618530273,21.100000381469727,21.200000762939453,92200
2025-09-02,21.100000381469727,21.149999618530273,20.950000762939453,21.049999237060547,122400
2025-09-03,20.850000381469727,21.149999618530273,20.850000381469727,21.100000381469727,142400
2025-09-04,20.850000381469727,20.850000381469727,20.649999618530273,20.75,154000
2025-09-05,20.850000381469727,20.950000762939453,20.75,20.850000381469727,348020
2025-09-08,21.0,21.0,20.799999237060547,20.850000381469727,88800
2025-09-09,20.799999237060547,21.049999237060547,20.799999237060547,20.950000762939453,91860
2025-09-10,20.700000762939453,20.899999618530273,20.649999618530273,20.899999618530273,99560
2025-09-11,20.899999618530273,20.950000762939453,20.549999237060547,20.549999237060547,212220
2025-09-12,21.0,21.0,20.700000762939453,20.799999237060547,134060
2025-09-15,21.100000381469727,21.25,21.0,21.100000381469727,297760
2025-09-16,21.450000762939453,21.5,21.200000762939453,21.25,195260
2025-09-17,21.25,21.450000762939453,21.149999618530273,21.450000762939453,87400
2025-09-18,21.100000381469727,21.299999237060547,21.049999237060547,21.25,152580
2025-09-19,21.049999237060547,21.100000381469727,20.950000762939453,21.100000381469727,90900
2025-09-22,20.600000381469727,20.850000381469727,20.549999237060547,20.850000381469727,221160
2025-09-23,21.0,21.0,20.649999618530273,20.649999618530273,158960
2025-09-24,20.899999618530273,21.100000381469727,20.899999618530273,21.100000381469727,100920
2025-09-25,21.149999618530273,21.200000762939453,21.0,21.100000381469727,112500
2025-09-26,20.950000762939453,21.0,20.899999618530273,21.0,167820
2025-09-29,20.950000762939453,21.049999237060547,20.899999618530273,20.950000762939453,140000
2025-09-30,20.549999237060547,20.899999618530273,20.549999237060547,20.899999618530273,187080
2025-10-01,20.649999618530273,20.649999618530273,20.350000381469727,20.399999618530273,211120
2025-10-02,20.799999237060547,20.850000381469727,20.600000381469727,20.700000762939453,107400
2025-10-03,20.75,20.899999618530273,20.700000762939453,20.799999237060547,107820
2025-10-06,20.700000762939453,20.850000381469727,20.649999618530273,20.799999237060547,86840
2025-10-07,20.5,20.75,20.5,20.700000762939453,108740
2025-10-08,20.5,20.549999237060547,20.399999618530273,20.5,152320
2025-10-09,20.450000762939453,20.649999618530273,20.450000762939453,20.549999237060547,112480
2025-10-10,20.200000762939453,20.399999618530273,20.100000381469727,20.399999618530273,167820
2025-10-13,20.149999618530273,20.200000762939453,20.0,20.049999237060547,212500
2025-10-14,20.200000762939453,20.25,19.950000762939453,20.049999237060547,176700
2025-10-15,20.149999618530273,20.25,20.0,20.049999237060547,114080
2025-10-16,20.25,20.299999237060547,20.049999237060547,20.100000381469727,102280
2025-10-17,20.25,20.350000381469727,20.149999618530273,20.299999237060547,104960
2025-10-20,20.399999618530273,20.399999618530273,20.200000762939453,20.200000762939453,94340
2025-10-21,20.149999618530273,20.25,20.100000381469727,20.25,87220
2025-10-22,20.200000762939453,20.299999237060547,20.149999618530273,20.200000762939453,82020
2025-10-23,20.549999237060547,20.600000381469727,20.200000762939453,20.299999237060547,134720
2025-10-24,20.549999237060547,20.649999618530273,20.450000762939453,20.549999237060547,130900
2025-10-27,21.049999237060547,21.149999618530273,21.0,21.0,307940
2025-10-28,21.25,21.399999618530273,21.049999237060547,21.350000381469727,183660
2025-10-29,21.25,21.350000381469727,21.149999618530273,21.200000762939453,160220
2025-10-30,21.0,21.149999618530273,20.850000381469727,21.149999618530273,132140
2025-10-31,21.200000762939453,21.25,20.799999237060547,20.899999618530273,93060
2025-11-03,21.649999618530273,21.649999618530273,21.149999618530273,21.450000762939453,244760
2025-11-04,21.75,21.799999237060547,21.450000762939453,21.649999618530273,196280
2025-11-05,21.850000381469727,21.899999618530273,21.600000381469727,21.700000762939453,129520
2025-11-06,21.299999237060547,21.700000762939453,21.25,21.649999618530273,185300
2025-11-07,20.950000762939453,21.299999237060547,20.950000762939453,21.200000762939453,157080
2025-11-10,21.299999237060547,21.350000381469727,21.100000381469727,21.299999237060547,122960
2025-11-11,21.450000762939453,21.450000762939453,21.149999618530273,21.25,87600
2025-11-12,21.450000762939453,21.549999237060547,21.149999618530273,21.149999618530273,81240
2025-11-13,21.450000762939453,21.600000381469727,21.399999618530273,21.5,70180
2025-11-14,21.049999237060547,21.649999618530273,21.0,21.649999618530273,211460
2025-11-17,21.649999618530273,21.649999618530273,21.25,21.25,143660
2025-11-18,21.649999618530273,21.75,21.5,21.649999618530273,92260
2025-11-19,21.299999237060547,21.649999618530273,21.200000762939453,21.649999618530273,130180
2025-11-20,20.950000762939453,21.450000762939453,20.899999618530273,21.450000762939453,105900
2025-11-21,20.950000762939453,21.049999237060547,20.799999237060547,20.899999618530273,96200
2025-11-24,20.799999237060547,20.799999237060547,20.600000381469727,20.75,180340
2025-11-25,20.889999389648438,20.920000076293945,20.690000534057617,20.739999771118164,71600
2025-11-26,20.959999084472656,21.059999465942383,20.81999969482422,20.8799991607666,155500
2025-11-28,20.84000015258789,20.989999771118164,20.739999771118164,20.959999084472656,89200
2025-12-01,20.739999771118164,20.84000015258789,20.649999618530273,20.700000762939453,98100
2025-12-02,20.90999984741211,21.010000228881836,20.549999237060547,20.600000381469727,78400
2025-12-03,20.850000381469727,20.899999618530273,20.780000686645508,20.84000015258789,124100
2025-12-04,20.8700008392334,20.899999618530273,20.59000015258789,20.709999084472656,59600
2025-12-05,20.700000762939453,20.93000030517578,20.670000076293945,20.8799991607666,688800
2025-12-08,20.68000030517578,20.809999465942383,20.600000381469727,20.75,175600
2025-12-09,20.649999618530273,20.739999771118164,20.56999969482422,20.639999389648438,120500
2025-12-10,20.510000228881836,20.530000686645508,20.3700008392334,20.5,168400
2025-12-11,20.670000076293945,20.68000030517578,20.5,20.59000015258789,63500
2025-12-12,20.530000686645508,20.6299991607666,20.5,20.510000228881836,116400
2025-12-15,20.25,20.3799991607666,20.200000762939453,20.309999465942383,319200
2025-12-16,19.93000030517578,20.110000610351562,19.889999389648438,20.110000610351562,680100
2025-12-17,19.8799991607666,19.93000030517578,19.809999465942383,19.920000076293945,126200
2025-12-18,19.940000534057617,20.0,19.850000381469727,19.8700008392334,119400
2025-12-19,19.979999542236328,20.040000915527344,19.860000610351562,19.920000076293945,56800
2025-12-22,20.200000762939453,20.270000457763672,20.15999984741211,20.209999084472656,100600
2025-12-23,20.270000457763672,20.299999237060547,20.149999618530273,20.209999084472656,117800
2025-12-24,20.469999313354492,20.549999237060547,20.399999618530273,20.440000534057617,74700
2025-12-26,20.440000534057617,20.520000457763672,20.31999969482422,20.5,135800
2025-12-29,20.200000762939453,20.34000015258789,20.149999618530273,20.280000686645508,115900
2025-12-30,20.079999923706055,20.239999771118164,20.079999923706055,20.239999771118164,76400
2025-12-31,19.969999313354492,20.1299991607666,19.950000762939453,20.020000457763672,146000
2026-01-02,20.0,20.020000457763672,19.780000686645508,19.959999084472656,110500
2026-01-05,20.190000534057617,20.209999084472656,19.979999542236328,20.079999923706055,92700
2026-01-06,20.040000915527344,20.190000534057617,20.020000457763672,20.149999618530273,104200
2026-01-07,20.309999465942383,20.34000015258789,20.209999084472656,20.219999313354492,85200
2026-01-08,20.3700008392334,20.469999313354492,20.260000228881836,20.309999465942383,158500
2026-01-09,20.34000015258789,20.399999618530273,20.209999084472656,20.350000381469727,142000
2026-01-12,20.190000534057617,20.690000534057617,20.010000228881836,20.530000686645508,216800
2026-01-13,20.1200008392334,20.209999084472656,20.0,20.079999923706055,90700
2026-01-14,20.139999389648438,20.219999313354492,20.049999237060547,20.190000534057617,138700
2026-01-15,20.06999969482422,20.299999237060547,20.06999969482422,20.299999237060547,122500
2026-01-16,20.360000610351562,20.440000534057617,20.309999465942383,20.309999465942383,90800
2026-01-20,20.110000610351562,20.260000228881836,20.09000015258789,20.260000228881836,101900
2026-01-21,20.049999237060547,20.31999969482422,20.020000457763672,20.31999969482422,114300
2026-01-22,20.309999465942383,20.34000015258789,20.18000030517578,20.200000762939453,113400
2026-01-23,20.75,20.770000457763672,20.40999984741211,20.40999984741211,338000
2026-01-26,20.530000686645508,20.75,20.510000228881836,20.719999313354492,293400
2026-01-27,20.5,20.6200008392334,20.469999313354492,20.6200008392334,117400
2026-01-28,20.8799991607666,21.06999969482422,20.770000457763672,20.770000457763672,441300
2026-01-29,21.1299991607666,21.170000076293945,20.8799991607666,21.079999923706055,451300
2026-01-30,20.969999313354492,21.1299991607666,20.809999465942383,21.100000381469727,200400
2026-02-02,20.56999969482422,20.760000228881836,20.520000457763672,20.709999084472656,246800
2026-02-03,20.670000076293945,20.719999313354492,20.559999465942383,20.649999618530273,178100
2026-02-04,20.600000381469727,20.760000228881836,20.420000076293945,20.540000915527344,214900
2026-02-05,20.8700008392334,20.920000076293945,20.5,20.579999923706055,275800
2026-02-06,20.700000762939453,21.010000228881836,20.6200008392334,20.889999389648438,288700
2026-02-09,20.649999618530273,20.700000762939453,20.549999237060547,20.65999984741211,118800
2026-02-10,20.670000076293945,20.739999771118164,20.520000457763672,20.690000534057617,228500
2026-02-11,20.8799991607666,20.920000076293945,20.559999465942383,20.6299991607666,233100
2026-02-12,21.34000015258789,21.350000381469727,20.8799991607666,20.93000030517578,376800
2026-02-13,20.979999542236328,21.149999618530273,20.959999084472656,21.040000915527344,455400
2026-02-17,20.770000457763672,20.809999465942383,20.639999389648438,20.729999542236328,240700
2026-02-18,21.139999389648438,21.139999389648438,20.920000076293945,20.940000534057617,181300
2026-02-19,21.81999969482422,21.81999969482422,21.280000686645508,21.280000686645508,517100
2026-02-20,22.170000076293945,22.170000076293945,21.670000076293945,21.799999237060547,451400
2026-02-23,21.90999984741211,22.239999771118164,21.860000610351562,21.93000030517578,396500
2026-02-24,21.8700008392334,22.079999923706055,21.809999465942383,21.90999984741211,245300
2026-02-25,21.75,21.790000915527344,21.549999237060547,21.75,254500
2026-02-26,21.920000076293945,21.950000762939453,21.670000076293945,21.770000457763672,171800
2026-02-27,22.56999969482422,22.700000762939453,22.31999969482422,22.31999969482422,488600
2026-03-02,21.989999771118164,22.420000076293945,21.950000762939453,22.420000076293945,459500
2026-03-03,21.850000381469727,22.229999542236328,21.780000686645508,22.229999542236328,421000
2026-03-04,21.790000915527344,21.790000915527344,21.610000610351562,21.709999084472656,753100
2026-03-05,22.350000381469727,22.399999618530273,21.90999984741211,21.90999984741211,1082500
2026-03-06,23.610000610351562,23.6299991607666,22.959999084472656,23.0,2215300
2026-03-09,22.979999542236328,23.770000457763672,22.770000457763672,23.690000534057617,3475600
2026-03-10,22.729999542236328,23.030000686645508,22.3799991607666,22.979999542236328,1173700
2026-03-11,22.850000381469727,23.09000015258789,22.59000015258789,23.049999237060547,1063000
2026-03-12,22.920000076293945,23.420000076293945,22.860000610351562,23.1200008392334,2010600
2026-03-13,23.43000030517578,23.459999084472656,22.770000457763672,22.969999313354492,1370400
2026-03-16,22.850000381469727,23.25,22.770000457763672,23.190000534057617,1082800
2026-03-17,22.610000610351562,22.770000457763672,22.479999542236328,22.690000534057617,1093000
2026-03-18,23.209999084472656,23.229999542236328,22.700000762939453,22.709999084472656,1035000
2026-03-19,23.34000015258789,23.3700008392334,22.969999313354492,23.280000686645508,1544800
2026-03-20,22.850000381469727,23.190000534057617,22.809999465942383,23.049999237060547,1008000
2026-03-23,22.68000030517578,22.68000030517578,22.229999542236328,22.600000381469727,1300400
2026-03-24,22.700000762939453,22.829999923706055,22.3799991607666,22.610000610351562,865000
2026-03-25,22.969999313354492,22.979999542236328,22.440000534057617,22.440000534057617,677700
2026-03-26,23.1200008392334,23.219999313354492,22.729999542236328,22.799999237060547,736100
2026-03-27,23.170000076293945,23.43000030517578,22.950000762939453,23.200000762939453,1228400
2026-03-30,23.260000228881836,23.3799991607666,22.950000762939453,23.0,948200
2026-03-31,23.56999969482422,23.829999923706055,23.309999465942383,23.309999465942383,1871500
2026-04-01,22.829999923706055,23.139999389648438,22.719999313354492,23.1200008392334,1573800
2026-04-02,22.8700008392334,23.280000686645508,22.850000381469727,23.190000534057617,808700
2026-04-06,22.850000381469727,22.860000610351562,22.559999465942383,22.809999465942383,1259500
2026-04-07,22.850000381469727,23.0,22.68000030517578,22.739999771118164,1287300
2026-04-08,22.25,22.440000534057617,22.1299991607666,22.200000762939453,1158900
2026-04-09,22.010000228881836,22.5,21.81999969482422,22.5,1444900
2026-04-10,21.790000915527344,22.0,21.719999313354492,21.860000610351562,1733800
2026-04-13,22.18000030517578,22.479999542236328,22.15999984741211,22.18000030517578,874300
2026-04-14,22.610000610351562,22.6200008392334,22.229999542236328,22.25,517400
2026-04-15,22.530000686645508,22.700000762939453,22.329999923706055,22.450000762939453,345100
2026-04-16,22.799999237060547,23.1299991607666,22.690000534057617,22.809999465942383,572500
2026-04-17,22.469999313354492,22.549999237060547,22.010000228881836,22.43000030517578,1334200
2026-04-20,22.75,22.989999771118164,22.510000228881836,22.6200008392334,519800
2026-04-21,23.15999984741211,23.15999984741211,22.65999984741211,22.690000534057617,701600
2026-04-22,22.860000610351562,23.1200008392334,22.84000015258789,23.06999969482422,640100
2026-04-23,23.40999984741211,23.420000076293945,22.889999389648438,22.959999084472656,607800
